AXBK,39377,AXIS Bank Ltd.,BSESN,INR
BAJA,39380,Bajaj Auto Limited,BSESN,INR
BHEL,39398,Bharat Heavy Electricals Ltd.,BSESN,INR
BRTI,39397,Bharti Airtel Ltd.,BSESN,INR
CIPL,39421,Cipla Ltd.,BSESN,INR
COAL,39425,Coal India Limited,BSESN,INR
REDY,39446,Dr Reddys Laboratories Ltd,BSESN,INR
GAIL,39471,GAIL Ltd,BSESN,INR
HDBK,39506,HDFC Bank Limited,BSESN,INR
HROM,39508,Hero MotoCorp Limited,BSESN,INR
HALC,39515,Hindalco Industries Ltd.,BSESN,INR
HLL,39513,Hindustan Unilever Ltd.,BSESN,INR
HDFC,39519,Housing Development Finance Corp.,BSESN,INR
ICBK,39526,ICICI Bank Limited,BSESN,INR
INFY,39538,Infosys Limited,BSESN,INR
ITC,39544,ITC Ltd,BSESN,INR
LART,39578,Larsen & Toubro Limited,BSESN,INR
MAHM,39583,Mahindra & Mahindra Ltd.,BSESN,INR
MRTI,39587,Maruti Suzuki India Ltd.,BSESN,INR
NTPC,39602,NTPC Limited,BSESN,INR
ONGC,39613,Oil And Natural Gas Corporation Ltd,BSESN,INR
RELI,39657,Reliance Industries Ltd,BSESN,INR
SBI,39666,State Bank Of India,BSESN,INR
SUN,39689,Sun Pharmaceutical Industries Ltd.,BSESN,INR
TCS,39699,Tata Consultancy Services Ltd.,BSESN,INR
TAMO,39703,Tata Motors Ltd,BSESN,INR
TTPW,39704,Tata Power Co. Ltd,BSESN,INR
TISC,39705,TATA STEEL LIMITED,BSESN,INR
VDAN,39667,Vedanta Ltd,BSESN,INR
WIPR,39736,Wipro Limited,BSESN,INR
