AKAS,8999,Akastor ASA,OMXO20PI,NOK
DNB,13140,DnB ASA,OMXO20PI,NOK
DNO,363,DNO International ASA,OMXO20PI,NOK
FOE,368,Fred. Olsen Energy ASA,OMXO20PI,NOK
GJFS,40266,Gjensidige Forsikring ASA,OMXO20PI,NOK
MHG,369,Marine Harvest ASA,OMXO20PI,NOK
NHY,367,Norsk Hydro ASA,OMXO20PI,NOK
NWC,40277,Norwegian Air Shuttle ASA,OMXO20PI,NOK
ORK,373,Orkla ASA,OMXO20PI,NOK
PGS,375,Petroleum Geo - Services ASA,OMXO20PI,NOK
REC,374,REC Silicon ASA,OMXO20PI,NOK
SBSTA,40286,Schibsted ASA A,OMXO20PI,NOK
SDRL,382,Seadrill Limited,OMXO20PI,NOK
STL,376,Statoil ASA,OMXO20PI,NOK
STB,379,Storebrand ASA,OMXO20PI,NOK
SUBC,383,Subsea 7 SA,OMXO20PI,NOK
TEL,380,Telenor ASA,OMXO20PI,NOK
TGS,384,TGS-NOPEC Geophysical Company ASA,OMXO20PI,NOK
YAR,381,Yara International ASA,OMXO20PI,NOK
