EURNAD,1676,Euro Namibian Dollar,Forex,NAD
USDNAD,2170,US Dollar Namibian Dollar,Forex,NAD
AEDNAD,9313,UAE Dirham Namibian Dollar,Forex,NAD
ARSNAD,9366,Argentinian Peso Namibian Dollar,Forex,NAD
AUDNAD,9398,Australian Dollar Namibian Dollar,Forex,NAD
BRLNAD,9436,Brazil Real Namibian Dollar,Forex,NAD
CADNAD,9474,Canadian Dollar Namibian Dollar,Forex,NAD
CNYNAD,9519,Chinese Yuan Namibian Dollar,Forex,NAD
CHFNAD,9556,Swiss Franc Namibian Dollar,Forex,NAD
DKKNAD,9593,Danish Krone Namibian Dollar,Forex,NAD
GBPNAD,9609,British Pound Namibian Dollar,Forex,NAD
HKDNAD,9637,Hong Kong Dollar Namibian Dollar,Forex,NAD
ILSNAD,9705,Israeli Shekel Namibian Dollar,Forex,NAD
INRNAD,9746,Indian Rupee Namibian Dollar,Forex,NAD
MXNNAD,9814,Mexican Peso Namibian Dollar,Forex,NAD
NOKNAD,9865,Norwegian Krone Namibian Dollar,Forex,NAD
NZDNAD,9907,New Zealand Dollar Namibian Dollar,Forex,NAD
PHPNAD,9942,Philippine Peso Namibian Dollar,Forex,NAD
PLNNAD,10001,Polish Zloty Namibian Dollar,Forex,NAD
RUBNAD,10052,Russian Ruble Namibian Dollar,Forex,NAD
SARNAD,10103,Saudi Riyal Namibian Dollar,Forex,NAD
SEKNAD,10153,Swedish Krona Namibian Dollar,Forex,NAD
SGDNAD,10192,Singapore Dollar Namibian Dollar,Forex,NAD
THBNAD,10229,Thai Baht Namibian Dollar,Forex,NAD
TRYNAD,10273,Turkish Lira Namibian Dollar,Forex,NAD
TWDNAD,10324,Taiwan Dollar Namibian Dollar,Forex,NAD
VEFNAD,10379,Venezuelan Bolivar Namibian Dollar,Forex,NAD
ZARNAD,10428,South African Rand Namibian Dollar,Forex,NAD
