BTCUSD,1059900,Bitcoin US Dollar,Livecoin,USD
BTCEUR,1059901,Bitcoin Euro,Livecoin,EUR
ETHBTC,1059911,Ethereum Bitcoin,Livecoin,BTC
ETHUSD,1059912,Ethereum US Dollar,Livecoin,USD
EOSBTC,1060171,EOS Bitcoin,Livecoin,BTC
EOSUSD,1060172,EOS US Dollar,Livecoin,USD
EOSETH,1060173,EOS Ethereum,Livecoin,ETH
BCHBTC,1060122,Bitcoin Cash Bitcoin,Livecoin,BTC
BCHUSD,1060123,Bitcoin Cash US Dollar,Livecoin,USD
BCHZBC,1060125,Bitcoin Cash Zilbercoin,Livecoin,ZBC
BCHETH,1060124,Bitcoin Cash Ethereum,Livecoin,ETH
LTCBTC,1059902,Litecoin Bitcoin,Livecoin,BTC
LTCUSD,1059903,Litecoin US Dollar,Livecoin,USD
QTUMBTC,1060156,Qtum Bitcoin,Livecoin,BTC
QTUMETH,1060158,Qtum Ethereum,Livecoin,ETH
QTUMUSD,1060157,Qtum US Dollar,Livecoin,USD
ANSBTC,1060237,NEO Bitcoin,Livecoin,BTC
ANSUSD,1060238,NEO US Dollar,Livecoin,USD
ANSETH,1060239,NEO Ethereum,Livecoin,ETH
DASHBTC,1059909,Dash Bitcoin,Livecoin,BTC
DASHUSD,1059910,Dash US Dollar,Livecoin,USD
OMGBTC,1060159,Omisego Bitcoin,Livecoin,BTC
OMGUSD,1060160,Omisego US Dollar,Livecoin,USD
OMGETH,1060161,Omisego Ethereum,Livecoin,ETH
XMRBTC,1059972,Monero Bitcoin,Livecoin,BTC
XMRUSD,1059973,Monero US Dollar,Livecoin,USD
XEMBTC,1060148,NEM Bitcoin,Livecoin,BTC
XEMUSD,1060149,NEM US Dollar,Livecoin,USD
XEMETH,1060150,NEM Ethereum,Livecoin,ETH
LSKBTC,1059935,Lisk Bitcoin,Livecoin,BTC
LSKUSD,1059936,Lisk US Dollar,Livecoin,USD
