ABMM,101278,Abm Investama,Jakarta,IDR,http://www.investing.com/equities/abm-investama
ACES,101279,Ace Hardware,Jakarta,IDR,http://www.investing.com/equities/ace-hardware-i
ACST,101280,Acset Indonusa,Jakarta,IDR,http://www.investing.com/equities/acset-indonusa
ADRO,101281,Adaro Energy,Jakarta,IDR,http://www.investing.com/equities/adaro-energy-t
ADHI,101282,Adhi Karya Persero,Jakarta,IDR,http://www.investing.com/equities/adhi-karya-tbk
ASSA,101283,Adi Sarana Armada,Jakarta,IDR,http://www.investing.com/equities/adi-sarana-arm
ADMF,101284,Adira Dinamika,Jakarta,IDR,http://www.investing.com/equities/adira-finance
AYLS,1156772,Agro Yasa Lestari PT Tbk,Jakarta,IDR,http://www.investing.com/equities/agro-yasa-lestari-pt-tbk
APLN,101286,Agung Podomoro,Jakarta,IDR,http://www.investing.com/equities/agung-podomoro
ADES,101287,Akasha Wira,Jakarta,IDR,http://www.investing.com/equities/akasha-wira-in
AIMS,101288,Akbar Indomakmur,Jakarta,IDR,http://www.investing.com/equities/akbar-indo-mak
AKRA,101289,Akr Corporindo,Jakarta,IDR,http://www.investing.com/equities/akr-corporindo
ALKA,953124,Alakasa Industrindo Tbk,Jakarta,IDR,http://www.investing.com/equities/alakasa-industrindo-tbk
ASRI,101290,Alam Sutera Realty,Jakarta,IDR,http://www.investing.com/equities/alam-sutera-re
FIRE,1025106,Alfa Energi Investama,Jakarta,IDR,http://www.investing.com/equities/alfa-energi-investama
ALDO,101291,Alkindo Naratama,Jakarta,IDR,http://www.investing.com/equities/alkindo-narata
ALMI,101292,Alumindo,Jakarta,IDR,http://www.investing.com/equities/alumindo-light
ATIC,955951,Anabatic Technologies Tbk,Jakarta,IDR,http://www.investing.com/equities/anabatic-technologies-tbk
OKAS,101293,Ancora Indonesia,Jakarta,IDR,http://www.investing.com/equities/ancora-indones
ASPI,1156865,Andalan Sakti,Jakarta,IDR,http://www.investing.com/equities/andalan-sakti-primaindo-pt
ANDI,1091190,Andira Agro,Jakarta,IDR,http://www.investing.com/equities/andira-agro
AGII,991135,Aneka Gas,Jakarta,IDR,http://www.investing.com/equities/aneka-gas-industri-tbk-pt
ANTM,101294,Aneka Tambang Persero,Jakarta,IDR,http://www.investing.com/equities/aneka-tambang
AKKU,998092,Anugerah Kagum Karya,Jakarta,IDR,http://www.investing.com/equities/anugerah-kagum-karya-utama-tbk-pt
MYTX,101208,Apac Citra Centertex,Jakarta,IDR,http://www.investing.com/equities/apac-citra-cen
APEX,101295,Apexindo Pratama Duta,Jakarta,IDR,http://www.investing.com/equities/apexindo-prata
AKPI,101209,Argha Karya Prima Ind,Jakarta,IDR,http://www.investing.com/equities/arkaprin
ARGO,953931,Argo Pantes Tbk,Jakarta,IDR,http://www.investing.com/equities/argo-pantes-tbk
APII,101296,Arita Prima Indonesia,Jakarta,IDR,http://www.investing.com/equities/arita-prima-in
DIGI,1096062,Arkadia Digital,Jakarta,IDR,http://www.investing.com/equities/arkadia-digital
ARKA,1141610,Arkha Jayanti,Jakarta,IDR,http://www.investing.com/equities/arkha-jayanti-persada-pt
JAYA,1122744,Armada Berjaya,Jakarta,IDR,http://www.investing.com/equities/armada-berjaya
ARMY,1025099,Armidian Karyatama,Jakarta,IDR,http://www.investing.com/equities/armidian-karyatama
APOL,102130,Arpeni Pratama,Jakarta,IDR,http://www.investing.com/equities/arpeni-pratama
ARTA,101297,Arthavest,Jakarta,IDR,http://www.investing.com/equities/arthavest-tbk
ARNA,101298,Arwana Citramulia,Jakarta,IDR,http://www.investing.com/equities/arwana-citramu
AMFG,101302,Asahimas Flat Glass,Jakarta,IDR,http://www.investing.com/equities/asahimas-flat
AMOR,1156445,Ashmore Asset,Jakarta,IDR,http://www.investing.com/equities/ashmore-asset-management-indonesia
POLY,101303,Asia Pacific Fibers,Jakarta,IDR,http://www.investing.com/equities/asia-pacific-f
AGAR,1155848,Asia Sejahtera Mina,Jakarta,IDR,http://www.investing.com/equities/asia-sejahtera-mina-tbk
APLI,101304,Asiaplast Industries,Jakarta,IDR,http://www.investing.com/equities/asiaplast-indu
AALI,101305,Astra Agro Lestari,Jakarta,IDR,http://www.investing.com/equities/astra-agro-les
ASGR,101306,Astra Graphia,Jakarta,IDR,http://www.investing.com/equities/astra-graphia
ASII,101307,Astra International,Jakarta,IDR,http://www.investing.com/equities/astra-intl-tbk
AUTO,101308,Astra Otoparts,Jakarta,IDR,http://www.investing.com/equities/astra-otoparts
ABDA,102973,Asuransi Bina Dana Arta,Jakarta,IDR,http://www.investing.com/equities/as-bina-dana-a
ASBI,102978,Asuransi Bintang,Jakarta,IDR,http://www.investing.com/equities/asuransi-binta
ASDM,101299,Asuransi Dayin Mitra,Jakarta,IDR,http://www.investing.com/equities/as-dayin-mitra
ASJT,943651,Asuransi Jasa Tania,Jakarta,IDR,http://www.investing.com/equities/as-jasa-tania
LIFE,1141612,Asuransi Jiwa Sinarmas,Jakarta,IDR,http://www.investing.com/equities/asuransi-jiwa-sinarmas-msig-pt
JMAS,1056518,Asuransi Jiwa Syariah,Jakarta,IDR,http://www.investing.com/equities/asuransi-jiwa-syariah
ASMI,101309,Asuransi Kresna Mitra,Jakarta,IDR,http://www.investing.com/equities/asuransi-mitra
ASRM,101301,Asuransi Ramayana,Jakarta,IDR,http://www.investing.com/equities/as-ramayana
TUGU,1079934,Asuransi Tugu Pratama,Jakarta,IDR,http://www.investing.com/equities/asuransi-tugu-pratama
AMIN,962000,Ateliers Mecaniques D�Indonesie,Jakarta,IDR,http://www.investing.com/equities/ateliers-mecaniques-d-indonesie-tbk
ARII,101310,Atlas Resources,Jakarta,IDR,http://www.investing.com/equities/atlas-resource
ANJT,101210,Austindo Nusantara Jaya,Jakarta,IDR,http://www.investing.com/equities/austindo-nusan
NASA,1031278,Ayana Land,Jakarta,IDR,http://www.investing.com/equities/ayana-land
BNBR,101312,Bakrie & Brothers,Jakarta,IDR,http://www.investing.com/equities/bakrie-brother
UNSP,101313,Bakrie Sumatera,Jakarta,IDR,http://www.investing.com/equities/bakrie-sumater
BTEL,101314,Bakrie Telecom,Jakarta,IDR,http://www.investing.com/equities/bakrie-telecom
ELTY,101315,Bakrieland,Jakarta,IDR,http://www.investing.com/equities/bakrieland-dev
BOLA,1137584,Bali Bintang Sejahtera,Jakarta,IDR,http://www.investing.com/equities/bali-bintang-sejahtera-tbk-pt
BALI,102131,Bali Towerindo Sentra,Jakarta,IDR,http://www.investing.com/equities/bali-towerindo
AGRS,943645,Bank Agris,Jakarta,IDR,http://www.investing.com/equities/bank-agris-pt
AMAR,1156365,Bank Amar Indonesia,Jakarta,IDR,http://www.investing.com/equities/bank-amar-indonesia
INPC,101316,Bank Artha Graha,Jakarta,IDR,http://www.investing.com/equities/bank-artha-gra
ARTO,962597,Bank Artos Indonesia,Jakarta,IDR,http://www.investing.com/equities/bank-artos-indonesia-tbk-pt
BRIS,1076597,Bank BRISyariah,Jakarta,IDR,http://www.investing.com/equities/bank-brisyariah
BBKP,101318,Bank Bukopin,Jakarta,IDR,http://www.investing.com/equities/bank-bukopin
BNBA,101211,Bank Bumi Arta,Jakarta,IDR,http://www.investing.com/equities/bank-bumi-arta
BACA,101319,Bank Capital Indonesia,Jakarta,IDR,http://www.investing.com/equities/bank-capital-i
BBCA,101354,Bank Central Asia,Jakarta,IDR,http://www.investing.com/equities/bnk-central-as
BNGA,943652,Bank Cimb Niaga,Jakarta,IDR,http://www.investing.com/equities/bank-cimb-niag
BDMN,101320,Bank Danamon,Jakarta,IDR,http://www.investing.com/equities/bank-danamon-t
DNAR,943661,Bank Dinar Indonesia,Jakarta,IDR,http://www.investing.com/equities/bank-dinar-ind
BGTG,978769,Bank Ganesha Tbk PT,Jakarta,IDR,http://www.investing.com/equities/bank-ganesha-tbk-pt
BBHI,958362,Bank Harda Internasional Tbk PT,Jakarta,IDR,http://www.investing.com/equities/bank-harda-internasional-tbk-pt
BINA,101323,Bank Ina Perdana,Jakarta,IDR,http://www.investing.com/equities/bank-ina-perda
BMRI,101325,Bank Mandiri Persero,Jakarta,IDR,http://www.investing.com/equities/bank-mandiri-t
BMAS,101213,Bank Maspion Indonesia,Jakarta,IDR,http://www.investing.com/equities/bank-maspion-i
MAYA,101326,Bank Mayapada,Jakarta,IDR,http://www.investing.com/equities/bank-mayapada
BNII,101324,Bank Maybank Indonesia,Jakarta,IDR,http://www.investing.com/equities/bank-intl-indo
MEGA,101327,Bank Mega,Jakarta,IDR,http://www.investing.com/equities/bank-mega-tbk
BBMD,101328,Bank Mestika Dharma,Jakarta,IDR,http://www.investing.com/equities/bank-mestika-d
NAGA,101214,Bank Mitraniaga,Jakarta,IDR,http://www.investing.com/equities/bank-mitraniag
BABP,101322,Bank Mnc Internasional,Jakarta,IDR,http://www.investing.com/equities/bank-icb-bumip
NOBU,101329,Bank Nationalnobu,Jakarta,IDR,http://www.investing.com/equities/bank-nationaln
BBNI,101317,Bank Negar,Jakarta,IDR,http://www.investing.com/equities/bank-bni-tbk
NISP,101216,Bank Ocbc Nisp,Jakarta,IDR,http://www.investing.com/equities/bank-ocbc-nisp
BSWD,101217,Bank Of India Indonesia,Jakarta,IDR,http://www.investing.com/equities/bank-of-india-jk
PNBN,101331,Bank Pan Indonesia,Jakarta,IDR,http://www.investing.com/equities/bank-panin
PNBS,101332,Bank Panin Syariah,Jakarta,IDR,http://www.investing.com/equities/bank-panin-sya
BJBR,101330,Bank Pembangunan,Jakarta,IDR,http://www.investing.com/equities/bank-p-jawa-ba
BEKS,101335,Bank Pembangunan,Jakarta,IDR,http://www.investing.com/equities/bank-pundi
BJTM,101333,Bank Pembangunan Timur,Jakarta,IDR,http://www.investing.com/equities/bank-pembangun
BNLI,101334,Bank Permata,Jakarta,IDR,http://www.investing.com/equities/bank-permata-t
BKSW,101218,Bank Qnb Indonesia,Jakarta,IDR,http://www.investing.com/equities/bank-qnb-kesaw
AGRO,101356,Bank Rakyat,Jakarta,IDR,http://www.investing.com/equities/bri-agroniaga
BBRI,101336,Bank Rakyat Persero,Jakarta,IDR,http://www.investing.com/equities/bank-rakyat-in
BSIM,101337,Bank Sinarmas,Jakarta,IDR,http://www.investing.com/equities/bank-sinarmas
BTPN,101339,Bank Tabungan,Jakarta,IDR,http://www.investing.com/equities/bank-tab-pensi
BBTN,101338,Bank Tabungan Negara,Jakarta,IDR,http://www.investing.com/equities/bank-tab-negar
BTPS,1084855,Bank Tabungan Pensiunan,Jakarta,IDR,http://www.investing.com/equities/bank-tabungan-pensiunan
BVIC,101340,Bank Victoria,Jakarta,IDR,http://www.investing.com/equities/bank-victoria
MCOR,101341,Bank Windu,Jakarta,IDR,http://www.investing.com/equities/bank-windu-k-i
SDRA,101321,Bank Woori Indonesia,Jakarta,IDR,http://www.investing.com/equities/bank-hmp-sauda
BBYB,945176,Bank Yudha Bhakti,Jakarta,IDR,http://www.investing.com/equities/bank-yudha-bhakti-pt
BSSR,101342,Baramulti Suksessarana,Jakarta,IDR,http://www.investing.com/equities/baramulti-suks
BRPT,101343,Barito Pacific,Jakarta,IDR,http://www.investing.com/equities/barito-pacific
BPFI,102974,Batavia Prosperindo Fin,Jakarta,IDR,http://www.investing.com/equities/batavia-prospe
BPII,943658,Batavia Prosperindo Int,Jakarta,IDR,http://www.investing.com/equities/batavia-prosperindo-inter-tbk-pt
BPTR,1088203,Batavia Prosperindo Trans,Jakarta,IDR,http://www.investing.com/equities/batavia-prosperindo-trans
BESS,1158984,Batulicin Nusantara,Jakarta,IDR,http://www.investing.com/equities/batulicin-nusantara-maritim-tbk-pt
BYAN,101344,Bayan Resources,Jakarta,IDR,http://www.investing.com/equities/bayan-resource
BAYU,101219,Bayu Buana,Jakarta,IDR,http://www.investing.com/equities/bayu-buana-tbk
BAPA,101345,Bekasi Asri Pemula,Jakarta,IDR,http://www.investing.com/equities/bekasi-asri-pe
BEST,101346,Bekasi Fajar,Jakarta,IDR,http://www.investing.com/equities/bekasi-fajar-i
BIPI,101347,Benakat Integra,Jakarta,IDR,http://www.investing.com/equities/benakat-integr
RMBA,101220,Bentoel Int,Jakarta,IDR,http://www.investing.com/equities/bentoel-int-in
BLUE,1141290,Berkah Prima Perkasa,Jakarta,IDR,http://www.investing.com/equities/berkah-prima-perkasa-tbk-pt
BRNA,101349,Berlina,Jakarta,IDR,http://www.investing.com/equities/berlina-tbk
BTON,101350,Betonjaya Manunggal,Jakarta,IDR,http://www.investing.com/equities/betonjaya-manu
BFIN,101351,BFI Finance,Jakarta,IDR,http://www.investing.com/equities/bfi-finance-in
BAPI,1152820,Bhakti Agung Propertindo,Jakarta,IDR,http://www.investing.com/equities/bhakti-agung-propertindo
BIPP,101352,Bhuwanatala Indah,Jakarta,IDR,http://www.investing.com/equities/bhuwanatala-i
PAMG,1141285,Bima Sakti Pertiwi,Jakarta,IDR,http://www.investing.com/equities/bima-sakti-pertiwi-tbk-pt
BIKA,955952,Binakarya Jaya Abadi Tbk PT,Jakarta,IDR,http://www.investing.com/equities/binakarya-jaya-abadi-tbk-pt
BMSR,945724,Bintang Mitra,Jakarta,IDR,http://www.investing.com/equities/bintang-mitra-semestaraya
BOGA,994431,Bintang Oto Global,Jakarta,IDR,http://www.investing.com/equities/bintang-oto-global-tbk-pt
BISI,101353,Bisi International,Jakarta,IDR,http://www.investing.com/equities/bisi-internati
POSA,1130941,Bliss Properti Indonesia,Jakarta,IDR,http://www.investing.com/equities/bliss-properti-indonesia-tbk-pt
BIRD,943663,Blue Bird,Jakarta,IDR,http://www.investing.com/equities/blue-bird
BORN,101355,Borneo Lumbung,Jakarta,IDR,http://www.investing.com/equities/borneo-lumbung
BOSS,1062863,Borneo Olah Sarana,Jakarta,IDR,http://www.investing.com/equities/borneo-olah-sarana
BBLD,101221,Buana Finance,Jakarta,IDR,http://www.investing.com/equities/buana-finance
BULL,101357,Buana Listya Tama,Jakarta,IDR,http://www.investing.com/equities/buana-listya-t
BUDI,101358,Budi Starch & Sweetener,Jakarta,IDR,http://www.investing.com/equities/budi-starch--
BUKK,955767,Bukaka Teknik Utama,Jakarta,IDR,http://www.investing.com/equities/bukaka-teknik-utama
BKDP,101359,Bukit Darmo,Jakarta,IDR,http://www.investing.com/equities/bukit-darmo-pr
BUVA,101360,Bukit Uluwatu Villa,Jakarta,IDR,http://www.investing.com/equities/bukit-uluwatu
BCIP,101361,Bumi Citra Permai,Jakarta,IDR,http://www.investing.com/equities/bumi-citra-per
BUMI,101363,Bumi Resources,Jakarta,IDR,http://www.investing.com/equities/bumi-resources
BRMS,101362,Bumi Resources Min,Jakarta,IDR,http://www.investing.com/equities/bumi-r-mineral
BSDE,101364,Bumi Serpong Damai,Jakarta,IDR,http://www.investing.com/equities/bumi-serpong-d
BTEK,101365,Bumi Teknokultura,Jakarta,IDR,http://www.investing.com/equities/bumi-teknokult
HOKI,1025102,Buyung Poetra Sembada,Jakarta,IDR,http://www.investing.com/equities/buyung-poetra-sembada
CAKK,1097641,Cahayaputra Asa Keramik,Jakarta,IDR,http://www.investing.com/equities/cahayaputra-asa-keramik
CKRA,101222,Cakra Mineral,Jakarta,IDR,http://www.investing.com/equities/cakra-mineral
CAMP,1056519,Campina Ice Cream,Jakarta,IDR,http://www.investing.com/equities/campina-ice-cream
CASA,986048,Capital Financial Ind,Jakarta,IDR,http://www.investing.com/equities/capital-financial-indonesia-tbk-pt
MTFN,101367,Capitalinc Inv,Jakarta,IDR,http://www.investing.com/equities/capitalinc-inv
CANI,101368,Capitol Nusantara,Jakarta,IDR,http://www.investing.com/equities/capitol-nusant
CPRI,1128658,Capri Nusa Satu Properti,Jakarta,IDR,http://www.investing.com/equities/capri-nusa-satu-properti-tbk-pt
CASS,101369,Cardig Aero,Jakarta,IDR,http://www.investing.com/equities/cardig-aero-se
CSAP,101370,Catur Sentosa,Jakarta,IDR,http://www.investing.com/equities/catur-sentosa
CNTX_p,102969,Centex Prf,Jakarta,IDR,http://www.investing.com/equities/centex-tbk-sp
DKFT,998093,Central Omega Resources,Jakarta,IDR,http://www.investing.com/equities/central-omega-resources-tbk-pt
CPRO,101371,Central Proteina,Jakarta,IDR,http://www.investing.com/equities/central-protei
CENT,101372,Centratama Telekom,Jakarta,IDR,http://www.investing.com/equities/centrin-online
IGAR,101374,Champion Pacific,Jakarta,IDR,http://www.investing.com/equities/champion-pasif
TPIA,101375,Chandra Asri Petro,Jakarta,IDR,http://www.investing.com/equities/chandra-asri-p
NICK,1084856,Charnic Capital,Jakarta,IDR,http://www.investing.com/equities/charnic-capital
CPIN,101376,Charoen Pokphand Indonesia,Jakarta,IDR,http://www.investing.com/equities/charoen-pokpha
CINT,102979,Chitose Internasional,Jakarta,IDR,http://www.investing.com/equities/chitose-intern
POWR,985288,Cikarang Listrindo,Jakarta,IDR,http://www.investing.com/equities/cikarang-listrindo-tbk-pt
XCID,1141772,Ciptadana REIT,Jakarta,IDR,http://www.investing.com/equities/ciptadana-asset-management-reit
CTRA,101378,Ciputra Dev,Jakarta,IDR,http://www.investing.com/equities/ciputra-develo
CSRA,1156364,Cisadane Sawit Raya,Jakarta,IDR,http://www.investing.com/equities/cisadane-sawit-raya-pt
CITA,1059849,Cita Mineral,Jakarta,IDR,http://www.investing.com/equities/cita-mineral
CTTH,101381,Citatah,Jakarta,IDR,http://www.investing.com/equities/citatah-indust
CMNP,101382,Citra Marga,Jakarta,IDR,http://www.investing.com/equities/citra-marga-n
CLAY,1118028,Citra Putra,Jakarta,IDR,http://www.investing.com/equities/citra-putra
CTBN,945180,Citra Tubindo,Jakarta,IDR,http://www.investing.com/equities/citra-tubindo-tbk-pt
CFIN,101383,Clipan Finance,Jakarta,IDR,http://www.investing.com/equities/clipan-finance
CLPI,101384,Colorpak Indonesia,Jakarta,IDR,http://www.investing.com/equities/colorpak-indon
CCSI,1137585,Communication Cable Systems,Jakarta,IDR,http://www.investing.com/equities/communication-cable-systems-tbk-pt
KPAS,1096524,Cottonindo Ariesta,Jakarta,IDR,http://www.investing.com/equities/cottonindo-ariesta
COWL,101385,Cowell Development,Jakarta,IDR,http://www.investing.com/equities/cowell-develop
TEBE,1155552,Dana Brata Luhur,Jakarta,IDR,http://www.investing.com/equities/dana-brata-luhur
DEFI,945182,Danasupra,Jakarta,IDR,http://www.investing.com/equities/danasupra-erapacific-tbk-pt
SCBD,101223,Danayasa Arthatama,Jakarta,IDR,http://www.investing.com/equities/danayasa-artha
DEWA,101386,Darma Henwa,Jakarta,IDR,http://www.investing.com/equities/darma-henwa-tb
KAYU,1141286,Darmi Bersaudara,Jakarta,IDR,http://www.investing.com/equities/darmi-bersaudara-tbk-pt
DVLA,101387,Darya-Varia,Jakarta,IDR,http://www.investing.com/equities/darya-varia-la
DLTA,101224,Delta Djakarta,Jakarta,IDR,http://www.investing.com/equities/delta-jakarta
DOID,101388,Delta Dunia Makmur,Jakarta,IDR,http://www.investing.com/equities/delta-dunia-ma
PDES,101225,Destinasi Tirta,Jakarta,IDR,http://www.investing.com/equities/destinasi-tirt
DEAL,1097838,Dewata Freight,Jakarta,IDR,http://www.investing.com/equities/dewata-freight
DSFI,101389,Dharma Samudera,Jakarta,IDR,http://www.investing.com/equities/dharma-samuder
DSNG,101390,Dharma Satya,Jakarta,IDR,http://www.investing.com/equities/dharma-satya-n
DADA,1156799,Diamond Citra,Jakarta,IDR,http://www.investing.com/equities/diamond-citra-propertindo-pt
DMND,1156578,Diamond Food,Jakarta,IDR,http://www.investing.com/equities/diamond-food-indonesia
DSSA,102977,Dian Swastatika,Jakarta,IDR,http://www.investing.com/equities/dian-swastatik
DMMX,1153258,Digital Mediatama Maxima,Jakarta,IDR,http://www.investing.com/equities/digital-mediatama-maxima-pt
KOTA,1141614,DMS Propertindo,Jakarta,IDR,http://www.investing.com/equities/dms-propertindo-tbk-pt
DPUM,962002,Dua Putra Utama Makmur PT,Jakarta,IDR,http://www.investing.com/equities/dua-putra-utama-makmur-pt
DART,101392,Duta Anggada,Jakarta,IDR,http://www.investing.com/equities/duta-anggada-r
DAYA,985737,Duta Intidaya,Jakarta,IDR,http://www.investing.com/equities/duta-intidaya-tbk-pt
DUTI,101393,Duta Pertiwi,Jakarta,IDR,http://www.investing.com/equities/duta-pertiwi-t
DPNS,101391,Duta Pertiwi Nusantara,Jakarta,IDR,http://www.investing.com/equities/dt-pertiwi-nus
DWGL,1057061,Dwi Guna Laksana,Jakarta,IDR,http://www.investing.com/equities/dwi-guna-laksana
DYAN,101394,Dyandra Media,Jakarta,IDR,http://www.investing.com/equities/dyandra-media
BWPT,101366,Eagle High,Jakarta,IDR,http://www.investing.com/equities/bw-plantation
EAST,1141611,Eastparc Hotel,Jakarta,IDR,http://www.investing.com/equities/eastparc-hotel-tbk-pt
LRNA,102133,Eka Sari Lorena,Jakarta,IDR,http://www.investing.com/equities/eka-sari-loren
EKAD,101395,Ekadharma,Jakarta,IDR,http://www.investing.com/equities/ekadharma-inte
EMTK,101226,Elang Mahkota,Jakarta,IDR,http://www.investing.com/equities/elang-mahkota
ECII,101396,Electronic City Ind,Jakarta,IDR,http://www.investing.com/equities/electronic-cit
ELSA,101397,Elnusa,Jakarta,IDR,http://www.investing.com/equities/elnusa-tbk
MDKI,1050170,Emdeki Utama,Jakarta,IDR,http://www.investing.com/equities/emdeki-utama
ENRG,101398,Energi Mega Persada,Jakarta,IDR,http://www.investing.com/equities/energi-mega-pe
EPMT,101227,Enseval Putra,Jakarta,IDR,http://www.investing.com/equities/enseval-putera
ENVY,1141289,Envy Technologies,Jakarta,IDR,http://www.investing.com/equities/envy-technologies-indonesia-tbk-pt
GSMF,101228,Equity Dev Inv,Jakarta,IDR,http://www.investing.com/equities/equity-develop
IKAN,1156771,Era Mandiri Cemerlang Tbk PT,Jakarta,IDR,http://www.investing.com/equities/era-mandiri-cemerlang-tbk-pt
ERAA,101399,Erajaya Swasembada,Jakarta,IDR,http://www.investing.com/equities/erajaya-swasem
ERTX,101229,Eratex Djaja,Jakarta,IDR,http://www.investing.com/equities/eratex-djaja-t
ESTA,1158985,Esta Multi Usaha,Jakarta,IDR,http://www.investing.com/equities/esta-multi-usaha-pt
BEEF,1117906,Estika Tata Tiara,Jakarta,IDR,http://www.investing.com/equities/estika-tata-tiara
ETWA,101400,Eterindo Wahanatama,Jakarta,IDR,http://www.investing.com/equities/eterindo-wahan
LCGP,101401,Eureka Prima Jakarta,Jakarta,IDR,http://www.investing.com/equities/eureka-prima
ESTI,101230,Ever Shine Textile,Jakarta,IDR,http://www.investing.com/equities/ever-shine-tex
GREN,101402,Evergreen Invesco,Jakarta,IDR,http://www.investing.com/equities/evergreen-inve
CNKO,101403,Exploitasi Energi,Jakarta,IDR,http://www.investing.com/equities/exploitasi-ene
TAXI,101404,Express Transindo,Jakarta,IDR,http://www.investing.com/equities/express-transi
FASW,101405,Fajar Surya Wisesa,Jakarta,IDR,http://www.investing.com/equities/fajar-surya-wi
FAST,101231,Fast Food Indonesia,Jakarta,IDR,http://www.investing.com/equities/fast-food-indo
KBLV,101406,First Media,Jakarta,IDR,http://www.investing.com/equities/first-media-tb
FISH,101232,Fks Multi Agro,Jakarta,IDR,http://www.investing.com/equities/fks-multi-agro
FORU,101407,Fortune Indonesia,Jakarta,IDR,http://www.investing.com/equities/fortune-indone
FMII,101408,Fortune Mate,Jakarta,IDR,http://www.investing.com/equities/fortune-mate-i
FORZ,1009373,Forza Land Indonesia,Jakarta,IDR,http://www.investing.com/equities/forza-land-indonesia-tbk-pt
FUJI,1141613,Fuji Finance Indonesia,Jakarta,IDR,http://www.investing.com/equities/fuji-finance-indonesia-tbk-pt
GAMA,101409,Gading Development,Jakarta,IDR,http://www.investing.com/equities/gading-develop
GJTL,101410,Gajah Tunggal,Jakarta,IDR,http://www.investing.com/equities/gajah-tunggal
GLVA,1156094,Galva Technologies,Jakarta,IDR,http://www.investing.com/equities/galva-technologies-tbk-pt
GTBO,101411,Garda Tujuh Buana,Jakarta,IDR,http://www.investing.com/equities/garda-tujuh-bu
GIAA,101412,Garuda Indonesia,Jakarta,IDR,http://www.investing.com/equities/garuda-indones
GMFI,1052356,Garuda Maintenance Facility,Jakarta,IDR,http://www.investing.com/equities/garuda-maintenance-facility
BOLT,955953,Garuda Metalindo Tbk,Jakarta,IDR,http://www.investing.com/equities/garuda-metalindo-tbk
GOOD,1097268,Garudafood Putra Putri,Jakarta,IDR,http://www.investing.com/equities/garudafood-putra-putri
SLIS,1153099,Gaya Abadi,Jakarta,IDR,http://www.investing.com/equities/gaya-abadi-sempurna
GEMA,101413,Gema Grahasarana,Jakarta,IDR,http://www.investing.com/equities/gema-grahasara
GHON,1073263,Gihon Telekom,Jakarta,IDR,http://www.investing.com/equities/gihon-telekom
WOWS,1155107,Ginting Jaya Energi,Jakarta,IDR,http://www.investing.com/equities/ginting-jaya-energi
BMTR,101414,Global Mediacom,Jakarta,IDR,http://www.investing.com/equities/global-mediaco
GLOB,101415,Global Teleshop,Jakarta,IDR,http://www.investing.com/equities/global-telesho
SMMT,101416,Golden Eagle Energy,Jakarta,IDR,http://www.investing.com/equities/golden-eagle-e
GEMS,101233,Golden Energy Mines,Jakarta,IDR,http://www.investing.com/equities/golden-energy
POLU,1138474,Golden Flower,Jakarta,IDR,http://www.investing.com/equities/golden-flower-tbk-pt
GOLL,943646,Golden Plantation,Jakarta,IDR,http://www.investing.com/equities/golden-plantation-pt
GDYR,943650,Goodyear Indonesia,Jakarta,IDR,http://www.investing.com/equities/goodyear-indon
GMTD,101418,Gowa Makassar,Jakarta,IDR,http://www.investing.com/equities/gowa-makassar
GZCO,101419,Gozco Plantations,Jakarta,IDR,http://www.investing.com/equities/gozco-plantati
JGLE,985853,Graha Andrasentra,Jakarta,IDR,http://www.investing.com/equities/graha-andrasentra-propertindo
BLTZ,101420,Graha Layar Prima,Jakarta,IDR,http://www.investing.com/equities/graha-layar-pr
KRAH,101421,Grand Kartech,Jakarta,IDR,http://www.investing.com/equities/grand-kartech
GWSA,101422,Greenwood Sejahtera,Jakarta,IDR,http://www.investing.com/equities/greenwood-seja
GGRM,101423,Gudang Garam,Jakarta,IDR,http://www.investing.com/equities/gudang-garam-t
TRUK,1078225,Guna Timur Raya,Jakarta,IDR,http://www.investing.com/equities/guna-timur-raya
GDST,101424,Gunawan Dianjaya Steel,Jakarta,IDR,http://www.investing.com/equities/gunawan-dianja
GGRP,1152962,Gunung Raja,Jakarta,IDR,http://www.investing.com/equities/gunung-raja-paksi
MYRX,101425,Hanson,Jakarta,IDR,http://www.investing.com/equities/hanson-int-sb
MYRX_p,101426,Hanson Prf,Jakarta,IDR,http://www.investing.com/equities/hanson-int-sp
AHAP,101207,Harta Aman Pratama,Jakarta,IDR,http://www.investing.com/equities/ahap-tbk
HRTA,1025104,Hartadinata Abadi,Jakarta,IDR,http://www.investing.com/equities/hartadinata-abadi
HRUM,101427,Harum Energy,Jakarta,IDR,http://www.investing.com/equities/harum-energy
HADE,943655,Hd Capital,Jakarta,IDR,http://www.investing.com/equities/hd-capital
HDIT,1141607,Hensel Davest,Jakarta,IDR,http://www.investing.com/equities/hensel-davest-indonesia-tbk-pt
HERO,101428,Hero Supermarket,Jakarta,IDR,http://www.investing.com/equities/hero-super-mar
HEXA,101429,Hexindo Adiperkasa,Jakarta,IDR,http://www.investing.com/equities/hexindo-adiper
HKMU,1096523,HK Metals Utama,Jakarta,IDR,http://www.investing.com/equities/hk-metals-utama
HMSP,943648,Hm Sampoerna,Jakarta,IDR,http://www.investing.com/equities/h-m-sampoerna
SMCB,101430,Holcim Indonesia,Jakarta,IDR,http://www.investing.com/equities/holcim-indones
FITT,1137430,Hotel Fitra International,Jakarta,IDR,http://www.investing.com/equities/hotel-fitra-international-tbk-pt
HOME,101431,Hotel Mandarine Regency,Jakarta,IDR,http://www.investing.com/equities/hotel-mandarin
SHID,101432,Hotel Sahid Jaya,Jakarta,IDR,http://www.investing.com/equities/hotel-sahid-ja
HITS,943656,Humpuss,Jakarta,IDR,http://www.investing.com/equities/humpuss-interm
KARW,101433,Ictsi Jasa Prima,Jakarta,IDR,http://www.investing.com/equities/ictsi-jasa-pri
IFSH,1155911,Ifishdeco,Jakarta,IDR,http://www.investing.com/equities/ifishdeco-pt
IMPC,943664,Impack Pratama Industri,Jakarta,IDR,http://www.investing.com/equities/impack-pratama
INKP,101435,Indah Kiat Pulp & Paper,Jakarta,IDR,http://www.investing.com/equities/indah-kiat-pul
INPS,1073264,Indah Prakasa Sentosa,Jakarta,IDR,http://www.investing.com/equities/indah-prakasa-sentosa
INAI,101436,Indal Aluminium,Jakarta,IDR,http://www.investing.com/equities/indal-aluminiu
INDY,101437,Indika Energy,Jakarta,IDR,http://www.investing.com/equities/indika-energy
SRSN,101438,Indo Acidatama,Jakarta,IDR,http://www.investing.com/equities/indo-acidatama
INCF,987137,Indo Komoditi Korpora,Jakarta,IDR,http://www.investing.com/equities/indo-komoditi-korpora-tbk-pt
BRAM,101234,Indo Kordsa,Jakarta,IDR,http://www.investing.com/equities/indo-kordsa-tb
PTIS,101235,Indo Straits,Jakarta,IDR,http://www.investing.com/equities/indo-straits
ITMG,101439,Indo Tambangraya,Jakarta,IDR,http://www.investing.com/equities/indo-tambangra
INTP,101440,Indocement Tunggal,Jakarta,IDR,http://www.investing.com/equities/indocement-t-p
INAF,101441,Indofarma,Jakarta,IDR,http://www.investing.com/equities/indofarma-tbk
INDF,101443,Indofood,Jakarta,IDR,http://www.investing.com/equities/indofood-s-m-t
ICBP,101442,Indofood Cbp,Jakarta,IDR,http://www.investing.com/equities/indofood-cbp
IMJS,101444,Indomobil Multi Jasa,Jakarta,IDR,http://www.investing.com/equities/indomobil-mult
IMAS,101445,Indomobil Sukses,Jakarta,IDR,http://www.investing.com/equities/indomobil-suks
IFII,1155954,Indonesia Fibreboard,Jakarta,IDR,http://www.investing.com/equities/indonesia-fibreboard-industry-pt
IDPR,962003,Indonesia Pondasi Raya Tbk PT,Jakarta,IDR,http://www.investing.com/equities/indonesia-pondasi-raya-tbk-pt
OMRE,943994,Indonesia Prima,Jakarta,IDR,http://www.investing.com/equities/indo-prima-prope
IATA,101434,Indonesia Trans & Infr,Jakarta,IDR,http://www.investing.com/equities/ind-air-transp
INPP,102970,Indonesian Paradise,Jakarta,IDR,http://www.investing.com/equities/indonesian-p-p
ITIC,1141287,Indonesian Tobacco,Jakarta,IDR,http://www.investing.com/equities/indonesian-tobacco-tbk-pt
IPOL,101446,Indopoly Swakarsa,Jakarta,IDR,http://www.investing.com/equities/indopoly-swaka
INDR,101236,Indorama Synthetics,Jakarta,IDR,http://www.investing.com/equities/indorama-synte
DNET,101447,Indoritel Makmur,Jakarta,IDR,http://www.investing.com/equities/indoritel-makm
ISAT,101448,Indosat,Jakarta,IDR,http://www.investing.com/equities/indosat-tbk
INDS,101449,Indospring,Jakarta,IDR,http://www.investing.com/equities/indospring-tbk
CARS,1008687,Industri Dan Perdagangan,Jakarta,IDR,http://www.investing.com/equities/industri-dan-perdagangan-bintraco
INOV,1141609,Inocycle,Jakarta,IDR,http://www.investing.com/equities/inocycle-technology-tbk-pt
IBFN,943644,Intan Baruprana Finance,Jakarta,IDR,http://www.investing.com/equities/intan-baruprana-finance-tbk-pt
INCI,101452,Intanwijaya,Jakarta,IDR,http://www.investing.com/equities/intanwijaya-in
WOOD,1025105,Integra Indocabinet,Jakarta,IDR,http://www.investing.com/equities/integra-indocabinet
INTD,946578,Inter-Delta,Jakarta,IDR,http://www.investing.com/equities/inter-delta-tbk-pt
MDIA,101453,Intermedia Capital,Jakarta,IDR,http://www.investing.com/equities/intermedia-cap
IBST,101454,Inti Bangun Sejahtera,Jakarta,IDR,http://www.investing.com/equities/inti-bangun-se
IIKP,945183,Inti Kapuas Arowana,Jakarta,IDR,http://www.investing.com/equities/inti-agri-resources-tbk-pt
IKAI,101455,Intikeramik Alamasri,Jakarta,IDR,http://www.investing.com/equities/intikeramik-al
DILD,101456,Intiland Development,Jakarta,IDR,http://www.investing.com/equities/intiland-devel
INTA,101457,Intraco Penta,Jakarta,IDR,http://www.investing.com/equities/intraco-penta
ICON,101458,Island Concepts,Jakarta,IDR,http://www.investing.com/equities/island-concept
IRRA,1153173,Itama Ranoraya,Jakarta,IDR,http://www.investing.com/equities/itama-ranoraya
PSAB,101459,J Resources,Jakarta,IDR,http://www.investing.com/equities/j-resources-as
JIHD,101468,Jakarta Int Hotels & Dev,Jakarta,IDR,http://www.investing.com/equities/jkt-intl-hotel
JKSW,101237,Jakarta Kyoei,Jakarta,IDR,http://www.investing.com/equities/jkt-kyoei-stee
JSPT,945179,Jakarta Setiabudi,Jakarta,IDR,http://www.investing.com/equities/jakarta-setiabudi-int
SIDO,101450,Jamu dan Farmasi Sido,Jakarta,IDR,http://www.investing.com/equities/industri-jamu
JPFA,101461,Japfa Comfeed Indonesia,Jakarta,IDR,http://www.investing.com/equities/japfa-comfeed
IPCM,1057069,Jasa Armada Indonesia,Jakarta,IDR,http://www.investing.com/equities/jasa-armada-indonesia
JSMR,101462,Jasa Marga,Jakarta,IDR,http://www.investing.com/equities/jasa-marga
JAST,1131181,Jasnita Telekom,Jakarta,IDR,http://www.investing.com/equities/jasnita-telekom
JTPE,101463,Jasuindo Tiga Perkasa,Jakarta,IDR,http://www.investing.com/equities/jasuindo-tiga
JAWA,101460,Jaya Agra Wattie,Jakarta,IDR,http://www.investing.com/equities/j.a.-wattie
JKON,101464,Jaya Konstruksi,Jakarta,IDR,http://www.investing.com/equities/jaya-konstruks
JRPT,101466,Jaya Real Property,Jakarta,IDR,http://www.investing.com/equities/jaya-real-prop
RISE,1088205,Jaya Sukses Makmur,Jakarta,IDR,http://www.investing.com/equities/jaya-sukses-makmur
HELI,1073106,Jaya Trishindo,Jakarta,IDR,http://www.investing.com/equities/jaya-trishindo
JECC,101467,Jembo Cable Company,Jakarta,IDR,http://www.investing.com/equities/jembo-cable-co
KBLM,101238,Kabelindo Murni,Jakarta,IDR,http://www.investing.com/equities/kabelindo-murn
KLBF,101470,Kalbe Farma,Jakarta,IDR,http://www.investing.com/equities/kalbe-farma-tb
ZINC,1052430,Kapuas Prima Coal,Jakarta,IDR,http://www.investing.com/equities/kapuas-prima-coal
KIJA,101469,Kawasan Jababeka,Jakarta,IDR,http://www.investing.com/equities/k-i-jababeka
KICI,101239,Kedaung Indah Can,Jakarta,IDR,http://www.investing.com/equities/kedaung-indah
KDSI,101471,Kedawung Setia,Jakarta,IDR,http://www.investing.com/equities/kedawung-setia
KEEN,1152348,Kencana Energi,Jakarta,IDR,http://www.investing.com/equities/kencana-energi-lestari
KIAS,101472,Keramika Indonesia,Jakarta,IDR,http://www.investing.com/equities/keramika-indon
KBRI,101473,Kertas Basuki Rachmat,Jakarta,IDR,http://www.investing.com/equities/kertas-basuki
KAEF,101474,Kimia Farma Persero,Jakarta,IDR,http://www.investing.com/equities/kimia-farma
KINO,962004,Kino Indonesia Tbk PT,Jakarta,IDR,http://www.investing.com/equities/kino-indonesia-tbk-pt
KIOS,1052236,Kioson Komersial,Jakarta,IDR,http://www.investing.com/equities/kioson-komersial
KMTR,1025103,Kirana Megatara,Jakarta,IDR,http://www.investing.com/equities/kirana-megatara
KBLI,101475,Kmi Wire And Cable,Jakarta,IDR,http://www.investing.com/equities/kmi-wire-n-cab
KOBX,101476,Kobexindo Tractors,Jakarta,IDR,http://www.investing.com/equities/kobexindo-trac
KOIN,101240,Kokoh Inti Arebama,Jakarta,IDR,http://www.investing.com/equities/kokoh-inti-are
SATU,1097709,Kota Satu,Jakarta,IDR,http://www.investing.com/equities/kota-satu
KRAS,101477,Krakatau Steel Persero,Jakarta,IDR,http://www.investing.com/equities/krakatau-steel
KREN,101478,Kresna Graha Investama,Jakarta,IDR,http://www.investing.com/equities/kresna-graha-s
KJEN,1141288,Krida Jaringan Nusantara,Jakarta,IDR,http://www.investing.com/equities/krida-jaringan-nusantara-tbk-pt
TAMA,1156770,Lancartama Sejati,Jakarta,IDR,http://www.investing.com/equities/lancartama-sejati-tbk
LMPI,101480,Langgeng Makmur,Jakarta,IDR,http://www.investing.com/equities/langgeng-makmu
LTLS,101481,Lautan Luas,Jakarta,IDR,http://www.investing.com/equities/lautan-luas-tb
LCKM,1057991,LCK Global Kedaton,Jakarta,IDR,http://www.investing.com/equities/lck-global-kedaton
LAPD,101482,Leyand International,Jakarta,IDR,http://www.investing.com/equities/leyand-interna
LMAS,101241,Limas Indonesia Makmur,Jakarta,IDR,http://www.investing.com/equities/limas-centric
LINK,102980,Link Net,Jakarta,IDR,http://www.investing.com/equities/link-net
LION,102975,Lion Metal Works,Jakarta,IDR,http://www.investing.com/equities/lion-metal-wor
LMSH,101242,Lionmesh Prima,Jakarta,IDR,http://www.investing.com/equities/lionmesh-prima
LPCK,101483,Lippo Cikarang,Jakarta,IDR,http://www.investing.com/equities/lippo-cikarang
LPGI,101484,Lippo General Insurance,Jakarta,IDR,http://www.investing.com/equities/lippo-general
LPKR,101485,Lippo Karawaci,Jakarta,IDR,http://www.investing.com/equities/lippo-karawaci
LPPS,101486,Lippo Securities,Jakarta,IDR,http://www.investing.com/equities/lippo-securiti
LEAD,101487,Logindo Samudramakmur,Jakarta,IDR,http://www.investing.com/equities/logindo-samudr
FPNI,101243,Lotte Chemical Titan PT,Jakarta,IDR,http://www.investing.com/equities/lotte-chemical
MCAS,1056016,M Cash Integrasi PT,Jakarta,IDR,http://www.investing.com/equities/m-cash-integrasi-pt
MOLI,1095932,Madusari Murni Indah,Jakarta,IDR,http://www.investing.com/equities/madusari-murni-indah
MGNA,943659,Magna Finance,Jakarta,IDR,http://www.investing.com/equities/magna-finance
ABBA,101489,Mahaka Media,Jakarta,IDR,http://www.investing.com/equities/mahaka-media-t
MARI,963746,Mahaka Radio,Jakarta,IDR,http://www.investing.com/equities/mahaka-radio-integra-tbk-pt
MGRO,1088700,Mahkota,Jakarta,IDR,http://www.investing.com/equities/mahkota
AKSI,1052879,Majapahit Intiora,Jakarta,IDR,http://www.investing.com/equities/majapahit-intiora
AMAN,1158997,Makmur Berkah,Jakarta,IDR,http://www.investing.com/equities/makmur-berkah-amanda-pt
MTWI,1052365,Malacca Trust Wuwungan,Jakarta,IDR,http://www.investing.com/equities/malacca-trust-wuwungan
MAIN,101490,Malindo Feedmill,Jakarta,IDR,http://www.investing.com/equities/malindo-feedmi
MFIN,101244,Mandala Multifinance,Jakarta,IDR,http://www.investing.com/equities/mandala-multif
TCID,101491,Mandom Indonesia,Jakarta,IDR,http://www.investing.com/equities/mandom-indones
MAPA,1088206,MAP Aktif Adiperkasa,Jakarta,IDR,http://www.investing.com/equities/map-aktif-adiperkasa
MAPB,1025107,Map Boga Adiperkasa,Jakarta,IDR,http://www.investing.com/equities/map-boga-adiperkasa
MABA,1025108,Marga Abhinaya Abadi,Jakarta,IDR,http://www.investing.com/equities/marga-abhinaya-abadi
MARK,1025109,Mark Dynamics Indonesia,Jakarta,IDR,http://www.investing.com/equities/mark-dynamics-indonesia
MBTO,101492,Martina Berto,Jakarta,IDR,http://www.investing.com/equities/martina-berto
MAMI,943649,Mas Murni Indonesia,Jakarta,IDR,http://www.investing.com/equities/mas-murni-sb
MREI,101245,Maskapai Reasuransi,Jakarta,IDR,http://www.investing.com/equities/marein-tbk
LPPF,101493,Matahari,Jakarta,IDR,http://www.investing.com/equities/matahari-depar
MPPA,101494,Matahari Putra Prima,Jakarta,IDR,http://www.investing.com/equities/matahari-putra
MYOR,101495,Mayora Indah,Jakarta,IDR,http://www.investing.com/equities/mayora-indah-t
FILM,1089909,MD Pictures,Jakarta,IDR,http://www.investing.com/equities/md-pictures
MEDC,101496,Medco Energi,Jakarta,IDR,http://www.investing.com/equities/medco-energi-i
MNCN,101497,Media Nusantara Citra,Jakarta,IDR,http://www.investing.com/equities/media-nusantar
HEAL,1076873,Medikaloka Hermina,Jakarta,IDR,http://www.investing.com/equities/medikaloka-hermina
MMLP,954961,Mega Manunggal Property,Jakarta,IDR,http://www.investing.com/equities/mega-manunggal-property
ZONE,1115772,Mega Perintis,Jakarta,IDR,http://www.investing.com/equities/mega-perintis
EMDE,101498,Megapolitan Dev,Jakarta,IDR,http://www.investing.com/equities/megapolitan-de
MPOW,1024518,Megapower Makmur,Jakarta,IDR,http://www.investing.com/equities/megapower-makmur
HRME,1128812,Menteng Heritage Realty,Jakarta,IDR,http://www.investing.com/equities/menteng-heritage-realty-tbk-pt
MERK,945178,Merck,Jakarta,IDR,http://www.investing.com/equities/merck-tbk-pt
MDKA,954960,Merdeka Copper Gold TBK PT,Jakarta,IDR,http://www.investing.com/equities/merdeka-copper-gold-tbk-pt
MTPS,1128657,Meta Epsi,Jakarta,IDR,http://www.investing.com/equities/meta-epsi-tbk-pt
CARE,1158998,Metro Health,Jakarta,IDR,http://www.investing.com/equities/metro-healthcare-indonesia
MTSM,101246,Metro Realty,Jakarta,IDR,http://www.investing.com/equities/metro-realty
MTDL,101499,Metrodata Electronics,Jakarta,IDR,http://www.investing.com/equities/metrodata-elec
MKPI,101247,Metropolitan Kentjana,Jakarta,IDR,http://www.investing.com/equities/metropolitan-k
MTLA,101500,Metropolitan Land,Jakarta,IDR,http://www.investing.com/equities/metropolitan-l
MIDI,101501,Midi Utama Indonesia,Jakarta,IDR,http://www.investing.com/equities/midi-utama
SDPC,101502,Millennium Pharma,Jakarta,IDR,http://www.investing.com/equities/millennium-p-i
PADI,101503,Minna Padi Investama,Jakarta,IDR,http://www.investing.com/equities/minna-padi-inv
MAPI,101504,Mitra Adiperkasa,Jakarta,IDR,http://www.investing.com/equities/mitra-adiperka
KOPI,951639,Mitra Energi Persada,Jakarta,IDR,http://www.investing.com/equities/mitra-energi-persada-tbk-pt
MIRA,101505,Mitra Int,Jakarta,IDR,http://www.investing.com/equities/mitra-internat
MITI,101506,Mitra Investindo,Jakarta,IDR,http://www.investing.com/equities/mitra-investin
MIKA,948393,Mitra Keluarga Karyasehat,Jakarta,IDR,http://www.investing.com/equities/mitra-keluarga-karyasehat
MKNT,960819,Mitra Komunikasi Nusantara Tbk PT,Jakarta,IDR,http://www.investing.com/equities/mitra-komunikasi-nusantara-tbk-pt
MTRA,963747,Mitra Pemuda,Jakarta,IDR,http://www.investing.com/equities/mitra-pemuda-tbk-pt
MPMX,101507,Mitra Pinasthika,Jakarta,IDR,http://www.investing.com/equities/mitra-pinasthi
MBSS,101508,Mitrabahtera Segara,Jakarta,IDR,http://www.investing.com/equities/mitrabahtera-s
MBAP,943662,Mitrabara Adiperdana,Jakarta,IDR,http://www.investing.com/equities/mitrabara-adip
BHIT,101509,Mnc Investama,Jakarta,IDR,http://www.investing.com/equities/mnc-investama
BCAP,101510,Mnc Kapital Ind,Jakarta,IDR,http://www.investing.com/equities/mnc-kapital
KPIG,101511,Mnc Land,Jakarta,IDR,http://www.investing.com/equities/mnc-land-tbk
MSKY,101512,Mnc Sky Vision,Jakarta,IDR,http://www.investing.com/equities/mnc-sky-vision
MSIN,1081669,MNC Studios,Jakarta,IDR,http://www.investing.com/equities/mnc-studios
IPTV,1141298,MNC Vision Networks,Jakarta,IDR,http://www.investing.com/equities/mnc-vision-networks-pt
MDRN,101513,Modern Internasional,Jakarta,IDR,http://www.investing.com/equities/modern-interna
MDLN,101514,Modernland Realty Ltd,Jakarta,IDR,http://www.investing.com/equities/modernland-rea
KEJU,1155743,Mulia Boga Raya,Jakarta,IDR,http://www.investing.com/equities/mulia-boga-raya-pt
MLIA,101515,Mulia Industrindo,Jakarta,IDR,http://www.investing.com/equities/mulia-industri
MAGP,101516,Multi Agro Gemilang Plantation,Jakarta,IDR,http://www.investing.com/equities/multi-agro-gem
AMAG,101300,Multi Artha Guna,Jakarta,IDR,http://www.investing.com/equities/as-multi-artha
MLBI,101517,Multi Bintang Ind,Jakarta,IDR,http://www.investing.com/equities/multi-bintang
MICE,101518,Multi Indocitra,Jakarta,IDR,http://www.investing.com/equities/multi-indocitr
LPIN,101519,Multi Prima Sejahtera,Jakarta,IDR,http://www.investing.com/equities/multi-prima-se
MFMI,101248,Multifiling Mitra,Jakarta,IDR,http://www.investing.com/equities/multifiling-mi
MLPL,101520,Multipolar,Jakarta,IDR,http://www.investing.com/equities/multipolar-tbk
MLPT,101521,Multipolar Technology,Jakarta,IDR,http://www.investing.com/equities/multipolar-tec
MASA,101522,Multistrada Arah Sarana,Jakarta,IDR,http://www.investing.com/equities/multistrada-ar
MRAT,101523,Mustika Ratu,Jakarta,IDR,http://www.investing.com/equities/mustika-ratu-t
CITY,1096519,Natura City,Jakarta,IDR,http://www.investing.com/equities/natura-city
NFCX,1088701,NFC Indonesia,Jakarta,IDR,http://www.investing.com/equities/nfc-indonesia
ROTI,101524,Nippon,Jakarta,IDR,http://www.investing.com/equities/nippon-indosar
NIPS,101525,Nipress,Jakarta,IDR,http://www.investing.com/equities/nipress-tbk
NIRO,101526,Nirvana Development,Jakarta,IDR,http://www.investing.com/equities/nirvana-develo
DGIK,101527,Nusa Konstruksi,Jakarta,IDR,http://www.investing.com/equities/nusa-konstruks
NRCA,101528,Nusa Raya Cipta,Jakarta,IDR,http://www.investing.com/equities/nusa-raya-cipt
NZIA,1153026,Nusantara Almazia,Jakarta,IDR,http://www.investing.com/equities/nusantara-almazia
META,101529,Nusantara Infra,Jakarta,IDR,http://www.investing.com/equities/nusantara-infr
UNIT,102971,Nusantara Inti Corpora,Jakarta,IDR,http://www.investing.com/equities/nusantara-inti
PORT,997895,Nusantara Pelabuhan,Jakarta,IDR,http://www.investing.com/equities/nusantara-pelabuhan-handal-tbk-pt
NATO,1118029,Nusantara Properti,Jakarta,IDR,http://www.investing.com/equities/nusantara-properti
DIVA,1114107,Nusantara Voucher,Jakarta,IDR,http://www.investing.com/equities/nusantara-voucher
OCAP,101249,Onix Capital,Jakarta,IDR,http://www.investing.com/equities/onix-capital
OPMS,1153000,Optima Prima,Jakarta,IDR,http://www.investing.com/equities/optima-prima-metal-sinergi
TKIM,101608,Pabrik Kertas Tjiwi,Jakarta,IDR,http://www.investing.com/equities/tjiwi-kimia-tb
APIC,101532,Pacific Strategic,Jakarta,IDR,http://www.investing.com/equities/pacific-strate
PWON,101533,Pakuwon Jati,Jakarta,IDR,http://www.investing.com/equities/pakuwon-jati-t
PSGO,1155744,Palma Serasih,Jakarta,IDR,http://www.investing.com/equities/palma-serasih-pt
PBRX,101534,Pan Brothers,Jakarta,IDR,http://www.investing.com/equities/pan-brothers-t
HDTX,101252,Panasia Indo Resources,Jakarta,IDR,http://www.investing.com/equities/panasia-indo-r
PBID,1057073,Panca Budi Idaman,Jakarta,IDR,http://www.investing.com/equities/panca-budi-idaman
PEGE,943654,Panca Global,Jakarta,IDR,http://www.investing.com/equities/panca-global-s
PNLF,101535,Panin Financial,Jakarta,IDR,http://www.investing.com/equities/panin-financia
PANS,101537,Panin Sekuritas,Jakarta,IDR,http://www.investing.com/equities/panin-sekurita
PNIN,101536,Paninvest,Jakarta,IDR,http://www.investing.com/equities/paninvest
PANR,101538,Panorama Sentrawisata,Jakarta,IDR,http://www.investing.com/equities/panorama-sentr
PBSA,991136,Paramita Bangun Sarana,Jakarta,IDR,http://www.investing.com/equities/paramita-bangun-sarana-tbk-pt
PICO,101540,Pelangi Indah Canindo,Jakarta,IDR,http://www.investing.com/equities/pelangi-indah
NIKL,101541,Pelat Timah Nusantara,Jakarta,IDR,http://www.investing.com/equities/pelat-timah-nu
BBRM,101542,Pelayaran Nasional,Jakarta,IDR,http://www.investing.com/equities/pelayaran-nasi
NELY,101253,Pelayaran Nelly,Jakarta,IDR,http://www.investing.com/equities/pelayaran-nell
TMAS,101251,Pelayaran Tempuran,Jakarta,IDR,http://www.investing.com/equities/p-tempuran-ema
PSSI,1056131,Pelita Samudera,Jakarta,IDR,http://www.investing.com/equities/pelita-samudera
PGLI,101250,Pembangunan Graha,Jakarta,IDR,http://www.investing.com/equities/p-graha-lestar
PJAA,101531,Pembangunan Jaya Ancol,Jakarta,IDR,http://www.investing.com/equities/p-jaya-ancol
PPRE,1055263,Pembangunan Perumahan,Jakarta,IDR,http://www.investing.com/equities/pembangunan-perumahan
KONI,998095,Perdana Bangun Pusaka,Jakarta,IDR,http://www.investing.com/equities/perdana-bangun-pusaka-tbk-pt
GPRA,101543,Perdana Gapura Prima,Jakarta,IDR,http://www.investing.com/equities/perdana-gapura
PKPK,101544,Perdana Karya Perkasa,Jakarta,IDR,http://www.investing.com/equities/perdana-karya
TRIN,1156527,Perintis Triniti,Jakarta,IDR,http://www.investing.com/equities/perintis-triniti-properti-pt
PGAS,101530,Perusahaan Gas Negara,Jakarta,IDR,http://www.investing.com/equities/p-gas-negara-t
PTRO,101546,Petrosea,Jakarta,IDR,http://www.investing.com/equities/petrosea-tbk
PEHA,1116267,Phapros,Jakarta,IDR,http://www.investing.com/equities/phapros
RODA,101254,Pikko Land Development,Jakarta,IDR,http://www.investing.com/equities/pikko-land-dev
PTSP,101255,Pioneerindo Gourmet,Jakarta,IDR,http://www.investing.com/equities/pioneerindo-go
PLIN,101256,Plaza Indonesia Realty,Jakarta,IDR,http://www.investing.com/equities/plaza-indonesi
PLAS,101547,Polaris Investama,Jakarta,IDR,http://www.investing.com/equities/polaris-invest
POLI,1117907,Pollux Investasi,Jakarta,IDR,http://www.investing.com/equities/pollux-investasi
POLL,1088678,Pollux Properti,Jakarta,IDR,http://www.investing.com/equities/pollux-properti
ADMG,101548,Polychem Indonesia,Jakarta,IDR,http://www.investing.com/equities/polychem-indon
POLA,1097904,Pool Advista Finance,Jakarta,IDR,http://www.investing.com/equities/pool-advista-finance
POOL,101257,Pool Advista Indonesia,Jakarta,IDR,http://www.investing.com/equities/pool-advista-i
LSIP,101488,PP London Sumatra,Jakarta,IDR,http://www.investing.com/equities/london-sumatra
PTPP,101549,Pp Persero,Jakarta,IDR,http://www.investing.com/equities/pp-persero
PPRO,953597,PP Properti Tbk PT,Jakarta,IDR,http://www.investing.com/equities/pp-properti-tbk-pt
PSDN,101258,Prasidha Aneka Niaga,Jakarta,IDR,http://www.investing.com/equities/prasidha-aneka
PANI,1096064,Pratama Abadi Nusa,Jakarta,IDR,http://www.investing.com/equities/pratama-abadi-nusa
PTPW,1156724,Pratama Widya,Jakarta,IDR,http://www.investing.com/equities/pratama-widya-tbk-pt
PRAS,101550,Prima Alloy Steel,Jakarta,IDR,http://www.investing.com/equities/prima-alloy-st
PCAR,1057208,Prima Cakrawala Abadi,Jakarta,IDR,http://www.investing.com/equities/prima-cakrawala-abadi
BIMA,962001,Primarindo Asia Infrastructure Tbk,Jakarta,IDR,http://www.investing.com/equities/primarindo-asia-infrastructure-tbk
PRDA,994054,Prodia Widyahusada,Jakarta,IDR,http://www.investing.com/equities/prodia-widyahusada-tbk-pt
MPRO,1096528,Propertindo Mulia,Jakarta,IDR,http://www.investing.com/equities/propertindo-mulia
OASA,986049,Protech Mitra Perkasa,Jakarta,IDR,http://www.investing.com/equities/protech-mitra-perkasa-tbk-pt
PALM,101259,Provident Agro,Jakarta,IDR,http://www.investing.com/equities/provident-agro
CSIS,1010638,PT Cahayasakti Investindo,Jakarta,IDR,http://www.investing.com/equities/pt-cahayasakti-investindo-sukses
DFAM,1075239,PT Dafam Property,Jakarta,IDR,http://www.investing.com/equities/pt-dafam-property
FINN,1025100,PT First Indo American Leasing,Jakarta,IDR,http://www.investing.com/equities/pt-first-indo-american-leasing
DUCK,1097269,PT Jaya Bersama,Jakarta,IDR,http://www.investing.com/equities/pt-jaya-bersama
IPCC,1088204,PT Kendaraan Terminal,Jakarta,IDR,http://www.investing.com/equities/pt-kendaraan-terminal
TAMU,1010639,PT Pelayaran Tamarin,Jakarta,IDR,http://www.investing.com/equities/pt-pelayaran-tamarin-samudra-tbk
PZZA,1078226,PT Sarimelati Kencana,Jakarta,IDR,http://www.investing.com/equities/pt-sarimelati-kencana
SPTO,1076784,PT Surya Pertiwi,Jakarta,IDR,http://www.investing.com/equities/pt-surya-pertiwi
TNCA,1084863,PT Trimuda Nuansa,Jakarta,IDR,http://www.investing.com/equities/pt-trimuda-nuansa
COCO,1123886,PT Wahana Interfood,Jakarta,IDR,http://www.investing.com/equities/pt-wahana-interfood
PNSE,101260,Pudjiadi & Sons,Jakarta,IDR,http://www.investing.com/equities/pudjiadi---son
PUDP,101551,Pudjiadi Prestige,Jakarta,IDR,http://www.investing.com/equities/pudjiadi-prest
DMAS,953932,Puradelta Lestari Tbk Pt,Jakarta,IDR,http://www.investing.com/equities/puradelta-lestari-tbk-pt
PMJS,1156089,Putra Mandiri Jembar,Jakarta,IDR,http://www.investing.com/equities/putra-mandiri-jembar-tbk-pt
PURA,1156644,Putra Rajawali Kencana,Jakarta,IDR,http://www.investing.com/equities/putra-rajawali-kencana-pt
PYFA,101552,Pyridam Farma,Jakarta,IDR,http://www.investing.com/equities/pyridam-farma
HDFA,953933,Radana Bhaskara Finance Tbk,Jakarta,IDR,http://www.investing.com/equities/radana-bhaskara-finance-tbk
RUIS,101553,Radiant Utama,Jakarta,IDR,http://www.investing.com/equities/radiant-utama
RALS,101554,Ramayana Lestari,Jakarta,IDR,http://www.investing.com/equities/ramayana-lesta
ARTI,101555,Ratu Prabu Energi,Jakarta,IDR,http://www.investing.com/equities/ratu-prabu-ene
PSKT,950067,Red Planet Indonesia Tbk,Jakarta,IDR,http://www.investing.com/equities/red-planet-indonesia-tbk
RELI,101261,Reliance Securities,Jakarta,IDR,http://www.investing.com/equities/reliance-secur
REAL,1155912,Repower Asia Ind,Jakarta,IDR,http://www.investing.com/equities/repower-asia-indonesia-pt
KKGI,101557,Resource Alam Indonesia,Jakarta,IDR,http://www.investing.com/equities/resource-alam
RICY,101262,Ricky Putra Globalindo,Jakarta,IDR,http://www.investing.com/equities/ricky-putra-gl
RIGS,101263,Rig Tenders,Jakarta,IDR,http://www.investing.com/equities/rig-tender-ind
CMPP,101373,Rimau Multi,Jakarta,IDR,http://www.investing.com/equities/centris-multi
RIMO,101558,Rimo International Lestari,Jakarta,IDR,http://www.investing.com/equities/rimo-catur-les
RBMS,101559,Ristia Bintang,Jakarta,IDR,http://www.investing.com/equities/ristia-bintang
RDTX,945177,Roda Vivatex,Jakarta,IDR,http://www.investing.com/equities/roda-vivatex-tbk-pt
PRIM,1084857,Royal Prima,Jakarta,IDR,http://www.investing.com/equities/royal-prima
INDO,1156446,Royalindo Investa,Jakarta,IDR,http://www.investing.com/equities/royalindo-investa-wijaya
RAJA,101560,Rukun Raharja,Jakarta,IDR,http://www.investing.com/equities/rukun-raharja
SIMP,101561,Salim Ivomas Pratama,Jakarta,IDR,http://www.investing.com/equities/salim-ivomas-p
MYOH,101562,Samindo Resources,Jakarta,IDR,http://www.investing.com/equities/samindo-resour
SGRO,101563,Sampoerna Agro,Jakarta,IDR,http://www.investing.com/equities/sampoerna-agro
SMDR,101264,Samudera Indonesia,Jakarta,IDR,http://www.investing.com/equities/samudera-indon
MINA,1009374,Sanurhasta Mitra,Jakarta,IDR,http://www.investing.com/equities/sanurhasta-mitra-pt
SAME,101564,Sarana Meditama,Jakarta,IDR,http://www.investing.com/equities/sarana-meditam
TOWR,101565,Sarana Menara Nusantara,Jakarta,IDR,http://www.investing.com/equities/sarana-menara
BAJA,101566,Saranacentral Bajatama,Jakarta,IDR,http://www.investing.com/equities/saranacentral
SAMF,1159386,Saraswanti Anugerah,Jakarta,IDR,http://www.investing.com/equities/saraswanti-anugerah-makmur-pt
HOTL,101567,Saraswati Griya Lestari,Jakarta,IDR,http://www.investing.com/equities/saraswati-griy
SRTG,101568,Saratoga Investama,Jakarta,IDR,http://www.investing.com/equities/saratoga-inves
CLEO,1010637,Sariguna Primatirta,Jakarta,IDR,http://www.investing.com/equities/sariguna-primatirta-pt
PTSN,101569,Sat Nusapersada,Jakarta,IDR,http://www.investing.com/equities/sat-nusapersad
SAPX,1096530,Satria Antaran Prima,Jakarta,IDR,http://www.investing.com/equities/satria-antaran-prima
SOTS,1115731,Satria Mega Kencana,Jakarta,IDR,http://www.investing.com/equities/satria-mega-kencana
SMKL,1141608,Satyamitra Kemas Lestari,Jakarta,IDR,http://www.investing.com/equities/&quot;satyamitra-kemas-lestari-tbk-pt-&quot;
SSMS,101570,Sawit Sumbermas Sarana,Jakarta,IDR,http://www.investing.com/equities/sawit-sumberma
SRAJ,101571,Sejahteraraya,Jakarta,IDR,http://www.investing.com/equities/sejahteraraya
SKBM,101265,Sekar Bumi,Jakarta,IDR,http://www.investing.com/equities/sekar-bumi
SKLT,945181,Sekar Laut,Jakarta,IDR,http://www.investing.com/equities/sekar-laut-tbk-pt
SIAP,943657,Sekawan Intipratama,Jakarta,IDR,http://www.investing.com/equities/sekawan-intipr
SMSM,101572,Selamat Sempurna,Jakarta,IDR,http://www.investing.com/equities/selamat-sempur
SMBR,101573,Semen Baturaja Persero,Jakarta,IDR,http://www.investing.com/equities/semen-baturaja
SMGR,101574,Semen Indonesia Persero,Jakarta,IDR,http://www.investing.com/equities/semen-indonesi
FOOD,1117859,Sentra Food,Jakarta,IDR,http://www.investing.com/equities/sentra-food
LUCK,1114548,Sentral Mitra Informatika,Jakarta,IDR,http://www.investing.com/equities/sentral-mitra-informatika
BKSL,101575,Sentul City,Jakarta,IDR,http://www.investing.com/equities/sentul-city-tb
BATA,101266,Sepatu Bata,Jakarta,IDR,http://www.investing.com/equities/sepatu-bata-tb
SOSS,1097763,Shield On Service,Jakarta,IDR,http://www.investing.com/equities/shield-on-service
STTP,101576,Siantar Top,Jakarta,IDR,http://www.investing.com/equities/siantar-top-tb
SDMU,101577,Sidomulyo Selaras,Jakarta,IDR,http://www.investing.com/equities/sidomulyo-sela
SIPD,101578,Sierad Produce,Jakarta,IDR,http://www.investing.com/equities/sierad-produce
TMPI,101285,Sigmagold Inti Perkasa,Jakarta,IDR,http://www.investing.com/equities/agis-tbk
SHIP,985738,Sillo Maritime Perdana,Jakarta,IDR,http://www.investing.com/equities/sillo-maritime-perdana-tbk-pt
SILO,101579,Siloam International,Jakarta,IDR,http://www.investing.com/equities/siloam-interna
SMMA,101580,Sinar Mas Multiartha,Jakarta,IDR,http://www.investing.com/equities/sinar-mas-mult
ESIP,1155549,Sinergi Inti,Jakarta,IDR,http://www.investing.com/equities/sinergi-inti-plastindo
NUSA,1088702,Sinergi Megah Internusa,Jakarta,IDR,http://www.investing.com/equities/sinergi-megah-internusa
SINI,1155108,Singaraja Putra,Jakarta,IDR,http://www.investing.com/equities/singaraja-putra
TARA,943660,Sitara Propertindo,Jakarta,IDR,http://www.investing.com/equities/sitara-propert
SIMA,943995,Siwani Makmur,Jakarta,IDR,http://www.investing.com/equities/siwani-makmur
JSKY,1073138,Sky Energy,Jakarta,IDR,http://www.investing.com/equities/sky-energy
SKYB,1084858,Skybee,Jakarta,IDR,http://www.investing.com/equities/skybee
SULI,101581,Slj Global,Jakarta,IDR,http://www.investing.com/equities/slj-global
SMAR,101582,Smart,Jakarta,IDR,http://www.investing.com/equities/smart-tbk
FREN,101583,Smartfren Telecom,Jakarta,IDR,http://www.investing.com/equities/smartfren-tele
SMRU,101267,Smr Utama,Jakarta,IDR,http://www.investing.com/equities/smr-utama
SOCI,942839,Soechi Lines,Jakarta,IDR,http://www.investing.com/equities/soechi-lines-tbk-pt
SUPR,101584,Solusi Tunas Pratama,Jakarta,IDR,http://www.investing.com/equities/solusi-tunas-p
SONA,101268,Sona Topas Tourism,Jakarta,IDR,http://www.investing.com/equities/sona-topas-tou
SRIL,101586,Sri Rejeki Isman,Jakarta,IDR,http://www.investing.com/equities/sri-rejeki-ism
SWAT,1079915,Sriwahana,Jakarta,IDR,http://www.investing.com/equities/sriwahana
LPLI,101587,Star Pacific,Jakarta,IDR,http://www.investing.com/equities/star-pacific
STAR,101588,Star Petrcohem,Jakarta,IDR,http://www.investing.com/equities/star-petrochem
KPAL,1081670,Steadfast Marine,Jakarta,IDR,http://www.investing.com/equities/steadfast-marine
SAFE,954962,Steady Safe TBK PT,Jakarta,IDR,http://www.investing.com/equities/steady-safe-tbk-pt
ISSP,101589,Steel Pipe Ind,Jakarta,IDR,http://www.investing.com/equities/steel-pipe-ind
SUGI,101590,Sugih Energy,Jakarta,IDR,http://www.investing.com/equities/sugih-energy
AMRT,101591,Sumber Alfaria Trijaya,Jakarta,IDR,http://www.investing.com/equities/sumber-alfaria
ITMA,998094,Sumber Energi Andalan,Jakarta,IDR,http://www.investing.com/equities/sumber-energi-andalan-tbk-pt
IKBI,102976,Sumi Indo Kabel,Jakarta,IDR,http://www.investing.com/equities/sumi-indo-kabe
SMRA,101592,Summarecon Agung,Jakarta,IDR,http://www.investing.com/equities/summarecon-agu
SSTM,101270,Sunson Textile,Jakarta,IDR,http://www.investing.com/equities/sunson-textil
SPMA,101593,Suparma,Jakarta,IDR,http://www.investing.com/equities/suparma-tbk
SURE,1096532,Super Energy,Jakarta,IDR,http://www.investing.com/equities/super-energy
SKRN,1097270,Superkrane Mitra Utama,Jakarta,IDR,http://www.investing.com/equities/superkrane-mitra-utama
RANC,101594,Supra Boga Lestari,Jakarta,IDR,http://www.investing.com/equities/supra-boga-les
SCCO,101269,Supreme Cable,Jakarta,IDR,http://www.investing.com/equities/sucaco
SCMA,101595,Surya Citra Media,Jakarta,IDR,http://www.investing.com/equities/surya-citra-me
ESSA,101596,Surya Esa Perkasa,Jakarta,IDR,http://www.investing.com/equities/surya-esa-perk
SFAN,1137586,Surya Fajar Capital,Jakarta,IDR,http://www.investing.com/equities/surya-fajar-capital-tbk-pt
SSIA,101597,Surya Semesta,Jakarta,IDR,http://www.investing.com/equities/surya-semesta
TOTO,101271,Surya Toto Indonesia,Jakarta,IDR,http://www.investing.com/equities/surya-toto-ind
SMDM,101272,Suryamas Dutamakmur,Jakarta,IDR,http://www.investing.com/equities/suryamas-dutam
SQBI_p,945184,Taisho Pharma Ind,Jakarta,IDR,http://www.investing.com/equities/taisho-pharmaceutical-ind
PTBA,101599,Tambang Batubara,Jakarta,IDR,http://www.investing.com/equities/tb-bukit-asam
INDX,101598,Tanah Laut,Jakarta,IDR,http://www.investing.com/equities/tanah-laut
TFAS,1152819,Telefast Indonesia�,Jakarta,IDR,http://www.investing.com/equities/telefast-indonesia
TLKM,101600,Telekomunikasi,Jakarta,IDR,http://www.investing.com/equities/telkom-indones
TBMS,943647,Tembaga Mulia Semanan,Jakarta,IDR,http://www.investing.com/equities/tembaga-mulia
TMPO,101601,Tempo Inti Media,Jakarta,IDR,http://www.investing.com/equities/tempo-inti-med
TSPC,101602,Tempo Scan Pacific,Jakarta,IDR,http://www.investing.com/equities/tempo-scan-pac
TGRA,1010706,Terregra Asia,Jakarta,IDR,http://www.investing.com/equities/terregra-asia-energy-pt
TIFA,101603,Tifa Finance,Jakarta,IDR,http://www.investing.com/equities/tifa-finance
TFCO,101273,Tifico Fiber Indonesia,Jakarta,IDR,http://www.investing.com/equities/tifico-fiber
TGKA,101274,Tigaraksa Satria,Jakarta,IDR,http://www.investing.com/equities/tigaraksa-satr
TINS,101605,Timah Persero,Jakarta,IDR,http://www.investing.com/equities/timah-tbk
TELE,101606,Tiphone Mobile,Jakarta,IDR,http://www.investing.com/equities/tiphone-mobile
TIRA,946577,Tira Austenite,Jakarta,IDR,http://www.investing.com/equities/tira-austenite-tbk-pt
TIRT,101607,Tirta Mahakam,Jakarta,IDR,http://www.investing.com/equities/tirta-mahakam
TOBA,101609,Toba Bara Sejahtra,Jakarta,IDR,http://www.investing.com/equities/toba-bara-seja
INRU,101610,Toba Pulp Lestari,Jakarta,IDR,http://www.investing.com/equities/toba-pulp-lest
TOTL,101611,Total Bangun Persada,Jakarta,IDR,http://www.investing.com/equities/total-bangun-p
TOPS,1025101,Totalindo Eka Persada,Jakarta,IDR,http://www.investing.com/equities/totalindo-eka-persada
PGJO,1156306,Tourindo Guide,Jakarta,IDR,http://www.investing.com/equities/tourindo-guide-indonesia-pt
TBIG,101612,Tower Bersama,Jakarta,IDR,http://www.investing.com/equities/tower-bersama
TRAM,101613,Trada Maritime,Jakarta,IDR,http://www.investing.com/equities/trada-maritime
TPMA,101275,Trans Power Marine,Jakarta,IDR,http://www.investing.com/equities/trans-power-ma
TCPI,1088207,Transcoal Pacific,Jakarta,IDR,http://www.investing.com/equities/transcoal-pacific
ALTO,101614,Tri Banyan Tirta,Jakarta,IDR,http://www.investing.com/equities/tri-banyan-tir
TRST,101276,Trias Sentosa,Jakarta,IDR,http://www.investing.com/equities/trias-sentosa
TDPM,1073265,Tridomain Performance,Jakarta,IDR,http://www.investing.com/equities/tridomain-performance
TRIO,101277,Trikomsel Oke,Jakarta,IDR,http://www.investing.com/equities/trikomsel-oke
TRIM,101615,Trimegah Securities,Jakarta,IDR,http://www.investing.com/equities/trimegah-secur
LAND,1094003,Trimitra Propertindo,Jakarta,IDR,http://www.investing.com/equities/trimitra-propertindo
PURE,1153149,Trinitan,Jakarta,IDR,http://www.investing.com/equities/trinitan-metals-and-minerals
TRIS,101616,Trisula International,Jakarta,IDR,http://www.investing.com/equities/trisula-intern
BELL,1052111,Trisula Textile,Jakarta,IDR,http://www.investing.com/equities/trisula-textile
TRIL,101617,Triwira Insanlestari,Jakarta,IDR,http://www.investing.com/equities/triwira-insanl
TRUS,945723,Trust Finance Ind,Jakarta,IDR,http://www.investing.com/equities/trust-finance-indonesia-tbk-pt
TALF,101618,Tunas Alfin,Jakarta,IDR,http://www.investing.com/equities/tunas-alfin
TBLA,101619,Tunas Baru Lampung,Jakarta,IDR,http://www.investing.com/equities/tunas-b-lampun
TURI,101620,Tunas Ridean,Jakarta,IDR,http://www.investing.com/equities/tunas-ridean-t
ULTJ,101621,Ultra Jaya Milk,Jakarta,IDR,http://www.investing.com/equities/ultrajaya-milk
UNIC,102972,Unggul Indah Cahaya,Jakarta,IDR,http://www.investing.com/equities/unggul-indah-c
UCID,1156088,Uni Charm,Jakarta,IDR,http://www.investing.com/equities/uni-charm-indonesia-pt
UNVR,101622,Unilever Indonesia,Jakarta,IDR,http://www.investing.com/equities/unilever-indon
UNTR,101623,United Tractors,Jakarta,IDR,http://www.investing.com/equities/united-tractor
URBN,1115732,Urban Jakarta Propertindo,Jakarta,IDR,http://www.investing.com/equities/urban-jakarta-propertindo
INCO,101624,Vale Indonesia,Jakarta,IDR,http://www.investing.com/equities/vale-indonesia
VRNA,101625,Verena Multi Finance,Jakarta,IDR,http://www.investing.com/equities/verena-multi-f
VINS,959126,Victoria Insurance Tbk PT,Jakarta,IDR,http://www.investing.com/equities/victoria-insurance-tbk-pt
VICO,101626,Victoria Investama,Jakarta,IDR,http://www.investing.com/equities/victoria-inves
VIVA,101627,Visi Media Asia,Jakarta,IDR,http://www.investing.com/equities/visi-media-asi
GOLD,101417,Visi Telekomunikasi,Jakarta,IDR,http://www.investing.com/equities/golden-retail
VOKS,101628,Voksel Electric,Jakarta,IDR,http://www.investing.com/equities/voksel-electri
WOMF,101629,Wahana Ottomitra,Jakarta,IDR,http://www.investing.com/equities/wahana-ottomit
WAPO,101630,Wahana Pronatural,Jakarta,IDR,http://www.investing.com/equities/wahana-pronatu
WSBP,989631,Waskita Beton Precast,Jakarta,IDR,http://www.investing.com/equities/waskita-beton-precast-tbk-pt
WSKT,101631,Waskita Karya,Jakarta,IDR,http://www.investing.com/equities/waskita-karya
WEHA,101539,Weha Transportasi,Jakarta,IDR,http://www.investing.com/equities/panorama-trans
WICO,101632,Wicaksana Overseas,Jakarta,IDR,http://www.investing.com/equities/wicaksana-oves
WIKA,101633,Wijaya Karya,Jakarta,IDR,http://www.investing.com/equities/wijaya-karya
WEGE,1055306,Wijaya Karya Bangunan Gedung,Jakarta,IDR,http://www.investing.com/equities/wijaya-karya-bangunan-gedung
WTON,101634,Wijaya Karya Beton,Jakarta,IDR,http://www.investing.com/equities/wijaya-karya-b
CEKA,101635,Wilmar Cahaya Ind,Jakarta,IDR,http://www.investing.com/equities/wilmar-cahaya
SQMI,101556,Wilton Makmur Indonesia,Jakarta,IDR,http://www.investing.com/equities/renuka-coalind
WINS,101636,Wintermar,Jakarta,IDR,http://www.investing.com/equities/wintermar-offs
WIIM,101637,Wismilak Inti Makmur,Jakarta,IDR,http://www.investing.com/equities/wismilak-inti
EXCL,101638,Xl Axiata,Jakarta,IDR,http://www.investing.com/equities/xl-axiata
YPAS,101639,Yanaprima Hastapersada,Jakarta,IDR,http://www.investing.com/equities/yanaprima-hast
YELO,1097715,Yelooo Integra,Jakarta,IDR,http://www.investing.com/equities/yelooo-integra
YULE,943653,Yulie Sekurindo,Jakarta,IDR,http://www.investing.com/equities/yulie-sekurind
ZBRA,101640,Zebra Nusantara,Jakarta,IDR,http://www.investing.com/equities/zebra-nusantar
