USDSEK,41,US Dollar Swedish Krona,Forex,SEK
EURSEK,61,Euro Swedish Krona,Forex,SEK
DKKSEK,98,Danish Krone Swedish Krona,Forex,SEK
GBPSEK,105,British Pound Swedish Krona,Forex,SEK
NOKSEK,111,Norwegian Krone Swedish Krona,Forex,SEK
NZDSEK,118,New Zealand Dollar Swedish Krona,Forex,SEK
SEKPLN,119,Swedish Krona Polish Zloty,Forex,PLN
SEKJPY,128,Swedish Krona Japanese Yen,Forex,JPY
AUDSEK,137,Australian Dollar Swedish Krona,Forex,SEK
CHFSEK,138,Swiss Franc Swedish Krona,Forex,SEK
CADSEK,141,Canadian Dollar Swedish Krona,Forex,SEK
CZKSEK,1575,Czech Koruna Swedish Krona,Forex,SEK
JPYSEK,1907,Japanese Yen Swedish Krona,Forex,SEK
SEKCHF,2015,Swedish Krona Swiss Franc,Forex,CHF
SEKCZK,2016,Swedish Krona Czech Koruna,Forex,CZK
SEKDKK,2017,Swedish Krona Danish Krone,Forex,DKK
SEKINR,2020,Swedish Krona Indian Rupee,Forex,INR
SEKISK,2021,Swedish Krona Icelandic Kr,Forex,ISK
SEKNOK,2022,Swedish Krona Norwegian Krone,Forex,NOK
AEDSEK,9300,UAE Dirham Swedish Krona,Forex,SEK
ARSSEK,9353,Argentinian Peso Swedish Krona,Forex,SEK
BRLSEK,9449,Brazil Real Swedish Krona,Forex,SEK
CNYSEK,9532,Chinese Yuan Swedish Krona,Forex,SEK
HKDSEK,9648,Hong Kong Dollar Swedish Krona,Forex,SEK
ILSSEK,9718,Israeli Shekel Swedish Krona,Forex,SEK
INRSEK,9750,Indian Rupee Swedish Krona,Forex,SEK
MXNSEK,9826,Mexican Peso Swedish Krona,Forex,SEK
PHPSEK,9947,Philippine Peso Swedish Krona,Forex,SEK
PLNSEK,10013,Polish Zloty Swedish Krona,Forex,SEK
RUBSEK,10060,Russian Ruble Swedish Krona,Forex,SEK
SARSEK,10114,Saudi Riyal Swedish Krona,Forex,SEK
SEKAED,10125,Swedish Krona UAE Dirham,Forex,AED
SEKARS,10126,Swedish Krona Argentinian Peso,Forex,ARS
SEKAUD,10127,Swedish Krona Australian Dollar,Forex,AUD
SEKBBD,10128,Swedish Krona Barbadian Dollar,Forex,BBD
SEKBHD,10129,Swedish Krona Baharain Dinar,Forex,BHD
SEKBRL,10130,Swedish Krona Brazil Real,Forex,BRL
SEKCAD,10131,Swedish Krona Canadian Dollar,Forex,CAD
SEKCLP,10132,Swedish Krona Chilean Peso,Forex,CLP
SEKCNY,10133,Swedish Krona Chinese Yuan,Forex,CNY
SEKEGP,10135,Swedish Krona Egyptian Pound,Forex,EGP
SEKEUR,10136,Swedish Krona Euro,Forex,EUR
SEKGBP,10137,Swedish Krona British Pound,Forex,GBP
SEKHKD,10138,Swedish Krona Hong Kong Dollar,Forex,HKD
SEKHUF,10139,Swedish Krona Hungarian Forint,Forex,HUF
SEKIDR,10140,Swedish Krona Indonesian Rupiah,Forex,IDR
SEKILS,10141,Swedish Krona Israeli Shekel,Forex,ILS
SEKJMD,10142,Swedish Krona Jamaican Dollar,Forex,JMD
SEKJOD,10143,Swedish Krona Jordan Dinar,Forex,JOD
SEKKES,10144,Swedish Krona Kenyan Shilling,Forex,KES
SEKKRW,10145,Swedish Krona Korean Won,Forex,KRW
SEKLBP,10146,Swedish Krona Lebanese Pound,Forex,LBP
SEKLKR,10147,Swedish Krona Sri Lankan Rupee,Forex,LKR
SEKMAD,10150,Swedish Krona Moroccan Dirham,Forex,MAD
SEKMXN,10151,Swedish Krona Mexican Peso,Forex,MXN
SEKMYR,10152,Swedish Krona Malaysian Ringgit,Forex,MYR
SEKNAD,10153,Swedish Krona Namibian Dollar,Forex,NAD
SEKNPR,10154,Swedish Krona Nepalese Rupee,Forex,NPR
SEKNZD,10155,Swedish Krona New Zealand Dollar,Forex,NZD
SEKOMR,10156,Swedish Krona Omani Rial,Forex,OMR
SEKPAB,10157,Swedish Krona Panamanian Balboa,Forex,PAB
SEKPHP,10158,Swedish Krona Philippine Peso,Forex,PHP
SEKPKR,10159,Swedish Krona Pakistani Rupee,Forex,PKR
SEKQAR,10160,Swedish Krona Qatari Riyal,Forex,QAR
SEKRON,10161,Swedish Krona Romanian Leu,Forex,RON
SEKRUB,10162,Swedish Krona Russian Ruble,Forex,RUB
SEKSAR,10163,Swedish Krona Saudi Riyal,Forex,SAR
SEKSGD,10164,Swedish Krona Singapore Dollar,Forex,SGD
SEKTHB,10165,Swedish Krona Thai Baht,Forex,THB
SEKTRY,10166,Swedish Krona Turkish Lira,Forex,TRY
SEKTWD,10167,Swedish Krona Taiwan Dollar,Forex,TWD
SEKUSD,10168,Swedish Krona US Dollar,Forex,USD
SEKVEF,10169,Swedish Krona Venezuelan Bolivar,Forex,VEF
SEKXAF,10170,Swedish Krona Central African Franc,Forex,XAF
SEKXCD,10171,Swedish Krona East Caribbean Dollar,Forex,XCD
SEKXOF,10172,Swedish Krona West African CFA franc,Forex,XOF
SEKZAR,10173,Swedish Krona South African Rand,Forex,ZAR
SGDSEK,10202,Singapore Dollar Swedish Krona,Forex,SEK
THBSEK,10236,Thai Baht Swedish Krona,Forex,SEK
TRYSEK,10286,Turkish Lira Swedish Krona,Forex,SEK
TWDSEK,10336,Taiwan Dollar Swedish Krona,Forex,SEK
VEFSEK,10392,Venezuelan Bolivar Swedish Krona,Forex,SEK
ZARSEK,10438,South African Rand Swedish Krona,Forex,SEK
