EURKES,1652,Euro Kenyan Shilling,Forex,KES
GBPKES,1766,British Pound Kenyan Shilling,Forex,KES
USDKES,2143,US Dollar Kenyan Shilling,Forex,KES
AEDKES,9317,UAE Dirham Kenyan Shilling,Forex,KES
ARSKES,9370,Argentinian Peso Kenyan Shilling,Forex,KES
AUDKES,9402,Australian Dollar Kenyan Shilling,Forex,KES
BRLKES,9428,Brazil Real Kenyan Shilling,Forex,KES
CADKES,9468,Canadian Dollar Kenyan Shilling,Forex,KES
CNYKES,9510,Chinese Yuan Kenyan Shilling,Forex,KES
CHFKES,9550,Swiss Franc Kenyan Shilling,Forex,KES
DKKKES,9586,Danish Krone Kenyan Shilling,Forex,KES
HKDKES,9631,Hong Kong Dollar Kenyan Shilling,Forex,KES
HUFKES,9668,Hungarian Forint Kenyan Shilling,Forex,KES
ILSKES,9696,Israeli Shekel Kenyan Shilling,Forex,KES
INRKES,9740,Indian Rupee Kenyan Shilling,Forex,KES
ISKKES,9769,Icelandic Kr Kenyan Shilling,Forex,KES
JPYKES,9780,Japanese Yen Kenyan Shilling,Forex,KES
MXNKES,9808,Mexican Peso Kenyan Shilling,Forex,KES
NOKKES,9856,Norwegian Krone Kenyan Shilling,Forex,KES
NZDKES,9900,New Zealand Dollar Kenyan Shilling,Forex,KES
PHPKES,9935,Philippine Peso Kenyan Shilling,Forex,KES
PKRKES,9966,Pakistani Rupee Kenyan Shilling,Forex,KES
PLNKES,9992,Polish Zloty Kenyan Shilling,Forex,KES
RUBKES,10043,Russian Ruble Kenyan Shilling,Forex,KES
SARKES,10094,Saudi Riyal Kenyan Shilling,Forex,KES
SEKKES,10144,Swedish Krona Kenyan Shilling,Forex,KES
SGDKES,10186,Singapore Dollar Kenyan Shilling,Forex,KES
THBKES,10223,Thai Baht Kenyan Shilling,Forex,KES
TRYKES,10264,Turkish Lira Kenyan Shilling,Forex,KES
TWDKES,10316,Taiwan Dollar Kenyan Shilling,Forex,KES
VEFKES,10370,Venezuelan Bolivar Kenyan Shilling,Forex,KES
ZARKES,10421,South African Rand Kenyan Shilling,Forex,KES
