BTCUSD,1010780,Bitcoin US Dollar,Poloniex,USD
ETHBTC,1010776,Ethereum Bitcoin,Poloniex,BTC
ETHUSD,1010781,Ethereum US Dollar,Poloniex,USD
BCHUSD,1035804,Bitcoin Cash US Dollar,Poloniex,USD
BCHBTC,1035803,Bitcoin Cash Bitcoin,Poloniex,BTC
BCHETH,1035806,Bitcoin Cash Ethereum,Poloniex,ETH
XRPBTC,1010777,Ripple Bitcoin,Poloniex,BTC
XRPUSD,1010782,Ripple US Dollar,Poloniex,USD
LTCBTC,1010779,Litecoin Bitcoin,Poloniex,BTC
LTCUSD,1010784,Litecoin US Dollar,Poloniex,USD
LTCXMR,1035807,Litecoin Monero,Poloniex,XMR
ETCBTC,1010882,Ethereum Classic Bitcoin,Poloniex,BTC
ETCUSD,1010883,Ethereum Classic US Dollar,Poloniex,USD
ETCETH,1029188,Ethereum Classic Ethereum,Poloniex,ETH
DASHBTC,1010783,Dash Bitcoin,Poloniex,BTC
DASHUSD,1010785,Dash US Dollar,Poloniex,USD
DASHXMR,1035809,Dash Monero,Poloniex,XMR
XLMBTC,1036945,Stellar Lumens Bitcoin,Poloniex,BTC
XLMUSD,1036958,Stellar Lumens US Dollar,Poloniex,USD
ZECBTC,1014073,Zcash Bitcoin,Poloniex,BTC
ZECUSD,1014072,Zcash US Dollar,Poloniex,USD
ZECETH,1014074,Zcash Ethereum,Poloniex,ETH
ZECXMR,1035810,Zcash Monero,Poloniex,XMR
OMGBTC,1054898,Omisego Bitcoin,Poloniex,BTC
OMGETH,1054900,Omisego Ethereum,Poloniex,ETH
XMRBTC,1014070,Monero Bitcoin,Poloniex,BTC
XMRUSD,1014071,Monero US Dollar,Poloniex,USD
SCBTC,1010778,Siacoin Bitcoin,Poloniex,BTC
XEMBTC,1031067,NEM Bitcoin,Poloniex,BTC
LSKBTC,1035802,Lisk Bitcoin,Poloniex,BTC
LSKETH,1035808,Lisk Ethereum,Poloniex,ETH
