ACSEL,40967,Aciselsan,Istanbul,TRY,http://www.investing.com/equities/aciselsan-acipayam-san.-ticaret-as
ADANA,19253,Adana Cimento A,Istanbul,TRY,http://www.investing.com/equities/adana-cimento-(a)
ADBGR,19254,Adana Cimento B,Istanbul,TRY,http://www.investing.com/equities/adana-cimento-(b)
ADNAC,19257,Adana Cimento C,Istanbul,TRY,http://www.investing.com/equities/adana-cimento-(c)
ADEL,19255,Adel,Istanbul,TRY,http://www.investing.com/equities/adel-kalemcilik
ADESE,19256,Adese,Istanbul,TRY,http://www.investing.com/equities/adese-alisveris-ticaret
AFYON,19260,Afyon Cimento,Istanbul,TRY,http://www.investing.com/equities/afyon-cimento
AGHOL,19618,AG Anadolu Group Holding,Istanbul,TRY,http://www.investing.com/equities/yazicilar-holding
AKGRT,19269,AK Sigorta,Istanbul,TRY,http://www.investing.com/equities/aksigorta
AKBNK,19263,Akbank TAS,Istanbul,TRY,http://www.investing.com/equities/akbank
AKCNS,19265,Akcansa,Istanbul,TRY,http://www.investing.com/equities/akcansa
AKGUV,40440,Akdeniz Guvenlik,Istanbul,TRY,http://www.investing.com/equities/akdeniz-guvenlik-hizmetleri-as
AKENR,19266,Akenerji,Istanbul,TRY,http://www.investing.com/equities/ak-enerji
AKFGY,19268,Akfen GYO,Istanbul,TRY,http://www.investing.com/equities/akfen-gmyo
ATEKS,19300,Akin Tekstil,Istanbul,TRY,http://www.investing.com/equities/akin-tekstil
AKSGY,40968,Akis GYO,Istanbul,TRY,http://www.investing.com/equities/akis-gayrimenkul-yatirimi-as
AKMGY,19270,Akmerkez GYO,Istanbul,TRY,http://www.investing.com/equities/akmerkez-gmyo
AKSA,19271,Aksa Akrilik,Istanbul,TRY,http://www.investing.com/equities/aksa
AKSEN,19272,Aksa Enerji Uretim,Istanbul,TRY,http://www.investing.com/equities/aksa-enerji-uretim
AKSUE,19273,Aksu Enerji ve Ticaret,Istanbul,TRY,http://www.investing.com/equities/aksu-enerji-ve-ticaret
ALCAR,19276,Alarko Carrier,Istanbul,TRY,http://www.investing.com/equities/alarko-carrier
ALGYO,19278,Alarko GYO,Istanbul,TRY,http://www.investing.com/equities/alarko-gmyo
ALARK,19274,Alarko Holding,Istanbul,TRY,http://www.investing.com/equities/alarko-holding
ALBRK,19275,Albaraka Turk,Istanbul,TRY,http://www.investing.com/equities/albaraka-turk
ALCTL,19277,Alcatel Lucent,Istanbul,TRY,http://www.investing.com/equities/alcatel-lucent-teletas
ALKA,19279,Alkim Kagit,Istanbul,TRY,http://www.investing.com/equities/alkim-kagit
ALKIM,19280,Alkim Kimya,Istanbul,TRY,http://www.investing.com/equities/alkim-kimya
AYCES,19307,Altin Yunus,Istanbul,TRY,http://www.investing.com/equities/altinyunus-cesme
ALYAG,19283,Altinyag,Istanbul,TRY,http://www.investing.com/equities/altinyag
ANACM,19284,Anadolu Cam,Istanbul,TRY,http://www.investing.com/equities/anadolu-cam
AEFES,19258,Anadolu Efes Malt,Istanbul,TRY,http://www.investing.com/equities/anadolu-efes
ANHYT,19287,Anadolu Hayat,Istanbul,TRY,http://www.investing.com/equities/anadolu-hayat-emek.
ASUZU,19296,Anadolu Isuzu,Istanbul,TRY,http://www.investing.com/equities/anadolu-isuzu
ANSGR,19288,Anadolu Sigorta,Istanbul,TRY,http://www.investing.com/equities/anadolu-sigorta
ANELE,19285,Anel Elektrik,Istanbul,TRY,http://www.investing.com/equities/anel-elektrik
ARCLK,19289,Arcelik AS,Istanbul,TRY,http://www.investing.com/equities/arcelik
ARDYZ,1156756,Ard Grup Bilisim,Istanbul,TRY,http://www.investing.com/equities/ard-grup-bilisim-teknolojileri-as
ARENA,19290,Arena Bilgisayar,Istanbul,TRY,http://www.investing.com/equities/arena-bilgisayar
ARMDA,19292,Armada Bilgisayar,Istanbul,TRY,http://www.investing.com/equities/armada-bilgisayar
ARSAN,19293,Arsan Tekstil,Istanbul,TRY,http://www.investing.com/equities/arsan-tekstil
ARTI,19584,Arti Yatirim,Istanbul,TRY,http://www.investing.com/equities/arti-yatirim-hld
ASELS,19294,Aselsan,Istanbul,TRY,http://www.investing.com/equities/aselsan
ASLAN,19295,Aslan Cimento,Istanbul,TRY,http://www.investing.com/equities/aslan-cimento
ATAGY,19299,Ata GYO,Istanbul,TRY,http://www.investing.com/equities/ata-yat.ort.
AGYO,19261,Atakule GYO,Istanbul,TRY,http://www.investing.com/equities/atakule-gmyo
ATSYH,30977,Atlantis Holding,Istanbul,TRY,http://www.investing.com/equities/atlantis-yatirim-ortakligi-as
ATLAS,19301,Atlas YO,Istanbul,TRY,http://www.investing.com/equities/atlas-yat.-ort.
AVISA,942789,AvivaSA,Istanbul,TRY,http://www.investing.com/equities/avivasa-emeklilik-ve-hayat-as
AVOD,19305,AVOD,Istanbul,TRY,http://www.investing.com/equities/a.v.o.d-gida-ve-tarim
AVGYO,19303,Avrasya GYO,Istanbul,TRY,http://www.investing.com/equities/avrasya-gmyo
AVHOL,40444,Avrupa Yatirim,Istanbul,TRY,http://www.investing.com/equities/baysan-trafo-radyatorleri
AVTUR,19306,Avtur,Istanbul,TRY,http://www.investing.com/equities/avrasya-petrol-ve-tur.
AYEN,19308,Ayen Enerji,Istanbul,TRY,http://www.investing.com/equities/ayen-enerji
AYES,40442,Ayes,Istanbul,TRY,http://www.investing.com/equities/ayes-celik-hasir-ve-cit
AYGAZ,19309,Aygaz AS,Istanbul,TRY,http://www.investing.com/equities/aygaz
BAGFS,19310,Bagfas,Istanbul,TRY,http://www.investing.com/equities/bagfas
BAKAB,19311,Bak Ambalaj,Istanbul,TRY,http://www.investing.com/equities/bak-ambalaj
BALAT,30978,Balatacilar,Istanbul,TRY,http://www.investing.com/equities/balatacilar-balatacilik-san-ve-tic
BNTAS,953595,Bantas Bandirma,Istanbul,TRY,http://www.investing.com/equities/bantas-bandirma-ambalaj-sanayi
BANVT,19312,Banvitas,Istanbul,TRY,http://www.investing.com/equities/banvit
BASCM,40443,Bastas,Istanbul,TRY,http://www.investing.com/equities/bastas-baskent-cimento
BTCIM,19332,Baticim,Istanbul,TRY,http://www.investing.com/equities/bati-cimento
BSOKE,19331,Batisoke Soke,Istanbul,TRY,http://www.investing.com/equities/batisoke-cimento
BERA,40451,Bera,Istanbul,TRY,http://www.investing.com/equities/kombassan-holding-as
BRKSN,19325,Berkosan,Istanbul,TRY,http://www.investing.com/equities/berkosan-yalitim
BJKAS,19318,Besiktas,Istanbul,TRY,http://www.investing.com/equities/besiktas-futbol-yat.
BEYAZ,30979,Beyaz Filo,Istanbul,TRY,http://www.investing.com/equities/beyaz-filo-oto-kiralama-as
BLCYT,19319,Bilici Yatirim,Istanbul,TRY,http://www.investing.com/equities/bilici-yatirim
BIMAS,19315,BIM Magazalar,Istanbul,TRY,http://www.investing.com/equities/bim-magazalar
BRKO,19324,Birko Birlesik,Istanbul,TRY,http://www.investing.com/equities/birko-mensucat
BRMEN,19326,Birlik Mensucat,Istanbul,TRY,http://www.investing.com/equities/birlik-mensucat
BIZIM,19317,Bizim,Istanbul,TRY,http://www.investing.com/equities/bizim-magazalari
BOLUC,19321,Bolu Cimento,Istanbul,TRY,http://www.investing.com/equities/bolu-cimento
BMELK,941684,Bomonti Elektrik,Istanbul,TRY,http://www.investing.com/equities/bomonti-elektrik
BRSAN,19328,Borusan,Istanbul,TRY,http://www.investing.com/equities/borusan-mannesmann
BRYAT,19329,Borusan Yatirim,Istanbul,TRY,http://www.investing.com/equities/borusan-yat.-paz.
BFREN,19314,Bosch Fren,Istanbul,TRY,http://www.investing.com/equities/bosch-fren-sistemleri
BOSSA,19322,Bossa,Istanbul,TRY,http://www.investing.com/equities/bossa
BOYP,19282,Boyner Perakende,Istanbul,TRY,http://www.investing.com/equities/altinyildiz
BRISA,19627,Brisa,Istanbul,TRY,http://www.investing.com/equities/brisa-bridgestone
BURCE,19334,Burcelik,Istanbul,TRY,http://www.investing.com/equities/burcelik
BURVA,19335,Burcelik Vana,Istanbul,TRY,http://www.investing.com/equities/burcelik-vana
BUCIM,19333,Bursa Cimento,Istanbul,TRY,http://www.investing.com/equities/bursa-cimento
CRFSA,19336,CarrefourSA,Istanbul,TRY,http://www.investing.com/equities/carrefoursa(a)
CLEBI,19345,Celebi,Istanbul,TRY,http://www.investing.com/equities/celebi
CELHA,19340,Celik Halat,Istanbul,TRY,http://www.investing.com/equities/celik-halat
CEMAS,19341,Cemas,Istanbul,TRY,http://www.investing.com/equities/cemas-dokum
CEMTS,19342,Cemtas,Istanbul,TRY,http://www.investing.com/equities/cemtas
CEOEM,1135867,CEO Event Medya,Istanbul,TRY,http://www.investing.com/equities/ceo-event-medya
CMBTN,19346,Cimbeton,Istanbul,TRY,http://www.investing.com/equities/cimbeton
CMENT,19347,Cimentas,Istanbul,TRY,http://www.investing.com/equities/cimentas
CIMSA,19344,Cimsa,Istanbul,TRY,http://www.investing.com/equities/cimsa
CCOLA,19339,Coca Cola Icecek,Istanbul,TRY,http://www.investing.com/equities/coca-cola-icecek
DOKTA,19348,Componenta Dokumculuk,Istanbul,TRY,http://www.investing.com/equities/componenta-dokumculuk
COSMO,19349,Cosmos,Istanbul,TRY,http://www.investing.com/equities/cosmos-yat.-ort.
CRDFA,19350,Creditwest,Istanbul,TRY,http://www.investing.com/equities/creditwest-faktoring
CUSAN,963743,Cuhadaroglu,Istanbul,TRY,http://www.investing.com/equities/cuhadaroglu-metal-sanayi
DAGI,19351,Dagi,Istanbul,TRY,http://www.investing.com/equities/dagi-giyim
DAGHL,30980,Dagi Yatirim,Istanbul,TRY,http://www.investing.com/equities/dagi-yatirim-holding-as
DARDL,19352,Dardanel Onentas,Istanbul,TRY,http://www.investing.com/equities/dardanel
DGATE,19360,Datagate,Istanbul,TRY,http://www.investing.com/equities/datagate-bilgisayar
DMSAS,19364,Demisas,Istanbul,TRY,http://www.investing.com/equities/demisas-dokum
DENGE,30981,Denge Yatirim,Istanbul,TRY,http://www.investing.com/equities/denge-yatirim-holding-as
DZGYO,19365,Deniz GYO,Istanbul,TRY,http://www.investing.com/equities/deniz-yat.ort.
DENIZ,19354,Denizbank,Istanbul,TRY,http://www.investing.com/equities/denizbank
DENCM,19353,Denizli Cam,Istanbul,TRY,http://www.investing.com/equities/denizli-cam
DERIM,19356,Derimod,Istanbul,TRY,http://www.investing.com/equities/derimod
DERAS,1141314,Derluks Deri,Istanbul,TRY,http://www.investing.com/equities/derluks-deri-sanayi-ve-ticaret-as
DESA,19357,Desa,Istanbul,TRY,http://www.investing.com/equities/desa-deri
DESPC,19358,Despec,Istanbul,TRY,http://www.investing.com/equities/despec-bilgisayar
DEVA,19359,Deva Holding,Istanbul,TRY,http://www.investing.com/equities/deva-holding
DIRIT,40445,Diriteks,Istanbul,TRY,http://www.investing.com/equities/diriteks-dirilis-tekstil
DITAS,19363,Ditas,Istanbul,TRY,http://www.investing.com/equities/ditas-dogan
DOCO,19368,DO & CO,Istanbul,TRY,http://www.investing.com/equities/do---co-rest---cat?cid=19368
DOBUR,19367,Dogan Burda,Istanbul,TRY,http://www.investing.com/equities/dogan-burda
DOHOL,19370,Dogan Holding,Istanbul,TRY,http://www.investing.com/equities/dogan-holding
DGKLB,19475,Dogtas Kelebek,Istanbul,TRY,http://www.investing.com/equities/kelebek-mobilya
DGGYO,19361,Dogus GYO,Istanbul,TRY,http://www.investing.com/equities/dogus-gmyo
DOAS,19366,Dogus Otomotiv,Istanbul,TRY,http://www.investing.com/equities/dogus-otomotiv
DOGUB,19369,Dogusan Boru,Istanbul,TRY,http://www.investing.com/equities/dogusan
DURDO,19371,Duran Dogan,Istanbul,TRY,http://www.investing.com/equities/duran-dogan-basim
DYOBY,19373,DYO Boya,Istanbul,TRY,http://www.investing.com/equities/dyo-boya
ECZYT,19377,Eczacibasi Yatirim,Istanbul,TRY,http://www.investing.com/equities/eczacibasi-yatirim
EDIP,19378,Edip Gayrimenkul,Istanbul,TRY,http://www.investing.com/equities/edip-gayrimenkul
EGEEN,19381,Ege Endustri,Istanbul,TRY,http://www.investing.com/equities/ege-endustri
EGGUB,19382,Ege Gubre,Istanbul,TRY,http://www.investing.com/equities/ege-gubre
EGPRO,19383,Ege Profil,Istanbul,TRY,http://www.investing.com/equities/ege-profil
EGSER,19384,Ege Seramik,Istanbul,TRY,http://www.investing.com/equities/ege-seramik
EGCYO,19380,Egeli & Co Tarim,Istanbul,TRY,http://www.investing.com/equities/egeli---co-tarim-girisim
EGCYH,19379,Egeli & Co Yatirim,Istanbul,TRY,http://www.investing.com/equities/egeli---co-yatirim-holding
EGCEY,30982,Egeli Enerji,Istanbul,TRY,http://www.investing.com/equities/egeli-b-menkul-kiy-yatirim-ort
EPLAS,19392,Egeplast,Istanbul,TRY,http://www.investing.com/equities/egeplast
ECILC,19375,EIS,Istanbul,TRY,http://www.investing.com/equities/eczacibasi-ilac
EKIZ,19387,Ekiz Kimya,Istanbul,TRY,http://www.investing.com/equities/ekiz-yag-sanayii
EMKEL,19389,EMEK Elektirik,Istanbul,TRY,http://www.investing.com/equities/emek-elektrik
EMNIS,19390,Eminis Ambalaj,Istanbul,TRY,http://www.investing.com/equities/eminis-ambalaj
EKGYO,19386,Emlak Konut GYO,Istanbul,TRY,http://www.investing.com/equities/emlak-konut-gmyo
ENJSA,1062273,Enerjisa Enerji,Istanbul,TRY,http://www.investing.com/equities/enerjisa-enerji
ENKAI,19391,ENKA,Istanbul,TRY,http://www.investing.com/equities/enka-insaat
ERBOS,19393,ERBOSAN,Istanbul,TRY,http://www.investing.com/equities/erbosan
EREGL,19394,Erdemir,Istanbul,TRY,http://www.investing.com/equities/eregli-demir-celik
ERSU,19396,ERSU,Istanbul,TRY,http://www.investing.com/equities/ersu-gida
ESCOM,19397,Escort,Istanbul,TRY,http://www.investing.com/equities/escort-teknoloji
ETILR,40446,Etiler Inci Bufe Gida,Istanbul,TRY,http://www.investing.com/equities/etiler-inci-bufe-gida
EUKYO,19400,Euro Kapital,Istanbul,TRY,http://www.investing.com/equities/euro-kapital-yat.-ort.
EUYO,19388,Euro Menkul,Istanbul,TRY,http://www.investing.com/equities/euro-b-tipi-yat.-ort.
ETYAT,19399,Euro Trend YO,Istanbul,TRY,http://www.investing.com/equities/euro-trend-yat.-ort.
EUHOL,19401,Euro Yatirim,Istanbul,TRY,http://www.investing.com/equities/euro-yat.men.deg.
FMIZP,19406,Federal Mogul,Istanbul,TRY,http://www.investing.com/equities/f-m-izmit-piston
FENER,19402,Fenerbahce,Istanbul,TRY,http://www.investing.com/equities/fenerbahce-sportif
FLAP,40447,Flap Kongre,Istanbul,TRY,http://www.investing.com/equities/flap-kong
FONET,1010701,Fonet Bilgi,Istanbul,TRY,http://www.investing.com/equities/fonet-bilgi-teknolojileri-as
FROTO,19410,Ford Otosan,Istanbul,TRY,http://www.investing.com/equities/ford-otosan
FORMT,1080076,Formet Celik Kapi,Istanbul,TRY,http://www.investing.com/equities/formet-celik-kapi
FRIGO,19409,Frigo Pak,Istanbul,TRY,http://www.investing.com/equities/frigo-pak-gida
GARAN,19412,Garanti Bank,Istanbul,TRY,http://www.investing.com/equities/garanti-bankasi
GARFA,19413,Garanti Faktoring,Istanbul,TRY,http://www.investing.com/equities/garanti-faktoring
GRNYO,19427,Garanti YO,Istanbul,TRY,http://www.investing.com/equities/garanti-yat.-ort.
GEDIK,19415,Gedik Yatirim,Istanbul,TRY,http://www.investing.com/equities/gedik-y.-men.-deg.
GYHOL,19414,Gedik Yatirim Holdings,Istanbul,TRY,http://www.investing.com/equities/gedik-yat.ort.
GEDZA,941213,Gediz Ambalaj,Istanbul,TRY,http://www.investing.com/equities/gediz-ambalaj
GENTS,19417,Gentas,Istanbul,TRY,http://www.investing.com/equities/gentas
GEREL,19418,Gersan,Istanbul,TRY,http://www.investing.com/equities/gersan-elektrik
GLBMD,19419,Global Menkul,Istanbul,TRY,http://www.investing.com/equities/global-men.-deg.
GLYHO,19421,Global Yatirim,Istanbul,TRY,http://www.investing.com/equities/global-yat.-holding
GOLTS,19424,Goltas Cimento,Istanbul,TRY,http://www.investing.com/equities/goltas-cimento
GOODY,19425,Goodyear Lastikleri,Istanbul,TRY,http://www.investing.com/equities/good-year
GOZDE,19426,Gozde,Istanbul,TRY,http://www.investing.com/equities/gozde-girisim
GSRAY,19430,GS Sportif,Istanbul,TRY,http://www.investing.com/equities/galatasaray-sportif
GSDHO,19429,GSD Holding,Istanbul,TRY,http://www.investing.com/equities/gsd-holding
GSDDE,19428,GSD Marin,Istanbul,TRY,http://www.investing.com/equities/gsd-denizcilik
GUBRF,19431,Gubretas,Istanbul,TRY,http://www.investing.com/equities/gubre-fabrik.
GLRYH,19420,Guler Holding,Istanbul,TRY,http://www.investing.com/equities/guler-yat.-holding
GUSGR,19432,Gunes Sigorta,Istanbul,TRY,http://www.investing.com/equities/gunes-sigorta
HLGYO,40448,Halk GYO,Istanbul,TRY,http://www.investing.com/equities/halk-gayrimenkul-yatirim
HALKS,30984,Halk Sigorta,Istanbul,TRY,http://www.investing.com/equities/halk-sigorta
HATEK,19434,Hateks,Istanbul,TRY,http://www.investing.com/equities/hatay-tekstil
HDFGS,945159,HEDEF Girisim,Istanbul,TRY,http://www.investing.com/equities/hedef-girisim-sermayesi-as
HEKTS,19436,Hektas,Istanbul,TRY,http://www.investing.com/equities/hektas
HUBVC,30983,Hub Girisim Sermayesi,Istanbul,TRY,http://www.investing.com/equities/gedik-girisim-sermayesi-yat-ort
HURGZ,19437,Hurriyet Gazete,Istanbul,TRY,http://www.investing.com/equities/hurriyet-gzt.
ICBCT,19579,ICBC Turkey,Istanbul,TRY,http://www.investing.com/equities/tekstilbank
IZMDC,19462,IDC,Istanbul,TRY,http://www.investing.com/equities/izmir-demir-celik
IDEAS,30988,Idealist Danismanlik,Istanbul,TRY,http://www.investing.com/equities/mct-danismanlik-as
IDGYO,19441,Idealist GYO,Istanbul,TRY,http://www.investing.com/equities/idealist-gmyo
IHEVA,19442,Ihlas Ev Aletleri Imalat,Istanbul,TRY,http://www.investing.com/equities/ihlas-ev-aletleri
IHLGM,19445,Ihlas Gayrimenkul,Istanbul,TRY,http://www.investing.com/equities/ihlas-madencilik
IHGZT,19443,Ihlas Gazetecilik,Istanbul,TRY,http://www.investing.com/equities/ihlas-gazetecilik
IHLAS,19444,Ihlas Holding,Istanbul,TRY,http://www.investing.com/equities/ihlas-holding
IHYAY,19446,Ihlas Yayin,Istanbul,TRY,http://www.investing.com/equities/ihlas-yayin-holding
INDES,19447,Indeks,Istanbul,TRY,http://www.investing.com/equities/indeks-bilgisayar
INFO,19448,Info Yatirim,Istanbul,TRY,http://www.investing.com/equities/info-yatirim
INTEM,19450,Intema,Istanbul,TRY,http://www.investing.com/equities/intema
IPEKE,19451,Ipek Dogal,Istanbul,TRY,http://www.investing.com/equities/ipek-dogal-enerji
ISFIN,19455,Is Finansal Kiralama,Istanbul,TRY,http://www.investing.com/equities/is-fin.kir.
ISGSY,19456,Is Girisim,Istanbul,TRY,http://www.investing.com/equities/is-girisim
ISGYO,19457,Is GYO,Istanbul,TRY,http://www.investing.com/equities/is-gmyo
ISMEN,19458,Is Yatirim Menkul Degerler,Istanbul,TRY,http://www.investing.com/equities/is-y.-men.-deg.
ISYAT,19459,Is Yatirim Ortakligi,Istanbul,TRY,http://www.investing.com/equities/is-yat.-ort.
ISBIR,993680,Isbir Holding,Istanbul,TRY,http://www.investing.com/equities/isbir-holding-as
IEYHO,19517,Isiklar Enerji,Istanbul,TRY,http://www.investing.com/equities/isiklar-enerji-yapi
ISDMR,976217,Iskenderun,Istanbul,TRY,http://www.investing.com/equities/iskenderun-demir-ve-celik-as
ITTFH,19461,Ittifak Holding,Istanbul,TRY,http://www.investing.com/equities/ittifak-holding
IZTAR,44470,Iz Hayvancilik,Istanbul,TRY,http://www.investing.com/equities/iz-tarim-ve-gida
IZFAS,993681,Izmir Firca,Istanbul,TRY,http://www.investing.com/equities/izmir-firca-sanayi-ve-ticaret-as
IZOCM,19463,Izocam,Istanbul,TRY,http://www.investing.com/equities/izocam
JANTS,40449,Jantsa,Istanbul,TRY,http://www.investing.com/equities/jantsa-jant-sanayi-ve-ticaret
KFEIN,1076877,Kafein Yazilim,Istanbul,TRY,http://www.investing.com/equities/kafein-yazilim
KPHOL,19484,Kapital Yatirim,Istanbul,TRY,http://www.investing.com/equities/kapital-yat.-holding
KAPLM,19464,Kaplamin Ambalaj,Istanbul,TRY,http://www.investing.com/equities/kaplamin
KRDMA,19485,Kardemir A,Istanbul,TRY,http://www.investing.com/equities/kardemir-(a)
KRDMB,19486,Kardemir B,Istanbul,TRY,http://www.investing.com/equities/kardemir-(b)
KRDMD,19487,Kardemir D,Istanbul,TRY,http://www.investing.com/equities/kardemir-(d)
KAREL,19465,Karel,Istanbul,TRY,http://www.investing.com/equities/karel-elektronik
KARSN,19467,Karsan Otomotiv,Istanbul,TRY,http://www.investing.com/equities/karsan-otomotiv
KRTEK,19490,Karsu Tekstil,Istanbul,TRY,http://www.investing.com/equities/karsu-tekstil
KRSAN,40452,Karsusan,Istanbul,TRY,http://www.investing.com/equities/karsusan-su-urunleri-san
KARTN,19468,Kartonsan,Istanbul,TRY,http://www.investing.com/equities/kartonsan
KATMR,19469,Katmerciler,Istanbul,TRY,http://www.investing.com/equities/katmerciler-ekipman
KENT,19471,Kent Gida,Istanbul,TRY,http://www.investing.com/equities/kent-gida
KERVT,19472,Kerevitas,Istanbul,TRY,http://www.investing.com/equities/kerevitas-gida
KERVN,40450,Kervansaray,Istanbul,TRY,http://www.investing.com/equities/kervansaray-yatirim-holding
KLGYO,19476,Kiler GYO,Istanbul,TRY,http://www.investing.com/equities/kiler-gmyo
KLMSN,19477,Klimasan Klima,Istanbul,TRY,http://www.investing.com/equities/klimasan-klima
KCHOL,19470,Koc Holding,Istanbul,TRY,http://www.investing.com/equities/koc-holding
KNFRT,19479,Konfrut,Istanbul,TRY,http://www.investing.com/equities/konfrut-gida
KONYA,19480,Konya Cimento,Istanbul,TRY,http://www.investing.com/equities/konya-cimento
KORDS,19481,Kordsa Global,Istanbul,TRY,http://www.investing.com/equities/kordsa-global
KRGYO,941214,Korfez GYO,Istanbul,TRY,http://www.investing.com/equities/korfez-gayrimen
KOZAL,19483,Koza Altin,Istanbul,TRY,http://www.investing.com/equities/koza-altin
KOZAA,19482,Koza Anadolu,Istanbul,TRY,http://www.investing.com/equities/koza-madencilik
KRSTL,19489,Kristal Kola,Istanbul,TRY,http://www.investing.com/equities/kristal-kola
KRONT,19488,Kron Telekom,Istanbul,TRY,http://www.investing.com/equities/kron-telekomunikasyon
KSTUR,993682,Kustur Kusadasi,Istanbul,TRY,http://www.investing.com/equities/kustur-kusadasi-turizm-endustrisi-a
KUTPO,19491,Kutahya Porselen,Istanbul,TRY,http://www.investing.com/equities/kutahya-porselen
KUYAS,40453,Kuyumcukent,Istanbul,TRY,http://www.investing.com/equities/kuyumcukent
LIDFA,941215,Lider Faktoring,Istanbul,TRY,http://www.investing.com/equities/lider-faktoring
LINK,19493,Link Bilgisayar,Istanbul,TRY,http://www.investing.com/equities/link-bilgisayar
LOGO,19495,Logo Yazilim,Istanbul,TRY,http://www.investing.com/equities/logo-yazilim
LKMNH,19494,Lokman Hekim,Istanbul,TRY,http://www.investing.com/equities/lokman-hekim-saglik
LUKSK,19496,Luks Kadife,Istanbul,TRY,http://www.investing.com/equities/luks-kadife
MRDIN,19513,Mardin Cimento,Istanbul,TRY,http://www.investing.com/equities/mardin-cimento
MARKA,30974,Marka Yatirim,Istanbul,TRY,http://www.investing.com/equities/ansa-yatirim-holding-as
MAALT,19497,Marmaris Altinyunus,Istanbul,TRY,http://www.investing.com/equities/marmaris-altinyunus
MRSHL,19515,Marshall,Istanbul,TRY,http://www.investing.com/equities/marshall
MRGYO,19514,Marti GYO,Istanbul,TRY,http://www.investing.com/equities/marti-gmyo
MARTI,19500,Marti Otel,Istanbul,TRY,http://www.investing.com/equities/marti-otel
MAVI,1013385,Mavi Giyim Sanayi,Istanbul,TRY,http://www.investing.com/equities/mavi-giyim-sanayi-ve-ticaret-as
MZHLD,19520,Mazhar Zorlu,Istanbul,TRY,http://www.investing.com/equities/mazhar-zorlu-holding
MEGAP,40454,Mega Polietilen,Istanbul,TRY,http://www.investing.com/equities/mega-polietilen-kopuk
MNDRS,19511,Menderes Tekstil,Istanbul,TRY,http://www.investing.com/equities/menderes-tekstil
MEMSA,19503,Mensa,Istanbul,TRY,http://www.investing.com/equities/mensa
MEPET,19504,Mepet Metro,Istanbul,TRY,http://www.investing.com/equities/metro-petrol-ve-tesisleri
MERIT,40455,Merit Turizm,Istanbul,TRY,http://www.investing.com/equities/merit-turizm-yatirim-ve-isletme
MERKO,19505,Merko Gida,Istanbul,TRY,http://www.investing.com/equities/merko-gida
METAL,19506,Metal Gayrimenkul,Istanbul,TRY,http://www.investing.com/equities/metro-altin
METUR,19508,Metemtur,Istanbul,TRY,http://www.investing.com/equities/metemtur-otelcilik
METRO,19507,Metro Holding,Istanbul,TRY,http://www.investing.com/equities/metro-holding
MTRYO,19374,Metro Yatirim Ortakligi,Istanbul,TRY,http://www.investing.com/equities/eczacibasi-yat.-ort.
MGROS,19509,Migros,Istanbul,TRY,http://www.investing.com/equities/migros-ticaret
MIPAZ,19510,Milpa,Istanbul,TRY,http://www.investing.com/equities/milpa
MSGYO,997134,Mistral GYO,Istanbul,TRY,http://www.investing.com/equities/mistral-gayrimenkul-yatirim-ortakli
MPARK,1062839,MLP Saglik,Istanbul,TRY,http://www.investing.com/equities/mlp-saglik
MMCAS,30989,MMC Sanayi,Istanbul,TRY,http://www.investing.com/equities/mmc-sanayi-ve-ticari-yatirimlar
TIRE,19582,Mondi Tire,Istanbul,TRY,http://www.investing.com/equities/mondi-tire-kutsan
MAKTK,19498,MTE,Istanbul,TRY,http://www.investing.com/equities/makina-takim
NATEN,1152250,Naturel Enerji,Istanbul,TRY,http://www.investing.com/equities/naturel-yenilenebilir-enerji-ticare
NTHOL,19523,Net Holding,Istanbul,TRY,http://www.investing.com/equities/net-holding
NETAS,19522,Netas Telekom,Istanbul,TRY,http://www.investing.com/equities/netas-telekom.
NIBAS,30990,Nigbas Nigde Beton,Istanbul,TRY,http://www.investing.com/equities/nigbas-nigde-beton-san-ve-tic
NUHCM,19526,Nuh Cimento,Istanbul,TRY,http://www.investing.com/equities/nuh-cimento
NUGYO,19525,Nurol GYO,Istanbul,TRY,http://www.investing.com/equities/nurol-gmyo
ODAS,40513,ODAS Elektrik,Istanbul,TRY,http://www.investing.com/equities/odas-elektrik
OLMIP,941216,Olmuksan,Istanbul,TRY,http://www.investing.com/equities/olmuksa-a
ORGE,30991,Orge,Istanbul,TRY,http://www.investing.com/equities/orge-enerji-elektrik-taahhut-as
ORMA,44472,Orma,Istanbul,TRY,http://www.investing.com/equities/orma-ormann
OSMEN,30992,Osmanli Menkul Degerler,Istanbul,TRY,http://www.investing.com/equities/osmanli-menkul-degerler
OSTIM,30993,Ostim,Istanbul,TRY,http://www.investing.com/equities/ostim-endustriyel-yat-ve-isletme
OTKAR,19528,Otokar,Istanbul,TRY,http://www.investing.com/equities/otokar
OYAYO,19529,OYAK YO,Istanbul,TRY,http://www.investing.com/equities/oyak-yat.-ort.
OYLUM,30994,Oylum Sinai Yatirimlar,Istanbul,TRY,http://www.investing.com/equities/oylum-sinai-yatirimlar-as
OZKGY,30995,Ozak GYO,Istanbul,TRY,http://www.investing.com/equities/ozak-gayrimenkul-yatirim-ortakligi
OZBAL,19530,Ozbal Celik Boru,Istanbul,TRY,http://www.investing.com/equities/ozbal-celik-boru
OZGYO,19531,Ozderici GYO,Istanbul,TRY,http://www.investing.com/equities/ozderici-gmyo
OZRDN,945716,Ozerden Plastik,Istanbul,TRY,http://www.investing.com/equities/ozerden-plastik-sanayi
PAGYO,40514,Panora GYO,Istanbul,TRY,http://www.investing.com/equities/panora-gyo
PAPIL,1155980,Papilon Guvenlik,Istanbul,TRY,http://www.investing.com/equities/papilon-savunma-guvenlik-sistemleri
PRKME,19544,Park Elektrik,Istanbul,TRY,http://www.investing.com/equities/park-elek.madencilik
PARSN,19532,Parsan,Istanbul,TRY,http://www.investing.com/equities/parsan
PGSUS,40456,Pegasus,Istanbul,TRY,http://www.investing.com/equities/pegasus-hava-tasimaciligi
PEKGY,1066607,Peker Gayrimenkul Yatirim Ortakligi,Istanbul,TRY,http://www.investing.com/equities/peker-gayrimenkul-yatirim-ortakligi
PENGD,19534,Penguen Gida,Istanbul,TRY,http://www.investing.com/equities/penguen-gida
PEGYO,19533,Pera GYO,Istanbul,TRY,http://www.investing.com/equities/pera-gmyo
PSDTC,942790,Pergamon Status,Istanbul,TRY,http://www.investing.com/equities/pergamon-status-dis-ticaret-as
PETKM,19535,Petkim,Istanbul,TRY,http://www.investing.com/equities/petkim
PKENT,19540,Petrokent Turizm,Istanbul,TRY,http://www.investing.com/equities/petrokent-turizm
PETUN,19536,Pinar Et Ve Un,Istanbul,TRY,http://www.investing.com/equities/pinar-et-ve-un
PINSU,19538,Pinar Su,Istanbul,TRY,http://www.investing.com/equities/pinar-su
PNSUT,19541,Pinar Sut Mamulleri,Istanbul,TRY,http://www.investing.com/equities/pinar-sut
PKART,19539,Plastikkart,Istanbul,TRY,http://www.investing.com/equities/plastikkart
POLHO,30996,Polisan Holding,Istanbul,TRY,http://www.investing.com/equities/polisan-holding-as
POLTK,950050,Politeknik Metal,Istanbul,TRY,http://www.investing.com/equities/politeknik-metal-sanayi-ve-t
PRZMA,40457,Prizma Pres,Istanbul,TRY,http://www.investing.com/equities/prizma-pres-matbaacilik-yayincilik
QNBFL,19404,QNB Finans,Istanbul,TRY,http://www.investing.com/equities/finans-fin.-kir.
QNBFB,19405,Qnb Finansbank,Istanbul,TRY,http://www.investing.com/equities/finansbank
RALYH,19316,Ral Yatirim,Istanbul,TRY,http://www.investing.com/equities/bisas-tekstil
RAYSG,19548,Ray Sigorta,Istanbul,TRY,http://www.investing.com/equities/ray-sigorta
RYSAS,19551,Reysas,Istanbul,TRY,http://www.investing.com/equities/reysas-lojistik
RYGYO,19550,Reysas GYO,Istanbul,TRY,http://www.investing.com/equities/reysas-gmyo
RHEAG,19549,Rhea Girisim,Istanbul,TRY,http://www.investing.com/equities/rhea-girisim
RODRG,102074,Rodrigo,Istanbul,TRY,http://www.investing.com/equities/rodrigo-tekstil-sanayi-ve-ticaret
ROYAL,40512,Royal Hali,Istanbul,TRY,http://www.investing.com/equities/royal-hali-iplik-mobilya
RTALB,941217,RTA,Istanbul,TRY,http://www.investing.com/equities/rta-lab-biyoloji
SAHOL,19553,Sabanci Holding,Istanbul,TRY,http://www.investing.com/equities/sabanci-holding
SAFKR,1058448,Safkar Ege Sogutmacilik,Istanbul,TRY,http://www.investing.com/equities/safkar-ege-sogutmacilik
SALIX,993683,Salix Yatirim,Istanbul,TRY,http://www.investing.com/equities/tacirler-yatirim-holding-as
SANEL,44474,SAN-EL,Istanbul,TRY,http://www.investing.com/equities/sanel-muhendislik
SANFM,30997,Sanifoam,Istanbul,TRY,http://www.investing.com/equities/sanifoam-sunger-san-ve-tic-as
SANKO,19555,Sanko Pazarlama,Istanbul,TRY,http://www.investing.com/equities/sanko-pazarlama
SAMAT,19554,Saray,Istanbul,TRY,http://www.investing.com/equities/saray-matbaacilik
SARKY,19556,Sarkuysan,Istanbul,TRY,http://www.investing.com/equities/sarkuysan
SASA,19557,SASA Polyester,Istanbul,TRY,http://www.investing.com/equities/sasa-polyester
SAYAS,950051,Say Reklamcilik,Istanbul,TRY,http://www.investing.com/equities/say-reklamcilik-yapi-dekorasyon
SEKFK,19558,Seker Leasing,Istanbul,TRY,http://www.investing.com/equities/seker-fin.-kir.
SKBNK,19565,Sekerbank,Istanbul,TRY,http://www.investing.com/equities/sekerbank
SEKUR,41595,Sekuro Plastik Ambalaj,Istanbul,TRY,http://www.investing.com/equities/sekuro-plastik-ambalaj-sanayi-as
SELEC,19559,Selcuk Ecza Deposu,Istanbul,TRY,http://www.investing.com/equities/selcuk-ecza-deposu
SELGD,19560,Selcuk Gida,Istanbul,TRY,http://www.investing.com/equities/selcuk-gida
SNKRN,945933,Senkron Guvenlik,Istanbul,TRY,http://www.investing.com/equities/senkron-guvenlik-as
SERVE,19561,Serve,Istanbul,TRY,http://www.investing.com/equities/serve-kirtasiye
SRVGY,941218,Servet GYO,Istanbul,TRY,http://www.investing.com/equities/servet-gyo-a
SEYKM,958340,Seyitler Kimya,Istanbul,TRY,http://www.investing.com/equities/seyitler-kimya-sanayi-as
SILVR,19563,Silverline,Istanbul,TRY,http://www.investing.com/equities/silverline-endustri
SNGYO,19568,Sinpas GYO,Istanbul,TRY,http://www.investing.com/equities/sinpas-gmyo
SISE,19564,Sisecam,Istanbul,TRY,http://www.investing.com/equities/sise-cam
SMART,1131042,Smartiks Yazilim,Istanbul,TRY,http://www.investing.com/equities/smartiks-yazilim
SODA,19570,Soda Sanayi,Istanbul,TRY,http://www.investing.com/equities/soda-sanayii
SODSN,30998,Sodas Sodyum,Istanbul,TRY,http://www.investing.com/equities/sodas-sodyum-sanayii-as
SOKM,1076665,Sok Marketler,Istanbul,TRY,http://www.investing.com/equities/sok-marketler
SKTAS,19567,Soktas,Istanbul,TRY,http://www.investing.com/equities/soktas
SONME,19571,Sonmez Filament,Istanbul,TRY,http://www.investing.com/equities/sonmez-filament
SNPAM,19569,Sonmez Pamuklu,Istanbul,TRY,http://www.investing.com/equities/sonmez-pamuklu
SUMAS,1081555,Sumas Suni Tahta,Istanbul,TRY,http://www.investing.com/equities/sumas-suni-tahta
TBORG,19575,T Tuborg,Istanbul,TRY,http://www.investing.com/equities/t.tuborg
TACTR,41030,Tac Tarim,Istanbul,TRY,http://www.investing.com/equities/tac-g?da-san-ve-tic-as
TATGD,19573,Tat Gida,Istanbul,TRY,http://www.investing.com/equities/tat-konserve
TAVHL,19574,TAV Havalimanlar,Istanbul,TRY,http://www.investing.com/equities/tav-havalimanlari
TKURU,40459,Taze Kuru,Istanbul,TRY,http://www.investing.com/equities/taze---kuru
TEKTU,19580,Tek-Art Insaat,Istanbul,TRY,http://www.investing.com/equities/tek-art-turizm
TKFEN,19583,Tekfen Holding,Istanbul,TRY,http://www.investing.com/equities/tekfen-holding
TKNSA,31000,Teknosa,Istanbul,TRY,http://www.investing.com/equities/teknosa-ic-ve-dis-ticaret-as
TMPOL,48640,Temapol,Istanbul,TRY,http://www.investing.com/equities/temapol-polimer
TGSAS,40458,TGS,Istanbul,TRY,http://www.investing.com/equities/tgs-dis-ticaret-as
THYAO,19581,THY,Istanbul,TRY,http://www.investing.com/equities/turk-hava-yollari
TOASO,19585,Tofas,Istanbul,TRY,http://www.investing.com/equities/tofas-oto.-fab.
PMVR3,1008994,TOKI Park Mavera Project,Istanbul,TRY,http://www.investing.com/equities/toki-park-mavera-project-reit
TRGYO,19587,Torunlar GYO,Istanbul,TRY,http://www.investing.com/equities/torunlar-gmyo
TLMAN,1061403,Trabzon Liman Isletmeciligi,Istanbul,TRY,http://www.investing.com/equities/trabzon-liman-isletmeciligi
TSPOR,19593,Trabzonspor Sportif,Istanbul,TRY,http://www.investing.com/equities/trabzonspor-sportif
TRKCM,19588,Trakya Cam,Istanbul,TRY,http://www.investing.com/equities/trakya-cam
TDGYO,1066608,Trend Gayrimenkul Yatirim Ortakligi,Istanbul,TRY,http://www.investing.com/equities/trend-gayrimenkul-yatirim-ortakligi
TSKB,19591,TSKB,Istanbul,TRY,http://www.investing.com/equities/t.s.k.b.
TSGYO,19590,TSKB GYO,Istanbul,TRY,http://www.investing.com/equities/tskb-gmyo
TUCLK,941219,Tugcelik Aluminyum,Istanbul,TRY,http://www.investing.com/equities/tugcelik-alum-a
TUKAS,19597,Tukas Gida,Istanbul,TRY,http://www.investing.com/equities/tukas
TMSN,40460,Tumosan,Istanbul,TRY,http://www.investing.com/equities/tumosan-motor
TUPRS,19598,Tupras Turkiye,Istanbul,TRY,http://www.investing.com/equities/tupras
TRCAS,19586,Turcas Petrol,Istanbul,TRY,http://www.investing.com/equities/turcas-petrol
PRKAB,19543,Turk Prysmian,Istanbul,TRY,http://www.investing.com/equities/turk-prysmian-kablo
TTKOM,19594,Turk Telekom,Istanbul,TRY,http://www.investing.com/equities/turk-telekom
TTRAK,19595,Turk Traktor,Istanbul,TRY,http://www.investing.com/equities/turk-traktor
TCELL,19576,Turkcell,Istanbul,TRY,http://www.investing.com/equities/turkcell
TURGG,40957,Turker Proje,Istanbul,TRY,http://www.investing.com/equities/mutlu-g.-gel??t?rme-a.?.
HALKB,19433,Turkiye Halk Bk,Istanbul,TRY,http://www.investing.com/equities/t.-halk-bankasi
ISKUR,19562,Turkiye Is Bankasi,Istanbul,TRY,http://www.investing.com/equities/is-bankasi-(kur.)
ISATR,19452,Turkiye Is Bankasi A,Istanbul,TRY,http://www.investing.com/equities/is-bankasi-(a)
ISBTR,19453,Turkiye Is Bankasi B,Istanbul,TRY,http://www.investing.com/equities/is-bankasi-(b)
ISCTR,19454,Turkiye Is Bankasi C,Istanbul,TRY,http://www.investing.com/equities/is-bankasi-(c)
KLNMA,19478,Turkiye Kalkinma,Istanbul,TRY,http://www.investing.com/equities/t.-kalkinma-bank.
UFUK,19408,Ufuk Yatirim,Istanbul,TRY,http://www.investing.com/equities/fon-fin.kir.
ULAS,31001,Ulaslar Turizm,Istanbul,TRY,http://www.investing.com/equities/ulaslar-turizm-yatirimlari
ULKER,19601,Ulker Biskuvi,Istanbul,TRY,http://www.investing.com/equities/ulker-biskuvi
ULUSE,942792,Ulusoy Elektrik,Istanbul,TRY,http://www.investing.com/equities/ulusoy-elektrik-imalat-taahhut
ULUUN,942791,Ulusoy Un,Istanbul,TRY,http://www.investing.com/equities/ulusoy-un-sanayi-ve-ticaret-as
UMPAS,993684,Umpas,Istanbul,TRY,http://www.investing.com/equities/umpas-holding-as
UNYEC,19602,Unye Cimento,Istanbul,TRY,http://www.investing.com/equities/unye-cimento
USAK,19603,Usak Seramik,Istanbul,TRY,http://www.investing.com/equities/usak-seramik
UTPYA,19604,Utopya,Istanbul,TRY,http://www.investing.com/equities/utopya-turizm
UZERB,40461,Uzertas,Istanbul,TRY,http://www.investing.com/equities/uzertas-boya-sanayi-ticaret
VAKBN,19607,Vakif Bankasi,Istanbul,TRY,http://www.investing.com/equities/vakiflar-bankasi
VKGYO,19614,Vakif GYO,Istanbul,TRY,http://www.investing.com/equities/vakif-gmyo
VAKFN,19608,Vakif Leasing,Istanbul,TRY,http://www.investing.com/equities/vakif-fin.-kir.
VKFYO,31002,Vakif Menkul,Istanbul,TRY,http://www.investing.com/equities/vakif-menkul-kiymetler-yatirim-ort
VAKKO,19609,Vakko,Istanbul,TRY,http://www.investing.com/equities/vakko-tekstil
VANGD,19610,Vanet,Istanbul,TRY,http://www.investing.com/equities/vanet-gida
VERUS,44471,Verusa Holding,Istanbul,TRY,http://www.investing.com/equities/verusa-holding
VERTU,961704,Verusaturk,Istanbul,TRY,http://www.investing.com/equities/verusaturk-girisim-sermayesi-yatiri
VESTL,19612,Vestel,Istanbul,TRY,http://www.investing.com/equities/vestel
VESBE,19611,Vestel Beyaz,Istanbul,TRY,http://www.investing.com/equities/vestel-beyaz-esya
VKING,19615,Viking Kagit,Istanbul,TRY,http://www.investing.com/equities/viking-kagit
YKGYO,19623,Yapi Kredi Koray,Istanbul,TRY,http://www.investing.com/equities/yapi-kredi-koray-gmyo
YKBNK,19620,Yapi ve Kredi Bankasi,Istanbul,TRY,http://www.investing.com/equities/yapi-ve-kredi-bank.
YAPRK,19616,Yaprak Sut,Istanbul,TRY,http://www.investing.com/equities/yaprak-sut-ve-besi-cift.
YATAS,19617,Yatas,Istanbul,TRY,http://www.investing.com/equities/yatas
YAYLA,44473,Yayla Enerji,Istanbul,TRY,http://www.investing.com/equities/yayla-enerji
YGGYO,941220,Yeni Gimat,Istanbul,TRY,http://www.investing.com/equities/yeni-gimat-gmyo
YGYO,19619,Yesil GYO,Istanbul,TRY,http://www.investing.com/equities/yesil-gmyo
YYAPI,19327,Yesil Yapi,Istanbul,TRY,http://www.investing.com/equities/borova-yapi
YESIL,31004,Yesil Yatirim,Istanbul,TRY,http://www.investing.com/equities/yesil-yatirim-holding-as
YBTAS,31003,Yibitas Yozgat,Istanbul,TRY,http://www.investing.com/equities/yibitas-yozgat
YONGA,993685,Yonga Mobilya,Istanbul,TRY,http://www.investing.com/equities/yonga-mobilya-sanayi-ve-ticaret-as
YKSLN,1155597,Yukselen Celik,Istanbul,TRY,http://www.investing.com/equities/yukselen-celik-as
YUNSA,19625,Yunsa,Istanbul,TRY,http://www.investing.com/equities/yunsa
ZOREN,19626,Zorlu Enerji,Istanbul,TRY,http://www.investing.com/equities/zorlu-enerji
