BTCUSD,1035793,Bitcoin US Dollar,Binance,USD
ETHBTC,1031692,Ethereum Bitcoin,Binance,BTC
ETHUSD,1035794,Ethereum US Dollar,Binance,USD
EOSBTC,1054885,EOS Bitcoin,Binance,BTC
EOSETH,1031695,EOS Ethereum,Binance,ETH
BCHUSD,1054896,Bitcoin Cash US Dollar,Binance,USD
BCHBTC,1054888,Bitcoin Cash Bitcoin,Binance,BTC
BCHBNB,1054917,Bitcoin Cash Binance Coin,Binance,BNB
BCHETH,1054889,Bitcoin Cash Ethereum,Binance,ETH
XRPBTC,1054876,Ripple Bitcoin,Binance,BTC
XRPUSD,1075586,Ripple US Dollar,Binance,USD
XRPETH,1055882,Ripple Ethereum,Binance,ETH
LTCBTC,1031693,Litecoin Bitcoin,Binance,BTC
LTCUSD,1056828,Litecoin US Dollar,Binance,USD
LTCETH,1056822,Litecoin Ethereum,Binance,ETH
LTCBNB,1056867,Litecoin Binance Coin,Binance,BNB
TRXBTC,1054993,TRON Bitcoin,Binance,BTC
TRXETH,1054992,TRON Ethereum,Binance,ETH
ETCBTC,1054880,Ethereum Classic Bitcoin,Binance,BTC
ETCETH,1054887,Ethereum Classic Ethereum,Binance,ETH
IOTBTC,1054936,IOTA Bitcoin,Binance,BTC
IOTETH,1054944,IOTA Ethereum,Binance,ETH
IOTBNB,1055890,IOTA Binance Coin,Binance,BNB
ADABTC,1055844,Cardano Bitcoin,Binance,BTC
ADAUSD,1073899,Cardano US Dollar,Binance,USD
ADAETH,1055845,Cardano Ethereum,Binance,ETH
ADABNB,1075137,Cardano Binance Coin,Binance,BNB
QTUMBTC,1046276,Qtum Bitcoin,Binance,BTC
QTUMETH,1031694,Qtum Ethereum,Binance,ETH
QTUMBNB,1075167,Qtum Binance Coin,Binance,BNB
ZILBTC,1072290,Zilliqa Bitcoin,Binance,BTC
ZILETH,1075196,Zilliqa Ethereum,Binance,ETH
ZILBNB,1075195,Zilliqa Binance Coin,Binance,BNB
ANSBTC,1031691,NEO Bitcoin,Binance,BTC
ANSUSD,1055863,NEO US Dollar,Binance,USD
ANSETH,1054941,NEO Ethereum,Binance,ETH
ANSBNB,1055895,NEO Binance Coin,Binance,BNB
DASHBTC,1054879,Dash Bitcoin,Binance,BTC
DASHETH,1055881,Dash Ethereum,Binance,ETH
XVGBTC,1054947,Verge Bitcoin,Binance,BTC
XVGETH,1056505,Verge Ethereum,Binance,ETH
VENBTC,1056801,VeChain Bitcoin,Binance,BTC
VENETH,1056805,VeChain Ethereum,Binance,ETH
VENBNB,1056869,VeChain Binance Coin,Binance,BNB
ONTBTC,1073562,Ontology Bitcoin,Binance,BTC
ONTETH,1075157,Ontology Ethereum,Binance,ETH
ONTBNB,1075156,Ontology Binance Coin,Binance,BNB
BNBUSD,1054919,Binance Coin US Dollar,Binance,USD
BNBBTC,1036977,Binance Coin Bitcoin,Binance,BTC
BNBETH,1036978,Binance Coin Ethereum,Binance,ETH
XLMBTC,1057248,Stellar Lumens Bitcoin,Binance,BTC
XLMETH,1075193,Stellar Lumens Ethereum,Binance,ETH
XLMBNB,1075192,Stellar Lumens Binance Coin,Binance,BNB
ICXBTC,1057008,ICON Bitcoin,Binance,BTC
ICXETH,1057009,ICON Ethereum,Binance,ETH
ICXBNB,1057010,ICON Binance Coin,Binance,BNB
ZECBTC,1055849,Zcash Bitcoin,Binance,BTC
ZECETH,1055850,Zcash Ethereum,Binance,ETH
OMGBTC,1054899,Omisego Bitcoin,Binance,BTC
OMGETH,1054901,Omisego Ethereum,Binance,ETH
AEBTC,1075139,Aeternity Bitcoin,Binance,BTC
AEETH,1075140,Aeternity Ethereum,Binance,ETH
AEBNB,1075138,Aeternity Binance Coin,Binance,BNB
XMRBTC,1054882,Monero Bitcoin,Binance,BTC
XMRETH,1054897,Monero Ethereum,Binance,ETH
BTGBTC,1053076,Bitcoin Gold Bitcoin,Binance,BTC
BTGETH,1053077,Bitcoin Gold Ethereum,Binance,ETH
XRBBTC,1069503,Nano Bitcoin,Binance,BTC
XRBETH,1069504,Nano Ethereum,Binance,ETH
XRBBNB,1069505,Nano Binance Coin,Binance,BNB
XEMBTC,1075190,NEM Bitcoin,Binance,BTC
XEMETH,1075191,NEM Ethereum,Binance,ETH
XEMBNB,1075189,NEM Binance Coin,Binance,BNB
LSKBTC,1055866,Lisk Bitcoin,Binance,BTC
LSKETH,1055878,Lisk Ethereum,Binance,ETH
LSKBNB,1056887,Lisk Binance Coin,Binance,BNB
