EURUSD,1,Euro US Dollar,Forex,USD
GBPUSD,2,British Pound US Dollar,Forex,USD
USDJPY,3,US Dollar Japanese Yen,Forex,JPY
USDCHF,4,US Dollar Swiss Franc,Forex,CHF
AUDUSD,5,Australian Dollar US Dollar,Forex,USD
USDCAD,7,US Dollar Canadian Dollar,Forex,CAD
NZDUSD,8,New Zealand Dollar US Dollar,Forex,USD
USDZAR,17,US Dollar South African Rand,Forex,ZAR
USDTRY,18,US Dollar Turkish Lira,Forex,TRY
USDMXN,39,US Dollar Mexican Peso,Forex,MXN
USDPLN,40,US Dollar Polish Zloty,Forex,PLN
USDSEK,41,US Dollar Swedish Krona,Forex,SEK
USDSGD,42,US Dollar Singapore Dollar,Forex,SGD
USDDKK,43,US Dollar Danish Krone,Forex,DKK
USDNOK,59,US Dollar Norwegian Krone,Forex,NOK
USDILS,63,US Dollar Israeli Shekel,Forex,ILS
USDHUF,91,US Dollar Hungarian Forint,Forex,HUF
USDCZK,103,US Dollar Czech Koruna,Forex,CZK
USDTHB,147,US Dollar Thai Baht,Forex,THB
USDAED,152,US Dollar UAE Dirham,Forex,AED
USDJOD,153,US Dollar Jordan Dinar,Forex,JOD
USDKWD,154,US Dollar Kuwaiti Dinar,Forex,KWD
USDHKD,155,US Dollar Hong Kong Dollar,Forex,HKD
USDSAR,157,US Dollar Saudi Riyal,Forex,SAR
USDINR,160,US Dollar Indian Rupee,Forex,INR
USDKRW,650,US Dollar Korean Won,Forex,KRW
BRLUSD,1516,Brazil Real US Dollar,Forex,USD
CADUSD,1538,Canadian Dollar US Dollar,Forex,USD
CHFUSD,1560,Swiss Franc US Dollar,Forex,USD
FJDUSD,1726,Fiji Dollar US Dollar,Forex,USD
GHSUSD,1809,Ghanaian Cedi US Dollar,Forex,USD
JPYUSD,1910,Japanese Yen US Dollar,Forex,USD
KYDUSD,1932,Cayman Islands Dollar US Dollar,Forex,USD
SGDUSD,2044,Singapore Dollar US Dollar,Forex,USD
USDALL,2086,US Dollar Albanian Lek,Forex,ALL
USDAMD,2087,US Dollar Armenian Dram,Forex,AMD
USDANG,2088,US Dollar Antilles Guilder,Forex,ANG
USDARS,2090,US Dollar Argentinian Peso,Forex,ARS
USDAUD,2091,US Dollar Australian Dollar,Forex,AUD
USDBBD,2095,US Dollar Barbadian Dollar,Forex,BBD
USDBDT,2096,US Dollar Bangladeshi Taka,Forex,BDT
USDBGN,2097,US Dollar Bulgarian Lev,Forex,BGN
USDBHD,2098,US Dollar Baharain Dinar,Forex,BHD
USDBIF,2099,US Dollar Burundian Franc,Forex,BIF
USDBND,2101,US Dollar Brunei Dollar,Forex,BND
USDBOB,2102,US Dollar Bolivian Boliviano,Forex,BOB
USDBRL,2103,US Dollar Brazil Real,Forex,BRL
USDBSD,2104,US Dollar Bahamas Dollar,Forex,BSD
USDBWP,2106,US Dollar Botswana Pula,Forex,BWP
USDBZD,2108,US Dollar Belize Dollar,Forex,BZD
USDCLP,2110,US Dollar Chilean Peso,Forex,CLP
USDCNY,2111,US Dollar Chinese Yuan,Forex,CNY
USDCOP,2112,US Dollar Colombian Peso,Forex,COP
USDCRC,2113,US Dollar Costa Rican Colon,Forex,CRC
USDCUP,2114,US Dollar Cuban Peso,Forex,CUP
USDDJF,2117,US Dollar Djiboutian Franc,Forex,DJF
USDDOP,2118,US Dollar Dominican Peso,Forex,DOP
USDDZD,2119,US Dollar Algerian Dinar,Forex,DZD
USDEGP,2122,US Dollar Egyptian Pound,Forex,EGP
USDETB,2123,US Dollar Ethiopian Birr,Forex,ETB
USDEUR,2124,US Dollar Euro,Forex,EUR
USDFJD,2125,US Dollar Fiji Dollar,Forex,FJD
USDGBP,2126,US Dollar British Pound,Forex,GBP
USDGEL,2127,US Dollar Georgian lari,Forex,GEL
USDGHS,2129,US Dollar Ghanaian Cedi,Forex,GHS
USDGMD,2131,US Dollar Gambian Dalasi,Forex,GMD
USDGNF,2132,US Dollar Guinean Franc,Forex,GNF
USDGTQ,2133,US Dollar Guatemalan Quetzal,Forex,GTQ
USDHNL,2135,US Dollar Honduran Lempira,Forex,HNL
USDHRK,2136,US Dollar Croatian Kuna,Forex,HRK
USDHTG,2137,US Dollar Haitian Gourde,Forex,HTG
USDIDR,2138,US Dollar Indonesian Rupiah,Forex,IDR
USDIQD,2139,US Dollar Iraqi Dinar,Forex,IQD
USDIRR,2140,US Dollar Iranian Rial,Forex,IRR
USDISK,2141,US Dollar Icelandic Kr,Forex,ISK
USDJMD,2142,US Dollar Jamaican Dollar,Forex,JMD
USDKES,2143,US Dollar Kenyan Shilling,Forex,KES
USDKHR,2145,US Dollar Cambodian Riel,Forex,KHR
USDKMF,2146,US Dollar Comorian Franc,Forex,KMF
USDKZT,2148,US Dollar Kazakh Tenge,Forex,KZT
USDLAK,2149,US Dollar Lao Kip,Forex,LAK
USDLBP,2150,US Dollar Lebanese Pound,Forex,LBP
USDLKR,2151,US Dollar Sri Lankan Rupee,Forex,LKR
USDLSL,2152,US Dollar Lesotho loti,Forex,LSL
USDLYD,2155,US Dollar Libyan Dinar,Forex,LYD
USDMAD,2156,US Dollar Moroccan Dirham,Forex,MAD
USDMDL,2157,US Dollar Moldovan Leu,Forex,MDL
USDMGA,2158,US Dollar Malagasy Ariary,Forex,MGA
USDMKD,2160,US Dollar Macedonian Denar,Forex,MKD
USDMMK,2161,US Dollar Myanmar kyat,Forex,MMK
USDMOP,2162,US Dollar Macanese Pataca,Forex,MOP
USDMRO,2163,US Dollar Mauritanian ouguiya,Forex,MRO
USDMUR,2165,US Dollar Mauritian Rupee,Forex,MUR
USDMVR,2166,US Dollar Maldivian Rufiyaa,Forex,MVR
USDMWK,2167,US Dollar Malawian Kwacha,Forex,MWK
USDMYR,2168,US Dollar Malaysian Ringgit,Forex,MYR
USDNAD,2170,US Dollar Namibian Dollar,Forex,NAD
USDNGN,2171,US Dollar Nigerian Naira,Forex,NGN
USDNIO,2172,US Dollar Nicaraguan Cordoba,Forex,NIO
USDNPR,2173,US Dollar Nepalese Rupee,Forex,NPR
USDNZD,2174,US Dollar New Zealand Dollar,Forex,NZD
USDOMR,2175,US Dollar Omani Rial,Forex,OMR
USDPAB,2176,US Dollar Panamanian Balboa,Forex,PAB
USDPEN,2177,US Dollar Peru Sol,Forex,PEN
USDPGK,2178,US Dollar Papua New Guinean Kina,Forex,PGK
USDPHP,2179,US Dollar Philippine Peso,Forex,PHP
USDPKR,2180,US Dollar Pakistani Rupee,Forex,PKR
USDPYG,2181,US Dollar Paraguayan Guarani,Forex,PYG
USDQAR,2182,US Dollar Qatari Riyal,Forex,QAR
USDRON,2184,US Dollar Romanian Leu,Forex,RON
USDRSD,2185,US Dollar Serbian Dinar,Forex,RSD
USDRUB,2186,US Dollar Russian Ruble,Forex,RUB
USDRWF,2187,US Dollar Rwandan Franc,Forex,RWF
USDSCR,2189,US Dollar Seychelles Rupee,Forex,SCR
USDSDG,2191,US Dollar Sudanese Pound,Forex,SDG
USDSOS,2195,US Dollar Somali Shilling,Forex,SOS
USDSTD,2198,US Dollar Sao Tome/Principe Dobra,Forex,STD
USDSVC,2199,US Dollar El Salvador Colon,Forex,SVC
USDSYP,2200,US Dollar Syrian Pound,Forex,SYP
USDSZL,2201,US Dollar Swazi Lilangeni,Forex,SZL
USDTND,2203,US Dollar Tunisian Dinar,Forex,TND
USDTTD,2205,US Dollar Trinidad Dollar,Forex,TTD
USDTWD,2206,US Dollar Taiwan Dollar,Forex,TWD
USDTZS,2207,US Dollar Tanzanian Shilling,Forex,TZS
USDUAH,2208,US Dollar Ukrainian Hryvnia,Forex,UAH
USDUGX,2209,US Dollar Ugandan Shilling,Forex,UGX
USDUYU,2210,US Dollar Uruguayan Peso,Forex,UYU
USDUZS,2211,US Dollar Uzbekistani Sum,Forex,UZS
USDVEF,2213,US Dollar Venezuelan Bolivar,Forex,VEF
USDVND,2214,US Dollar Vietnamese Dong,Forex,VND
USDVUV,2215,US Dollar Vanuatu vatu,Forex,VUV
USDXAF,2217,US Dollar Central African Franc,Forex,XAF
USDXCD,2218,US Dollar East Caribbean Dollar,Forex,XCD
USDXOF,2220,US Dollar West African CFA franc,Forex,XOF
USDXPF,2221,US Dollar French Pacific Franc,Forex,XPF
USDYER,2222,US Dollar Yemeni Rial,Forex,YER
USDZMW,2224,US Dollar Zambia Kwacha,Forex,ZMW
AEDUSD,9304,UAE Dirham US Dollar,Forex,USD
ARSUSD,9357,Argentinian Peso US Dollar,Forex,USD
CNYUSD,9536,Chinese Yuan US Dollar,Forex,USD
DKKUSD,9604,Danish Krone US Dollar,Forex,USD
HKDUSD,9651,Hong Kong Dollar US Dollar,Forex,USD
ILSUSD,9723,Israeli Shekel US Dollar,Forex,USD
MXNUSD,9831,Mexican Peso US Dollar,Forex,USD
NOKUSD,9882,Norwegian Krone US Dollar,Forex,USD
PLNUSD,10018,Polish Zloty US Dollar,Forex,USD
RUBUSD,10064,Russian Ruble US Dollar,Forex,USD
SARUSD,10119,Saudi Riyal US Dollar,Forex,USD
SEKUSD,10168,Swedish Krona US Dollar,Forex,USD
TRYUSD,10290,Turkish Lira US Dollar,Forex,USD
TWDUSD,10339,Taiwan Dollar US Dollar,Forex,USD
VEFUSD,10397,Venezuelan Bolivar US Dollar,Forex,USD
ZARUSD,10441,South African Rand US Dollar,Forex,USD
UYUUSD,11756,Uruguayan Peso US Dollar,Forex,USD
PYGUSD,11757,Paraguayan Guarani US Dollar,Forex,USD
CLPUSD,11758,Chilean Peso US Dollar,Forex,USD
COPUSD,11759,Colombian Peso US Dollar,Forex,USD
PENUSD,11760,Peru Sol US Dollar,Forex,USD
NIOUSD,11761,Nicaraguan Cordoba US Dollar,Forex,USD
BOBUSD,11762,Bolivian Boliviano US Dollar,Forex,USD
KRWUSD,13922,Korean Won US Dollar,Forex,USD
EGPUSD,14478,Egyptian Pound US Dollar,Forex,USD
USDBYN,53085,US Dollar Belarusian Ruble,Forex,BYN
USDMZN,941146,US Dollar Mozambican Metical,Forex,MZN
INRUSD,941148,Indian Rupee US Dollar,Forex,USD
JODUSD,950989,Jordan Dinar US Dollar,Forex,USD
KWDUSD,950994,Kuwaiti Dinar US Dollar,Forex,USD
USDAZN,950996,US Dollar Azerbaijani Manat,Forex,AZN
USDCNH,961728,US Dollar Chinese Yuan Offshore,Forex,CNH
USDKGS,962660,US Dollar Kyrgyzstan som,Forex,KGS
USDTJS,962663,US Dollar Tajikistani somoni,Forex,TJS
USDRUB,962711,US Dollar Russian Ruble,Forex,RUB
USDJPY,993162,US Dollar Japanese Yen,Forex,JPY
USDCHF,993164,US Dollar Swiss Franc,Forex,CHF
MYRUSD,993166,Malaysian Ringgit US Dollar,Forex,USD
UAHUSD,993168,Ukrainian Hryvnia US Dollar,Forex,USD
HUFUSD,993169,Hungarian Forint US Dollar,Forex,USD
IDRUSD,1031289,Indonesian Rupiah US Dollar,Forex,USD
USDAOA,1059868,US Dollar Angolan kwanza,Forex,AOA
VNDUSD,1062759,Vietnamese Dong US Dollar,Forex,USD
BYNUSD,1073358,Belarusian Ruble US Dollar,Forex,USD
XBRUSD,1081628,Brent Spot US Dollar,Forex,USD
