MLAGE,1131242,Adelphi Gere,Lisbon,EUR,http://www.investing.com/equities/adelphi-gere
ALSS,428,Altri,Lisbon,EUR,http://www.investing.com/equities/altri-sgps
BCP,430,Banco Comercial,Lisbon,EUR,http://www.investing.com/equities/b.com-portugues
SLBEN,15177,Benfica,Lisbon,EUR,http://www.investing.com/equities/sport-lisboa-benf
CFN,15154,Cofina,Lisbon,EUR,http://www.investing.com/equities/cofina
COMAE,15155,Compta,Lisbon,EUR,http://www.investing.com/equities/compta
CDUL,989612,Conduril Engenharia,Lisbon,EUR,http://www.investing.com/equities/conduril-engenharia-sa
CORA,15156,Corticeira Amorim,Lisbon,EUR,http://www.investing.com/equities/corticeira-amorim
CTT,49929,CTT Correios de Portugal SA,Lisbon,EUR,http://www.investing.com/equities/ctt-correios-de-portugal-sa
EDP,424,EDP,Lisbon,EUR,http://www.investing.com/equities/edp
EDPR,14606,EDP Renovaveis,Lisbon,EUR,http://www.investing.com/equities/edp-renovaveis
ESON,1057063,Estoril Sol,Lisbon,EUR,http://www.investing.com/equities/estoril-sol
ENXP,1156852,Euronext,Lisbon,EUR,http://www.investing.com/equities/euronext?cid=1156852
FLEXD,1156853,Flexdeal SIMFE,Lisbon,EUR,http://www.investing.com/equities/flexdeal-simfe-sa
GFIBI,989614,Fundiestamo I,Lisbon,EUR,http://www.investing.com/equities/fundiestamo-i
GALP,421,Galp Energia,Lisbon,EUR,http://www.investing.com/equities/galp-energia
GLINT,15163,Glintt,Lisbon,EUR,http://www.investing.com/equities/glintt-global
IBS,15165,Ibersol,Lisbon,EUR,http://www.investing.com/equities/ibersol-reg
GPA,15164,Imobili C Grao Para,Lisbon,EUR,http://www.investing.com/equities/imobili-c-grao-pa
IMPA,425,Impresa,Lisbon,EUR,http://www.investing.com/equities/impresa-sgps
INA,15166,Inapa,Lisbon,EUR,http://www.investing.com/equities/inapa
INAn,943382,Inapa Inv NV,Lisbon,EUR,http://www.investing.com/equities/inapa-inv-nv
JMT,423,J.Martins,Lisbon,EUR,http://www.investing.com/equities/j-martins
LIG,15167,Lisgrafica,Lisbon,EUR,http://www.investing.com/equities/lisgrafica-impres
MARTI,15168,Martifer,Lisbon,EUR,http://www.investing.com/equities/martifer
MCP,15169,Media Capital,Lisbon,EUR,http://www.investing.com/equities/grupo-media-capit
MRL,1156754,Merlin Properties SA,Lisbon,EUR,http://www.investing.com/equities/merlin-properties-sa?cid=1156754
MLMR,1131240,Monumental Residence,Lisbon,EUR,http://www.investing.com/equities/monumental-residence
MOTA,433,Mota Engil,Lisbon,EUR,http://www.investing.com/equities/mota-engil
MLM24,1131241,Multi 24,Lisbon,EUR,http://www.investing.com/equities/multi-24-sa
ALNOR,954904,Nexponor Sociedade Especial Invest,Lisbon,EUR,http://www.investing.com/equities/nexponor-sociedade-especial-invest
NOS,13807,Nos SGPS SA,Lisbon,EUR,http://www.investing.com/equities/zon-optimus-sa
NBA,15170,Novabase,Lisbon,EUR,http://www.investing.com/equities/novabase
ORE,15171,Orey Antunes,Lisbon,EUR,http://www.investing.com/equities/orey-antunes-r
ALPTR,994483,Patris Investimentos,Lisbon,EUR,http://www.investing.com/equities/patris-investimentos-sgps-sa
PHRA,435,Pharol SGPS SA,Lisbon,EUR,http://www.investing.com/equities/portugal-telecom
FCPP,15161,Porto,Lisbon,EUR,http://www.investing.com/equities/futebol-clube-do-porto
MLRZE,1090527,Raize Servicos Gestao,Lisbon,EUR,http://www.investing.com/equities/raize-servicos-gestao
RAMA,15172,Ramada,Lisbon,EUR,http://www.investing.com/equities/f.rama
RSGP,15173,Reditus,Lisbon,EUR,http://www.investing.com/equities/reditus-sociedade-gestora
RENE,434,REN,Lisbon,EUR,http://www.investing.com/equities/r.e.n
MLRP,1152312,Retail Prop,Lisbon,EUR,http://www.investing.com/equities/retail-properties
SVA,15182,Sag Gest,Lisbon,EUR,http://www.investing.com/equities/sag-gest
ALS4Y,1114329,Science4You,Lisbon,EUR,http://www.investing.com/equities/science4you
SEM,437,Semapa,Lisbon,EUR,http://www.investing.com/equities/semapa
YSO,439,Sonae,Lisbon,EUR,http://www.investing.com/equities/sonae
SONAC,15180,Sonae Capital,Lisbon,EUR,http://www.investing.com/equities/sonae-capital
SONI,438,Sonae Industria,Lisbon,EUR,http://www.investing.com/equities/sonae-industria
SNC,440,Sonaecom,Lisbon,EUR,http://www.investing.com/equities/sonaecom
SPSO,15181,Sporting,Lisbon,EUR,http://www.investing.com/equities/sporting-clube-de-portugal
SCLB,989615,Sporting Clube de Braga Futebol,Lisbon,EUR,http://www.investing.com/equities/sporting-clube-de-braga-futebol-sad
TDSA,15184,Teixeira Duarte,Lisbon,EUR,http://www.investing.com/equities/teixeira-duarte
NVGR,431,The Navigator,Lisbon,EUR,http://www.investing.com/equities/portucel
SCT,15176,Toyota Caetano,Lisbon,EUR,http://www.investing.com/equities/toyota-caetano-po
VAF,15185,VAA Vista Alegre,Lisbon,EUR,http://www.investing.com/equities/vaa-vis.aleg.atla
