ATVI,6464,Activision Blizzard Inc,NDX,USD
ADBE,6373,Adobe Systems Incorporated,NDX,USD
ADP,9019,Automatic Data Processing Inc,NDX,USD
AKAM,6460,Akamai Technologies Inc,NDX,USD
ALXN,13810,Alexion Pharmaceuticals Inc,NDX,USD
GOOGL,6369,Alphabet Inc,NDX,USD
GOOG,100160,Alphabet Inc C,NDX,USD
AMZN,6435,Amazon.com Inc,NDX,USD
AAL,44412,American Airlines Group,NDX,USD
AMGN,6466,Amgen Inc,NDX,USD
ADI,7869,Analog Devices Inc,NDX,USD
AAPL,6408,Apple Inc,NDX,USD
AMAT,6386,Applied Materials Inc,NDX,USD
ADSK,6363,Autodesk Inc,NDX,USD
BIDU,6378,Baidu Inc,NDX,USD
BBBY,6389,Bed Bath & Beyond Inc,NDX,USD
BIIB,6487,Biogen Inc,NDX,USD
BMRN,15579,Biomarin Pharmaceutical Inc,NDX,USD
AVGO,13969,Broadcom Ltd,NDX,USD
CA,6514,CA Inc,NDX,USD
CELG,6504,Celgene Corporation,NDX,USD
CERN,13068,Cerner Corporation,NDX,USD
CHTR,15722,Charter Communications Inc,NDX,USD
CHKP,6444,Check Point Software Technologies Ltd,NDX,USD
CSCO,260,Cisco Systems Inc,NDX,USD
CTXS,6421,Citrix Systems Inc,NDX,USD
CTSH,6454,Cognizant Technology Solutions,NDX,USD
CMCSA,6516,Comcast Corporation,NDX,USD
COST,6443,Costco Wholesale Corporation,NDX,USD
CSX,7906,CSX Corporation,NDX,USD
CTRP,6451,Ctripcom International Ltd,NDX,USD
XRAY,6411,DENTSPLY International Inc,NDX,USD
DISCA,6382,Discovery Communications Inc,NDX,USD
DISCK,15915,Discovery Communications C Inc,NDX,USD
DISH,6364,DISH Network Corporation,NDX,USD
DLTR,14776,Dollar Tree Inc,NDX,USD
EBAY,256,eBay Inc,NDX,USD
EA,6472,Electronic Arts Inc,NDX,USD
EXPE,6449,Expedia Inc,NDX,USD
ESRX,6367,Express Scripts Holding Co,NDX,USD
FB,26490,Facebook Inc,NDX,USD
FAST,6409,Fastenal Company,NDX,USD
FISV,6370,Fiserv Inc,NDX,USD
FOXA,23180,Twenty-First Century Fox A Inc,NDX,USD
FOX,7216,Twenty-First Century Fox Inc,NDX,USD
GILD,6365,Gilead Sciences Inc,NDX,USD
HSIC,6405,Henry Schein Inc,NDX,USD
ILMN,13081,Illumina Inc,NDX,USD
INCY,16360,Incyte Corporation,NDX,USD
INTC,251,Intel Corporation,NDX,USD
INTU,6448,Intuit Inc,NDX,USD
ISRG,6393,Intuitive Surgical Inc,NDX,USD
JD,102911,Jd.Com Inc Adr,NDX,USD
KHC,270,Kraft Heinz Co,NDX,USD
LRCX,6445,Lam Research Corp,NDX,USD
LBTYA,6371,Liberty Global PLC,NDX,USD
LBTYK,16491,Liberty Global PLC Class C,NDX,USD
QVCA,6489,Liberty Interactive Corp A,NDX,USD
LVNTA,31048,Liberty Ventures,NDX,USD
LLTC,6486,Linear Technology Corporation,NDX,USD
MAR,8136,Marriott International Inc,NDX,USD
MAT,7917,Mattel Inc,NDX,USD
MXIM,13084,Maxim Integrated Products Inc,NDX,USD
MCHP,6391,Microchip Technology Incorporated,NDX,USD
MU,8092,Micron Technology Inc,NDX,USD
MSFT,252,Microsoft Corporation,NDX,USD
MDLZ,32372,Mondelez International Inc,NDX,USD
MNST,6355,Monster Beverage 1990 Corp,NDX,USD
MYL,13570,Mylan Inc,NDX,USD
NTAP,6440,NetApp Inc,NDX,USD
NTES,6439,NetEase Inc,NDX,USD
NFLX,13063,Netflix Inc,NDX,USD
NCLH,40082,Norwegian Cruise Line Holdings Ltd,NDX,USD
NVDA,6497,NVIDIA Corporation,NDX,USD
NXPI,13989,NXP Semiconductors NV,NDX,USD
ORLY,13074,O'Reilly Automotive Inc,NDX,USD
PCAR,6430,PACCAR Inc,NDX,USD
PAYX,6406,Paychex Inc,NDX,USD
PYPL,956170,PayPal Holdings Inc,NDX,USD
PCLN,13072,Priceline.com Incorporated,NDX,USD
QCOM,6376,Qualcomm Incorporated,NDX,USD
REGN,32391,Regeneron Pharmaceuticals Inc,NDX,USD
ROST,6437,Ross Stores Inc,NDX,USD
SBAC,39107,SBA Communications Corporation,NDX,USD
STX,8940,Seagate Technology PLC,NDX,USD
SIRI,6427,Sirius XM Holding Inc,NDX,USD
SWKS,32378,Skyworks Solutions Inc,NDX,USD
SBUX,6500,Starbucks Corporation,NDX,USD
SRCL,6499,Stericycle Inc,NDX,USD
SYMC,6494,Symantec Corporation,NDX,USD
TMUS,19694,T-Mobile US Inc,NDX,USD
TSLA,13994,Tesla Motors Inc,NDX,USD
TXN,8268,Texas Instruments Incorporated,NDX,USD
TSCO,32379,Tractor Supply Company,NDX,USD
TRIP,32539,TripAdvisor Inc,NDX,USD
ULTA,39338,Ulta Salon Cosmetics & Fragrance,NDX,USD
VRSK,39340,Verisk Analytics Inc,NDX,USD
VRTX,6353,Vertex Pharmaceuticals Inc,NDX,USD
VIAB,8171,Viacom B Inc,NDX,USD
VOD,22196,Vodafone Group PLC,NDX,USD
WBA,8355,Walgreens Boots Alliance Inc,NDX,USD
WDC,8117,Western Digital Corporation,NDX,USD
WFM,6459,Whole Foods Market Inc,NDX,USD
XLNX,6467,Xilinx Inc,NDX,USD
YHOO,6402,Yahoo! Inc,NDX,USD
