USDJOD,153,US Dollar Jordan Dinar,Forex,JOD
EURJOD,1651,Euro Jordan Dinar,Forex,JOD
GBPJOD,1765,British Pound Jordan Dinar,Forex,JOD
JODILS,1886,Jordan Dinar Israeli Shekel,Forex,ILS
AEDJOD,9312,UAE Dirham Jordan Dinar,Forex,JOD
ARSJOD,9365,Argentinian Peso Jordan Dinar,Forex,JOD
AUDJOD,9397,Australian Dollar Jordan Dinar,Forex,JOD
BRLJOD,9427,Brazil Real Jordan Dinar,Forex,JOD
CADJOD,9467,Canadian Dollar Jordan Dinar,Forex,JOD
CNYJOD,9509,Chinese Yuan Jordan Dinar,Forex,JOD
CHFJOD,9549,Swiss Franc Jordan Dinar,Forex,JOD
DKKJOD,9585,Danish Krone Jordan Dinar,Forex,JOD
HKDJOD,9630,Hong Kong Dollar Jordan Dinar,Forex,JOD
ILSJOD,9695,Israeli Shekel Jordan Dinar,Forex,JOD
NOKJOD,9855,Norwegian Krone Jordan Dinar,Forex,JOD
NZDJOD,9899,New Zealand Dollar Jordan Dinar,Forex,JOD
PLNJOD,9991,Polish Zloty Jordan Dinar,Forex,JOD
SARJOD,10092,Saudi Riyal Jordan Dinar,Forex,JOD
SEKJOD,10143,Swedish Krona Jordan Dinar,Forex,JOD
SGDJOD,10185,Singapore Dollar Jordan Dinar,Forex,JOD
TRYJOD,10263,Turkish Lira Jordan Dinar,Forex,JOD
TWDJOD,10315,Taiwan Dollar Jordan Dinar,Forex,JOD
VEFJOD,10368,Venezuelan Bolivar Jordan Dinar,Forex,JOD
ZARJOD,10420,South African Rand Jordan Dinar,Forex,JOD
JODJPY,14479,Jordan Dinar Japanese Yen,Forex,JPY
JODKWD,14480,Jordan Dinar Kuwaiti Dinar,Forex,KWD
JPYJOD,14482,Japanese Yen Jordan Dinar,Forex,JOD
KWDJOD,14488,Kuwaiti Dinar Jordan Dinar,Forex,JOD
JODUSD,950989,Jordan Dinar US Dollar,Forex,USD
JODEUR,950990,Jordan Dinar Euro,Forex,EUR
JODGBP,950991,Jordan Dinar British Pound,Forex,GBP
JODAED,950992,Jordan Dinar UAE Dirham,Forex,AED
JODSAR,950993,Jordan Dinar Saudi Riyal,Forex,SAR
