VUSA,986898,Vanguard S&P 500 UCITS,,
S2EUBH,949292,UBS ETF - MSCI Switzerland 20/35 100% hedged to EUR UCITS EUR A-acc,,
CAHEUA,956326,UBS MSCI Canada UCITS EUR,,
HMCH,996805,HSBC MSCI China UCITS,,
CSSPX,995390,iShares Core S&P 500 UCITS,,
UKEUBH,949290,UBS ETF - MSCI United Kingdom 100% hedged to EUR UCITS EUR A-acc,,
EGUSAS,46253,UBS ETFs plc - MSCI Emerging Markets SF UCITS USD A-acc,,
EIMI,995607,iShares Core MSCI Emerging Markets IMI UCITS,,
USAUSW,1024462,UBS Irl plc MSCI USA UCITS A-acc,,
CSSMI,994152,iShares SMI,,
Irl,995899,UBS,,
EMUAA,1024728,UBS MSCI EMU UCITS A-acc,,
IUSA,995560,iShares S&P 500 UCITS Dist,,
IWDP,995451,iShares Developed Markets Property Yield UCITS,,
UKUSBH,995889,UBS MSCI United Kingdom hedged UCITS A-acc,,
EQQQ,995869,PowerShares EQQQ Nasdaq-100 UCITS,,
XMEX,996853,db x-trackers MSCI Mexico UCITS DR 1C,,
SX7EEX,995586,iShares EURO STOXX Banks 30-15 UCITS,,
EUSRS,1024745,UBS MSCI EMU Socially Responsible UCITS hedged A-acc,,
USCHWH,995900,UBS plc MSCI USA hedged UCITS A-acc,,
AWSRIS,1057721,UBS Irl ETF plc - MSCI ACWI Socially Responsible UCITS ETF Hedged A Acc,,
EMBC,956332,iShares JP Morgan USD EM Bond UCITS,,
SXPIEX,995370,iShares STOXX Europe 600 UCITS,,
EUREUA,995879,UBS ETF MSCI Europe UCITS EUR A-dis,,
USMUFS,1052105,UBS plc MSCI USA Select Factor Mix UCITS hedged to CHF A-acc,,
JPEUBH,949291,UBS ETF - MSCI Japan 100% hedged to EUR UCITS EUR A-acc,,
IJPN,995429,iShares MSCI Japan UCITS Dist,,
SMICHA,995903,UBS SMI A-dis,,
EUUSBH,995877,UBS MSCI EMU hedged UCITS A-acc,,
ACWIJ,1024440,UBS plc MSCI ACWI SF UCITS hedged to JPY A-acc,,
JPUSBH,995880,UBS MSCI Japan hedged UCITS A-acc,,
SGPDU,956336,UBS - MSCI Singapore UCITS,,
SWICHA,995886,UBS MSCI Switzerland A-dis,,
UKCHBH,996789,UBS MSCI United Kingdom hedged to CHF UCITS A-acc,,
ACWIU,1024471,UBS plc MSCI ACWI SF UCITS hedged USD A-acc,,
CNYA,995615,iShares MSCI China A UCITS USD,,
AWSRIW,1057730,UBS Irl ETF plc - MSCI ACWI Socially Responsible UCITS ETF Hedged A Acc,,
TIP1A,1024755,UBS Bloomberg Barclays TIPS 1-10 UCITS A-acc,,
MSRUSA,996778,UBS MSCI Emerging Markets Socially Responsible UCITS A-dis,,
LYINR,995864,Lyxor MSCI India UCITS,,
CBUS,995767,UBS Barclays US Liquid Corporates,,
IUIT,995680,iShares S&P 500 USD Information Technology Sector UCITS,,
HKDU,956335,UBS MSCI Hong Kong UCITS,,
EMMUSA,995876,UBS MSCI Emerging Markets UCITS,,
CSNDX,995557,iShares NASDAQ 100 UCITS,,
SW2CHB,949293,UBS ETF - MSCI Switzerland 20/35 UCITS CHF A-acc,,
SWUSAH,995887,UBS MSCI Switzerland hedged A-dis,,
UKGBPB,996786,UBS MSCI United Kingdom UCITS A-acc,,
CBUS5,995830,UBS Barclays US Liquid Corporates 1-5Yr UCITS,,
IEEM,995490,iShares MSCI Emerging Markets UCITS Dist,,
CHSPI,995351,iShares Core SPI CHF,,
AWESGW,1057722,UBS Irl ETF plc - MSCI ACWI ESG Universal UCITS ETF Hedged A Acc,,
JPCHBH,995881,UBS MSCI Japan hedged UCITS A-acc,,
CSUS,995394,iShares MSCI USA UCITS,,
SF1CHA,995824,UBS ETF - SBI Foreign AAA-BBB 1-5 UCITS CHF A-dis,,
SPICHA,995905,UBS SPI A-dis,,
CAHUSA,956327,UBS MSCI Canada UCITS USD,,
SWDA,995448,iShares Core MSCI World UCITS,,
IWRD,995453,iShares MSCI World UCITS,,
EMUC,956333,iShares MSCI EMU UCITS,,
IPRV,995562,iShares Listed Private Equity UCITS,,
USSRS,1024743,UBS MSCI USA Socially Responsible UCITS hedged  A-acc,,
XBAG,995826,db x-trackers II Barclays Global Aggregate Bond UCITS 1C,,
ZSIL,995918,ZKB Silver AA,,
RBOT,1009409,iShares Automation & Robotics UCITS Acc,,
S2USBH,995884,UBS MSCI Switzerland 20/35 hedged UCITS A-acc,,
SJPA,995547,iShares Core MSCI Japan IMI UCITS,,
IKOR,995432,iShares MSCI Korea UCITS Dist,,
XMCH,996856,db x-trackers MSCI China UCITS DR 1C,,
XMUS,996798,db x-trackers MSCI USA UCITS 1C,,
SBIO,996765,Source NASDAQ Biotech UCITS,,
USMUFE,1052104,UBS plc MSCI USA Select Factor Mix UCITS hedged to EUR A-acc,,
IUAG,995443,iShares US Aggregate Bond UCITS,,
SW2CHA,996784,UBS MSCI Switzerland 20/35 UCITS A-dis,,
AWESGS,1057725,UBS Irl ETF plc - MSCI ACWI ESG Universal UCITS ETF Hedged A Acc,,
IJPC,995752,iShares MSCI Japan CHF Hedged UCITS,,
IEMO,995618,iShares Edge MSCIope Momentum Factor UCITS,,
CBHUI,996965,ComStage NYSE Arca Gold BUGS UCITS,,
CSGOLD,995356,iShares Gold USD,,
EUGBPA,1031751,UBS MSCI EMU UCITS hedged A-acc,,
INFR,995526,iShares Global Infrastructure UCITS,,
XMTW,996793,db x-trackers MSCI Taiwan UCITS DR,,
SWEUAH,995888,UBS MSCI Switzerland hedged A-dis,,
GGMCHY,996777,UBS Irl plc Solactive Global Pure Gold Miners UCITS A-dis,,
USGBPA,1045812,UBS MSCI USA UCITS ETF hedged A-acc,,
IJPE,995428,iShares MSCI Japan EUR Hedged UCITS,,
IWDC,995343,iShares MSCI World CHF Hedged UCITS CHF,,
INAA,995533,iShares MSCI North America UCITS,,
SRFCHA,996767,UBS CH SXI Real Estate A-dis,,
EMUM,995605,iShares MSCI EMU Mid Cap UCITS,,
CHDVD,995349,iShares Swiss Dividend CHF,,
SLXX,956331,iShares Core GBP Corporate Bond UCITS,,
MRIC,995868,RBS Market Access Rogers International Commodity UCITS,,
EUCHBH,995878,UBS MSCI EMU hedged UCITS A-acc,,
LYDAX,996972,Lyxor UCITS DAX,,
LYSLE,996749,Lyxor UCITS Daily Leveraged SMI C,,
XMEM,996796,db x-trackers MSCI Emerging Markets UCITS,,
E50EUA,996938,UBS ETF - EURO STOXX 50 UCITS EUR A-dis,,
ACWIE,1024472,UBS plc MSCI ACWI SF UCITS hedged EUR A-acc,,
IBZL,995406,iShares MSCI Brazil UCITS Dist,,
CCCHAS,995750,UBS plc CMCI Composite SF UCITS,,
JBSIUA,995770,Julius Baer Physical Silver Fund,,
XFVT,996847,db x-trackers FTSE Vietnam UCITS 1C,,
LYAEJ,996752,Lyxor UCITS MSCI AC Asia-Pacific Ex Japan C-E,,
CHCORP,995344,iShares Core CHF Corporate Bond CHF,,
CBHUIUS,996966,ComStage NYSE Arca Gold BUGS UCITS,,
ISJP,995470,iShares MSCI Japan Small Cap UCITS Dist,,
XEOU,956328,db x-trackers MSCI Europe UCITS,,
CBSEUS,1057737,UBS ETF - Bloomberg Barclays MSCI Euro Area Liquid Corporates Sustainable UCITS ETF hedged A-acc,,
CSEMU,995384,iShares MSCI EMU UCITS,,
GENDEW,1057727,UBS Irl ETF plc - Global Gender Equality UCITS ETF Hedged A Acc,,
VFEM,986894,Vanguard FTSE Emerging Markets UCITS,,
AUCHAH,995748,UBS Gold hedged,,
HSPX,996811,HSBC S&P 500 UCITS,,
MVEU,995655,iShares Edge MSCI Europe Min Volatility UCITS,,
CSEMUS,995497,iShares MSCI EMU Small Cap UCITS,,
CANCDA,995875,UBS ETF MSCI Canada UCITS CAD A-dis,,
ACWIS,1024473,UBS plc MSCI ACWI SF UCITS hedged CHF A-acc,,
XAXD,996854,db x-trackers MSCI AC Asia Ex Japan UCITS,,
HBRL,996804,HSBC MSCI Brazil UCITS,,
SAUS,995567,iShares MSCI Australia UCITS,,
CBUS5S,995749,UBS Barclays US Liquid Corporates 1-5 UCITS hedged,,
USSRT,1024744,UBS MSCI USA Socially Responsible UCITS hedged A-dis,,
ITPS,995441,iShares TIPS UCITS,,
GHYC,995339,iShares Global High Yield Corporate Bond CHF Hedged UCITS CHF,,
SF5CHA,995825,UBS ETF - SBI Foreign AAA-BBB 5-10 UCITSCHF A-dis,,
LYMTB,995789,Lyxor UCITS EuroMTS 3-5Y Investment Grade DR,,
SRECHA,995907,UBS SXI Real Estate Funds A-dis,,
LYSP5,996880,Lyxor UCITS S&P 500 D-USD,,
HMAF,996746,HSBC MSCI AC Far East ex Japan UCITS,,
IJPD,995355,iShares MSCI Japan Hedged UCITS,,
DCCHAS,995896,UBS plc Bloomberg Commodity Index SF UCITS A-acc,,
XSMI,996831,db x-trackers Swiss Large Cap UCITS DR 1D,,
PTCHA,995893,UBS Platinum A-dis,,
JPGBPA,1031752,UBS MSCI Japan UCITS hedged A-acc,,
SMMCHA,995904,UBS SMIM A-dis,,
CSSX5E,995396,iShares CoreO STOXX 50 UCITS,,
IECF,995665,iShares Euro Corporate Bond Financials UCITS,,
XG7G,995764,db x-trackers II iBoxx Global Inflation-Linked UCITS 4D Hedged,,
OILCHA,995756,UBS CMCI Oil SF,,
JPNJPA,996822,UBS ETF MSCI Japan UCITS JPY A-dis,,
XD5E,996992,db x-trackers MSCI EMU UCITS DR,,
SPY4,996882,SSgA SPDR S&P 400 US Mid Cap,,
HMEUS,996806,HSBC MSCI EUROPE UCITS,,
LYBNK,996980,Lyxor UCITS Stoxx Europe 600 Banks,,
ESCEUA,996896,UBS ETF MSCI EMU Small Cap UCITS EUR A-dis,,
IEMB,995416,iShares J.P. Morgan Emerging Market Bond UCITS,,
LTAM,995457,iShares MSCI Emerging Market Latin America UCITS,,
GENDES,1057740,UBS Irl ETF plc - Global Gender Equality UCITS ETF Hedged A Acc,,
AUEM,996984,Amundi ETF MSCI Emerging Markets UCITS USD,,
LQDE,995455,iShares Corporate Bond UCITS,,
CSBGU0,995481,iShares $ Treasury Bond 7-10Yr UCITS Acc,,
XD9U,996991,db x-trackers MSCI USA UCITS DR,,
USEUYH,996773,UBS Irl plc MSCI USA hedged UCITS A-dis,,
CAHCHA,956337,UBS MSCI Canada UCITS,,
XESX,996794,db x-trackers Euro Stoxx 50 UCITS DR 1D,,
BRMIDD,996873,iShares FTSE 250 UCITS,,
JBSICA,995853,Julius Baer Physical Silver Fund A,,
ISIUSE,995563,iShares S&P 500 EUR Hedged UCITS,,
SPMCHA,995906,UBS SPI Mid A-dis,,
DAXEX,995377,iShares Core DAX UCITS,,
XMBR,996857,db x-trackers MSCI Brazil UCITS DR 1C,,
CBSEUT,1057738,UBS ETF - Bloomberg Barclays MSCI Euro Area Liquid Corporates Sustainable UCITS ETF hedged A-dis,,
CSSMIM,995365,iShares SMIM CHF,,
EMVEUA,996891,UBS ETF MSCI EMU Value UCITS EUR Adis,,
IEER,995529,iShares MSCI Easternope Capped UCITS,,
SLICHA,995902,UBS SLI A-dis,,
IBTM,995437,iShares Treasury Bond 7-10 UCITS,,
JPNCHA,996821,UBS ETF MSCI Japan UCITS JPY A-dis,,
AUCO,996861,ETFX DAXGlobal Gold Mining GO UCITS,,
IFFF,995421,iShares MSCI AC Far East ex-Japan UCITS,,
DMFC,1052287,iShares Edge MSCI World Multifactor UCITS Hedged Acc,,
CSSLI,995352,iShares SLI CHF,,
ZGLD,995909,ZKB Gold AA,,
ITKY,995552,iShares MSCI Turkey UCITS,,
ISFE,996813,iShares MSCI AC Far East ex-Japan Small Cap UCITS,,
OILEUA,995873,UBS CMCI Oil SF A-dis,,
CBMINAPUS,996910,ComStage MSCI Pacific TRN UCITS,,
CSUK,995372,iShares MSCI UK UCITS,,
USAUSY,996816,UBS Irl ETF plc - MSCI USA UCITS USD A-dis,,
XDWD,996744,db x-trackers MSCI World Index UCITS DR 1C,,
ACGUKD,1024559,UBS plc MSCI ACWI SF UCITS hedged GBP A-Ukdis,,
ZGLDHC,995913,ZKB Gold AAH,,
WSRUSA,996903,UBS ETF MSCI World Socially Responsible UCITS USD A-dis,,
XDUE,1024735,db x-trackers MSCI EMU UCITS DR 3C,,
STOXX50EEX,995568,iShares EURO STOXX 50 UCITS,,
XGSD,996860,db x-trackers STOXX Global Select Dividend 100 UCITS 1D,,
AWESGE,1057723,UBS Irl ETF plc - MSCI ACWI ESG Universal UCITS ETF Hedged A Acc,,
LYLVE,996838,Lyxor UCITS Stoxx 50 Daily Leverage,,
IH2O,995425,iShares Global Water UCITS,,
IAPD,995399,iShares Asia Pacific Dividend UCITS,,
ASRUSA,996904,UBS MSCI USA Socially Responsible UCITS,,
SB1CHA,995346,UBS ETF – SBI Domestic Government 1-3 CHF A-dis,,
PACUSA,995883,UBS ETF MSCI Pacific ex Japan UCITS USD A-dis,,
S2HGBA,1024732,UBS MSCI Switzerland 20/35 UCITS hedged A-acc,,
IMEU,995530,iShares MSCI Europe UCITS Dist,,
CSBGE3,995367,iShares Government Bond 1-3 UCITS,,
CSBGC7,995342,iShares Swiss Domestic Government Bond 3-7 CHF,,
XMAI,996929,db x-trackers MSCI EM Asia UCITS 1C,,
INRG,995518,iShares Global Clean Energy UCITS,,
IBTS,995404,iShares Treasury Bond 1-3 UCITS,,
XLKS,996883,Source Technology S&P US Select Sector UCITS,,
ISAGGS,1073067,iShares Global Aggregate Bond UCITS  CHF Hedged Acc,,
MUUSAS,997005,UBS plc MSCI USA SF UCITS A-acc,,
XMWO,45595,db x-trackers MSCI World UCITS 1C,,
UKSRT,1024558,UBS Irl plc MSCI United Kingdom IMI Socially Responsible UCITS hedged A-dis,,
IEMS,995542,iShares MSCI Emerging Market Small Cap UCITS,,
AUUSI,995765,UBS Gold Adis,,
C40,996885,Amundi CAC 40 UCITS,,
ZSILHC,995921,ZKB Silver AAH,,
SB3CHA,995347,UBS ETF – SBI Domestic Government 3-7 CHF A-dis,,
SW2UKD,996785,UBS MSCI Switzerland 20/35 UCITS A-UKdis,,
SX7PEX,995462,iShares STOXX Europe 600 Banks UCITS,,
IAUP,995591,iShares S&P Gold Producers UCITS,,
HIDR,996791,HSBC MSCI Indonesia UCITS,,
XBAC,995763,db x-trackers II Barclays Global Aggregate Bond UCITS 4C,,
DR,996989,db x-trackers Euro Stoxx 50 UCITS,,
TIP1S,1024758,UBS Bloomberg Barclays TIPS 1-10 UCITS hedged A-acc CHF,,
CCUSAS,995768,UBS plc CMCI Composite SF UCITS,,
GSCID,953164,S&P GSCI Energy&Metals THEAM Easy UCITS C,,
JBGOEX,995775,Julius Baer Physical Gold AX,,
IDP6,995494,iShares S&P Small Cap 600 UCITS,,
CSINDU,995555,iShares Dow Jones Industrial Average UCITS,,
Irl,996900,UBS,,
LYTELW,996760,Lyxor MSCI World Telecommunication Services TR UCITS C,,
ZSILHE,995920,ZKB Silver AAH,,
VUTY,986900,Vanguard USD Treasury Bond UCITS USD,,
LYFLOTH,1056431,Lyxor USD Floating Rate Note UCITS Monthly Hedged D-CHF,,
EMCR,995397,iShares $ Emerging Markets Corporate Bond UCITS,,
TIP1E,1024756,UBS Bloomberg Barclays TIPS 1-10 UCITS hedged A-acc EUR,,
HMJP,996809,HSBC MSCI Japan UCITS,,
VECP,986888,Vanguard EUR Corporate Bond UCITS,,
XMJP,996792,db x-trackers MSCI Japan UCITS 1C DR,,
CSBGU7,995479,iShares $ Treasury Bond 3-7Yr UCITS Acc,,
MVOL,995660,iShares Edge MSCI World Minimum Volatility UCITS,,
CSCA,995576,iShares MSCI Canada UCITS,,
DJ Turkey Titans 20,996837,Lyxor UCITS Turkey,,
SVUSA,995901,UBS Silver A-dis,,
ZGLDHE,995914,ZKB Gold AAH,,
USACHA,995890,UBS ETF MSCI USA UCITS USD A-dis,,
IHYU,995559,iShares High Yield Corporate Bond UCITS,,
VJPN,986895,Vanguard FTSE Japan UCITS,,
IUSP,995446,iShares US Property Yield UCITS,,
CBUSE,995827,UBS ETF Barclays US Liquid Corporates UCITS hedged to EUR A-acc,,
QDIV,995677,iShares MSCI USA Dividend IQ UCITS,,
XLES,996876,Source Energy S&P US Select Sector UCITS USD,,
IDJG,996864,iShares EURO Total Market Growth Large UCITS,,
XBAU,995772,db x-trackers II Barclays Global Aggregate Bond UCITS 2C,,
SPY5,996844,SPDR S&P 500 UCITS,,
CSBGC3,995341,iShares Swiss Domestic Government Bond 1-3 CHF,,
CSUKX,995373,iShares FTSE 100 UCITS Acc,,
CSGLDC,995751,iShares Gold CHF Hedged,,
CWFUSD,996741,Amundi MSCI World Financials UCITS,,
EMUEUA,996889,UBS ETF MSCI EMU UCITS EUR A-dis,,
CBATXEU,996906,ComStage ATX UCITS,,
EMUCHA,996890,UBS ETF MSCI EMU UCITS EUR A-dis,,
WRDCHA,949289,UBS ETF MSCI World UCITS USD A-dis,,
EMDL,995790,SSgA SPDR Barclays Emerging Markets Local Bond UCITS,,
XLBS,996764,Source Materials S&P US Select Sector UCITS,,
CCEUAS,995898,UBS ETFs plc - CMCI Composite SF UCITS EUR A-acc,,
DJMC,995508,iShares EURO STOXX Mid UCITS,,
USAUSA,996827,UBS ETF MSCI USA UCITS USD A-dis,,
LYUS10,995818,Lyxor UCITS iBoxx USD Treasuries 10Y+ DR,,
ACCUKD,1024561,UBS plc MSCI ACWI SF UCITS hedged A-Ukdis,,
ISIUSC,995348,iShares S&P 500 CHF Hedged UCITS,,
AUSAUW,996769,UBS Irl plc MSCI Australia UCITS A-acc,,
CSUSS,995505,iShares MSCI USA Small Cap UCITS,,
CSWCHF,995835,Amundi MSCI Switzerland UCITS,,
ZGLDUS,995910,ZKB Gold AA,,
S5USAS,997006,UBS plc S&P 500 SF UCITS A-acc,,
IWSZ,997002,iShares MSCI World Size Factor UCITS,,
CSRU,995392,iShares MSCI Russia ADR/GDR UCITS,,
STHC,1024466,PIMCO Short-Term High Yield Corporate Bond Source Hedged Acc,,
JPEUAH,996783,UBS MSCI Japan hedged to EUR UCITS A-dis,,
STHE,995823,PIMCO Short-Term High Yield Corporate Bond Source UCITS EUR Hedged Class,,
AUEUAH,995773,UBS Gold hedged,,
XRS2,956322,db x-trackers Russell 2000 UCITS GBP,,
LYWAT,996839,Lyxor UCITS World Water D-EUR,,
ISF,995435,iShares Core FTSE 100 UCITS,,
HMEF,996870,HSBC MSCI Emerging Markets UCITS,,
SPXJ,995492,iShares MSCI Pacific ex-Japan UCITS,,
CBGSPCUS,996968,ComStage S&P 500 UCITS,,
XSGI,996851,db x-trackers S&P Global Infrastructure UCITS 1C,,
XDAX,996829,db x-trackers DAX UCITS DR,,
AUHCHA,1024470,UBS Irl plc MSCI Australia UCITS hedged CHF A-acc,,
XLDX,996950,db x-trackers LevDAX Daily UCITS 1C,,
VWRL,986890,Vanguard FTSE All-World UCITS,,
AWSRIE,1057729,UBS Irl ETF plc - MSCI ACWI Socially Responsible UCITS ETF Hedged A Acc,,
ACUUKD,1024560,UBS plc MSCI ACWI SF UCITS hedged USD A-Ukdis,,
Irl,996898,UBS,,
IEMI,995419,iShares Emerging Market Infrastructure UCITS,,
MDAXEX,995471,iShares MDAX UCITS DE,,
WOSC,996766,SPDR MSCI World Small Cap UCITS,,
SPOL,995433,iShares MSCI Poland UCITS,,
Irl,1057720,UBS,,
XTXC,995581,db x-trackers II iTraxx Crossover 5y UCITS,,
XSMC,996745,db x-trackers Swiss Large Cap Index UCITS DR 1C,,
JBGOEA,995774,Julius Baer Physical Gold Fund,,
CSEMAS,995382,iShares MSCI Emerging Market Asia UCITS,,
WSRCHA,996902,UBS ETF MSCI World Socially Responsible UCITS USD A-dis,,
SEMA,995544,iShares MSCI Emerging Markets UCITS,,
CSGLDE,995357,iShares Gold EUR Hedged EUR,,
E50CHA,996937,UBS ETF - EURO STOXX 50 UCITS EUR A-dis,,
SSAC,995535,iShares MSCI ACWI UCITS,,
JBGOCA,995753,Julius Baer Physical Gold,,
GENDER,1057726,UBS Irl ETF plc - Global Gender Equality UCITS ETF A Acc,,
CBNDXUS,996963,ComStage Nasdaq-100 UCITS,,
SX5E,996932,Source Euro Stoxx 50 TR A UCITS,,
PTUSA,995894,UBS Platinum A-dis,,
IEAC,995409,iShares Core Corporate Bond UCITS,,
CSBGE0,995484,iShares Euro Government Bond 7-10Yr UCITS Acc,,
XLIS,996879,Ind. S&P US Sel Sector Source,,
ZPAL,995915,ZKB Palladium AA,,
SSMIEX,995474,iShares SLI UCITS DE,,
ZSILEU,995917,ZKB Silver AA,,
SYB3,995800,SPDR Barclays Capital 1-3 Yr Euro Govt Bond,,
CRPH,995658,iShares Global Corporate Bond EUR Hedged UCITS,,
CBSDAXIEU,996949,ComStage SDAX TR UCITS,,
CBCOMMOUS,995837,ComStage Commerzbank Commodity ex-Agriculture EW TR UCITS,,
IDTL,956325,iShares Treasury Bond 20+ UCITS,,
100GBA,996875,UBS - FTSE 100 UCITS GBP A-dis,,
RGLDO,995757,Raiffeisen Solid Gold Ounces A,,
CSBGU3,995499,iShares $ Treasury Bond 1-3Yr UCITS Acc,,
X03H,995762,db x-trackers II Global Sovereign UCITS 4C hedged,,
XEMB,995802,db x-trackers IIEmerging Markets Liquid Eurobond UCITS 1C,,
XLFS,996877,Source Financials S&P US Select Sector UCITS USD,,
XMME,1065475,db x-trackers MSCI Emerging Markets UCITS DR 1C Unhedged,,
IEAG,995411,iShares Aggregate Bond UCITS,,
EUN,995512,iShares STOXX Europe 50 UCITS,,
FXC,995488,iShares China Large Cap UCITS,,
ZGLDEU,995911,ZKB Gold AA,,
CBSEUA,1057736,UBS ETF - Bloomberg Barclays MSCI Euro Area Liquid Corporates Sustainable UCITS,,
VEVE,986893,Vanguard FTSE Developed World UCITS,,
SSGEMAS,996886,SPDR MSCI EM Asia UCITS,,
EUE,995371,iShares EURO STOXX 50 UCITS Dist,,
LYTNOW,996758,Lyxor MSCI World Information Technology TR UCITS,,
AUSCHW,996770,UBS Irl plc MSCI Australia UCITS A-acc,,
JBPACA,995843,Julius Baer Physical Palladium Fund A,,
GENDEE,1057728,UBS Irl ETF plc - Global Gender Equality UCITS ETF Hedged A Acc,,
CBMINWO,996911,ComStage MSCI World TRN UCITS,,
CSBGC0,995340,iShares Swiss Domestic Government Bond 7-15 CHF,,
ZPLA,995916,ZKB Platinum AA,,
JBGOCX,995754,Julius Baer Physical Gold AX,,
CBUSS,995345,UBS - Barclays US Liquid Corporates UCITS hedged to CHF A-acc,,
IGLO,995507,iShares Global Government Bond UCITS,,
IWQU,995637,iShares MSCI World Quality Factor UCITS,,
RGLDOU,995872,Raiffeisen Solid Gold Ounces A Inc,,
CSNKY,995546,iShares Nikkei 225 UCITS,,
EMLV,995630,iShares MSCI Emerging Markets Minimum Volatility UCITS,,
LYMEUCHF,996976,Lyxor UCITS MSCI Europe D-EUR,,
IPRP,995434,iShares European Property Yield UCITS,,
JBGOGA,995747,Julius Baer Physical Gold,,
LYSEL,996982,Lyxor UCITS Stoxx Europe Select Dividend 30,,
ZGLDHG,995912,ZKB Gold AAH,,
DJSC,995510,iShares EURO STOXX Small UCITS,,
JBGOUA,995354,Julius Baer Precious Metals - JB Physical Gold Fund USD A,,
RGLDOH,995758,Raiffeisen Solid Gold Ounces H,,
JBPLCA,995849,Julius Baer Physical Platinum Fund A,,
JBGOUX,995841,Julius Baer Physical Gold AX,,
CSJP,995387,iShares MSCI Japan UCITS Acc,,
CBMEMCHF,996939,ComStage MSCI Emerging Markets TRN UCITS,,
SDGPEX,995374,iShares STOXX Global Select Dividend 100 UCITS,,
LYNRJ,996978,Lyxor UCITS New Energy D-EUR,,
IBCX,995513,iShares Euro Corporate Bond Large Cap UCITS,,
OILUSA,995771,UBS CMCI Oil SF,,
MRAI,996936,Market Access RICI Agriculture UCITS,,
EMBE,995650,iShares J.P. Morgan Emerging Markets Bond EUR Hedged UCITS,,
LYCEC,996888,Lyxor UCITS Eastern Europe CECE NTR EUR C-EUR,,
IAAA,995663,iShares Global AAA-AA Government Bond UCITS,,
100CHA,949288,UBS - FTSE 100 UCITS GBP A-dis,,
XSLI,996956,db x-trackers SLI UCITS,,
CBSXPR,996925,ComStage STOXX Europe 600 Basic Resources NR UCITS,,
ESREUA,996893,UBS MSCI EMU Socially Responsible UCITS,,
HFCHAS,995469,UBS ETFs plc - HFRX Global Hedge SF UCITS CHF A-acc,,
IDVY,995509,iShares EURO Dividend UCITS,,
CSBGE7,995483,iShares Euro Government Bond 3-7Yr UCITS Acc,,
JBPLEA,995850,Julius Baer Physical Platinum Fund A,,
TCMCI,1024385,UBS Bloomberg CMCI Composite,,
IUKD,995501,iShares UK Dividend UCITS,,
JBPAEA,995842,Julius Baer Physical Palladium Fund A,,
S7XE,996933,Source EURO STOXX Optimised Banks,,
STOXX50EX,995475,iShares STOXX Europe 50 UCITS,,
DJE,996988,Lyxor UCITS Dow Jones Industrial Average D-EUR,,
MSE,996799,Lyxor UCITS Stoxx 50 D-EUR,,
S2HSGA,956334,UBS MSCI Switzerland 20/35 UCITS,,
CBMINEE,996915,ComStage MSCI EM Eastern Europe TRN UCITS,,
CBMINEEUS,996916,ComStage MSCI EM Eastern Europe TRN UCITS,,
SHEMB,1056188,UBS J.P. Morgan USD EM Diversified Bond 1-5 UCITS A-dis,,
CBMINEUM,996917,ComStage MSCI Europe Mid Cap TRN UCITS,,
CBMINEUS,996918,ComStage MSCI Europe Small Cap TRN UCITS,,
VHYL,986889,Vanguard FTSE All-World High Dividend Yield UCITS USD,,
CBSXDR,996927,ComStage STOXX Europe 600 Health Care NR UCITS,,
CBSXOREU,996926,ComStage STOXX Europe 600 Construction & Materials NR UCITS,,
VEUR,986892,Vanguard FTSE Developed Europe UCITS,,
VNRT,986896,Vanguard FTSE North America UCITS,,
VUCP,986899,Vanguard USD Corporate Bond UCITS USD,,
CBSXER,996928,ComStage STOXX Europe 600 Oil & Gas NR UCITS,,
CBSXPREU,996924,ComStage STOXX Europe 600 Basic Resources NR UCITS,,
VAPX,986891,Vanguard FTSE Developed Asia Pacific ex Japan UCITS,,
CBSX86R,996921,ComStage STOXX Europe 600 Real Estate NR UCITS,,
CBSX7R,996920,ComStage STOXX Europe 600 Banks NR UCITS,,
CBSX86REU,996922,ComStage STOXX Europe 600 Real Estate NR UCITS,,
CBSXAR,996923,ComStage STOXX Europe 600 A&P NR UCITS,,
ICOV,956329,iShares Covered Bond UCITS,,
CBMINEUSUS,996919,ComStage MSCI Europe Small Cap TRN UCITS,,
AWESGT,1057724,UBS Irl ETF plc - MSCI ACWI ESG Universal UCITS ETF Hedged A Dis,,
WSRUS,1072261,UBS - MSCI World Socially Responsible UCITS,,
MAGB,45613,Market Access NYSE Arca Gold BUGS,,
S&P ASX 200,1073297,Lyxor UCITS Australia,,
SX6PEX,995460,iShares STOXX Europe 600 Utilities UCITS,,
FLXD,1072253,Franklin LibertyQ European Dividend UCITS,,
LYKRWUSD,1072051,Lyxor UCITS MSCI Korea C-EUR,,
Irl,996897,UBS,,
PSRUSA,996895,UBS ETF MSCI Pacific Socially Responsible UCITS USD A-dis,,
LYQI,1073298,Lyxor UCITS SG Global Quality Income NTR D-EUR,,
GLAC,1073653,SPDR Bloomberg Barclays Global Aggregate Bond UCITS CHF Hedged,,
AFLC,1077023,Amundi Floating Rate USD Corporate UCITS,,
SXKPEX,995464,iShares STOXX Europe 600 Telecommunications UCITS,,
ESRCHA,996892,UBS MSCI EMU Socially Responsible UCITS,,
AFLE,1073501,Amundi Floating Rate USD Corporate UCITS Hedged EUR,,
PSRCHA,996894,UBS ETF MSCI Pacific Socially Responsible UCITS USD A-dis,,
XUHY,1067166,Xtrackers USD High Yield Corporate Bond UCITS,,
Irl,996899,UBS,,
GDX,956323,VanEck Vectors Gold Miners UCITS A,,
GENDET,1057735,UBS Irl ETF plc - Global Gender Equality UCITS ETF Hedged A Dis,,
CBMINAP,996909,ComStage MSCI Pacific TRN UCITS,,
JBGOGX,995338,Julius Baer Precious Metals - JB Physical Gold Fund GBP AX,,
CBMINWOUS,996912,ComStage MSCI World TRN UCITS,,
CBSTOXXR,996913,ComStage STOXX Europe 600 NR UCITS,,
CBCHNUSD,956324,ComStage FTSE China A50 UCITS,,
CBFEDFERUS,996907,ComStage Commerzbank FED Funds Effective Rate TR UCITS,,
DCUSAS,949286,UBS ETFs plc - CMCI Composite SF UCITS EUR A-acc,,
GLDM,1065339,Lyxor MSCI ACWI Gold UCITS C EUR,,
IWDE,995449,iShares MSCI World EUR Hedged UCITS,,
LYMTC,47025,Lyxor UCITS EuroMTS 5-7Y Investment Grade DR,,
IUKP,995444,iShares UK Property UCITS,,
CBATX,996905,ComStage ATX UCITS,,
EMUSRI,1057739,UBS ETF - MSCI EMU Socially Responsible UCITS ETF A-acc,,
CBSTOXX50EREU,996914,ComStage EURO STOXX 50 NR UCITS,,
JPSRT,1024741,UBS MSCI Japan Socially Responsible UCITS hedged A-dis,,
500USD,996987,Amundi ETF S&P 500 UCITS,,
SPMV,996971,Ossiam US Minimum Variance NR UCITS 1C,,
CBMINUSSUS,996970,ComStage MSCI USA Small Cap TRN UCITS,,
AASU,996973,Amundi ETF MSCI Emerging Asia UCITS,,
CN1,996974,Amundi ETF MSCI Nordic UCITS,,
CSMIB,995386,iShares FTSE MIB UCITS,,
CS9,996975,Amundi ETF MSCI Europe Ex Switzerland UCITS,,
CBMINUSS,996969,ComStage MSCI USA Small Cap TRN UCITS,,
MSEC,1009228,Lyxor Euro Stoxx 50 DR UCITS Daily Hedged C-CHF,,
CBNDX,996964,ComStage Nasdaq-100 UCITS,,
ULOVS,1024467,UBS Irl plc Factor MSCI USA Low Volatility UCITS hedged A-acc,,
IHYG,995427,iShares Euro High Yield Corporate Bond UCITS,,
IGLT,995423,iShares Core UK Gilts UCITS,,
BRIC,995380,iShares BRIC 50 UCITS,,
CBGSPC,996967,ComStage S&P 500 UCITS,,
LYMEH,996977,Lyxor UCITS FTSE EPRA/NAREIT Developed Europe D-EUR,,
ELOW,996996,SPDR Euro Stoxx Low Volatility UCITS,,
Irl,996997,UBS,,
GLDV,996995,SPDR S&P Global Dividend Aristocrats UCITS,,
CBFCHIEU,996985,ComStage CAC 40 UCITS,,
MLPD,996994,Source Morningstar US Energy Infrastructure MLP UCITS B,,
LYDSD,996986,Lyxor UCITS Daily ShortDAX x2 C-EUR,,
Irl,996998,UBS,,
MLPS,996999,Source Morningstar US Energy Infrastructure MLP UCITS,,
LYLEM,997003,Lyxor MSCI Emerging Markets UCITS,,
LYPVX,996979,Lyxor UCITS Privex D-EUR,,
CBCHNCHF,997001,ComStage FTSE China A50 UCITS,,
LYHLT,996981,Lyxor UCITS Stoxx Europe 600 Health Care,,
WOMV,996983,Ossiam World Minimum Variance NR UCITS 1C,,
EUUSAH,997000,UBS MSCI EMU UCITS USD,,
UTSYS,1024468,UBS Irl plc Factor MSCI USA Total Shareholder Yield UCITS hedged A-acc,,
CBMINUS,996962,ComStage MSCI USA TRN UCITS,,
CBGDAXI,996944,ComStage DAX TR UCITS,,
CBBUNDS,996943,ComStage Commerzbank Bund-Future Short TR UCITS,,
CBGDAXIEU,996945,ComStage DAX TR UCITS,,
CBGSULEU,996946,ComStage DivDAX TR UCITS,,
CBSUST,1024734,UBS Bloomberg Barclays MSCI US Liquid Corporates Sustainable UCITS hedged A-dis,,
CBGDAXP,996947,ComStage FR DAX UCITS,,
EMMCHA,996942,UBS MSCI Emerging Markets UCITS,,
MABI,996941,Market Access DAXGlobal BRIC UCITS,,
MXEU,996934,Source MSCI Europe,,
JPSRE,1024742,UBS MSCI Japan Socially Responsible UCITS hedged A-Acc,,
S6EW,996935,Ossiam Stoxx Europe 600 Equal Weight NR UCITS 1C,,
XLUS,996993,Source Utilities S&P US Select Sector UCITS,,
CBMEMUSD,996940,ComStage MSCI Emerging Markets TRN UCITS,,
CHNA,996990,CSOP Source FTSE China A50 UCITS,,
CBGDAXPEU,996948,ComStage FR DAX UCITS,,
ELOVS,1024733,UBS Factor MSCI EMU Low Volatility UCITS hedged A-acc,,
CBSPI,996957,ComStage SPI TR UCITS,,
CBMINRUC,996955,ComStage MSCI Russia 30 % Capped TRN UCITS,,
CBDJI,996959,ComStage Dow Jones Industrial Average TM UCITS,,
CBMINUSM,996960,ComStage MSCI USA Mid Cap TRN UCITS,,
AUHUSA,1024469,UBS Irl plc MSCI Australia UCITS hedged USD A-acc,,
CBMINUSMUS,996961,ComStage MSCI USA Mid Cap TRN UCITS,,
IASP,995369,iShares Asia Property Yield UCITS,,
CBN225,996954,ComStage Nikkei 225 UCITS,,
XHFC,995350,db x-trackers db Hedge Fund Index UCITS 5C CHF,,
CBEU5S,1024729,UBS Bloomberg Barclays Euro Area Liquid Corporates 1-5 Year UCITS hedged A-acc,,
IBCI,995400,iShares Inflation Linked Government Bond UCITS,,
UTSYE,1024724,UBS Irl plc Factor MSCI USA Total Shareholder Yield UCITS hedged EUR A-acc,,
CBHSI,996952,ComStage HSI UCITS,,
XSDX,996951,db x-trackers ShortDAX Daily UCITS 1C,,
SX5D,996931,Source EURO STOXX 50 B Total Return,,
LYTEL,996843,Lyxor UCITS Stoxx Europe 600 Telecommunications,,
LYMUA,995862,Lyxor UCITS FTSE EPRA/NAREIT United States,,
LYCRN,995860,Lyxor UCITS Commodities Thomson Reuters/Jefferies CRB ex-Energy TR C-USD,,
HSCEI,995859,Lyxor UCITS China Enterprise,,
JBSIGX,995857,Julius Baer Physical Silver Fund AX,,
HSI,995863,Lyxor UCITS Hong Kong,,
LYUSA,995866,Lyxor UCITS MSCI USA D-EUR,,
RGLDS,995870,Raiffeisen Solid Gold A,,
CBEU5U,995766,UBS Barclays Euro Area Liquid Corporates 1-5 UCITS hedged,,
JBPAUA,995769,Julius Baer Physical Palladium Fund,,
MRMI,995867,Market Access RICI Metals UCITS,,
JBSIEX,995856,Julius Baer Physical Silver Fund AX,,
JBSIUX,995855,Julius Baer Physical Silver Fund AX,,
JBPAUX,995846,Julius Baer Physical Palladium Fund AX,,
JBPAEX,995845,Julius Baer Physical Palladium Fund AX,,
JBPAGA,995844,Julius Baer Physical Palladium Fund A,,
COMF,995840,ETFX Longer Dated All Commodities GO UCITS,,
JBPACX,995847,Julius Baer Physical Palladium Fund AX,,
JBPLUA,995848,Julius Baer Physical Platinum Fund A,,
JBSIGA,995854,Julius Baer Physical Silver Fund A,,
JBPLCX,995852,Julius Baer Physical Platinum Fund AX,,
JBPLEX,995851,Julius Baer Physical Platinum Fund AX,,
RGLDSH,995871,Raiffeisen Solid Gold Hedged,,
AUUSICHF,995874,UBS Gold Adis,,
DCGBAS,995897,UBS plc Bloomberg Commodity Index SF UCITS A-acc,,
DCEUAS,995895,UBS plc Bloomberg Commodity Index SF UCITS A-acc,,
IUHC,995684,iShares S&P 500 USD Health Care Sector UCITS,,
PLUSA,995892,UBS Palladium A-dis,,
ISSPLV,995673,iShares Edge S&P 500 Minimum Volatility UCITS,,
CEMG,995671,iShares MSCI Emerging Markets Consumer Growth UCITS,,
IWVL,995642,iShares MSCI World Value Factor UCITS,,
SDIG,995644,iShares USD Short Duration Corp Bond UCITS,,
IFSU,995648,iShares Edge MSCI USA Multifactor UCITS,,
IFSW,995649,iShares Edge MSCI World Multifactor UCITS,,
WRDUSA,995891,UBS ETF MSCI World UCITS USD A-dis,,
IUFS,995687,iShares S&P 500 USD Financials Sector UCITS,,
CBUSH,995746,UBS Barclays US Liquid Corporates UCITS hedged,,
JPUSAH,995882,UBS MSCI Japan hedged UCITS A-dis,,
JBSICX,995755,Julius Baer Physical Silver Fund,,
SB7CHA,995759,UBS SBI Domestic Government 7-15 A-dis,,
S2EUAH,995885,UBS MSCI Switzerland 20/35 hedged UCITS A-dis,,
CBUS5H,995745,UBS Barclays US Liquid Corporates 1-5 UCITS hedged,,
TASE,995692,iShares TA-25 Israel UCITS,,
IMBS,995696,iShares US Mortgage Backed Securities UCITS,,
ISWING,995699,iShares Fallen Angels High Yield Corporate Bond UCITS,,
CBCOMMO,995838,ComStage Commerzbank Commodity ex-Agriculture EW TR UCITS,,
CWEUSD,995836,Amundi MSCI World Energy UCITS,,
TRSY,995797,SPDR Barclays Cap US Treasury Bond,,
LYLEMB,995796,Lyxor UCITS iBoxx USD Liquid Emerging Markets Sovereigns,,
IEUR,995794,iShares FTSEurofirst 80 UCITS,,
IEUT,995793,iShares FTSEurofirst 100 UCITS,,
SUBEEX,995798,iShares Dow Jones Eurozone Sustainability Screened UCITS,,
PJS1,995799,PIMCO Euro Short Maturity Source UCITS,,
UT1USA,995805,UBS ETF Barclays Capital US 1-3Y Treasury Bond USD A-dis,,
GS1EUA,995804,UBS ETF Markit iBoxx Germany 1-3 UCITS EUR A-dis,,
ECOEUA,995801,UBS ETF Markit iBoxx Liquid Corporates UCITS EUR A-dis,,
IEXF,995792,iShares Euro Corporate Bond ex-Financials UCITS,,
UKCO,995791,SSgA SPDR Barclays Cap Sterling Corporate Bond,,
EUCO,995783,SPDR Barclays Euro Corporate Bond UCITS,,
SX3PEX,995782,iShares STOXX Europe 600 Food & Beverage UCITS,,
STHY,995781,PIMCO Short-Term High Yield Corporate Bond Source UCITS USD,,
IBGM,995780,iShareso Government Bond 7-10 UCITS,,
JNKE,995784,SPDR Barclays Capital Euro High Yield Bond,,
XGIN,995786,db x-trackers II iBoxx Global Inflation-Linked UCITS 1C,,
EMLB,995778,PIMCO Emerging Markets Advantage Local Bond Source UCITS,,
CB3,995788,Amundi ETF Govt Bond EuroMTS Broad Investment Grade UCITS,,
AGEB,995787,Amundi ETF Global Emerging Bond Markit iBoxx UCITS,,
UT5USA,995806,UBS Barclays Cap US 5-7 Treasury Bond U,,
UT7USA,995807,UBS ETF Barclays Capital US 7-10Y Treasury Bond USD A-dis,,
XBAE,995828,db x-trackers II Barclays Global Aggregate Bond UCITS 5C,,
JBSIEA,995776,Julius Baer Physical Silver Fund,,
SS1EUA,995777,UBS Barclays EUR Treasury 1-10,,
SJNK,995822,SPDR Barclays 0-5 Year US High Yield Bond UCITS,,
IESZ,995829,iShares Edge MSCIope Size Factor UCITS,,
ERND,995831,iShares USD Ultrashort Bond UCITS,,
EMLI,995834,PIMCO Emerging Markets Advantage Local Bond Source UCITS EUR,,
LQDH,995833,iShares Corporate Bond Interest Rate Hedged UCITS,,
XUTD,995832,db x-trackers II iBoxx US Treasuries UCITS,,
CBEU5,995821,UBS ETF Barclays Euro Area Liquid Corporates 1-5 Year UCITS EUR A-dis,,
LYUS57,995820,Lyxor UCITS iBoxx USD Treasuries 5-7Y DR,,
LYCRP,995811,Lyxor UCITS Corporate Bond C-EUR,,
LYCNB,995810,Lyxor UCITS Euro Corporate Bond ex Financials C-EUR,,
X1G,995809,Amundi ETF Govt Bond Lowest Rated EuroMTS Investment Grade UCITS,,
IBGL,995808,iShares Euro Government Bond 15-30Yr UCITS,,
LYMTA,995812,Lyxor UCITS EuroMTS 1-3Y Investment Grade DR,,
LYYIEL,995815,Lyxor UCITS iBoxx EUR Liquid High Yield 30 Ex-Financial,,
LYUS13,995819,Lyxor UCITS iBoxx USD Treasuries 1-3Y DR,,
US7,995817,Amundi ETF US Treasury 7-10 UCITS,,
US3,995816,Amundi ETF US Treasury 3-7 UCITS,,
ZGLDGB,995908,ZKB Gold AA,,
IWMO,995634,iShares MSCI World Momentum Factor UCITS,,
C50,996832,Amundi ETF Euro Stoxx 50 UCITS,,
CSMXCP,995503,iShares MSCI Mexico Capped UCITS,,
UKDV,996826,SPDR S&P UK Dividend Aristocrats,,
MDRI,996825,Market Access DAXglobal Russia UCITS,,
C6E,996833,Amundi ETF Stoxx Europe 600 UCITS,,
CC1USD,996834,Amundi ETF MSCI China UCITS,,
XNIF,996845,db x-trackers Nifty 50 UCITS,,
LYOIL,996840,Lyxor UCITS Stoxx Europe 600 Oil & Gas,,
CEU,996835,Amundi ETF MSCI Europe UCITS,,
MDAI,996824,Market Access DAXGlobal Asia UCITS,,
LYLVD,996823,Lyxor UCITS LevDAX,,
HMLA,996810,HSBC MSCI EM Latin America UCITS,,
IDJV,995511,iShares EURO Total Market Value Large UCITS,,
HMJPJPY,996808,HSBC MSCI Japan UCITS,,
HMEU,996807,HSBC MSCI EUROPE UCITS,,
IEUX,996812,iShares MSCI Europe ex-UK UCITS,,
MXFS,996814,Source MSCI Emerging Markets UCITS,,
LOWV,996819,SSgA SPDR S&P 500 Low Volatility,,
USDV,996818,SSgA SPDR S&P US Dividend Aristocrats,,
PSDE,996815,PowerShares FTSE RAFI Emerging Markets UCITS,,
XKSI,996846,db x-trackers MSCI Korea UCITS DR,,
EMDV,996849,SSgA SPDR S&P Emerging Markets Dividend,,
HKOR,996872,HSBC MSCI Korea UCITS,,
HMEX,996871,HSBC MSCI Mexico Capped UCITS,,
ACWI,996869,SSgA SPDR MSCI ACWI,,
MXWO,996868,Source MSCI World UCITS,,
PSRW,996874,PowerShares FTSE RAFI All-World 3000 UCITS,,
XLVS,996878,Health Care S&P US Sector Source,,
ACIM,996884,SPDR MSCI ACWI IMI,,
EXSB,995468,iShares DivDAX UCITS DE,,
XLYS,996881,Source Consumer Discretionary S&P US Select Sector UCITS,,
LYHLTW,996867,Lyxor UCITS MSCI World Health Care TR C-USD,,
LYLTM,996866,Lyxor UCITS MSCI EM Latin America C-USD,,
TDXPEX,995485,iShares TecDAX UCITS,,
XCAN,996852,db x-trackers MSCI Canada UCITS 1C,,
XSPX,996850,db x-trackers S&P 500 UCITS 1C,,
MVUS,996859,OSSIAM US Minimum Variance NR UCITS 1C USD,,
CSUKS,995476,iShares MSCI UK Small Cap UCITS,,
IMEA,996865,iShares MSCIope UCITS,,
HMXJ,996863,HSBC MSCI Pacific ex Japan UCITS,,
H50EE,996862,HSBC EURO STOXX 50 UCITS,,
IRCP,995516,iShares Euro Corporate Bond Interest Rate Hedged UCITS,,
HCANCAD,996803,HSBC MSCI Canada UCITS,,
LYCOSW,996755,Lyxor MSCI World Consumer Staples TR UCITS C,,
LYCODW,996754,Lyxor MSCI World Consumer Discretionary TR UCITS C,,
IGEA,995583,iShares Emerging Asia Local Government Bond UCITS,,
LYJPN,996751,Lyxor Japan TOPIX DR UCITS D,,
LYFINW,996757,Lyxor MSCI World Financials TR UCITS C,,
LYMATW,996759,Lyxor MSCI World Materials TR UCITS C,,
CSKR,995579,iShares MSCI Korea UCITS Acc,,
XLPS,996763,Source Consumer Staples S&P US Select Sector UCITS,,
DEMV,996762,Ossiam Emerging Markets Minimum Variance NR UCITS 1C USD,,
LYUTLW,996761,Lyxor MSCI World Utilities TR UCITS C,,
LYMWO,996750,Lyxor FTSE EPRA/NAREIT Global Developed UCITS D,,
IOGP,995588,iShares S&P Commodity Producers Oil and Gas UCITS,,
SDHY,995608,iShares $ Short DurationHigh Yield Corporate Bond UCITS,,
ERNE,995610,iShares Euro Ultrashort Bond UCITS,,
ZSILUS,995919,ZKB Silver AA,,
BACK,995620,iShares US Equity Buyback Achievers UCITS,,
CBSMITEUR,996742,ComStage S&P SMIT 40 Index TRN UCITS,,
EMUL,995606,iShares MSCI EMU Large Cap UCITS,,
LYSSL,996748,Lyxor Daily Double Short SMI UCITS C,,
HRUB,996747,HSBC MSCI Russia Capped UCITS,,
IESE,995599,iShares Dow Jones Europe Sustainability Screened UCITS,,
CSBR,995573,iShares MSCI Brazil UCITS Acc,,
100UKD,996768,UBS FTSE 100 UCITS A-UKdis,,
HYLD,995521,iShares Global High Yield Corporate Bond UCITS,,
XMEU,996795,db x-trackers MSCI Europe UCITS DR,,
IGIL,995523,iShares Global Inflation Linked Government Bond UCITS,,
ISAG,995536,iShares Agribusiness UCITS,,
FTSE JSE Top 40,996797,Lyxor UCITS South Africa,,
CORP,995520,iShares Global Corporate Bond UCITS,,
HCAN,996802,HSBC MSCI Canada UCITS,,
EUDV,996801,SSgA SPDR S&P Euro Dividend Aristocrats,,
EMRG,996800,SSgA SPDR MSCI Emerging Markets UCITS,,
XXXI,996790,db x-trackers FTSE China 50 UCITS DR,,
UKGBPA,996787,UBS MSCI United Kingdom UCITS A-dis,,
GOEUSY,996775,UBS Irl plc Solactive Global Oil Equities UCITS A-dis,,
GOECHY,996774,UBS Irl plc Solactive Global Oil Equities UCITS A-dis,,
CSPXJ,995570,iShares Core MSCI Pacific ex Japan UCITS,,
UKSR,996771,UBS Irl plc MSCI United Kingdom IMI Socially Responsible UCITS A-dis,,
GGMUSY,996776,UBS Irl plc Solactive Global Pure Gold Miners UCITS A-dis,,
SRSA,995566,iShares MSCI South Africa UCITS,,
ITWN,995550,iShares MSCI Taiwan UCITS,,
JPNUKD,996781,UBS MSCI Japan UCITS A-UKdis,,
EMUUKD,996779,UBS MSCI EMU UCITS A-UKdis,,
EMUU,995466,iShares MSCI EMU USD Hedged UCITS,,
