ETHBTC,1061037,Ethereum Bitcoin,LBank,BTC
EOSETH,1061071,EOS Ethereum,LBank,ETH
BCHBTC,1061040,Bitcoin Cash Bitcoin,LBank,BTC
BCHETH,1061049,Bitcoin Cash Ethereum,LBank,ETH
LTCBTC,1061069,Litecoin Bitcoin,LBank,BTC
ETCBTC,1061038,Ethereum Classic Bitcoin,LBank,BTC
QTUMBTC,1061041,Qtum Bitcoin,LBank,BTC
QTUMETH,1061047,Qtum Ethereum,LBank,ETH
ANSBTC,1061061,NEO Bitcoin,LBank,BTC
DASHBTC,1061070,Dash Bitcoin,LBank,BTC
VENBTC,1061042,VeChain Bitcoin,LBank,BTC
VENETH,1061048,VeChain Ethereum,LBank,ETH
ZECBTC,1061039,Zcash Bitcoin,LBank,BTC
ZECETH,1061046,Zcash Ethereum,LBank,ETH
SCBTC,1061043,Siacoin Bitcoin,LBank,BTC
BTGBTC,1061058,Bitcoin Gold Bitcoin,LBank,BTC
