BTCKRW,1061096,Bitcoin Korean Won,Coinrail,KRW
ETHKRW,1061106,Ethereum Korean Won,Coinrail,KRW
ETHBTC,1061101,Ethereum Bitcoin,Coinrail,BTC
EOSKRW,1061105,EOS Korean Won,Coinrail,KRW
EOSBTC,1061099,EOS Bitcoin,Coinrail,BTC
BCHKRW,1061116,Bitcoin Cash Korean Won,Coinrail,KRW
XRPBTC,1061102,Ripple Bitcoin,Coinrail,BTC
XRPKRW,1061107,Ripple Korean Won,Coinrail,KRW
LTCKRW,1061119,Litecoin Korean Won,Coinrail,KRW
TRXBTC,1061100,TRON Bitcoin,Coinrail,BTC
QTUMBTC,1061103,Qtum Bitcoin,Coinrail,BTC
QTUMKRW,1061108,Qtum Korean Won,Coinrail,KRW
DASHKRW,1061121,Dash Korean Won,Coinrail,KRW
ZECKRW,1061127,Zcash Korean Won,Coinrail,KRW
OMGBTC,1061109,Omisego Bitcoin,Coinrail,BTC
OMGKRW,1061111,Omisego Korean Won,Coinrail,KRW
