AGNr,42626,Aegean Airlines,Athens,EUR,http://www.investing.com/equities/aegean-airlins
GCEr,955919,AEGEK SA,Athens,EUR,http://www.investing.com/equities/aegek-sa
AKRr,955902,Akritas SA,Athens,EUR,http://www.investing.com/equities/akritas-sa
ASTr,955905,Alpha Astika Akinita SA,Athens,EUR,http://www.investing.com/equities/alpha-astika-akinita-sa
ACBr,958806,Alpha Bank,Athens,EUR,http://www.investing.com/equities/alpha-bank?cid=958806
ALMr,50406,Alumil,Athens,EUR,http://www.investing.com/equities/alumil
ANKr,955904,Anonymous Shipping Co of Crete,Athens,EUR,http://www.investing.com/equities/anonymous-shipping-co-of-crete
ASCr,50417,AS Company,Athens,EUR,http://www.investing.com/equities/a.s.-company
AMCr,42627,Athens Medical,Athens,EUR,http://www.investing.com/equities/athens-medical
EYDr,42628,Athens Water,Athens,EUR,http://www.investing.com/equities/athens-water
BOAr,50397,Attica Bank,Athens,EUR,http://www.investing.com/equities/attica-bnk
EPAr,955911,Attica Holdings SA,Athens,EUR,http://www.investing.com/equities/attica-holdings-sa
ADVr,50423,Audio Visual,Athens,EUR,http://www.investing.com/equities/audio-visual
AUTr,42629,Autohellas,Athens,EUR,http://www.investing.com/equities/autohellas
BOGr,955906,Bank of Greece,Athens,EUR,http://www.investing.com/equities/bank-of-greece
BRIQr,1031251,BriQ Properties,Athens,EUR,http://www.investing.com/equities/briq-properties
BYTr,955908,Byte Computer SA,Athens,EUR,http://www.investing.com/equities/byte-computer-sa
MTDr,955933,Cars Motorcycles Marine Engine,Athens,EUR,http://www.investing.com/equities/cars-motorcycles-marine-engine
CENEr,994419,Cenergy Hold,Athens,EUR,http://www.investing.com/equities/cenergy-holdings?cid=994419
DESr,42632,Centric Hold,Athens,EUR,http://www.investing.com/equities/centric-hold
CHAr,50412,Chatzikranioti,Athens,EUR,http://www.investing.com/equities/chatzikranioti
EEEr,42633,Coca Cola HBC AG,Athens,EUR,http://www.investing.com/equities/cocacola-hb?cid=42633
PLAKR,42634,Crete Plastics,Athens,EUR,http://www.investing.com/equities/creta-plastics
DIOr,50411,Dionic,Athens,EUR,http://www.investing.com/equities/dionic-societe
DROr,50418,Dromeas,Athens,EUR,http://www.investing.com/equities/dromeas
EKTr,50403,Ekter,Athens,EUR,http://www.investing.com/equities/ekter
ELSRr,955910,Elastron SA,Athens,EUR,http://www.investing.com/equities/elastron-sa
ELGr,50410,Elgeka,Athens,EUR,http://www.investing.com/equities/elgeka
ELIr,955909,Elinoil Hellenic Petroleum Co,Athens,EUR,http://www.investing.com/equities/elinoil-hellenic-petroleum-co
HELr,13904,Ellaktor,Athens,EUR,http://www.investing.com/equities/ellaktor
ANEMr,955695,Elliniki Technodomiki Anemos SA,Athens,EUR,http://www.investing.com/equities/elliniki-technodomiki-anemos-sa
ELNr,42635,Elton S.A.,Athens,EUR,http://www.investing.com/equities/elton-s.a.
ELTr,1057062,Eltrak,Athens,EUR,http://www.investing.com/equities/eltrak-at
ELHA,42642,Elvalhalcor Hellenic,Athens,EUR,http://www.investing.com/equities/halcor
ELBr,50404,Elve,Athens,EUR,http://www.investing.com/equities/elve
ENTr,1137538,Entersoft,Athens,EUR,http://www.investing.com/equities/entersoft-sa
EREr,42637,Euro Reliance,Athens,EUR,http://www.investing.com/equities/euro-reliance
EURBr,13902,Eurobank Ergasias,Athens,EUR,http://www.investing.com/equities/efg-eurobank-ergasias
ERCr,955912,Euroconsultants SA,Athens,EUR,http://www.investing.com/equities/euroconsultants-sa
EVRr,955913,Evrofarma SA,Athens,EUR,http://www.investing.com/equities/evrofarma-sa
ESKr,942444,F.G. Europe,Athens,EUR,http://www.investing.com/equities/f.g.-europe
FLXr,955916,Flexopack SA,Athens,EUR,http://www.investing.com/equities/flexopack-sa
KEPr,1056523,Flour Mills Kepenos R,Athens,EUR,http://www.investing.com/equities/flour-mills-kepenos-r
HDFr,42638,Folli Follie,Athens,EUR,http://www.investing.com/equities/folli-follie
FOODr,955917,Foodlink SA,Athens,EUR,http://www.investing.com/equities/foodlink-sa
FORr,955918,Forthnet SA,Athens,EUR,http://www.investing.com/equities/forthnet-sa
FRLr,42639,Fourlis Hld,Athens,EUR,http://www.investing.com/equities/fourlis-hld
FRIr,42640,Frigoglass,Athens,EUR,http://www.investing.com/equities/frigoglass
TASr,955942,GE Dimitriou SA,Athens,EUR,http://www.investing.com/equities/ge-dimitriou-sa
HRMr,42641,Gek Terna,Athens,EUR,http://www.investing.com/equities/gek-terna
GKE,955920,Geke SA,Athens,EUR,http://www.investing.com/equities/geke-sa
GEBKA,1031341,General Commercial,Athens,EUR,http://www.investing.com/equities/general-commercial
SRSr,42672,Gr Sarantis,Athens,EUR,http://www.investing.com/equities/sarantiseg
EXCr,42643,Hellenic Exchanges,Athens,EUR,http://www.investing.com/equities/hell.exchanges
HEPr,42644,Hellenic Petroleum,Athens,EUR,http://www.investing.com/equities/hell.petrol
OTEr,13913,Hellenic Telec,Athens,EUR,http://www.investing.com/equities/hellenic-telec?cid=13913
ADMr,1017276,Holding Company ADMIE,Athens,EUR,http://www.investing.com/equities/holding-company-admie
IASr,42648,Iaso,Athens,EUR,http://www.investing.com/equities/iaso
IKTr,42649,Iktinos Hellas,Athens,EUR,http://www.investing.com/equities/iktinos-hellas
ILYr,1080078,Ilyda R,Athens,EUR,http://www.investing.com/equities/ilyda-r
ICIr,986126,Intercontinental Intl RE,Athens,EUR,http://www.investing.com/equities/intercontinental-international-real
ITTr,955922,Intertech,Athens,EUR,http://www.investing.com/equities/intertech-sa
INRr,42650,Intracom,Athens,EUR,http://www.investing.com/equities/intracom-hold
INCr,42651,Intracom Constructions,Athens,EUR,http://www.investing.com/equities/intrakat
INLr,42652,Intralot,Athens,EUR,http://www.investing.com/equities/intralot
BOU,955907,J Boutaris & Son Holding SA,Athens,EUR,http://www.investing.com/equities/j-boutaris---son-holding-sa
AVAr,42653,J. & P. Avax,Athens,EUR,http://www.investing.com/equities/j.---p.-avax
BABr,976861,Jumbo,Athens,EUR,http://www.investing.com/equities/jumbo?cid=976861
KLUr,42654,K.L.M.,Athens,EUR,http://www.investing.com/equities/k.l.m.
KRMr,955926,Karamolengos Bakery Industry SA,Athens,EUR,http://www.investing.com/equities/karamolengos-bakery-industry-sa
KRTr,50416,Karatzi,Athens,EUR,http://www.investing.com/equities/karatzi
KAR,955923,Karelia Tobacco Company Inc,Athens,EUR,http://www.investing.com/equities/karelia-tobacco-company-inc
KEKr,955925,Kekrops,Athens,EUR,http://www.investing.com/equities/kekrops-sa
KRDr,50415,Kordellou,Athens,EUR,http://www.investing.com/equities/kordellou
KRFr,50413,Kreta Farm,Athens,EUR,http://www.investing.com/equities/kreta-farm
KRIr,42657,Kri-Kri Milk,Athens,EUR,http://www.investing.com/equities/kri-kri-milk
KYRr,50407,Kyriakoulis,Athens,EUR,http://www.investing.com/equities/kyriakoulis
LMDr,42658,Lamda Develop,Athens,EUR,http://www.investing.com/equities/lamda-develop
LAMr,1052889,Lampsa Hellenic Hotels,Athens,EUR,http://www.investing.com/equities/lampsa-hellenic-hotels
LPHr,955929,Lavipharm SA,Athens,EUR,http://www.investing.com/equities/lavipharm-sa
LOUr,42659,Loulis Mills,Athens,EUR,http://www.investing.com/equities/loulis-mills
LYKr,42660,Lykos Inform.,Athens,EUR,http://www.investing.com/equities/lykos-inform.
MRFr,42661,Marfin Invest,Athens,EUR,http://www.investing.com/equities/marfin-invest
LESr,955927,Maritime Company of Lesvos SA,Athens,EUR,http://www.investing.com/equities/maritime-company-of-lesvos-sa
MATr,50414,Mathios Refrac,Athens,EUR,http://www.investing.com/equities/mathios-refrac
MEDr,955931,Medicon Hellas SA,Athens,EUR,http://www.investing.com/equities/medicon-hellas-sa
FHL,955914,Mermeren Kombinat AD Prilep,Athens,EUR,http://www.investing.com/equities/mermeren-kombinat-ad-prilep
MRV,955932,Minerva Knitwear SA,Athens,EUR,http://www.investing.com/equities/minerva-knitwear-sa
MLSr,42663,MLS Multimedia,Athens,EUR,http://www.investing.com/equities/mls-multimedia
MORr,13907,Motor Oil,Athens,EUR,http://www.investing.com/equities/motor-oil?cid=13907
MYTr,42665,Mytilineos,Athens,EUR,http://www.investing.com/equities/mytilineos
LEV_p,1056524,N Leventeris,Athens,EUR,http://www.investing.com/equities/n-leventeris
LEV,955928,N Leventeris SA,Athens,EUR,http://www.investing.com/equities/n-leventeris-sa
MDBr,955930,N Varveris Moda Bagno SA,Athens,EUR,http://www.investing.com/equities/n-varveris-moda-bagno-sa
NAF,955934,Nafpaktos Textile Industry SA,Athens,EUR,http://www.investing.com/equities/nafpaktos-textile-industry-sa
NBGr,13911,National Bank of Greece,Athens,EUR,http://www.investing.com/equities/natl.-bank-gr?cid=13911
PRODr,950027,NBG Pangaea,Athens,EUR,http://www.investing.com/equities/mig-real-estate-reic
NPHr,50420,News Phone,Athens,EUR,http://www.investing.com/equities/news-phone
ALCr,955903,Nexans Hellas SA,Athens,EUR,http://www.investing.com/equities/nexans-hellas-sa
NIRr,42667,Nireus Aqua,Athens,EUR,http://www.investing.com/equities/nireus-aqua
OPAr,958808,OPAP SA,Athens,EUR,http://www.investing.com/equities/opap?cid=958808
PPCr,955938,Paperpack Printing Box Manufact,Athens,EUR,http://www.investing.com/equities/paperpack-printing-box-manufact
PSALr,50398,Papoutsanis Industrial,Athens,EUR,http://www.investing.com/equities/papoutsanis
PASr,955936,Pasal Real Estate Development,Athens,EUR,http://www.investing.com/equities/pasal-real-estate-development
PEGr,955937,Pegasus Publishing SA,Athens,EUR,http://www.investing.com/equities/pegasus-publishing-sa
PREFr,1141622,Performance Technologies,Athens,EUR,http://www.investing.com/equities/performance-tech-it-solutions
PRSr,955940,Perseus Specialty Foods SA,Athens,EUR,http://www.investing.com/equities/perseus-specialty-foods-sa
PTRr,955697,Petros Petropoulos SA,Athens,EUR,http://www.investing.com/equities/petros-petropoulos-sa
FINr,955915,Philippos Nakas SA,Athens,EUR,http://www.investing.com/equities/philippos-nakas-sa
BOPr,42631,Piraeus Bank,Athens,EUR,http://www.investing.com/equities/bnk-of-piraeus
OLPr,42668,Piraeus Port,Athens,EUR,http://www.investing.com/equities/piraeus-port
PLAr,50409,Plaisio Comp,Athens,EUR,http://www.investing.com/equities/plaisio-comp
PRFr,50421,Profile Syst,Athens,EUR,http://www.investing.com/equities/profile-syst
PROr,955939,Proodeftiki Technical Co,Athens,EUR,http://www.investing.com/equities/proodeftiki-technical-co
DEHr,13901,Public Power,Athens,EUR,http://www.investing.com/equities/public-power?cid=13901
QUAr,955698,Quality and Reliability SA,Athens,EUR,http://www.investing.com/equities/quality-and-reliability-sa
IQTr,42670,Quest Holdings,Athens,EUR,http://www.investing.com/equities/quest-holdings
CAMr,42671,Reds,Athens,EUR,http://www.investing.com/equities/reds
REVr,50422,Revoil Petrol,Athens,EUR,http://www.investing.com/equities/revoil-petrol
EPIr,42673,Select Textile,Athens,EUR,http://www.investing.com/equities/select-textile
SELr,955941,Selonda Aquaculture SA,Athens,EUR,http://www.investing.com/equities/selonda-aquaculture-sa
SFAr,1080077,Sfakianakis R,Athens,EUR,http://www.investing.com/equities/sfakianakis-r
SDMa,992805,Sidma Steel Products,Athens,EUR,http://www.investing.com/equities/sidma-steel-products-sa
SPAr,1034485,Space Hellas,Athens,EUR,http://www.investing.com/equities/space-hellas
KANr,50419,Stelio Kanakis,Athens,EUR,http://www.investing.com/equities/stelio-kanakis
OLYr,42675,Techn Olympic,Athens,EUR,http://www.investing.com/equities/techn-olympic
TELr,955943,Teletypos Television Programmes,Athens,EUR,http://www.investing.com/equities/teletypos-television-programmes
TENr,42676,Terna Energy,Athens,EUR,http://www.investing.com/equities/terna-energy
TWSr,42678,ThesKi Water,Athens,EUR,http://www.investing.com/equities/theski-water
OLTr,42677,Thessaloniki Port Authority,Athens,EUR,http://www.investing.com/equities/theski-port
THRr,42679,Thrace Plastic,Athens,EUR,http://www.investing.com/equities/thrace-plastic
TITCr,1142378,Titan Cement,Athens,EUR,http://www.investing.com/equities/titan-cement-international-sa?cid=1142378
PREr,42680,Trastor Reic,Athens,EUR,http://www.investing.com/equities/trastor-reic
VILr,50400,Unibios,Athens,EUR,http://www.investing.com/equities/unibios
VIOH,13915,Viohalco BR,Athens,EUR,http://www.investing.com/equities/viohalco-br?cid=13915
VOGr,1056525,Vogiatzoglou Systems R,Athens,EUR,http://www.investing.com/equities/vogiatzoglou-systems-r
