FR0007054358,962157,Lyxor UCITS Stoxx 50 D-EUR,,
IE0031442068,1054749,iShares S&P 500 UCITS Dist,,
FR0010204073,962156,Lyxor UCITS Eastern Europe CECE NTR EUR C-EUR,,
DE000A0D8Q23,962154,iShares ATX UCITS DE,,
IE00B3XXRP09,1054754,Vanguard S&P 500 UCITS,,
DE000A0F5UF5,1054747,iShares NASDAQ-100 UCITS,,
IE00B53L4X51,1054748,iShares FTSE MIB UCITS,,
DE000A0D8Q07,1054746,iShares EURO STOXX UCITS,,
LU1104577314,1054750,ComStage MSCI Spain UCITS,,
IE00B4M7GH52,1054743,iShares MSCI Poland UCITS,,
LU0659579063,1054741,db x-trackers ATX UCITS DR,,
IE00B1YZSC51,1054740,iShares MSCI Europe UCITS Dist,,
LU0274211480,1054742,db x-trackers DAX UCITS DR,,
DE000ETFL029,1054751,Deka EURO STOXX 50 UCITS,,
LU1681044647,1054744,Amundi ETF MSCI Nordic UCITS,,
LU0378434079,1054745,ComStage EURO STOXX 50 NR UCITS,,
IE00B0M62Y33,1054753,iShares AEX UCITS,,
LU0378438732,1054761,ComStage DAX TR UCITS,,
LU0392496690,1054760,ComStage ATX UCITS,,
LU0252633754,1054762,Lyxor UCITS DAX,,
IE00B5NDLN01,1054763,Source RDX UCITS,,
DE000ETFL011,1054764,Deka DAX UCITS,,
LU0603942888,1054759,ComStage SDAX TR UCITS,,
DE0005933964,1054758,iShares SLI UCITS DE,,
IE00B5BMR087,1054739,iShares Core S&P 500 UCITS,,
LU0419740799,1054755,ComStage CAC 40 UCITS,,
LU0444605215,1054756,ComStage PSI 20 UCITS,,
DE0005933923,1054757,iShares MDAX UCITS DE,,
DE0005933972,1054752,iShares TecDAX UCITS,,
IE0008471009,1054737,iShares EURO STOXX 50 UCITS Dist,,
LU0274211217,1054720,db x-trackers Euro Stoxx 50 UCITS DR 1D,,
DR,1054719,db x-trackers Euro Stoxx 50 UCITS,,
IE00B5M1WJ87,1054721,SSgA SPDR S&P Euro Dividend Aristocrats,,
LU0392496427,1054722,ComStage Dow Jones Switzerland Titans 30 Net TR UCITS,,
DJ Russia GDR,1054723,Lyxor UCITS Russia,,
LU0274221281,1054718,db x-trackers Swiss Large Cap UCITS DR 1D,,
DR,1054717,db x-trackers IBEX 35 UCITS,,
FR0007056841,962155,Lyxor UCITS Dow Jones Industrial Average D-EUR,,
DE0006289390,1054714,iShares Dow Jones Industrial Average UCITS,,
LU0328475792,1054715,db x-trackers STOXX Europe 600 UCITS DR 1C,,
LU0292097234,1054716,db x-trackers FTSE 100 UCITS DR Income,,
IE00B6YX5D40,1054724,SSgA SPDR S&P US Dividend Aristocrats,,
LU0274209237,1054725,db x-trackers MSCI Europe UCITS DR,,
IE0008470928,1054733,iShares STOXX Europe 50 UCITS,,
LU0846194776,1054732,db x-trackers MSCI EMU UCITS DR,,
DE0002635307,1054734,iShares STOXX Europe 600 UCITS,,
LU0322250985,1054735,db x-trackers CAC 40 UCITS 1D DR,,
IE0005042456,1054736,iShares Core FTSE 100 UCITS,,
LU0274212538,1054731,db x-trackers FTSE MIB UCITS DR,,
IE00B3ZW0K18,1054730,iShares S&P 500 EUR Hedged UCITS,,
IE00BJ0KDR00,1054726,db x-trackers MSCI USA UCITS DR,,
LU0292106241,1054727,db x-trackers ShortDAX Daily UCITS 1C,,
IE00B5V87390,1054728,iShares MSCI Russia ADR/GDR UCITS,,
IE00B53L3W79,1054729,iShares CoreO STOXX 50 UCITS,,
LU0490618542,1054738,db x-trackers S&P 500 UCITS 1C,,
