AFLT,13679,Aeroflot,MCX,RUB
AFKS,13678,AFK Sistema,MCX,RUB
TRNF_p,13720,AK Transneft OAO Pref,MCX,RUB
AKRN,13680,Akron,MCX,RUB
ALRS,40423,ALROSA ao,MCX,RUB
BANE_p,21281,ANK Bashneft OAO Pref,MCX,RUB
BANE,13681,Bashneft ANK ao,MCX,RUB
DIXY,13729,DIXY Group ao,MCX,RUB
EONR,21302,E.ON Russia,MCX,RUB
FEES,13682,FSK EES,MCX,RUB
GAZP,13684,Gazprom Oao,MCX,RUB
GCHE,21289,Gruppa Cherkizovo ao,MCX,RUB
LSRG,13688,Gruppa LSR PAO,MCX,RUB
IRAO,13744,Inter rao ees,MCX,RUB
LNTA,962408,Lenta Ltd,MCX,RUB
LKOH,13689,NK Lukoil OAO,MCX,RUB
MGNT,13693,Magnit,MCX,RUB
MFON,44462,MegaFon OAO,MCX,RUB
RTKM_p,21420,MiMES Rostelekom OAO Pref,MCX,RUB
GMKN,13683,MMC Norilsk Nickel,MCX,RUB
MAGN,13690,MMK,MCX,RUB
MOEX,44464,Moskovskaya Birzha OAO,MCX,RUB
MTSS,13691,Mobile TeleSystems,MCX,RUB
MVID,13692,MVideo,MCX,RUB
NKNC,21383,Niznekamskneftekhim ao,MCX,RUB
NLMK,13695,NLMK ao,MCX,RUB
NVTK,13697,NOVATEK,MCX,RUB
PHST,13703,Pharmstandard JSC,MCX,RUB
PHOR,21406,PhosAgro ao,MCX,RUB
PIKK,13789,PIK,MCX,RUB
POLY,44465,Polymetal Intl Plc,MCX,RUB
AGRO,962403,Ros Agro PLC,MCX,RUB
ROSN,13707,Rosneft,MCX,RUB
RSTI,21316,Rosseti ao,MCX,RUB
RTKM,21419,Rostelecom,MCX,RUB
HYDR,13754,RusHydro JSC,MCX,RUB
SBER,13711,Sberbank Of Russia,MCX,RUB
SBER_p,13712,Sberbank Rossii OAO Pref,MCX,RUB
CHMF,13713,Severstal - ao,MCX,RUB
MTLR,13709,SG mechel,MCX,RUB
SNGS,13716,Surgut,MCX,RUB
SNGS_p,13717,Surgut-pref,MCX,RUB
TATN_p,13738,Tatneft OAO Pref,MCX,RUB
TATN,13718,Tatneft-3,MCX,RUB
TRMK,21468,Trubnaya Metallurgicheskaya Kompaniya OAO,MCX,RUB
RUAL,950026,United Company Rusal Plc,MCX,RUB
URKA,13722,Uralkaliy,MCX,RUB
VSMO,13724,Verhnesald MPO,MCX,RUB
VTBR,13725,VTB,MCX,RUB
YNDX,102063,Yandex NV,MCX,RUB
