BTCUSD,1058612,Bitcoin US Dollar,Cryptopia,USD
ETHBTC,1058871,Ethereum Bitcoin,Cryptopia,BTC
ETHUSD,1058874,Ethereum US Dollar,Cryptopia,USD
ETHLTC,1058873,Ethereum Litecoin,Cryptopia,LTC
ETHDOGE,1058872,Ethereum Dogecoin,Cryptopia,DOGE
BCHBTC,1058447,Bitcoin Cash Bitcoin,Cryptopia,BTC
BCHUSD,1058550,Bitcoin Cash US Dollar,Cryptopia,USD
BCHLTC,1058549,Bitcoin Cash Litecoin,Cryptopia,LTC
BCHDOGE,1058548,Bitcoin Cash Dogecoin,Cryptopia,DOGE
LTCBTC,1059130,Litecoin Bitcoin,Cryptopia,BTC
LTCUSD,1059131,Litecoin US Dollar,Cryptopia,USD
ETCBTC,1058867,Ethereum Classic Bitcoin,Cryptopia,BTC
ETCUSD,1058870,Ethereum Classic US Dollar,Cryptopia,USD
ETCLTC,1058869,Ethereum Classic Litecoin,Cryptopia,LTC
ETCDOGE,1058868,Ethereum Classic Dogecoin,Cryptopia,DOGE
ANSBTC,1059777,NEO Bitcoin,Cryptopia,BTC
ANSDOGE,1059778,NEO Dogecoin,Cryptopia,DOGE
ANSLTC,1059779,NEO Litecoin,Cryptopia,LTC
DASHBTC,1058748,Dash Bitcoin,Cryptopia,BTC
DASHUSD,1058750,Dash US Dollar,Cryptopia,USD
DASHDOGE,1058749,Dash Dogecoin,Cryptopia,DOGE
DASHLTC,1059834,Dash Litecoin,Cryptopia,LTC
XVGBTC,1059746,Verge Bitcoin,Cryptopia,BTC
XVGUSD,1059749,Verge US Dollar,Cryptopia,USD
XVGDOGE,1059747,Verge Dogecoin,Cryptopia,DOGE
XVGLTC,1059748,Verge Litecoin,Cryptopia,LTC
ZECBTC,1059756,Zcash Bitcoin,Cryptopia,BTC
ZECUSD,1059759,Zcash US Dollar,Cryptopia,USD
ZECLTC,1059758,Zcash Litecoin,Cryptopia,LTC
ZECDOGE,1059757,Zcash Dogecoin,Cryptopia,DOGE
OMGBTC,1059274,Omisego Bitcoin,Cryptopia,BTC
OMGDOGE,1059275,Omisego Dogecoin,Cryptopia,DOGE
OMGLTC,1059276,Omisego Litecoin,Cryptopia,LTC
XMRBTC,1059719,Monero Bitcoin,Cryptopia,BTC
XMRUSD,1059722,Monero US Dollar,Cryptopia,USD
XMRLTC,1059721,Monero Litecoin,Cryptopia,LTC
XMRDOGE,1059720,Monero Dogecoin,Cryptopia,DOGE
BTGBTC,1058622,Bitcoin Gold Bitcoin,Cryptopia,BTC
BTGDOGE,1058623,Bitcoin Gold Dogecoin,Cryptopia,DOGE
BTGLTC,1058624,Bitcoin Gold Litecoin,Cryptopia,LTC
XEMBTC,1059692,NEM Bitcoin,Cryptopia,BTC
XEMDOGE,1059693,NEM Dogecoin,Cryptopia,DOGE
XEMLTC,1059694,NEM Litecoin,Cryptopia,LTC
