3130,103519,104 Corporatio,TWII,TWD
2009,103180,1St Copper Tec,TWII,TWD
1217,102994,A.G.V. Product,TWII,TWD
2311,103228,A.S.E.,TWII,TWD
2374,103270,Ability Enter,TWII,TWD
4133,103597,Abnova,TWII,TWD
2444,103319,Abocom Systems,TWII,TWD
6282,103720,Acbel,TWII,TWD
9941,103798,Acceptance,TWII,TWD
2345,103248,Accton,TWII,TWD
8374,103759,Ace Pillar,TWII,TWD
1466,103067,Acelon Chem Fi,TWII,TWD
2353,103253,Acer,TWII,TWD
3605,103573,Aces Elec,TWII,TWD
1715,103137,Achem,TWII,TWD
3024,103482,Action Eltr,TWII,TWD
4142,103600,Adim,TWII,TWD
6166,103687,Adlink Tech,TWII,TWD
8261,103757,Advanced Power,TWII,TWD
1442,103050,Advancetek,TWII,TWD
2395,103285,Advantech Co Ltd,TWII,TWD
3002,103464,Ahoku Eltr,TWII,TWD
1626,103125,Airmate,TWII,TWD
1590,103111,Airtac,TWII,TWD
3041,103498,Ali,TWII,TWD
1514,103085,Allis Electric,TWII,TWD
3209,103524,Alltek Tech,TWII,TWD
3380,103537,Alpha Networks,TWII,TWD
3059,103513,Altek,TWII,TWD
2704,103407,Ambassador Hot,TWII,TWD
2493,103355,Ampoc Far-East,TWII,TWD
2489,103353,Amtran Tech,TWII,TWD
1528,103095,Anderson,TWII,TWD
6289,103724,Aoc,TWII,TWD
3046,103502,Aopen,TWII,TWD
8271,103758,Apacer,TWII,TWD
6108,103668,Apcb Inc,TWII,TWD
3052,103507,Apex,TWII,TWD
1733,103152,Apex Biotech,TWII,TWD
4106,103594,Apex Medical,TWII,TWD
3682,103584,Apt,TWII,TWD
3596,103571,Arcadyan Tech,TWII,TWD
2471,103339,Ares Int'L,TWII,TWD
8101,103743,Arima Communic,TWII,TWD
1102,102982,Asia Cement Corp,TWII,TWD
3019,103478,Asia Optical,TWII,TWD
1337,103027,Asia Plastic,TWII,TWD
1308,103013,Asia Polymer C,TWII,TWD
5269,103642,Asmedia,TWII,TWD
3515,103551,Asrock,TWII,TWD
9912,103777,Assoc Ind Chin,TWII,TWD
2357,103257,Asustek,TWII,TWD
6277,103717,Aten,TWII,TWD
2409,103293,Au Optronics,TWII,TWD
2459,103330,Audix,TWII,TWD
2373,103269,Aurora Corp,TWII,TWD
2433,103310,Aurora Sys,TWII,TWD
6215,103705,Aurotek,TWII,TWD
8072,103741,Av Tech,TWII,TWD
3017,103476,Avc,TWII,TWD
3669,103581,Aver,TWII,TWD
2417,103298,Avermedia Tech,TWII,TWD
2380,103275,Avision,TWII,TWD
1530,103096,Awea Mech,TWII,TWD
3694,103586,Azurewave,TWII,TWD
1527,103094,Basso Indu,TWII,TWD
8215,103755,Benq Materials,TWII,TWD
2515,103367,Bes Eng Corp,TWII,TWD
3308,103530,Bestec Power,TWII,TWD
3027,103485,Billion,TWII,TWD
4737,103612,Bionime,TWII,TWD
2399,103287,Biostar,TWII,TWD
3665,103580,Bizlink,TWII,TWD
2836,103425,Bk Of Kaohsiun,TWII,TWD
3031,103489,Bright Led,TWII,TWD
2467,103337,C Sun Mfg,TWII,TWD
4976,103629,Calin,TWII,TWD
6142,103680,Cameo,TWII,TWD
5259,103640,Candmark,TWII,TWD
6005,103667,Capital Sec,TWII,TWD
6153,103683,Career,TWII,TWD
1417,103037,Carnival,TWII,TWD
3054,103508,Carry,TWII,TWD
5264,103641,Casetek,TWII,TWD
2474,103341,Catcher Tech,TWII,TWD
1713,103135,Cathay Chemica,TWII,TWD
2882,103440,Cathay Fin Hld,TWII,TWD
2501,103360,Cathay Red,TWII,TWD
6230,103709,Cci,TWII,TWD
2851,103433,Central Reins,TWII,TWD
9958,103805,Century Iron,TWII,TWD
5871,103663,Chailease,TWII,TWD
2509,103364,Chainqui,TWII,TWD
1806,103164,Champion,TWII,TWD
3257,103527,Champion Micro,TWII,TWD
1468,103069,Chang Ho,TWII,TWD
2801,103416,Chang Hwa Bank,TWII,TWD
1541,103106,Chang Type,TWII,TWD
8070,103740,Chang Wah Elec,TWII,TWD
6205,103700,Chant Sincere,TWII,TWD
1215,102992,Charoen Pokphand Enterprise,TWII,TWD
2722,103412,Chateau,TWII,TWD
4164,103602,Chc,TWII,TWD
3229,103525,Cheer Time,TWII,TWD
8210,103753,Chenbro Micom,TWII,TWD
1904,103171,Cheng Loong,TWII,TWD
2105,103208,Cheng Shin Rub,TWII,TWD
2392,103283,Cheng Uei,TWII,TWD
3013,103472,Chenming Mold,TWII,TWD
4960,103628,Chi Mei Materi,TWII,TWD
4942,103624,Chia Chang,TWII,TWD
1103,102983,Chia Hsin Ceme,TWII,TWD
2033,103198,Chia Ta World,TWII,TWD
6412,103727,Chicony,TWII,TWD
2385,103279,Chicony Eltn,TWII,TWD
5515,103651,Chien Kuo Cons,TWII,TWD
2025,103191,Chien Shing Ss,TWII,TWD
2024,103190,Chih Lien Ind,TWII,TWD
2456,103327,Chilisin Elec,TWII,TWD
2355,103255,Chin Poon Ind,TWII,TWD
2610,103394,China Air Line,TWII,TWD
2820,103420,China Bills,TWII,TWD
1701,103126,China Chem&Pha,TWII,TWD
2613,103397,China Containe,TWII,TWD
2883,103441,China Dvlp Fin,TWII,TWD
1535,103100,China Ecotek,TWII,TWD
1611,103117,China Electric,TWII,TWD
1305,103011,China General,TWII,TWD
1809,103166,China Glaze,TWII,TWD
9930,103789,China Hi-Ment,TWII,TWD
2823,103421,China Life Insurance,TWII,TWD
1718,103139,China Manmade,TWII,TWD
1532,103098,China Metal,TWII,TWD
2204,103216,China Motor,TWII,TWD
1314,103018,China Petroche,TWII,TWD
2104,103207,China Rubber,TWII,TWD
2002,103176,China Steel,TWII,TWD
1723,103143,China Steel Ch,TWII,TWD
2013,103183,China Steel St,TWII,TWD
9928,103787,China Tv,TWII,TWD
1603,103112,China Wire&Cab,TWII,TWD
2891,103449,Chinatrust Fhc,TWII,TWD
2612,103396,Chinese Mariti,TWII,TWD
9935,103793,Ching Feng,TWII,TWD
8150,103750,Chipmos,TWII,TWD
1539,103104,Chiu Ting Mach,TWII,TWD
4137,103598,Chlitina,TWII,TWD
9929,103788,Choice Develop,TWII,TWD
5534,103658,Chong Hong Con,TWII,TWD
2360,103260,Chroma,TWII,TWD
2012,103182,Chun Yu Works,TWII,TWD
2010,103181,Chun Yuan Stee,TWII,TWD
1435,103043,Chung Fu,TWII,TWD
2014,103184,Chung Hung Ste,TWII,TWD
1727,103147,Chung Hwa Chem,TWII,TWD
1905,103172,Chung Hwa Pulp,TWII,TWD
1513,103084,Chung-Hsin,TWII,TWD
1762,103157,Chunghwa Chem,TWII,TWD
2412,103294,Chunghwa Telec,TWII,TWD
1439,103047,Chuwa Wool,TWII,TWD
1463,103064,Chyang Sheng,TWII,TWD
8422,103762,Cleanaway,TWII,TWD
2362,103261,Clevo,TWII,TWD
2323,103234,Cmc Magnetics,TWII,TWD
4984,103631,Coadna,TWII,TWD
4144,103601,Coland,TWII,TWD
2906,103455,Collins,TWII,TWD
2324,103235,Compal Electrn,TWII,TWD
2313,103230,Compeq Manufacturing Co Ltd,TWII,TWD
3032,103490,Compucase,TWII,TWD
3703,103589,Continental Ho,TWII,TWD
3550,103559,Copartner,TWII,TWD
2466,103336,Cosmo Eltr,TWII,TWD
3607,103574,Coxon,TWII,TWD
8249,103756,Creative Senso,TWII,TWD
2528,103372,Crowell,TWII,TWD
2208,103219,Csbc Corp,TWII,TWD
9933,103791,Ctci Corp,TWII,TWD
2231,103222,Cub Elec,TWII,TWD
8103,103744,Cvilux,TWII,TWD
2415,103297,Cx Tech,TWII,TWD
5203,103635,Cyberlink,TWII,TWD
3617,103575,Cyberpower,TWII,TWD
3062,103516,Cybertan,TWII,TWD
2332,103242,D-Link Corp,TWII,TWD
2535,103375,Da-Cin Constr,TWII,TWD
6177,103690,Da-Li Const,TWII,TWD
6184,103692,Dafeng Tv,TWII,TWD
1615,103121,Dah San Elec,TWII,TWD
3686,103585,Danen,TWII,TWD
8163,103751,Darfon,TWII,TWD
3094,103518,Davicom,TWII,TWD
5234,103638,Daxin,TWII,TWD
1464,103065,De Licacy Ind,TWII,TWD
2530,103373,Delpha Constr,TWII,TWD
2308,103227,Delta Electron,TWII,TWD
6605,103732,Depo Auto,TWII,TWD
2397,103286,Dfi,TWII,TWD
6216,103706,Draytek,TWII,TWD
6251,103713,Dynamic,TWII,TWD
2497,103357,E-Lead Elec,TWII,TWD
6281,103719,E-Life Mall,TWII,TWD
2884,103442,E.Sun Fhc,TWII,TWD
1476,103077,Eclat Textile,TWII,TWD
3047,103503,Edimax Tech,TWII,TWD
3591,103569,Edison Opto,TWII,TWD
3048,103504,Edom,TWII,TWD
2458,103329,Elan Microele,TWII,TWD
3450,103543,Elite Adv Lase,TWII,TWD
2383,103277,Elite Matl,TWII,TWD
2331,103241,Elitegroup Com,TWII,TWD
3038,103496,Emerging Displ,TWII,TWD
6243,103712,Ene,TWII,TWD
6414,103728,Ennoconn,TWII,TWD
2849,103431,Entie Bank,TWII,TWD
3573,103563,Entire Tech,TWII,TWD
4956,103626,Epileds Tech,TWII,TWD
2448,103320,Epistar,TWII,TWD
3006,103468,Esmt,TWII,TWD
5243,103639,Eson,TWII,TWD
1717,103138,Eternal,TWII,TWD
2618,103402,Eva Airways,TWII,TWD
1460,103063,Everest Text,TWII,TWD
5484,103650,Everfocus Elec,TWII,TWD
2607,103391,Evergreen Intl,TWII,TWD
2603,103388,Evergreen Mari,TWII,TWD
2393,103284,Everlight,TWII,TWD
1711,103133,Everlight Chem,TWII,TWD
1735,103154,Evermore Chem,TWII,TWD
2390,103282,Everspring Ind,TWII,TWD
1470,103071,Evertex,TWII,TWD
1616,103122,Evertop Wire,TWII,TWD
2483,103348,Excel Cell,TWII,TWD
4104,103593,Excelsior,TWII,TWD
4977,103630,F-Pcl,TWII,TWD
2903,103452,Far East Dept,TWII,TWD
1402,103031,Far Eastern Ne,TWII,TWD
4904,103615,Far Eastone,TWII,TWD
3035,103493,Faraday Tech,TWII,TWD
1730,103149,Farcent,TWII,TWD
5522,103654,Farglory,TWII,TWD
5607,103660,Farglory Ftz H,TWII,TWD
3535,103556,Favite,TWII,TWD
2102,103205,Federal Corp,TWII,TWD
2845,103429,Feib,TWII,TWD
2015,103185,Feng Hsin Iron,TWII,TWD
9910,103775,Feng Tay Entpr,TWII,TWD
2712,103411,Fgh,TWII,TWD
2892,103450,First Fhc,TWII,TWD
2706,103409,First Hotel,TWII,TWD
2852,103434,First Ins,TWII,TWD
6269,103715,Flexium,TWII,TWD
6206,103701,Flytech,TWII,TWD
6120,103673,Forhouse,TWII,TWD
8131,103749,Formosa Advanc,TWII,TWD
1326,103026,Formosa Chem F,TWII,TWD
2707,103410,Formosa Hotel,TWII,TWD
4746,103613,Formosa Lab,TWII,TWD
1225,102998,Formosa Oilsee,TWII,TWD
6505,103731,Formosa Petro,TWII,TWD
1301,103008,Formosa Plasti,TWII,TWD
3532,103554,Formosa Sumco,TWII,TWD
1434,103042,Formosa Taffet,TWII,TWD
1709,103131,Formosa Union,TWII,TWD
2107,103210,Formosan Rubbe,TWII,TWD
1519,103088,Fortune Electr,TWII,TWD
2468,103338,Fortune Info,TWII,TWD
5533,103657,Founding Const,TWII,TWD
2354,103254,Foxconn Tech,TWII,TWD
2030,103195,Froch Enterpri,TWII,TWD
3015,103474,Fsp Tech,TWII,TWD
9924,103783,Fu Hsing Indu,TWII,TWD
2881,103439,Fubon Fin Hldg,TWII,TWD
9802,103768,Fulgent Sun,TWII,TWD
6136,103677,Fullerton Tech,TWII,TWD
1219,102996,Fwusow,TWII,TWD
2476,103342,G-Shank Enter,TWII,TWD
3149,103520,G-Tech,TWII,TWD
9905,103771,G. China Metal,TWII,TWD
3312,103532,G.M.I,TWII,TWD
3557,103560,Gamma Optical,TWII,TWD
2460,103331,Gem Terminal,TWII,TWD
4906,103616,Gemtek Tech,TWII,TWD
6128,103674,General Plasti,TWII,TWD
4952,103625,Generalplus,TWII,TWD
3383,103538,Genesis Photon,TWII,TWD
3406,103539,Genius,TWII,TWD
3164,103521,Genmont Biotec,TWII,TWD
3356,103535,Geo Vision,TWII,TWD
3005,103467,Getac Tech,TWII,TWD
9921,103782,Giant,TWII,TWD
8105,103745,Giantplus,TWII,TWD
3559,103561,Giga Solution,TWII,TWD
2376,103272,Gigabyte Tech,TWII,TWD
2406,103292,Gigastorage,TWII,TWD
3514,103550,Gintech,TWII,TWD
6191,103694,Global Brands,TWII,TWD
4935,103622,Global Lightin,TWII,TWD
3443,103542,Global Unichip,TWII,TWD
3040,103497,Global View,TWII,TWD
1324,103024,Globe Inds,TWII,TWD
9934,103792,Globe Union,TWII,TWD
8081,103742,Gmt,TWII,TWD
2368,103266,Gold Circuit E,TWII,TWD
6133,103676,Golden Bridge,TWII,TWD
2504,103361,Goldsun Const,TWII,TWD
2423,103302,Good Will,TWII,TWD
1583,103109,Goodway,TWII,TWD
1524,103091,Gordon Auto,TWII,TWD
2723,103413,Gourmet Master,TWII,TWD
5907,103666,Grand Ocean,TWII,TWD
1312,103016,Grand Petroche,TWII,TWD
1707,103129,Grape King,TWII,TWD
9908,103774,Great Taipei G,TWII,TWD
1210,102990,Great Wall Ent,TWII,TWD
2441,103316,Greatek Eltrs,TWII,TWD
3519,103553,Green Energy,TWII,TWD
1262,103007,Green Seal,TWII,TWD
1437,103045,Gtm Corp,TWII,TWD
2038,103200,Hai Kwang,TWII,TWD
5469,103648,Hannstar Board,TWII,TWD
6116,103671,Hannstar Displ,TWII,TWD
3049,103505,Hannstar Touch,TWII,TWD
2488,103352,Hanpin,TWII,TWD
6168,103688,Harvatek,TWII,TWD
1234,103004,Hey-Song,TWII,TWD
2542,103380,Highwealth Con,TWII,TWD
1338,103028,Hiroca Holding,TWII,TWD
3494,103547,Hiti Digital,TWII,TWD
2419,103299,Hitron Tech,TWII,TWD
2049,103201,Hiwin,TWII,TWD
1714,103136,Ho Tung,TWII,TWD
1810,103167,Hocheng,TWII,TWD
1618,103124,Hold-Key,TWII,TWD
6202,103699,Holtek,TWII,TWD
3026,103484,Holystone,TWII,TWD
2317,103233,Hon Hai,TWII,TWD
1446,103054,Hong Ho Precis,TWII,TWD
1612,103118,Hong Tai Elec,TWII,TWD
1452,103057,Hong Yi Fiber,TWII,TWD
1474,103075,Honmyue Enter,TWII,TWD
1536,103101,Hota Ind,TWII,TWD
2207,103218,Hotai Motor,TWII,TWD
2702,103406,Hotel Garden,TWII,TWD
9906,103772,Hsin Ba Ba,TWII,TWD
9931,103790,Hsin Kao Gas,TWII,TWD
2031,103196,Hsin Kuang Ste,TWII,TWD
2114,103213,Hsin Yung Chie,TWII,TWD
1109,102986,Hsing Ta Cemen,TWII,TWD
2498,103358,Htc Corp,TWII,TWD
2880,103438,Hua Nan Fin,TWII,TWD
1436,103044,Hua Yu Lien,TWII,TWD
1608,103115,Huaeng Wire&Ca,TWII,TWD
2548,103385,Huaku,TWII,TWD
2545,103382,Huang Hsiang,TWII,TWD
2527,103371,Hung Ching,TWII,TWD
1413,103034,Hung Chou Chem,TWII,TWD
2536,103376,Hung Poo R Est,TWII,TWD
2534,103374,Hung Sheng Con,TWII,TWD
1236,103006,Hunya,TWII,TWD
2109,103212,Hwa Fong,TWII,TWD
2543,103381,Hwang Chang,TWII,TWD
2486,103351,I-Chiun,TWII,TWD
6115,103670,I-Sheng Electr,TWII,TWD
3022,103480,Iei,TWII,TWD
3598,103572,Ilitek,TWII,TWD
6117,103672,In-Win Dev,TWII,TWD
2495,103356,Infortrend,TWII,TWD
3481,103546,Innolux,TWII,TWD
3474,103545,Inotera Memo,TWII,TWD
8201,103752,Inventec Besta,TWII,TWD
2356,103256,Inventec Corp,TWII,TWD
2228,103221,Iron Force,TWII,TWD
3014,103473,Ite,TWII,TWD
6213,103703,Iteq,TWII,TWD
3584,103567,J Touch,TWII,TWD
2442,103317,Jean,TWII,TWD
1538,103103,Jenn Feng,TWII,TWD
3653,103579,Jentech,TWII,TWD
6197,103697,Jess-Link,TWII,TWD
3011,103471,Ji-Haw Indu,TWII,TWD
5285,103644,Jih Lin,TWII,TWD
8429,103764,Jinli,TWII,TWD
1736,103155,Johnson,TWII,TWD
1512,103083,Jui Li,TWII,TWD
1617,103123,Jung Shing Wir,TWII,TWD
6165,103686,Jye Tai Precision Industrial Co Ltd,TWII,TWD
2461,103332,K Laser,TWII,TWD
3003,103465,K.S. Terminals,TWII,TWD
9919,103781,Kang Na Hsiung,TWII,TWD
2008,103179,Kao Hsing Chan,TWII,TWD
8996,103767,Kaori Heat,TWII,TWD
1531,103097,Kaulin Mfg,TWII,TWD
2546,103383,Kedge Cont,TWII,TWD
2538,103378,Kee Tai Proper,TWII,TWD
2106,103209,Kenda Rubber,TWII,TWD
2608,103392,Kerry Tj,TWII,TWD
8427,103763,Keysheen,TWII,TWD
1525,103092,Kian Shen,TWII,TWD
2520,103369,Kindom Constr,TWII,TWD
6155,103684,King Core,TWII,TWD
2059,103202,King Slide,TWII,TWD
2449,103321,King Yuan Elec,TWII,TWD
2524,103370,King'S Town,TWII,TWD
2809,103417,King'S Town Ba,TWII,TWD
8411,103761,Kingcan,TWII,TWD
1560,103107,Kinik,TWII,TWD
6209,103702,Kinko Optical,TWII,TWD
2312,103229,Kinpo,TWII,TWD
3189,103523,Kinsus,TWII,TWD
5215,103636,Ko Ja,TWII,TWD
1805,103163,Kpt Industries,TWII,TWD
5521,103653,Kseco,TWII,TWD
1537,103102,Kung Long,TWII,TWD
2505,103362,Kuo Yang Const,TWII,TWD
1416,103036,Kwong Fong Ind,TWII,TWD
2365,103264,Kye Systems,TWII,TWD
5225,103637,Kyet,TWII,TWD
6139,103678,L&K Eng,TWII,TWD
1459,103062,Lan Fa Textile,TWII,TWD
3008,103469,Largan Precisi,TWII,TWD
1704,103128,Lcy Chemical,TWII,TWD
3058,103512,Leader,TWII,TWD
2465,103335,Leadtek,TWII,TWD
3588,103568,Leadtrend,TWII,TWD
1444,103052,Lealea Ent. Co,TWII,TWD
6164,103685,Ledtech,TWII,TWD
1517,103087,Lee Chi,TWII,TWD
2472,103340,Lelon Eltr,TWII,TWD
2705,103408,Leofoo Dvlpmt,TWII,TWD
2911,103458,Les Enphants,TWII,TWD
3698,103587,Lextar,TWII,TWD
4426,103605,Li Cheng,TWII,TWD
1447,103055,Li Peng Ent.,TWII,TWD
1231,103001,Lian Hwa,TWII,TWD
2431,103309,Lien Chang Elt,TWII,TWD
1229,103000,Lien Hwa Ind,TWII,TWD
1469,103070,Lilontex,TWII,TWD
1443,103051,Lily Textile,TWII,TWD
2369,103267,Lingsen,TWII,TWD
2731,103415,Liontravel,TWII,TWD
5305,103645,Lite-On Semi,TWII,TWD
2301,103223,Lite-On Tech,TWII,TWD
3593,103570,Logah,TWII,TWD
2514,103366,Long Bon,TWII,TWD
1909,103175,Long Chen Pape,TWII,TWD
5519,103652,Long Da,TWII,TWD
3025,103483,Loop Telecom,TWII,TWD
3533,103555,Lotes,TWII,TWD
2115,103214,Lu Hai,TWII,TWD
1108,102985,Lucky Cement,TWII,TWD
6192,103695,Lumax,TWII,TWD
2424,103303,Lung Hwa Eltrs,TWII,TWD
2337,103243,Macronix,TWII,TWD
2358,103258,Mag Tech,TWII,TWD
1477,103078,Makalot,TWII,TWD
1732,103151,Mao Bao,TWII,TWD
6196,103696,Marketech,TWII,TWD
2856,103436,Masterlink Sec,TWII,TWD
3315,103533,Maxtek Tech,TWII,TWD
2020,103187,Mayer Steel,TWII,TWD
1731,103150,Maywufa,TWII,TWD
1783,103159,Mbi,TWII,TWD
2454,103325,Mediatek,TWII,TWD
2886,103444,Mega Fhc,TWII,TWD
2477,103343,Meiloon Ind,TWII,TWD
2905,103454,Mercuries Asst,TWII,TWD
2427,103306,Mercuries Data,TWII,TWD
2867,103437,Mercuries Life,TWII,TWD
9914,103778,Merida Industr,TWII,TWD
2439,103314,Merry Eltrs,TWII,TWD
3706,103592,Mhc,TWII,TWD
2314,103231,Microelectroni,TWII,TWD
2305,103226,Microtek Intl,TWII,TWD
3060,103514,Min Aik,TWII,TWD
2464,103334,Mirle Auto,TWII,TWD
1533,103099,Mobiletron,TWII,TWD
2342,103246,Mosel,TWII,TWD
2434,103311,Mospec,TWII,TWD
2377,103273,Msi,TWII,TWD
3004,103466,Nafco,TWII,TWD
9942,103799,Nak Sealing Te,TWII,TWD
1702,103127,Namchow Chem I,TWII,TWD
2101,103204,Nan Kang Tire,TWII,TWD
6504,103730,Nan Liu,TWII,TWD
8046,103739,Nan Ya Pcb Cor,TWII,TWD
1303,103009,Nan Ya Plastic,TWII,TWD
1410,103033,Nan Yang Dyein,TWII,TWD
2108,103211,Nantex Industr,TWII,TWD
9937,103794,National Petr,TWII,TWD
3576,103564,Neo Solar Powe,TWII,TWD
2516,103368,New Asia Const,TWII,TWD
8940,103766,New Palace,TWII,TWD
3090,103517,Nichidenbo,TWII,TWD
1451,103056,Nien Hsing Tex,TWII,TWD
3679,103583,Nishoku,TWII,TWD
3034,103492,Novatek Microe,TWII,TWD
4919,103619,Nuvoton,TWII,TWD
1321,103022,Ocean Plastics,TWII,TWD
1213,102991,Oceanic Bevera,TWII,TWD
6405,103725,Onano,TWII,TWD
2340,103245,Opto Tech,TWII,TWD
2329,103239,Orient Semicon,TWII,TWD
1710,103132,Oriental Union,TWII,TWD
3545,103558,Orise Tech,TWII,TWD
2506,103363,Pacific Constr,TWII,TWD
8404,103760,Paiho Shih,TWII,TWD
2328,103238,Pan Intl Ind,TWII,TWD
2481,103346,Pan Jit,TWII,TWD
2904,103453,Pan Overseas,TWII,TWD
1906,103173,Pao Lung,TWII,TWD
6226,103708,Para,TWII,TWD
3518,103552,Paragon Tech,TWII,TWD
4916,103618,Pec,TWII,TWD
4938,103623,Pegatron,TWII,TWD
2642,103404,Pelican,TWII,TWD
2457,103328,Phihong,TWII,TWD
5706,103662,Phoenix Tours,TWII,TWD
4108,103595,Phytohealth,TWII,TWD
1729,103148,Pihsiang,TWII,TWD
6141,103679,Plotech,TWII,TWD
8114,103748,Posiflex,TWII,TWD
9904,103770,Pou Chen,TWII,TWD
3296,103528,Powertech,TWII,TWD
6239,103711,Powertech Tech,TWII,TWD
3016,103475,Precision,TWII,TWD
2912,103459,President Chai,TWII,TWD
2855,103435,President Sec,TWII,TWD
4915,103617,Primax,TWII,TWD
6152,103682,Prime Eltrs,TWII,TWD
2511,103365,Prince Housing,TWII,TWD
6189,103693,Promate,TWII,TWD
3057,103511,Promise Technology Inc,TWII,TWD
6224,103707,Pttc,TWII,TWD
2352,103252,Qisda,TWII,TWD
4722,103609,Qualipoly,TWII,TWD
2382,103276,Quanta,TWII,TWD
2017,103186,Quintain Steel,TWII,TWD
6176,103689,Radiant,TWII,TWD
2547,103384,Radium Life Te,TWII,TWD
2437,103313,Ralec Eltr,TWII,TWD
2379,103274,Realtek,TWII,TWD
4532,103607,Rechi,TWII,TWD
2302,103224,Rectron,TWII,TWD
1423,103040,Reward Wool In,TWII,TWD
1515,103086,Rexon Indu,TWII,TWD
1506,103081,Right Way Ind,TWII,TWD
2349,103250,Ritek,TWII,TWD
4414,103604,Roo Hsing,TWII,TWD
4141,103599,Rotam,TWII,TWD
1540,103105,Roundtop,TWII,TWD
9945,103802,Ruentex,TWII,TWD
2597,103386,Ruentex E&C,TWII,TWD
2915,103461,Ruentex Ind,TWII,TWD
1808,103165,Run Long,TWII,TWD
2539,103379,Sakura Develop,TWII,TWD
1604,103113,Sampo Corp,TWII,TWD
3579,103565,San Chih,TWII,TWD
1307,103012,San Fang Chem,TWII,TWD
4755,103614,San Fu,TWII,TWD
5007,103634,San Shing,TWII,TWD
9946,103803,Sanfar,TWII,TWD
1817,103168,Sanita,TWII,TWD
2206,103217,Sanyang Indust,TWII,TWD
1614,103120,Sanyo Elec,TWII,TWD
4119,103596,Sci Pharmtech,TWII,TWD
3583,103566,Scientech,TWII,TWD
1789,103161,Scinopharm,TWII,TWD
1720,103140,Scpc,TWII,TWD
2351,103251,Sdi Corp,TWII,TWD
2450,103322,Senao,TWII,TWD
5388,103646,Sercomm,TWII,TWD
1708,103130,Sesoda,TWII,TWD
2616,103400,Shan-Loong Tra,TWII,TWD
2029,103194,Sheng Yu Steel,TWII,TWD
3305,103529,Shenmao,TWII,TWD
5608,103661,Shih Wei,TWII,TWD
1503,103079,Shihlin Electr,TWII,TWD
1903,103170,Shihlin Paper,TWII,TWD
9926,103785,Shin Hai Gas,TWII,TWD
2888,103446,Shin Kong Fhc,TWII,TWD
2901,103451,Shin Shin Co L,TWII,TWD
9918,103780,Shin Shin Nat,TWII,TWD
1235,103005,Shin Tai Ind,TWII,TWD
3376,103536,Shin Zu Shing,TWII,TWD
9944,103801,Shinih,TWII,TWD
5531,103656,Shining Bldg,TWII,TWD
2850,103432,Shinkong Ins,TWII,TWD
1409,103032,Shinkong Syn F,TWII,TWD
1419,103039,Shinkong Texti,TWII,TWD
1773,103158,Shiny Chemical,TWII,TWD
6283,103721,Shun On,TWII,TWD
2405,103291,Shuttle,TWII,TWD
6257,103714,Sigurd,TWII,TWD
6415,103729,Silergy,TWII,TWD
2325,103236,Siliconware,TWII,TWD
3311,103531,Silitech Tech,TWII,TWD
3023,103481,Sinbon Elec,TWII,TWD
2605,103389,Sincere,TWII,TWD
4999,103633,Sinher,TWII,TWD
2032,103197,Sinkang Inds,TWII,TWD
2923,103462,Sino Horizon,TWII,TWD
1712,103134,Sinon,TWII,TWD
2890,103448,Sinopac Fhc,TWII,TWD
1734,103153,Sinphar,TWII,TWD
3536,103557,Sintronic Tech,TWII,TWD
9940,103797,Sinyi,TWII,TWD
2363,103262,Sis,TWII,TWD
8016,103735,Sitronix,TWII,TWD
2484,103349,Siward Crystal,TWII,TWD
3561,103562,Solartech Ener,TWII,TWD
1471,103072,Solytech,TWII,TWD
5471,103649,Sonix Tech,TWII,TWD
1110,102987,Southeast Ceme,TWII,TWD
2440,103315,Space Shuttle,TWII,TWD
3055,103509,Spirox,TWII,TWD
1227,102999,Standard Foods,TWII,TWD
4930,103620,Star Comgistic,TWII,TWD
2480,103345,Stark,TWII,TWD
1475,103076,Sumagh High-Te,TWII,TWD
1721,103141,Sunko Ink,TWII,TWD
2421,103301,Sunonwealth,TWII,TWD
2401,103288,Sunplus Tech,TWII,TWD
1526,103093,Sunrace,TWII,TWD
2387,103280,Sunrex,TWII,TWD
2062,103203,Sunspring Meta,TWII,TWD
9955,103804,Super Dragon,TWII,TWD
8112,103747,Supreme Elec,TWII,TWD
1786,103160,Svbi,TWII,TWD
4733,103611,Swancor,TWII,TWD
5525,103655,Sweeten Const,TWII,TWD
1582,103108,Syncmold,TWII,TWD
2347,103249,Synnex,TWII,TWD
6112,103669,Sysage Tech,TWII,TWD
2453,103324,Syscom Compute,TWII,TWD
6214,103704,Systex,TWII,TWD
2027,103192,Ta Chen,TWII,TWD
1453,103058,Ta Jiang,TWII,TWD
1609,103116,Ta Ya Wire&Cab,TWII,TWD
1521,103089,Ta Yih Ind,TWII,TWD
2478,103344,Ta-I Tech,TWII,TWD
1315,103019,Tah Hsin Indus,TWII,TWD
1441,103049,Tah Tong Texti,TWII,TWD
1220,102997,Tai Roun Produ,TWII,TWD
8011,103734,Tai Tung,TWII,TWD
3432,103541,Tai Twun,TWII,TWD
1613,103119,Tai-I,TWII,TWD
2812,103418,Taichung Comm,TWII,TWD
8039,103738,Taiflex,TWII,TWD
3645,103578,Taimide,TWII,TWD
5906,103665,Tainan Cayman,TWII,TWD
1473,103074,Tainan Enter,TWII,TWD
1440,103048,Tainan Spinnin,TWII,TWD
4934,103621,Tainergy Tech,TWII,TWD
2887,103445,Taishin Fhc,TWII,TWD
3338,103534,Taisol,TWII,TWD
1218,102995,Taisun,TWII,TWD
1309,103014,Taita Chemical,TWII,TWD
9939,103796,Taiwan Hon Chu,TWII,TWD
2841,103428,Taiwan Land,TWII,TWD
2462,103333,Taiwan Line Te,TWII,TWD
2338,103244,Taiwan Mask,TWII,TWD
3045,103501,Taiwan Mobile,TWII,TWD
2617,103401,Taiwan Nav,TWII,TWD
9938,103795,Taiwan Paiho,TWII,TWD
8213,103754,Taiwan Pcb Tec,TWII,TWD
9911,103776,Taiwan Sakura,TWII,TWD
9917,103779,Taiwan Secom,TWII,TWD
2330,103240,Taiwan Semicon,TWII,TWD
6278,103718,Taiwan Surface,TWII,TWD
2913,103460,Taiwan Tea Cor,TWII,TWD
3167,103522,Taliang,TWII,TWD
1432,103041,Taroko Texl,TWII,TWD
2371,103268,Tatung Co Ltd,TWII,TWD
5880,103664,Tcfhc,TWII,TWD
2375,103271,Teapo,TWII,TWD
1504,103080,Teco Electric,TWII,TWD
1233,103003,Ten Ren Tea,TWII,TWD
3030,103488,Test Research,TWII,TWD
2908,103456,Test Rite Int'l,TWII,TWD
1467,103068,Tex-Ray,TWII,TWD
2832,103422,Tfm Insurance,TWII,TWD
6271,103716,Theil,TWII,TWD
2428,103307,Thinking Eltr,TWII,TWD
8033,103737,Thunder Tiger,TWII,TWD
9927,103786,Thye Ming Indu,TWII,TWD
9902,103769,Tidehold Devl,TWII,TWD
1724,103144,Tnc Indu,TWII,TWD
9907,103773,Ton Yi Ind,TWII,TWD
5538,103659,Tong Ming,TWII,TWD
1319,103021,Tong Yang,TWII,TWD
1418,103038,Tong-Hwa Synth,TWII,TWD
4526,103606,Tong-Tai Mach,TWII,TWD
2910,103457,Tonlin Dept,TWII,TWD
2929,103463,Topbi,TWII,TWD
5434,103647,Topco Scient,TWII,TWD
4536,103608,Topkey,TWII,TWD
8021,103736,Topoint Tech,TWII,TWD
4725,103610,Tpcc,TWII,TWD
3673,103582,Tpk Holding,TWII,TWD
6183,103691,Trade-Van Info,TWII,TWD
6702,103733,Transasia,TWII,TWD
2451,103323,Transcend Info,TWII,TWD
1472,103073,Tri Ocean Text,TWII,TWD
3044,103500,Tripod Tech,TWII,TWD
2430,103308,Tsann Kuen Ent,TWII,TWD
2611,103395,Tsi,TWII,TWD
2103,103206,Tsrc,TWII,TWD
1232,103002,Ttet Union,TWII,TWD
1414,103035,Tung Ho,TWII,TWD
2006,103177,Tung Ho Steel,TWII,TWD
3018,103477,Tung Kai Tech,TWII,TWD
9925,103784,Tw Shin Kong S,TWII,TWD
2364,103263,Twinhead Intl,TWII,TWD
2834,103424,Twn Biz Bank,TWII,TWD
1101,102981,Twn Cement,TWII,TWD
8926,103765,Twn Cogenerati,TWII,TWD
1722,103142,Twn Fertilizer,TWII,TWD
1802,103162,Twn Glass Ind,TWII,TWD
1902,103169,Twn Pulp & Pap,TWII,TWD
1310,103015,Twn Styrene Mo,TWII,TWD
1454,103059,Twn Taffeta Fa,TWII,TWD
3042,103499,Txc,TWII,TWD
1522,103090,Tyc Brother In,TWII,TWD
2022,103188,Tycoons,TWII,TWD
2426,103305,Tyntek,TWII,TWD
2606,103390,U-Ming Marine,TWII,TWD
3050,103506,U-Tech,TWII,TWD
2413,103295,Umec,TWII,TWD
1216,102993,Uni-President,TWII,TWD
2482,103347,Uniform,TWII,TWD
3037,103495,Unimicron Tech,TWII,TWD
2838,103427,Union Bk,TWII,TWD
2816,103419,Union Insuranc,TWII,TWD
2414,103296,Unitech Computer Co Ltd,TWII,TWD
2367,103265,Unitech Printed Circuit Board,TWII,TWD
2404,103290,United Integ S,TWII,TWD
2303,103225,United Micro,TWII,TWD
2499,103359,Unity Opto,TWII,TWD
1104,102984,Universal Ceme,TWII,TWD
1445,103053,Universal Txet,TWII,TWD
3704,103590,Unizyx Holding,TWII,TWD
1325,103025,Unvl,TWII,TWD
1313,103017,Upc Tech,TWII,TWD
1304,103010,Usi,TWII,TWD
1203,102989,Ve Wong Corp,TWII,TWD
2388,103281,Via Tech,TWII,TWD
1340,103030,Victory,TWII,TWD
2455,103326,Visual Photoni,TWII,TWD
3454,103544,Vivotek,TWII,TWD
6409,103726,Voltronic,TWII,TWD
6235,103710,Waffer Tech,TWII,TWD
3010,103470,Wah Lee Indu,TWII,TWD
1605,103114,Walsin Lihwa,TWII,TWD
2492,103354,Walsin Tech,TWII,TWD
8110,103746,Walton,TWII,TWD
2425,103304,Walton Chainte,TWII,TWD
2615,103399,Wan Hai Lines,TWII,TWD
2701,103405,Wan Hwa Ent Co,TWII,TWD
2889,103447,Waterland Fin,TWII,TWD
2537,103377,We &Win,TWII,TWD
2028,103193,Wei Chih Steel,TWII,TWD
1201,102988,Wei-Chuan Food,TWII,TWD
3033,103491,Weikeng Indu,TWII,TWD
3501,103548,Well Shin,TWII,TWD
2436,103312,Weltrend Semic,TWII,TWD
3419,103540,Wha Yu,TWII,TWD
2344,103247,Winbond,TWII,TWD
2637,103403,Wisdom,TWII,TWD
1465,103066,Wisher Ind,TWII,TWD
3231,103526,Wistron Corp,TWII,TWD
6285,103722,Wistron Neweb,TWII,TWD
2727,103414,Wowprime,TWII,TWD
3702,103588,Wpg Holdings,TWII,TWD
3036,103494,Wt Microelectr,TWII,TWD
2316,103232,Wus Printed Ci,TWII,TWD
4994,103632,X-Legend,TWII,TWD
1339,103029,Y.C.C.,TWII,TWD
6201,103698,Ya Horng,TWII,TWD
2327,103237,Yageo Corp,TWII,TWD
2609,103393,Yang Ming Mari,TWII,TWD
4306,103603,Yem Chio,TWII,TWD
2034,103199,Yeun Chyang,TWII,TWD
1589,103110,Ygg,TWII,TWD
1457,103061,Yi Jinn Indu,TWII,TWD
2007,103178,Yieh Hsing Ent,TWII,TWD
2023,103189,Yieh Phui,TWII,TWD
6131,103675,Yoko Tech,TWII,TWD
1323,103023,Yon Yu Plastic,TWII,TWD
3622,103576,Young Fast,TWII,TWD
3504,103549,Young Optics,TWII,TWD
1438,103046,Yu Foung Intl,TWII,TWD
1725,103145,Yuan Jen,TWII,TWD
2885,103443,Yuanta Fhc,TWII,TWD
1907,103174,Yuen Foong Yu,TWII,TWD
2201,103215,Yulon Motor,TWII,TWD
2227,103220,Yulon Nissan,TWII,TWD
1726,103146,Yung Chi,TWII,TWD
3705,103591,Yungshin Globa,TWII,TWD
1507,103082,Yungtay,TWII,TWD
3028,103486,Zenitron,TWII,TWD
3029,103487,Zero One Tech,TWII,TWD
4958,103627,Zhen Ding,TWII,TWD
1455,103060,Zig Sheng Ind,TWII,TWD
2485,103350,Zinwell,TWII,TWD
2420,103300,Zippy Tech,TWII,TWD
3056,103510,Zong Tai,TWII,TWD
