EURRUB,1691,Euro Russian Ruble,Forex,RUB
GBPRUB,1790,British Pound Russian Ruble,Forex,RUB
USDRUB,2186,US Dollar Russian Ruble,Forex,RUB
AEDRUB,9298,UAE Dirham Russian Ruble,Forex,RUB
ARSRUB,9351,Argentinian Peso Russian Ruble,Forex,RUB
AUDRUB,9388,Australian Dollar Russian Ruble,Forex,RUB
BRLRUB,9447,Brazil Real Russian Ruble,Forex,RUB
CADRUB,9481,Canadian Dollar Russian Ruble,Forex,RUB
CNYRUB,9530,Chinese Yuan Russian Ruble,Forex,RUB
CHFRUB,9564,Swiss Franc Russian Ruble,Forex,RUB
DKKRUB,9601,Danish Krone Russian Ruble,Forex,RUB
HKDRUB,9646,Hong Kong Dollar Russian Ruble,Forex,RUB
HUFRUB,9664,Hungarian Forint Russian Ruble,Forex,RUB
ILSRUB,9716,Israeli Shekel Russian Ruble,Forex,RUB
INRRUB,9749,Indian Rupee Russian Ruble,Forex,RUB
ISKRUB,9765,Icelandic Kr Russian Ruble,Forex,RUB
JPYRUB,9785,Japanese Yen Russian Ruble,Forex,RUB
MXNRUB,9824,Mexican Peso Russian Ruble,Forex,RUB
NOKRUB,9876,Norwegian Krone Russian Ruble,Forex,RUB
NZDRUB,9915,New Zealand Dollar Russian Ruble,Forex,RUB
PHPRUB,9946,Philippine Peso Russian Ruble,Forex,RUB
PKRRUB,9962,Pakistani Rupee Russian Ruble,Forex,RUB
PLNRUB,10011,Polish Zloty Russian Ruble,Forex,RUB
RUBAED,10024,Russian Ruble UAE Dirham,Forex,AED
RUBARS,10025,Russian Ruble Argentinian Peso,Forex,ARS
RUBCLP,10026,Russian Ruble Chilean Peso,Forex,CLP
RUBCNY,10027,Russian Ruble Chinese Yuan,Forex,CNY
RUBCZK,10028,Russian Ruble Czech Koruna,Forex,CZK
RUBDKK,10029,Russian Ruble Danish Krone,Forex,DKK
RUBEGP,10031,Russian Ruble Egyptian Pound,Forex,EGP
RUBEUR,10032,Russian Ruble Euro,Forex,EUR
RUBGBP,10033,Russian Ruble British Pound,Forex,GBP
RUBHKD,10034,Russian Ruble Hong Kong Dollar,Forex,HKD
RUBHUF,10035,Russian Ruble Hungarian Forint,Forex,HUF
RUBIDR,10036,Russian Ruble Indonesian Rupiah,Forex,IDR
RUBILS,10037,Russian Ruble Israeli Shekel,Forex,ILS
RUBINR,10038,Russian Ruble Indian Rupee,Forex,INR
RUBISK,10039,Russian Ruble Icelandic Kr,Forex,ISK
RUBJMD,10040,Russian Ruble Jamaican Dollar,Forex,JMD
RUBJPY,10042,Russian Ruble Japanese Yen,Forex,JPY
RUBKES,10043,Russian Ruble Kenyan Shilling,Forex,KES
RUBKRW,10044,Russian Ruble Korean Won,Forex,KRW
RUBLBP,10045,Russian Ruble Lebanese Pound,Forex,LBP
RUBLKR,10046,Russian Ruble Sri Lankan Rupee,Forex,LKR
RONRUB,10048,Romanian Leu Russian Ruble,Forex,RUB
RUBMAD,10049,Russian Ruble Moroccan Dirham,Forex,MAD
RUBMXN,10050,Russian Ruble Mexican Peso,Forex,MXN
RUBMYR,10051,Russian Ruble Malaysian Ringgit,Forex,MYR
RUBNAD,10052,Russian Ruble Namibian Dollar,Forex,NAD
RUBNOK,10053,Russian Ruble Norwegian Krone,Forex,NOK
RUBNPR,10054,Russian Ruble Nepalese Rupee,Forex,NPR
RUBPHP,10055,Russian Ruble Philippine Peso,Forex,PHP
RUBPKR,10056,Russian Ruble Pakistani Rupee,Forex,PKR
RUBPLN,10057,Russian Ruble Polish Zloty,Forex,PLN
RUBQAR,10058,Russian Ruble Qatari Riyal,Forex,QAR
RUBSAR,10059,Russian Ruble Saudi Riyal,Forex,SAR
RUBSEK,10060,Russian Ruble Swedish Krona,Forex,SEK
RUBTHB,10061,Russian Ruble Thai Baht,Forex,THB
RUBTRY,10062,Russian Ruble Turkish Lira,Forex,TRY
RUBTWD,10063,Russian Ruble Taiwan Dollar,Forex,TWD
RUBUSD,10064,Russian Ruble US Dollar,Forex,USD
RUBVEF,10065,Russian Ruble Venezuelan Bolivar,Forex,VEF
RUBXAF,10066,Russian Ruble Central African Franc,Forex,XAF
RUBXOF,10067,Russian Ruble West African CFA franc,Forex,XOF
RUBZAR,10068,Russian Ruble South African Rand,Forex,ZAR
SARRUB,10113,Saudi Riyal Russian Ruble,Forex,RUB
SEKRUB,10162,Swedish Krona Russian Ruble,Forex,RUB
SGDRUB,10200,Singapore Dollar Russian Ruble,Forex,RUB
THBRUB,10234,Thai Baht Russian Ruble,Forex,RUB
TRYRUB,10284,Turkish Lira Russian Ruble,Forex,RUB
TWDRUB,10334,Taiwan Dollar Russian Ruble,Forex,RUB
VEFRUB,10390,Venezuelan Bolivar Russian Ruble,Forex,RUB
ZARRUB,10436,South African Rand Russian Ruble,Forex,RUB
RUBCHF,13918,Russian Ruble Swiss Franc,Forex,CHF
RUBCAD,13919,Russian Ruble Canadian Dollar,Forex,CAD
RUBAUD,13920,Russian Ruble Australian Dollar,Forex,AUD
RUBKZT,13921,Russian Ruble Kazakh Tenge,Forex,KZT
RUBBYN,53087,Russian Ruble Belarusian Ruble,Forex,BYN
RUBUAH,940802,Russian Ruble Ukrainian Hryvnia,Forex,UAH
UAHRUB,940809,Ukrainian Hryvnia Russian Ruble,Forex,RUB
RUBBRL,959203,Russian Ruble Brazil Real,Forex,BRL
USDRUB,962711,US Dollar Russian Ruble,Forex,RUB
EURRUB,993160,Euro Russian Ruble,Forex,RUB
JPYRUB,993161,Japanese Yen Russian Ruble,Forex,RUB
CHFRUB,993163,Swiss Franc Russian Ruble,Forex,RUB
RUBVND,993167,Russian Ruble Vietnamese Dong,Forex,VND
KZTRUB,993171,Kazakh Tenge Russian Ruble,Forex,RUB
GELRUB,993173,Georgian lari Russian Ruble,Forex,RUB
RUBAMD,993175,Russian Ruble Armenian Dram,Forex,AMD
AZNRUB,997691,Azerbaijani Manat Russian Ruble,Forex,RUB
RUBAZN,997701,Russian Ruble Azerbaijani Manat,Forex,AZN
BYNRUB,1073360,Belarusian Ruble Russian Ruble,Forex,RUB
CZKRUB,1079235,Czech Koruna Russian Ruble,Forex,RUB
