BTCUSD,1035797,Bitcoin US Dollar,Liqui,USD
ETHBTC,1035796,Ethereum Bitcoin,Liqui,BTC
ETHUSD,1035799,Ethereum US Dollar,Liqui,USD
EOSETH,1036875,EOS Ethereum,Liqui,ETH
EOSBTC,1036874,EOS Bitcoin,Liqui,BTC
EOSUSD,1037030,EOS US Dollar,Liqui,USD
BCHBTC,1035800,Bitcoin Cash Bitcoin,Liqui,BTC
BCHUSD,1037027,Bitcoin Cash US Dollar,Liqui,USD
BCHETH,1036876,Bitcoin Cash Ethereum,Liqui,ETH
LTCBTC,1035798,Litecoin Bitcoin,Liqui,BTC
LTCUSD,1037028,Litecoin US Dollar,Liqui,USD
LTCETH,1046283,Litecoin Ethereum,Liqui,ETH
TRXBTC,1054995,TRON Bitcoin,Liqui,BTC
TRXETH,1054994,TRON Ethereum,Liqui,ETH
TRXUSD,1054991,TRON US Dollar,Liqui,USD
QTUMETH,1036877,Qtum Ethereum,Liqui,ETH
QTUMBTC,1036873,Qtum Bitcoin,Liqui,BTC
QTUMUSD,1034500,Qtum US Dollar,Liqui,USD
DASHUSD,1037040,Dash US Dollar,Liqui,USD
DASHBTC,1046284,Dash Bitcoin,Liqui,BTC
DASHETH,1055889,Dash Ethereum,Liqui,ETH
VENETH,1056920,VeChain Ethereum,Liqui,ETH
VENBTC,1056913,VeChain Bitcoin,Liqui,BTC
VENUSD,1056931,VeChain US Dollar,Liqui,USD
OMGUSD,1036878,Omisego US Dollar,Liqui,USD
OMGETH,1036872,Omisego Ethereum,Liqui,ETH
OMGBTC,1036871,Omisego Bitcoin,Liqui,BTC
AEUSD,1056929,Aeternity US Dollar,Liqui,USD
AEBTC,1056915,Aeternity Bitcoin,Liqui,BTC
AEETH,1056911,Aeternity Ethereum,Liqui,ETH
