BTCUSD,1060749,Bitcoin US Dollar,LakeBTC,USD
BTCJPY,1060751,Bitcoin Japanese Yen,LakeBTC,JPY
BTCEUR,1060750,Bitcoin Euro,LakeBTC,EUR
BTCCAD,1060754,Bitcoin Canadian Dollar,LakeBTC,CAD
BTCGBP,1060752,Bitcoin British Pound,LakeBTC,GBP
BTCAUD,1060753,Bitcoin Australian Dollar,LakeBTC,AUD
BTCSGD,1060755,Bitcoin Singapore Dollar,LakeBTC,SGD
BTCNZD,1060757,Bitcoin New Zealand Dollar,LakeBTC,NZD
BTCNGN,1060758,Bitcoin Nigerian Naira,LakeBTC,NGN
BTCCHF,1060756,Bitcoin Swiss Franc,LakeBTC,CHF
ETHBTC,1060759,Ethereum Bitcoin,LakeBTC,BTC
LTCBTC,1060760,Litecoin Bitcoin,LakeBTC,BTC
