AIRA,12530,Air Arabia PJSC,DFMGI,AED
AJBNK,12531,AJMAN BANK PJSC,DFMGI,AED
AMANT,945149,Amanat Holdings PJSC,DFMGI,AED
ARTC,12535,Arabtec Holding PJSC,DFMGI,AED
ARMX,12534,ARAMEX PJSC,DFMGI,AED
CBD,12537,Commercial Bank of Dubai P.S.C.,DFMGI,AED
DAMAC,946567,Damac Properties Dubai Co PSC,DFMGI,AED
DEYR,12538,Deyaar Development PJSC,DFMGI,AED
DSI,12544,Drake & Scull International PJSC,DFMGI,AED
DFM,12539,Dubai Financial Market PJSC,DFMGI,AED
DINV,12541,Dubai Investments PJSC,DFMGI,AED
DISB,12542,Dubai Islamic Bank,DFMGI,AED
AMAN,12532,Dubai Islamic Insurance Co.,DFMGI,AED
DNIN,12543,Dubai National Insurance,DFMGI,AED
P.J.S.C.,945150,DXB Entertainments,DFMGI,AED
EMAA,943614,Emaar Malls,DFMGI,AED
EMAR,12547,Emaar Properties PJSC,DFMGI,AED
DU,12546,Emirate Integrated Telecom Co PJSC,DFMGI,AED
ENBD,12548,Emirates NBD PJSC,DFMGI,AED
ERC,40415,Emirates Refreshments Company,DFMGI,AED
GGIC,12549,Gulf General Investments Company,DFMGI,AED
GNAV,12550,Gulf Navigation Holding PJSC,DFMGI,AED
SALAMA,12556,Islamic Arab Insurance Company,DFMGI,AED
MARKA,943615,Marka Pjse,DFMGI,AED
MASB,19059,Mashreqbank PSC,DFMGI,AED
NCC,12553,National Cement Company P.S.C.,DFMGI,AED
TABR,12558,National Central Cooling Co.,DFMGI,AED
NGIN,19060,National General Insurance Co PSC,DFMGI,AED
OIC,40416,Oman Insurance Company P.S.C.,DFMGI,AED
SHUA,12557,SHUAA Capital PSC,DFMGI,AED
TKFE,12560,Takaful Emarat PSC,DFMGI,AED
DTKF,12545,Takaful House,DFMGI,AED
UPRO,12561,Union Properties PJSC,DFMGI,AED
