ALU,13309,Aluar,MERV,ARS
BMA,13311,Banco Macro,MERV,ARS
COM,13332,Comer del plat,MERV,ARS
CON,13333,Consultatio s.,MERV,ARS
EDN,13313,EDENOR,MERV,ARS
FRA,13310,BBVA Banco Frances SA,MERV,ARS
GFG,13304,Grupo Financiero Galicia SA,MERV,ARS
MIR,13315,Mirgor,MERV,ARS
PAM,13306,Pampa Energia,MERV,ARS
APBR,13303,Petroleo Brasileiro SA,MERV,ARS
SID,13305,Siderar,MERV,ARS
TEC2,13307,Telecom Argentina Stet-France Telecom,MERV,ARS
TENA,13302,Tenaris,MERV,ARS
TRA,13314,Transener,MERV,ARS
YPFD,13373,YPF,MERV,ARS
