ASCr,50417,A.S. Company,ATG,EUR
AGNr,42626,Aegean Airlines,ATG,EUR
ACBr,13896,Alpha Bank SA,ATG,EUR
AMCr,42627,Athens Medical,ATG,EUR
EYDr,42628,Athens Water,ATG,EUR
AUTr,42629,Autohellas,ATG,EUR
BOCr,13899,Bank of Cyprus PCL,ATG,EUR
DESr,42632,Centric Hold,ATG,EUR
EEEr,958807,Coca Cola HBC AG,ATG,EUR
CORr,50408,Corinth Pipe,ATG,EUR
PLAKR,42634,Creta Plastics,ATG,EUR
HELr,13904,Ellaktor SA,ATG,EUR
ANEMr,955695,Elliniki Technodomiki Anemos SA,ATG,EUR
ELNr,42635,Elton S.A.,ATG,EUR
EREr,42637,Euro Reliance,ATG,EUR
EURBr,13902,Eurobank Ergasias SA,ATG,EUR
ERCr,955912,Euroconsultants SA,ATG,EUR
KRKr,955696,FHL I Kiriakidis Marbles and Granites SA,ATG,EUR
FLXr,955916,Flexopack SA,ATG,EUR
HDFr,42638,Folli Follie,ATG,EUR
FRLr,42639,Fourlis Hld,ATG,EUR
HRMr,42641,Gek Terna,ATG,EUR
GRIr,103963,Grivalia Properties REIC,ATG,EUR
XAKO,42642,Halcor,ATG,EUR
EXCr,42643,Hell.Exchanges,ATG,EUR
HEPr,42644,Hellenic Petroleum SA,ATG,EUR
OTEr,42646,Hellenic Telec,ATG,EUR
HYGr,42647,Hygeia,ATG,EUR
IASr,42648,Iaso,ATG,EUR
IKTr,42649,Iktinos Hellas,ATG,EUR
INRr,42650,Intracom Hold,ATG,EUR
INLr,42652,Intralot,ATG,EUR
AVAr,42653,J. & P. Avax,ATG,EUR
BABr,13898,Jumbo SA,ATG,EUR
KLEr,42655,Kleeman Hellas,ATG,EUR
KRRr,42656,Korres,ATG,EUR
KRIr,42657,Kri-Kri Milk,ATG,EUR
LMDr,42658,Lamda Develop,ATG,EUR
LYKr,42660,Lykos Inform.,ATG,EUR
MRFr,42661,Marfin Invest,ATG,EUR
MTKr,42662,Metka,ATG,EUR
MLSr,42663,MLS Multimedia,ATG,EUR
MORr,42664,Motor Oil Hellas Corinth Refineries SA,ATG,EUR
MYTr,42665,Mytilineos Holdings SA,ATG,EUR
NBGr,42666,National Bank of Greece,ATG,EUR
OPAr,13912,Greek Organisation of Football Prognostics SA,ATG,EUR
PTRr,955697,Petros Petropoulos SA,ATG,EUR
BOPr,42631,Piraeus Bank SA,ATG,EUR
OLPr,42668,Piraeus Port,ATG,EUR
DEHr,42669,Public Power,ATG,EUR
IQTr,42670,Quest Holdings,ATG,EUR
CAMr,42671,Reds,ATG,EUR
SRSr,42672,Sarantiseg,ATG,EUR
OLYr,42675,Techn Olympic,ATG,EUR
TENr,42676,Terna Energy,ATG,EUR
OLTr,42677,ThesKi Port,ATG,EUR
TWSr,42678,ThesKi Water,ATG,EUR
THRr,42679,Thrace Plastic,ATG,EUR
TTNr,13914,Titan Cement Company SA,ATG,EUR
VIOH,13915,Viohalco BR,ATG,EUR
