MST,978778,1168 Construction JSC,Hanoi,VND,http://www.investing.com/equities/1168-construction-jsc
C69,1009001,1369 Construction,Hanoi,VND,http://www.investing.com/equities/1369-construction-jsc
X26,1088208,26 JSC,Hanoi,VND,http://www.investing.com/equities/26-jsc
AG1,1059842,28.1 JSC,Hanoi,VND,http://www.investing.com/equities/28.1-jsc
G36,994637,36 Corp,Hanoi,VND,http://www.investing.com/equities/36-corp
ACM,958381,A Cuong Mineral Group JSC,Hanoi,VND,http://www.investing.com/equities/a-cuong-mineral-group-jsc
ADP,997901,A Dong Paint,Hanoi,VND,http://www.investing.com/equities/a-dong-paint-jsc
AVC,1057640,A Vuong Hydropower,Hanoi,VND,http://www.investing.com/equities/a-vuong-hydropower
ACB,41913,ACB,Hanoi,VND,http://www.investing.com/equities/asia-commercial-bank
AC4,1010708,ACC-244,Hanoi,VND,http://www.investing.com/equities/acc-244-jsc
ADC,41914,ADC,Hanoi,VND,http://www.investing.com/equities/adc
VCS,42260,Advanced Compound Stone JSC,Hanoi,VND,http://www.investing.com/equities/advanced-compound-stone-jsc
AGP,1046310,Agimexpharm Pharma,Hanoi,VND,http://www.investing.com/equities/agimexpharm-pharma
ABI,958376,Agriculture Bank Insurance,Hanoi,VND,http://www.investing.com/equities/agriculture-bank-insurance
ARM,41924,Airimex JSC,Hanoi,VND,http://www.investing.com/equities/airimex-jsc
ACV,993310,Airports Corporation of Viet Nam,Hanoi,VND,http://www.investing.com/equities/airports-corporation-of-viet-nam
AME,41918,Alphanam M&E,Hanoi,VND,http://www.investing.com/equities/alphanam-m-e
AMS,996100,AMECC Mechanical,Hanoi,VND,http://www.investing.com/equities/amecc-mechanical-construction-jsc
AMV,41919,Amvibiotech,Hanoi,VND,http://www.investing.com/equities/amvibiotech
AFX,994068,An Giang Agriculture and Foods,Hanoi,VND,http://www.investing.com/equities/an-giang-agriculture-and-foods-impo
ACE,958379,An Giang Centrifugal Concrete JSC,Hanoi,VND,http://www.investing.com/equities/an-giang-centrifugal-concrete-jsc
ANT,994636,An Giang Fruit-Vegetables,Hanoi,VND,http://www.investing.com/equities/an-giang-fruit-vegetables-foodstuff
DNA,1052857,An Giang Power,Hanoi,VND,http://www.investing.com/equities/an-giang-power
ATB,1052880,An Thinh,Hanoi,VND,http://www.investing.com/equities/an-thinh
AGF,958382,Angiang Fisheries Import & Export,Hanoi,VND,http://www.investing.com/equities/angiang-fisheries-import---export
CAG,1057326,Angiang Port,Hanoi,VND,http://www.investing.com/equities/angiang-port
AVF,958391,Anvifish JSC,Hanoi,VND,http://www.investing.com/equities/anvifish-jsc
API,41921,Apec Investmen,Hanoi,VND,http://www.investing.com/equities/apec-investmen
APS,41923,Apec Securitie,Hanoi,VND,http://www.investing.com/equities/apec-securitie
APP,41922,APP,Hanoi,VND,http://www.investing.com/equities/app
INN,42038,APP PRINT JSC,Hanoi,VND,http://www.investing.com/equities/app-print-jsc
ACS,1052877,Architects Construction,Hanoi,VND,http://www.investing.com/equities/architects-construction
AMP,998117,Armephaco,Hanoi,VND,http://www.investing.com/equities/armephaco-jsc
ART,1031245,Artex Securities,Hanoi,VND,http://www.investing.com/equities/artex-securities
AMC,41917,Asia Mineral,Hanoi,VND,http://www.investing.com/equities/asia-mineral
ATS,976234,Atesco Industrial Cartering,Hanoi,VND,http://www.investing.com/equities/atesco-industrial-cartering
IHK,994854,Aviation Printing,Hanoi,VND,http://www.investing.com/equities/aviation-printing-jsc
BRS,1017278,Ba Ria Urban,Hanoi,VND,http://www.investing.com/equities/ba-ria-urban
VTG,995176,Ba Ria Vung Tau,Hanoi,VND,http://www.investing.com/equities/ba-ria-vung-tau-tourist-jsc
BUD,1073189,Ba Ria Vung Tau Urban,Hanoi,VND,http://www.investing.com/equities/ba-ria-vung-tau-urban
BHA,1031249,Bac Ha Hydropower,Hanoi,VND,http://www.investing.com/equities/bac-ha-hydropower
BLF,41935,Bac Lieu Fis,Hanoi,VND,http://www.investing.com/equities/bac-lieu-fis
SBM,1056163,Bac Minh Develop,Hanoi,VND,http://www.investing.com/equities/bac-minh-develop
BVG,41941,Bac Viet Steel,Hanoi,VND,http://www.investing.com/equities/bacviet-steel
BHT,41932,Bach Dang TMC,Hanoi,VND,http://www.investing.com/equities/bach-dang-tmc
BBT,1088760,Bach Tuyet Cotton,Hanoi,VND,http://www.investing.com/equities/bach-tuyet-cotton
BKC,41934,Bamcorp.,Hanoi,VND,http://www.investing.com/equities/bamcorp.
BWA,997904,Bao Loc Supply Sewerage,Hanoi,VND,http://www.investing.com/equities/bao-loc-supply-sewerage-construct
BLI,998119,Bao Long Insurance,Hanoi,VND,http://www.investing.com/equities/bao-long-insurance-corp
BMS,1091129,Bao Minh Securities,Hanoi,VND,http://www.investing.com/equities/bao-minh-securities
BII,953719,Bao Thu Industrial Develop Invest,Hanoi,VND,http://www.investing.com/equities/bao-thu-industrial-develop-invest
BVS,41942,Baoviet Securities Company,Hanoi,VND,http://www.investing.com/equities/baoviet-securities-company
BRR,1017277,Baria Rubber,Hanoi,VND,http://www.investing.com/equities/baria-rubber
BWS,1055305,Baria Vungtau Water,Hanoi,VND,http://www.investing.com/equities/baria-vungtau-water
BMJ,958401,Becamex Mineral JSC,Hanoi,VND,http://www.investing.com/equities/becamex-mineral-jsc
BCP,959138,Becamex Pharmaceutical JSC,Hanoi,VND,http://www.investing.com/equities/becamex-pharmaceutical-jsc
UDJ,958726,Becamex Urban Development JSC,Hanoi,VND,http://www.investing.com/equities/becamex-urban-development-jsc
BAL,1059845,Beer Alcohol Beverage,Hanoi,VND,http://www.investing.com/equities/beer-alcohol-beverage
VT1,995727,Ben Thanh Material,Hanoi,VND,http://www.investing.com/equities/ben-thanh-material-jsc
BTV,997537,Ben Thanh Tourist,Hanoi,VND,http://www.investing.com/equities/ben-thanh-tourist-service-corp
BTW,958408,Ben Thanh Water,Hanoi,VND,http://www.investing.com/equities/ben-thanh-water-supply-jsc
TBT,995155,Bentre Transportation,Hanoi,VND,http://www.investing.com/equities/bentre-transportation-works-contruc
BTU,1017281,Bentre Urban Project,Hanoi,VND,http://www.investing.com/equities/bentre-urban-project
DBT,41974,Bepharco,Hanoi,VND,http://www.investing.com/equities/bepharco
BT6,958405,Beton 6,Hanoi,VND,http://www.investing.com/equities/beton-6-corp
BDB,41929,Bidibook,Hanoi,VND,http://www.investing.com/equities/bidibook
VLB,991142,Bien Hoa Building Materials,Hanoi,VND,http://www.investing.com/equities/bien-hoa-building-materials-product
BHC,41931,Bien Hoa Concrete,Hanoi,VND,http://www.investing.com/equities/biconco
VCA,958730,Bien Hoa Steel JSC,Hanoi,VND,http://www.investing.com/equities/bien-hoa-steel-jsc
BCC,41928,Bim Son Cement JSC,Hanoi,VND,http://www.investing.com/equities/bim-son-cement-jsc
BPC,41936,Bim Son Packing JSC,Hanoi,VND,http://www.investing.com/equities/bim-son-packing-jsc
BDF,1052881,Binh Dinh Footwear,Hanoi,VND,http://www.investing.com/equities/binh-dinh-footwear
BTN,1059847,Binh Dinh Tunnel Brick,Hanoi,VND,http://www.investing.com/equities/binh-dinh-tunnel-brick
BDW,1046312,Binh Dinh Water,Hanoi,VND,http://www.investing.com/equities/binh-dinh-water
AFC,1025120,Binh Duong Agriculture,Hanoi,VND,http://www.investing.com/equities/binh-duong-agriculture
MVC,998135,Binh Duong Building Materials,Hanoi,VND,http://www.investing.com/equities/binh-duong-building-materials-const
HBD,994840,Binh Duong PP Pack,Hanoi,VND,http://www.investing.com/equities/binh-duong-pp-pack-making-jsc
PRT,1080163,Binh Duong Producing,Hanoi,VND,http://www.investing.com/equities/binh-duong-producing
MH3,997916,Binh Long Rubber Industrial,Hanoi,VND,http://www.investing.com/equities/binh-long-rubber-industrial-park
BSR,1072434,Binh Son Refining,Hanoi,VND,http://www.investing.com/equities/binh-son-refining
VDT,958733,Binh Tay Steel Wire Netting,Hanoi,VND,http://www.investing.com/equities/binh-tay-steel-wire-netting
BMD,1046313,Binh Thuan Environmental,Hanoi,VND,http://www.investing.com/equities/binh-thuan-environmental
BTC,997903,Binh Trieu Construction,Hanoi,VND,http://www.investing.com/equities/binh-trieu-construction-and-eng
BST,41938,Bisathico,Hanoi,VND,http://www.investing.com/equities/bisathico
STC,42209,Book And Educational Equipment JSC,Hanoi,VND,http://www.investing.com/equities/book-and-educational-equipment-jsc
BSC,41937,BTSC,Hanoi,VND,http://www.investing.com/equities/btsc
BTS,41940,But Son Cement JSC,Hanoi,VND,http://www.investing.com/equities/but-son-cement-jsc
BBS,41927,But Son Cement Packing JSC,Hanoi,VND,http://www.investing.com/equities/but-son-cement-packing-jsc
WCS,42294,BXMT,Hanoi,VND,http://www.investing.com/equities/bxmt
CAT,1091131,Ca Mau Seafood,Hanoi,VND,http://www.investing.com/equities/ca-mau-seafood
CMW,1088751,Ca Mau Water,Hanoi,VND,http://www.investing.com/equities/ca-mau-water
CAD,958414,Cadovimex Seafood Import Export,Hanoi,VND,http://www.investing.com/equities/cadovimex-seafood-import-export
CFC,1006206,Cafico Viet Nam,Hanoi,VND,http://www.investing.com/equities/cafico-viet-nam-corp
CPI,1057056,Cailanport Invest,Hanoi,VND,http://www.investing.com/equities/cailanport-invest
CIA,1056029,Cam Ranh Airport,Hanoi,VND,http://www.investing.com/equities/cam-ranh-airport
CHC,1013745,Camha,Hanoi,VND,http://www.investing.com/equities/camha
VEE,996110,Campha Electrical,Hanoi,VND,http://www.investing.com/equities/campha-electrical-equipment-jsc
CCR,998121,CamRanh Port,Hanoi,VND,http://www.investing.com/equities/camranh-port-jsc
CCM,41947,Can Tho Mineral,Hanoi,VND,http://www.investing.com/equities/cantcimex
CGP,960894,CanGio Pharmaceutical JSC,Hanoi,VND,http://www.investing.com/equities/cangio-pharmaceutical-jsc
KCB,962007,Cao Bang Mineral and Metallurgical,Hanoi,VND,http://www.investing.com/equities/cao-bang-mineral-and-metallurgical
CBS,1057054,Cao Bang Sugar,Hanoi,VND,http://www.investing.com/equities/cao-bang-sugar
CDG,1059848,Cau Duong,Hanoi,VND,http://www.investing.com/equities/cau-duong
TMX,42228,CEMENT.T.,JSC,VND,
CEN,1088758,CENCON Vietnam,Hanoi,VND,http://www.investing.com/equities/cencon-vietnam
CJC,41950,Central Area Electrical Mechanical,Hanoi,VND,http://www.investing.com/equities/central-area-electrical-mechanical
VSM,1024928,Central Container,Hanoi,VND,http://www.investing.com/equities/central-container
PCE,958593,Central PetroVietnam Fertilizer and,Hanoi,VND,http://www.investing.com/equities/central-petrovietnam-fertilizer-and
DP1,1081705,Central Pharma CPC1,Hanoi,VND,http://www.investing.com/equities/central-pharma
DP2,1010854,Central Pharma No2,Hanoi,VND,http://www.investing.com/equities/central-pharmaceutical-jsc-no2
DP3,958458,Central Pharmaceutical JSC No3,Hanoi,VND,http://www.investing.com/equities/central-pharmaceutical-jsc-no3
TW3,993052,Central Pharmaceutical N3,Hanoi,VND,http://www.investing.com/equities/central-pharmaceutical-n3-jsc
BT1,1017280,Central Plant Protection No1,Hanoi,VND,http://www.investing.com/equities/central-plant-protection-no1
C21,958411,Century 21,Hanoi,VND,http://www.investing.com/equities/century-21-jsc
CEO,953720,CEO Group JSC,Hanoi,VND,http://www.investing.com/equities/ceo-group-jsc
KMT,42046,CEVIMETAL,Hanoi,VND,http://www.investing.com/equities/cevimetal
PCT,42106,CGT,Hanoi,VND,http://www.investing.com/equities/cgt
CYC,958440,Chang Yih Ceramic,Hanoi,VND,http://www.investing.com/equities/chang-yih-ceramic-jsc
CEC,997906,Chemical Industry Eng,Hanoi,VND,http://www.investing.com/equities/chemical-industry-engineering-jsc
CLX,997142,Cho Lon Investment,Hanoi,VND,http://www.investing.com/equities/cho-lon-investment-import-export
CMF,994069,Cholimex Food,Hanoi,VND,http://www.investing.com/equities/cholimex-food-jsc
RCL,42150,Cholon Real Estate JSC,Hanoi,VND,http://www.investing.com/equities/cholon-real-estate-jsc
NMK,958580,Civil Engineering Construction,Hanoi,VND,http://www.investing.com/equities/civil-engineering-construction
CMI,41953,CMISTONE Viet Nam,Hanoi,VND,http://www.investing.com/equities/cavico-mineral
CKV,41951,Cokyvina,Hanoi,VND,http://www.investing.com/equities/cokyvina
CMN,1024907,Colusa Miliket,Hanoi,VND,http://www.investing.com/equities/colusa-miliket
CID,41949,Const and Infra Dev,Hanoi,VND,http://www.investing.com/equities/cinde
CX8,41968,Constrexim,Hanoi,VND,http://www.investing.com/equities/constrexim
CC1,1031253,Construction 1,Hanoi,VND,http://www.investing.com/equities/construction-1
CEG,1011869,Construction and Industry,Hanoi,VND,http://www.investing.com/equities/construction-and-industry-equipment
CNT,997908,Construction and Materials,Hanoi,VND,http://www.investing.com/equities/construction-and-materials-trading
CIP,1057055,Construction Industrial Production,Hanoi,VND,http://www.investing.com/equities/construction-industrial-production
CMC,41952,Construction&Mechanical JSC No 1.,Hanoi,VND,http://www.investing.com/equities/construction-mechanical-jsc-no-1.
CDO,958419,Consultancy Design Urban,Hanoi,VND,http://www.investing.com/equities/consultancy-design-and-urban-devel
CNN,980217,Consultant and Inspection,Hanoi,VND,http://www.investing.com/equities/consultant-and-inspection-of-constr
CSC,41956,Cotana.,JSC,VND,
QTC,42149,COTRACO-QNA,Hanoi,VND,http://www.investing.com/equities/cotraco-qna
CPC,41955,CPC,Hanoi,VND,http://www.investing.com/equities/cpc
CTA,41958,CTA,Hanoi,VND,http://www.investing.com/equities/cta
NDX,42089,DA NANG HOUSIN,Hanoi,VND,http://www.investing.com/equities/da-nang-housin
DNL,958456,Da Nang Logistics JSC,Hanoi,VND,http://www.investing.com/equities/da-nang-logistics-jsc
DPC,41990,Da Nang Plastic JSC,Hanoi,VND,http://www.investing.com/equities/da-nang-plastic-jsc
DSC,1057642,Da Nang Securities,Hanoi,VND,http://www.investing.com/equities/da-nang-securities
DNS,958457,Da Nang Steel JSC,Hanoi,VND,http://www.investing.com/equities/da-nang-steel-jsc
DNH,1017285,Da Nhim Ham Thuan Da Mi Hydro,Hanoi,VND,http://www.investing.com/equities/da-nhim-ham-thuan-da-mi-hydro
DBC,41973,Dabaco,Hanoi,VND,http://www.investing.com/equities/dabaco
HPD,958513,Dak Doa Hydropower JSC,Hanoi,VND,http://www.investing.com/equities/dak-doa-hydropower-jsc
DBM,958443,Daklak Pharmaceutical Medical Equip,Hanoi,VND,http://www.investing.com/equities/daklak-pharmaceutical-medical-equip
EAD,998127,Daklak Power Hydroelectric,Hanoi,VND,http://www.investing.com/equities/daklak-power-hydroelectric-jsc
DRI,1010855,Daklak Rubber,Hanoi,VND,http://www.investing.com/equities/daklak-rubber-investment-jsc
DLR,41985,DaLat Real Estate,Hanoi,VND,http://www.investing.com/equities/dalat-realco
PMP,959143,Dam Phu My Packaging JSC,Hanoi,VND,http://www.investing.com/equities/dam-phu-my-packaging-jsc
DNM,41987,DANAMECO MEDIC,Hanoi,VND,http://www.investing.com/equities/danameco-medic
MAS,955802,Danang Airport Services JSC,Hanoi,VND,http://www.investing.com/equities/danang-airport-services-jsc
NDN,42088,DANANG HOUSING,Hanoi,VND,http://www.investing.com/equities/danang-housing
DDN,958445,Danang Pharmaceutical Medical Equip,Hanoi,VND,http://www.investing.com/equities/danang-pharmaceutical-medical-equip
CDN,976235,Danang Port,Hanoi,VND,http://www.investing.com/equities/danang-port-jsc
SPD,995151,DaNang Seaproducts,Hanoi,VND,http://www.investing.com/equities/danang-seaproducts-import-export
DNE,1009002,Danang Urban,Hanoi,VND,http://www.investing.com/equities/danang-urban-environment-jsc
BED,41930,Danangbook,Hanoi,VND,http://www.investing.com/equities/danangbook
DDV,958446,DAP VINACHEM JSC,Hanoi,VND,http://www.investing.com/equities/dap-vinachem-jsc
DAD,41971,Deidco,Hanoi,VND,http://www.investing.com/equities/deidco
DCF,998125,Design and Construction No 1,Hanoi,VND,http://www.investing.com/equities/design-and-construction-jsc-no-1
DC1,998124,Development Investment 1,Hanoi,VND,http://www.investing.com/equities/development-investment-construct-1
DAR,1010853,Dian Train,Hanoi,VND,http://www.investing.com/equities/dian-train-jsc
DID,41982,DIC DONG TIEN,Hanoi,VND,http://www.investing.com/equities/dic-dong-tien
DIH,41983,DIC HOI AN,Hanoi,VND,http://www.investing.com/equities/dic-hoi-an
DC2,41975,DIC No 2,Hanoi,VND,http://www.investing.com/equities/dic-no-2
DC4,41976,DIC No 4,Hanoi,VND,http://www.investing.com/equities/dic-no-4
DCD,1017284,DIC Tourisrt Trade,Hanoi,VND,http://www.investing.com/equities/dic-tourisrt-trade
TDB,1025094,Dinh Binh Hydro,Hanoi,VND,http://www.investing.com/equities/dinh-binh-hydro
PSP,958615,Dinh Vu Petroleum Service Port JSC,Hanoi,VND,http://www.investing.com/equities/dinh-vu-petroleum-service-port-jsc
DL1,41984,DLGL INDPS,Hanoi,VND,http://www.investing.com/equities/dlgl-indps
PCN,962451,DMC Northern Petrolium,Hanoi,VND,http://www.investing.com/equities/dmc-northern-petroleum-chemicals
DNY,41989,DNY,Hanoi,VND,http://www.investing.com/equities/dny
DXP,41992,Doan Xa Port JSC,Hanoi,VND,http://www.investing.com/equities/doan-xa-port-jsc
DGT,997912,Dona Transportation,Hanoi,VND,http://www.investing.com/equities/dona-transportation-construction
DAP,997910,Dong A Packaging,Hanoi,VND,http://www.investing.com/equities/dong-a-packaging-jsc
DFC,1046315,Dong Anh C&F,Hanoi,VND,http://www.investing.com/equities/dong-anh-c-f
TBD,958687,Dong Anh Electrical Equipment Manuf,Hanoi,VND,http://www.investing.com/equities/dong-anh-electrical-equipment-manuf
CKD,997907,Dong Anh Licogi,Hanoi,VND,http://www.investing.com/equities/dong-anh-licogi-mechanical-jsc
DOC,994437,Dong Nai,Hanoi,VND,http://www.investing.com/equities/dong-nai-of-agricultural-material
GND,996564,Dong Nai Brick and Tile,Hanoi,VND,http://www.investing.com/equities/dong-nai-brick-and-tile-corp
DND,993211,Dong Nai Material,Hanoi,VND,http://www.investing.com/equities/dong-nai-material-building-invest
SDN,42177,Dong Nai Paint Corporation,Hanoi,VND,http://www.investing.com/equities/dong-nai-paint-corporation
DNP,41988,Dong Nai Plastic Construction JSC,Hanoi,VND,http://www.investing.com/equities/dong-nai-plastic-construction-jsc
DCT,976236,Dong Nai Roofsheet,Hanoi,VND,http://www.investing.com/equities/dong-nai-roofsheet-construction
DNW,969178,Dong Nai Water,Hanoi,VND,http://www.investing.com/equities/dong-nai-water-jsc
DDM,997911,DongDo Marine,Hanoi,VND,http://www.investing.com/equities/dongdo-marine-jsc
DPP,997913,Dongnai Pharma,Hanoi,VND,http://www.investing.com/equities/dongnai-pharmaceutical-jsc
BDT,1046311,Dongthap Building Materials,Hanoi,VND,http://www.investing.com/equities/dongthap-building-materials
FDG,986637,Dongthap Trading,Hanoi,VND,http://www.investing.com/equities/dongthap-trading-corp
MGG,1056034,Duc Giang,Hanoi,VND,http://www.investing.com/equities/duc-giang
DTI,1059853,Duc Trung Invest,Hanoi,VND,http://www.investing.com/equities/duc-trung-invest
DGC,953722,Ducgiang Chemicals Detergent Powder,Hanoi,VND,http://www.investing.com/equities/ducgiang-chemicals-detergent-powder
DZM,41993,DZIMA,Hanoi,VND,http://www.investing.com/equities/dzima
ECI,41995,ECICO.,JSC,VND,
SED,42183,EDID,Hanoi,VND,http://www.investing.com/equities/edid
DAE,41972,Educational Book In Da Nang City,Hanoi,VND,http://www.investing.com/equities/educational-book-in-da-nang-city
SGD,42187,Educational Book In Ho Chi Minh,Hanoi,VND,http://www.investing.com/equities/educational-book-in-ho-chi-minh
EBS,41994,Educational Book JSC,Hanoi,VND,http://www.investing.com/equities/educational-book-jsc
EFI,41996,EFI,Hanoi,VND,http://www.investing.com/equities/efi.
KIP,995125,Electrical Devices No1,Hanoi,VND,http://www.investing.com/equities/electrical-devices-jsc-no1
EMG,996563,Electrical Mechanical Equipment,Hanoi,VND,http://www.investing.com/equities/electrical-mechanical-equipment
EME,1046317,Electro Mechanical,Hanoi,VND,http://www.investing.com/equities/electro-mechanical
CVC,994436,Electromechanics Materials,Hanoi,VND,http://www.investing.com/equities/electromechanics-materials-jsc
VEA,1089242,Engine Agricultural Machinery,Hanoi,VND,http://www.investing.com/equities/engine-agricultural-machinery
C92,41944,Engineering Construction JSC No492,Hanoi,VND,http://www.investing.com/equities/engineering-construction-jsc-no492
EVS,1091134,Everest Securities,Hanoi,VND,http://www.investing.com/equities/everest-securities
EVF,1091133,EVN Finance,Hanoi,VND,http://www.investing.com/equities/evn-finance
EIC,997143,EVN Intl,Hanoi,VND,http://www.investing.com/equities/evn-international-jsc
FBA,958476,FBA International Group Corp,Hanoi,VND,http://www.investing.com/equities/fba-international-group-corp
FDT,41998,FIDITOUR JSC,Hanoi,VND,http://www.investing.com/equities/fiditour-jsc
KLF,43221,FLC Global JSC,Hanoi,VND,http://www.investing.com/equities/flc-global-jsc
FOX,998128,FPT Telecom,Hanoi,VND,http://www.investing.com/equities/fpt-telecom-jsc
FTI,1053084,Friendship Trading-Industrial,Hanoi,VND,http://www.investing.com/equities/friendship-trading-industrial
G20,959140,G.Home Textile,Hanoi,VND,http://www.investing.com/equities/g.home-textile-investment-jsc
M10,1059860,Garment 10,Hanoi,VND,http://www.investing.com/equities/garment-10
HSI,958519,General Materials Biochemistry Fert,Hanoi,VND,http://www.investing.com/equities/general-materials-biochemistry-fert
GEG,998129,Gia Lai Electricity,Hanoi,VND,http://www.investing.com/equities/gia-lai-electricity-jsc
GHC,958485,Gia Lai Hydropower JSC,Hanoi,VND,http://www.investing.com/equities/gia-lai-hydropower-jsc
GGG,42001,GiaiPhong Motor,Hanoi,VND,http://www.investing.com/equities/gmc-jsc
CTC,41960,Gialai Ctc,Hanoi,VND,http://www.investing.com/equities/gialai-ctc
GLT,42002,GLT CORP,Hanoi,VND,http://www.investing.com/equities/glt-corp
TXM,42241,Gypsum And Cement JSC,Hanoi,VND,http://www.investing.com/equities/gypsum-and-cement-jsc
MTH,958568,Ha Dong Environment Public Service,Hanoi,VND,http://www.investing.com/equities/ha-dong-environment-public-service
CAN,41945,Ha Long Canned Food JSC,Hanoi,VND,http://www.investing.com/equities/ha-long-canned-food-jsc
HLY,42020,Ha Long No. 1 Viglacera JSC,Hanoi,VND,http://www.investing.com/equities/ha-long-no.-1-viglacera-jsc
BHP,997902,Ha Noi Hai Phong Beer,Hanoi,VND,http://www.investing.com/equities/ha-noi-hai-phong-beer-jsc
HKB,955800,Ha Noi Kinh Bac Agriculture Food,Hanoi,VND,http://www.investing.com/equities/ha-noi-kinh-bac-agriculture-food
NHA,42092,HA NOI SOUTH,Hanoi,VND,http://www.investing.com/equities/ha-noi-south
BTB,998120,Ha Noi Thai Binh Beer,Hanoi,VND,http://www.investing.com/equities/ha-noi-thai-binh-beer-jsc
TSJ,1052897,Ha Noi Tourist,Hanoi,VND,http://www.investing.com/equities/ha-noi-tourist
HNT,994847,Ha Noi Tram,Hanoi,VND,http://www.investing.com/equities/ha-noi-tram-jsc
HNB,994846,Ha Noi Transport Station,Hanoi,VND,http://www.investing.com/equities/ha-noi-transport-station-jsc
NS3,995133,Ha Noi Water No 3,Hanoi,VND,http://www.investing.com/equities/ha-noi-water-manufacturing-jsc-no-3
HTR,997145,Ha Thai Railway,Hanoi,VND,http://www.investing.com/equities/ha-thai-railway-jsc
HKP,994845,Ha Tien Packaging,Hanoi,VND,http://www.investing.com/equities/ha-tien-packaging-jsc
HBH,1052885,Habeco Hai Phong,Hanoi,VND,http://www.investing.com/equities/habeco-hai-phong
HAT,42005,HABECO TRADING,Hanoi,VND,http://www.investing.com/equities/habeco-trading
HAD,42004,HAD,Hanoi,VND,http://www.investing.com/equities/had
KHD,1025121,Hai Duong Mineral,Hanoi,VND,http://www.investing.com/equities/hai-duong-mineral
DHD,1010644,Hai Duong Pharma,Hanoi,VND,http://www.investing.com/equities/hai-duong-pharmaceutical-medical
CTB,41959,Hai Duong Pump Manufacturing JSC,Hanoi,VND,http://www.investing.com/equities/hai-duong-pump-manufacturing-jsc
HDW,1056031,Hai Duong Water,Hanoi,VND,http://www.investing.com/equities/hai-duong-water
HHC,42014,Hai Ha Confectionery JSC,Hanoi,VND,http://www.investing.com/equities/hai-ha-confectionery-jsc
CCP,997905,Hai Phong Cua Cam,Hanoi,VND,http://www.investing.com/equities/hai-phong-cua-cam-port-jsc
DHP,41980,Hai Phong Elec,Hanoi,VND,http://www.investing.com/equities/hai-phong-elec
HHP,1094229,Hai Phong Hoang Ha Paper,Hanoi,VND,http://www.investing.com/equities/hai-phong-hoang-ha-paper
CKH,998123,Hai Phong Machinery,Hanoi,VND,http://www.investing.com/equities/hai-phong-machinery-manufacturing
HPP,958515,Hai Phong Paint JSC,Hanoi,VND,http://www.investing.com/equities/hai-phong-paint-jsc
DPH,1013746,Hai Phong Pharma,Hanoi,VND,http://www.investing.com/equities/hai-phong-pharma
DVC,997914,Hai Phong Port Trading,Hanoi,VND,http://www.investing.com/equities/hai-phong-port-trading-and-services
HAC,42025,Hai Phong Securities JSC,Hanoi,VND,http://www.investing.com/equities/hai-phong-securities-jsc
HND,991208,Hai Phong Thermal Power,Hanoi,VND,http://www.investing.com/equities/hai-phong-thermal-power-jsc
HPW,998131,Hai Phong Water,Hanoi,VND,http://www.investing.com/equities/hai-phong-water-jsc
HHV,962449,Hai Van Tunnel Management Operation,Hanoi,VND,http://www.investing.com/equities/hai-van-tunnel-management-operation
HCT,42009,Haiphong Cement Transport JSC,Hanoi,VND,http://www.investing.com/equities/haiphong-cement-transport-jsc
HC3,1024804,Haiphong Construction 3,Hanoi,VND,http://www.investing.com/equities/haiphong-construction-3
DBH,1059851,Haiphong Overland,Hanoi,VND,http://www.investing.com/equities/haiphong-overland
TUG,997146,Haiphong Port Tugboat,Hanoi,VND,http://www.investing.com/equities/haiphong-port-tugboat-and-transport
PTS,42132,Haiphong PTS JSC,Hanoi,VND,http://www.investing.com/equities/haiphong-pts-jsc
DDH,1046314,Haiphong Waterway,Hanoi,VND,http://www.investing.com/equities/haiphong-waterway
HLR,994002,Halang Railway,Hanoi,VND,http://www.investing.com/equities/halang-railway-jsc
HLB,997144,Halong Beer Beverage,Hanoi,VND,http://www.investing.com/equities/halong-beer-and-beverage-jsc
HMH,42021,HAMI CORP,Hanoi,VND,http://www.investing.com/equities/hami-corp
HNP,994440,Hanel Plastics,Hanoi,VND,http://www.investing.com/equities/hanel-plastics-jsc
SHN,42191,HANIC,Hanoi,VND,http://www.investing.com/equities/hanic
RHN,1008746,Haninh Railway,Hanoi,VND,http://www.investing.com/equities/haninh-railway-jsc
PHN,1129336,Hanoi Battery,Hanoi,VND,http://www.investing.com/equities/hanoi-battery
HAN,1072437,Hanoi Construction,Hanoi,VND,http://www.investing.com/equities/hanoi-construction
HCI,994841,Hanoi Construction Invest,Hanoi,VND,http://www.investing.com/equities/hanoi-construction-investment-jsc
HEM,994842,Hanoi Electromechanical,Hanoi,VND,http://www.investing.com/equities/hanoi-electromechanical-manufact
HES,994070,Hanoi Entertainment Services,Hanoi,VND,http://www.investing.com/equities/hanoi-entertainment-services-corp
HAF,1056154,Hanoi Foodstuff,Hanoi,VND,http://www.investing.com/equities/hanoi-foodstuff
HFC,994843,Hanoi Fuel,Hanoi,VND,http://www.investing.com/equities/hanoi-fuel-jsc
DHN,1088754,Hanoi Pharma,Hanoi,VND,http://www.investing.com/equities/hanoi-pharma
BQB,1059846,Hanoi Quang Binh Beer,Hanoi,VND,http://www.investing.com/equities/hanoi-quang-binh-beer
HCS,1056155,Hanoi Railway Signal,Hanoi,VND,http://www.investing.com/equities/hanoi-railway-signal
HRT,994849,Hanoi Railway Transport,Hanoi,VND,http://www.investing.com/equities/hanoi-railway-transport-jsc
HAB,1057643,Hanoi School Books,Hanoi,VND,http://www.investing.com/equities/hanoi-school-books
SPH,958668,Hanoi Seaproducts Import Export,Hanoi,VND,http://www.investing.com/equities/hanoi-seaproducts-import-export
XPH,958771,Hanoi Soap JSC,Hanoi,VND,http://www.investing.com/equities/hanoi-soap-jsc
TPH,42230,Hanoi Textbooks Printing JSC,Hanoi,VND,http://www.investing.com/equities/hanoi-textbooks-printing-jsc
HTM,1080161,Hanoi Trade,Hanoi,VND,http://www.investing.com/equities/hanoi-trade
NS2,994071,Hanoi Water Supply 2,Hanoi,VND,http://www.investing.com/equities/hanoi-water-supply-number-2-jsc
HNM,42022,Hanoimilk JSC,Hanoi,VND,http://www.investing.com/equities/hanoimilk-jsc
HAV,1072438,Hapro Vodka,Hanoi,VND,http://www.investing.com/equities/hapro-vodka
HRB,1056156,Harec Invest,Hanoi,VND,http://www.investing.com/equities/harec-invest
DHT,41981,Hataphar,Hanoi,VND,http://www.investing.com/equities/hataphar
MTA,995128,Hatinh Minerals Trading,Hanoi,VND,http://www.investing.com/equities/hatinh-minerals-and-trading-joint-s
HDP,998130,Hatinh Pharmaceutical,Hanoi,VND,http://www.investing.com/equities/hatinh-pharmaceutical-jsc
HAM,1043316,Hau Giang Materials,Hanoi,VND,http://www.investing.com/equities/hau-giang-materials
KHB,42042,HBM.,JSC,VND,
HBS,42007,HBS,Hanoi,VND,http://www.investing.com/equities/hbs
BXH,41943,HCPC,Hanoi,VND,http://www.investing.com/equities/hcpc
EID,41997,HEID,Hanoi,VND,http://www.investing.com/equities/heid
HSA,998132,Hestia,Hanoi,VND,http://www.investing.com/equities/hestia-jsc
DNC,41986,HEWMAC,Hanoi,VND,http://www.investing.com/equities/hewmac
HFT,1059857,HFT Securities,Hanoi,VND,http://www.investing.com/equities/hft-securities
HGM,42013,HGM,Hanoi,VND,http://www.investing.com/equities/hgm
HKT,995122,Hiep Khanh Tea,Hanoi,VND,http://www.investing.com/equities/hiep-khanh-tea-jsc
HPI,1059859,Hiep Phuoc Industrial,Hanoi,VND,http://www.investing.com/equities/hiep-phuoc-industrial
HEV,42012,Higher Educational&Vocational Book,Hanoi,VND,http://www.investing.com/equities/higher-educational-vocational-book
HIG,958508,HIPT Group JSC,Hanoi,VND,http://www.investing.com/equities/hipt-group-jsc
HTE,1031261,Ho Chi Minh City Electric Power,Hanoi,VND,http://www.investing.com/equities/ho-chi-minh-city-electric-power
YTC,1031288,Ho Chi Minh City Medical,Hanoi,VND,http://www.investing.com/equities/ho-chi-minh-city-medical
CHS,998122,Ho Chi Minh City Public,Hanoi,VND,http://www.investing.com/equities/ho-chi-minh-city-public-lighting
HIZ,1091135,Ho Nai Industrial Zone,Hanoi,VND,http://www.investing.com/equities/ho-nai-industrial-zone
HBW,1089232,Hoa Binh Clear Water,Hanoi,VND,http://www.investing.com/equities/hoa-binh-clear-water
SCC,1052896,Hoa Binh Province Hung Long Trading,Hanoi,VND,http://www.investing.com/equities/hoa-binh-province-hung-long-trading
HCC,42008,Hoa Cam Concrete JSC,Hanoi,VND,http://www.investing.com/equities/hoa-cam-concrete-jsc
HTG,1017286,Hoa Tho Textile,Hanoi,VND,http://www.investing.com/equities/hoa-tho-textile
HJC,994844,Hoa Viet,Hanoi,VND,http://www.investing.com/equities/hoa-viet-jsc
HHG,42015,HOANG HA JSC,Hanoi,VND,http://www.investing.com/equities/hoang-ha-jsc
HPM,962605,HOANG PHUC Mineral,Hanoi,VND,http://www.investing.com/equities/hoang-phuc-mineral-trading-const
HTP,42030,Hoaphat Textbook Printing JSC,Hanoi,VND,http://www.investing.com/equities/hoaphat-textbook-printing-jsc
HMS,1011870,Hochiminh Museum,Hanoi,VND,http://www.investing.com/equities/hochiminh-museum-construction-jsc
HOM,42023,HOM,Hanoi,VND,http://www.investing.com/equities/hom
HHA,958506,Hong Ha Stationery JSC,Hanoi,VND,http://www.investing.com/equities/hong-ha-stationery-jsc
PHH,42112,HONGHA VIETNAM,Hanoi,VND,http://www.investing.com/equities/hongha-vietnam
HTC,42029,HOTRACO,Hanoi,VND,http://www.investing.com/equities/hotraco
HD2,978777,Housing Development Investment HUD2 JSC,Hanoi,VND,http://www.investing.com/equities/housing-development-investment-hud2
HPT,994848,HPT Vietnam,Hanoi,VND,http://www.investing.com/equities/hpt-vietnam-corp
HDA,42010,HSDA,Hanoi,VND,http://www.investing.com/equities/hsda
HST,42027,HST,Hanoi,VND,http://www.investing.com/equities/hst
HBE,42006,HTBEECO,Hanoi,VND,http://www.investing.com/equities/htbeeco
HNA,1052886,Hua Na Hydropower,Hanoi,VND,http://www.investing.com/equities/hua-na-hydropower
HUT,42031,HUD - TASCO,Hanoi,VND,http://www.investing.com/equities/hud---tasco
H11,1052884,Hud101 Construction,Hanoi,VND,http://www.investing.com/equities/hud101-construction
HU4,994850,HUD4 Investment,Hanoi,VND,http://www.investing.com/equities/hud4-investment-and-construction
HU6,998133,HUD6 City and Housing,Hanoi,VND,http://www.investing.com/equities/hud6-city-and-housing-development
HLD,42019,HUDLAND REAL E,Hanoi,VND,http://www.investing.com/equities/hudland-real-e
HDM,958505,Hue Textile Garment JSC,Hanoi,VND,http://www.investing.com/equities/hue-textile-garment-jsc
HDO,42011,Hung Dao Container,Hanoi,VND,http://www.investing.com/equities/hdo
KHL,42043,Hung Long Mineral,Hanoi,VND,http://www.investing.com/equities/hung-long-mine
HVA,958526,Hung Viet Green Agriculture JSC,Hanoi,VND,http://www.investing.com/equities/hung-viet-green-agriculture-jsc
HUG,1056498,Hung Yen Garment,Hanoi,VND,http://www.investing.com/equities/hung-yen-garment
GSM,958489,Huong Son Hydro Power JSC,Hanoi,VND,http://www.investing.com/equities/huong-son-hydro-power-jsc
HLA,958509,Huu Lien Asia Corp,Hanoi,VND,http://www.investing.com/equities/huu-lien-asia-corp
HNF,960898,HuuNghi Food JSC,Hanoi,VND,http://www.investing.com/equities/huunghi-food-jsc
HNI,1057066,Huunghi Garment,Hanoi,VND,http://www.investing.com/equities/huunghi-garment
HEC,994439,Hydraulic Engineering II,Hanoi,VND,http://www.investing.com/equities/hydraulic-engineering-consultant-ii
TL4,958701,Hydraulics Construction No4,Hanoi,VND,http://www.investing.com/equities/hydraulics-construction-no4
ICN,994852,IDICO,Hanoi,VND,http://www.investing.com/equities/idico-investment-construction-oil
IDC,1056032,Idico Corporation JSC,Hanoi,VND,http://www.investing.com/equities/viet-nam-urban
INC,42037,IDICO INCON,Hanoi,VND,http://www.investing.com/equities/idico-incon
LMI,1031269,Idico Machinery Erection,Hanoi,VND,http://www.investing.com/equities/idico-machinery-erection
PXL,958624,Idico Petroleum Trading Constructio,Hanoi,VND,http://www.investing.com/equities/idico-petroleum-trading-constructio
ISH,994856,Idico Srok Phu Mieng Hydropower,Hanoi,VND,http://www.investing.com/equities/idico-srok-phu-mieng-hydropower-jsc
LAI,1052888,Idico-Longan Invest,Hanoi,VND,http://www.investing.com/equities/idico-longan-invest
IDJ,42034,IDJ FINANCIAL,Hanoi,VND,http://www.investing.com/equities/idj-financial
ICG,42033,INCOMEX,Hanoi,VND,http://www.investing.com/equities/incomex
PTT,958620,Indochina Petroleum Transportation,Hanoi,VND,http://www.investing.com/equities/indochina-petroleum-transportation
DDG,1136171,Indochine Import Export,Hanoi,VND,http://www.investing.com/equities/indochine-import-export
ICI,995123,Industrial Construction,Hanoi,VND,http://www.investing.com/equities/industrial-construction-and-investm
ICC,995717,Industrial Construction,Hanoi,VND,http://www.investing.com/equities/industrial-construction-jsc
SVG,1017290,Industrial Gas Welding Electrode,Hanoi,VND,http://www.investing.com/equities/industrial-gas-welding-electrode
QLT,1006208,Inland Waterway No10,Hanoi,VND,http://www.investing.com/equities/inland-waterway-management-no10
IFS,994853,Interfood Shareholding,Hanoi,VND,http://www.investing.com/equities/interfood-shareholding-co
ICF,958529,Invest Commerce Fisheries,Hanoi,VND,http://www.investing.com/equities/investment-commerce-fisheries-corp
BCM,1072177,Invest Industrial Develop,Hanoi,VND,http://www.investing.com/equities/invest-industrial-develop
ILS,1072439,Invest Trade,Hanoi,VND,http://www.investing.com/equities/invest-trade
MCO,42076,Investment And Construction JSC No1,Hanoi,VND,http://www.investing.com/equities/investment-and-construction-jsc-no1
CC4,1031254,Investment Construction 4,Hanoi,VND,http://www.investing.com/equities/investment-construction-4
IPA,985740,Ipa Investments,Hanoi,VND,http://www.investing.com/equities/ipa-investments-group-jsc
B82,41926,JSC No 482,Hanoi,VND,http://www.investing.com/equities/jsc-482
CT6,41957,JSCono6,Hanoi,VND,http://www.investing.com/equities/jscono6
KST,42049,KASATI,Hanoi,VND,http://www.investing.com/equities/kasati
GKM,1024927,Khang Minh Brick,Hanoi,VND,http://www.investing.com/equities/khang-minh-brick
VKD,995168,Khanh Hoa Mineral Water,Hanoi,VND,http://www.investing.com/equities/khanh-hoa-mineral-water-jsc
KCE,994858,Khanh Hoa Power Centrifugal,Hanoi,VND,http://www.investing.com/equities/khanh-hoa-power-centrifugal-concret
SKV,1056037,Khanh Hoa Salanganes,Hanoi,VND,http://www.investing.com/equities/khanh-hoa-salanganes
SKH,1056165,Khanh Hoa Sanest,Hanoi,VND,http://www.investing.com/equities/khanh-hoa-sanest
KHA,958542,Khanh Hoi Invest,Hanoi,VND,http://www.investing.com/equities/khanh-hoi-investment-and-services
KDF,1052762,Kido Frozen Foods,Hanoi,VND,http://www.investing.com/equities/kido-frozen-foods
KHS,1057327,Kien Hung,Hanoi,VND,http://www.investing.com/equities/kien-hung
KLB,1024909,Kien Long Commercial,Hanoi,VND,http://www.investing.com/equities/kien-long-commercial
KGU,1052887,Kiengiang Urban,Hanoi,VND,http://www.investing.com/equities/kiengiang-urban
KVC,950608,Kim Vi Inox Import Export,Hanoi,VND,http://www.investing.com/equities/kim-vi-inox-import-export
KOS,1056158,Kosy,Hanoi,VND,http://www.investing.com/equities/kosy
KSD,42047,KSD,Hanoi,VND,http://www.investing.com/equities/ksd
KTS,42050,KTS,Hanoi,VND,http://www.investing.com/equities/kts
KTT,42051,KTT,Hanoi,VND,http://www.investing.com/equities/ktt
CLH,985153,La Hien Cement,Hanoi,VND,http://www.investing.com/equities/la-hien-cement-jsc
LBE,42060,LABECO,Hanoi,VND,http://www.investing.com/equities/labeco
LDP,42063,LADOPHAR,Hanoi,VND,http://www.investing.com/equities/ladophar
VDL,42262,Lam Dong Foodstuff JSC,Hanoi,VND,http://www.investing.com/equities/lam-dong-foodstuff-jsc
LAS,42059,LAM THAO FERTI,Hanoi,VND,http://www.investing.com/equities/lam-thao-ferti
LCC,998134,Lang Son Cement,Hanoi,VND,http://www.investing.com/equities/lang-son-cement-jsc
DXL,958470,Lang Son Tourism and Import Export,Hanoi,VND,http://www.investing.com/equities/lang-son-tourism-and-import-export
NLS,995720,Lang Son Water Supply,Hanoi,VND,http://www.investing.com/equities/lang-son-water-supply-and-drainage
LMC,1050167,Latca Mineral,Hanoi,VND,http://www.investing.com/equities/latca-mineral
LHC,42064,LHC,Hanoi,VND,http://www.investing.com/equities/lhc
LIC,1024910,Licogi,Hanoi,VND,http://www.investing.com/equities/licogi
L18,42053,LICOGI - 18,Hanoi,VND,http://www.investing.com/equities/licogi---18
L12,1013747,Licogi 12,Hanoi,VND,http://www.investing.com/equities/licogi-12
LIG,42065,LICOGI 13,Hanoi,VND,http://www.investing.com/equities/licogi-13
L14,42052,LICOGI 14,Hanoi,VND,http://www.investing.com/equities/licogi-14
LCS,42062,LICOGI 16.6 JS,Hanoi,VND,http://www.investing.com/equities/licogi-16.6-js
LPB,1052891,Lien Viet Post,Hanoi,VND,http://www.investing.com/equities/lien-viet-post
LM3,42066,Lilama 3,Hanoi,VND,http://www.investing.com/equities/lilama-3.-jsc
L45,993049,Lilama 45.1,Hanoi,VND,http://www.investing.com/equities/lilama-45.1-jsc
L43,42055,LILAMA 45.3 JS,Hanoi,VND,http://www.investing.com/equities/lilama-45.3-js
L44,42056,Lilama 45.4,Hanoi,VND,http://www.investing.com/equities/lilama-45.4-js
LO5,42068,LILAMA 5.JSC,Hanoi,VND,http://www.investing.com/equities/lilama-5.jsc
L61,42057,LILAMA 69-1,Hanoi,VND,http://www.investing.com/equities/lilama-69-1
L62,42058,LILAMA 69-2 CO,Hanoi,VND,http://www.investing.com/equities/lilama-69-2-co
L63,991209,Lilama 69-3,Hanoi,VND,http://www.investing.com/equities/lilama-69-3-jsc
LM7,42067,LILAMA 7,Hanoi,VND,http://www.investing.com/equities/lilama-7
LCD,42061,LILAMA TESTING,Hanoi,VND,http://www.investing.com/equities/lilama-testing
L35,42054,LILAMA.EMC,Hanoi,VND,http://www.investing.com/equities/lilama.emc
LTG,1031270,Loc Troi,Hanoi,VND,http://www.investing.com/equities/loc-troi
LAW,1025122,Long An Water,Hanoi,VND,http://www.investing.com/equities/long-an-water
LBC,1072440,Long Bien,Hanoi,VND,http://www.investing.com/equities/long-bien
LKW,994860,Long Khanh Water Supply,Hanoi,VND,http://www.investing.com/equities/long-khanh-water-supply-jsc
KDM,976238,Long Thanhnstruction and Trading,Hanoi,VND,http://www.investing.com/equities/long-thanh-construction-trading
LTC,42069,Low Current - Telecom JSC,Hanoi,VND,http://www.investing.com/equities/low-current---telecom-jsc
LUT,42070,LUTACO,Hanoi,VND,http://www.investing.com/equities/lutaco
MCC,42073,M & C,Hanoi,VND,http://www.investing.com/equities/m---c
VMC,42281,Machinery Erection&Construction JSC,Hanoi,VND,http://www.investing.com/equities/machinery-erection-construction-jsc
FT1,1059855,Machinery Spare,Hanoi,VND,http://www.investing.com/equities/machinery-spare
SON,1072443,Manpower Supply,Hanoi,VND,http://www.investing.com/equities/manpower-supply
MCH,995126,Masan Consumer,Hanoi,VND,http://www.investing.com/equities/masan-consumer-corp
MSR,995127,Masan Resources,Hanoi,VND,http://www.investing.com/equities/masan-resources-corp
MAC,42071,MASERCO,Hanoi,VND,http://www.investing.com/equities/maserco
VTV,42292,Materials Transport Cement JSC,Hanoi,VND,http://www.investing.com/equities/materials-transport-cement-jsc
MBS,976239,MB Securities,Hanoi,VND,http://www.investing.com/equities/mb-securities-jsc
MDF,995718,MDF VRG Quang Tri Wood,Hanoi,VND,http://www.investing.com/equities/mdf-vrg-quang-tri-wood-jsc
MEL,1052772,Me Lin Steel,Hanoi,VND,http://www.investing.com/equities/me-lin-steel
VES,958734,Meca Vneco Investment Electricity,Hanoi,VND,http://www.investing.com/equities/meca-vneco-investment-electricity
IME,994855,Mechanical and Industrial,Hanoi,VND,http://www.investing.com/equities/mechanical-and-industrial-construct
SDK,958649,Mechanical Engineering Metallurgy,Hanoi,VND,http://www.investing.com/equities/mechanical-engineering-metallurgy
MCF,42074,MECOFOOD,Hanoi,VND,http://www.investing.com/equities/mecofood
MTP,958569,Medipharco Tenamyd Central Pharmace,Hanoi,VND,http://www.investing.com/equities/medipharco-tenamyd-central-pharmace
MEF,1056159,Meinfa,Hanoi,VND,http://www.investing.com/equities/meinfa
MKP,1062263,Mekophar Chemical,Hanoi,VND,http://www.investing.com/equities/mekophar-chemical
MKV,42082,MEKOVET,Hanoi,VND,http://www.investing.com/equities/mekovet
MRF,1056375,Merufa,Hanoi,VND,http://www.investing.com/equities/merufa
SEB,42182,MIEN TRUNG PID,Hanoi,VND,http://www.investing.com/equities/mien-trung-pid
PXM,958625,Mientrung Petroleum Construction,Hanoi,VND,http://www.investing.com/equities/mientrung-petroleum-construction
MIG,1010645,Military Insurance,Hanoi,VND,http://www.investing.com/equities/military-insurance-corp
MIM,42081,MIMECO JSC,Hanoi,VND,http://www.investing.com/equities/mimeco-jsc
KSK,955801,Mineral Ferrous Metallergy JSC,Hanoi,VND,http://www.investing.com/equities/mineral-ferrous-metallergy-jsc
MHL,42079,Minh Huu Lien,Hanoi,VND,http://www.investing.com/equities/minh-huu-lien
MPC,1052892,Minh Phu Seafood,Hanoi,VND,http://www.investing.com/equities/minh-phu-seafood
MLS,994638,Mitraco Livestock,Hanoi,VND,http://www.investing.com/equities/mitraco-livestock-jsc
MTG,958567,MT Gas JSC,Hanoi,VND,http://www.investing.com/equities/mt-gas-jsc
VTX,958769,Multi Modal Transport Holding Co,Hanoi,VND,http://www.investing.com/equities/multi-modal-transport-holding-co
GMX,42003,MY XUAN BRICK,Hanoi,VND,http://www.investing.com/equities/my-xuan-brick
NAG,42085,NAGAKAWA VIETN,Hanoi,VND,http://www.investing.com/equities/nagakawa-vietn
SNC,958666,Nam Can Seaproducts Import Export,Hanoi,VND,http://www.investing.com/equities/nam-can-seaproducts-import-export
DST,41991,Nam Dinh Educational Book&Equipment,Hanoi,VND,http://www.investing.com/equities/nam-dinh-educational-book-equipment
MND,1072441,Nam Dinh Environment,Hanoi,VND,http://www.investing.com/equities/nam-dinh-environment
NDF,955803,Nam Dinh Export Foodstuff Agri Prod,Hanoi,VND,http://www.investing.com/equities/nam-dinh-export-foodstuff-agri-prod
NDC,958576,Nam Duoc JSC,Hanoi,VND,http://www.investing.com/equities/nam-duoc-jsc
NHV,1017287,Nam Ha Viet Thai,Hanoi,VND,http://www.investing.com/equities/nam-ha-viet-thai
NHT,1056160,Nam Hoa Trading,Hanoi,VND,http://www.investing.com/equities/nam-hoa-trading
HJS,42017,Nam Mu Hydropower JSC,Hanoi,VND,http://www.investing.com/equities/nam-mu-hydropower-jsc
NTC,994441,Nam Tan Uyen,Hanoi,VND,http://www.investing.com/equities/nam-tan-uyen-joint-stock-corp
NDP,961713,National Day Pharmaceutic HCM City,Hanoi,VND,http://www.investing.com/equities/national-day-pharmaceutic-hcm-city
TH1,42220,National Export Import 1,Hanoi,VND,http://www.investing.com/equities/generalexim.
NAC,998136,National of General Construction,Hanoi,VND,http://www.investing.com/equities/national-of-general-construction
VET,1088752,Navetco National Veterinary,Hanoi,VND,http://www.investing.com/equities/navetco-national-veterinary
NVB,42100,NAVIBANK,Hanoi,VND,http://www.investing.com/equities/navibank
NBP,42087,NBTPC,Hanoi,VND,http://www.investing.com/equities/nbtpc
NET,42090,NETCO,Hanoi,VND,http://www.investing.com/equities/netco
NRC,1073361,Netland Real Estate,Hanoi,VND,http://www.investing.com/equities/netland-real-estate
BAB,1059844,NGAN HANG THUONG MAI A,Hanoi,VND,http://www.investing.com/equities/ngan-hang-thuong-mai-a
NST,42098,Ngan Son JSC,Hanoi,VND,http://www.investing.com/equities/ngan-son-jsc
NAW,1088757,Nghe An Water,Hanoi,VND,http://www.investing.com/equities/nghe-an-water
NAP,1073110,Nghe Tinh Port,Hanoi,VND,http://www.investing.com/equities/nghe-tinh-port
NBR,996102,Nghiabinh Rail Way,Hanoi,VND,http://www.investing.com/equities/nghiabinh-rail-way-jsc
NNG,995131,Ngoc Nghia Industry,Hanoi,VND,http://www.investing.com/equities/ngoc-nghia-industry-service-trading
NGC,42091,NGOPREXCO,Hanoi,VND,http://www.investing.com/equities/ngoprexco
TNB,958709,Nha Be Steel JSC,Hanoi,VND,http://www.investing.com/equities/nha-be-steel-jsc
NBW,1059861,Nha Be Water,Hanoi,VND,http://www.investing.com/equities/nha-be-water
NUE,997917,Nha Trang Urban,Hanoi,VND,http://www.investing.com/equities/nha-trang-urban-environmental-jsc
NHC,42093,Nhi Hiep Brick-Tile JSC,Hanoi,VND,http://www.investing.com/equities/nhi-hiep-brick-tile-jsc
NTW,958587,Nhon Trach Water Supply JSC,Hanoi,VND,http://www.investing.com/equities/nhon-trach-water-supply-jsc
NHP,955804,NHP Production Import Export JSC,Hanoi,VND,http://www.investing.com/equities/nhp-production-import-export-jsc
NFC,1059862,Ninh Binh Phosphate,Hanoi,VND,http://www.investing.com/equities/ninh-binh-phosphate
NNT,995132,Ninh Thuan Water,Hanoi,VND,http://www.investing.com/equities/ninh-thuan-water-supply-jsc
UPH,995163,No 25 Central Pharma,Hanoi,VND,http://www.investing.com/equities/no-25-central-pharmaceutical-jsc
IN4,958533,No 4 Printing JSC,Hanoi,VND,http://www.investing.com/equities/no-4-printing-jsc
C71,1052883,No 471,Hanoi,VND,http://www.investing.com/equities/no-471
CI5,1017283,No5 Construction Invest,Hanoi,VND,http://www.investing.com/equities/no5-construction-invest
NAS,995719,Noi Bai Airport Services,Hanoi,VND,http://www.investing.com/equities/noi-bai-airport-services-jsc
NCS,995129,Noi Bai Catering,Hanoi,VND,http://www.investing.com/equities/noi-bai-catering-services-jsc
NBE,1043318,North Books Educational,Hanoi,VND,http://www.investing.com/equities/north-books-educational
ND2,995130,North Electrictiy No2,Hanoi,VND,http://www.investing.com/equities/north-electrictiy-development-and-i
PMB,959142,North PetroVietnam Fertilizer & Che,Hanoi,VND,http://www.investing.com/equities/north-petrovietnam-fertilizer---che
NED,1043319,North-West Electric Invest,Hanoi,VND,http://www.investing.com/equities/north-west-electric-invest
NOS,958582,Northern Shipping JSC,Hanoi,VND,http://www.investing.com/equities/northern-shipping-jsc
ATA,958390,NTACO,Hanoi,VND,http://www.investing.com/equities/ntaco-corp
OCH,42102,OCH.JSC,Hanoi,VND,http://www.investing.com/equities/och.jsc
ONE,42103,ONE CORP,Hanoi,VND,http://www.investing.com/equities/one-corp
ONW,996565,One World Services,Hanoi,VND,http://www.investing.com/equities/one-world-services-jsc
ORS,42104,Orient Securities,Hanoi,VND,http://www.investing.com/equities/ors
PGT,42110,P TAXI SAIGON,Hanoi,VND,http://www.investing.com/equities/p-taxi-saigon
PDB,958594,Pacific Dinco Corp,Hanoi,VND,http://www.investing.com/equities/pacific-dinco-corp
PVP,994443,Pacific Petroleum Transport,Hanoi,VND,http://www.investing.com/equities/pacific-petroleum-transportation
PIC,994861,PC3 Investment,Hanoi,VND,http://www.investing.com/equities/pc3-investment-jsc
TV3,42238,PECC3,Hanoi,VND,http://www.investing.com/equities/pecc3
TV4,42239,PECC4,Hanoi,VND,http://www.investing.com/equities/pecc4
PCF,1006207,Petec Coffee,Hanoi,VND,http://www.investing.com/equities/petec-coffee-jsc
SDP,42178,Petro Song Da Trading,Hanoi,VND,http://www.investing.com/equities/sotraco
PFL,42108,Petroleum Dong Do,Hanoi,VND,http://www.investing.com/equities/pvfc-land
PSD,42127,PETROLEUM GENE,Hanoi,VND,http://www.investing.com/equities/petroleum-gene
PID,42114,Petroleum Interior,Hanoi,VND,http://www.investing.com/equities/petroleum-inte
PLA,1056036,Petroleum Logistic,Hanoi,VND,http://www.investing.com/equities/petroleum-logistic
PMS,42119,Petroleum Mechanical JSC,Hanoi,VND,http://www.investing.com/equities/petroleum-mechanical-jsc
PVL,42139,PETROLEUM REAL,Hanoi,VND,http://www.investing.com/equities/petroleum-real
PVS,42141,Petroleum Technical,Hanoi,VND,http://www.investing.com/equities/petroleum-technical-services
PCC,1056035,Petrolimex Construction 1,Hanoi,VND,http://www.investing.com/equities/petrolimex-construction-1
PEQ,995134,Petrolimex Equipment,Hanoi,VND,http://www.investing.com/equities/petrolimex-equipment-jsc
PJC,42116,Petrolimex Hanoi,Hanoi,VND,http://www.investing.com/equities/petrolimex-hanoi
PTH,995138,Petrolimex Hatay,Hanoi,VND,http://www.investing.com/equities/petrolimex-hatay-transportation-and
PIA,996566,Petrolimex Infor Tech,Hanoi,VND,http://www.investing.com/equities/petrolimex-information-technology
PEN,998137,Petrolimex Installation III,Hanoi,VND,http://www.investing.com/equities/petrolimex-installation-no-iii-jsc
PLC,42117,Petrolimex Petrochemical JSC,Hanoi,VND,http://www.investing.com/equities/petrolimex-petrochemical-jsc
PSC,42126,Petrolimex Saigon,Hanoi,VND,http://www.investing.com/equities/petrolimex-saigon
PVB,955806,PetroVietnam Coating JSC,Hanoi,VND,http://www.investing.com/equities/petrovietnam-coating-jsc
PVC,42135,Petrovietnam Drilling Mud JSC,Hanoi,VND,http://www.investing.com/equities/petrovietnam-drilling-mud-jsc
PVE,42136,Petrovietnam Engineering JSC,Hanoi,VND,http://www.investing.com/equities/petrovietnam-engineering-jsc
PVI,42138,Petrovietnam Insurance JSC,Hanoi,VND,http://www.investing.com/equities/petrovietnam-insurance-jsc
PVM,994442,Petrovietnam Machinery Tech,Hanoi,VND,http://www.investing.com/equities/petrovietnam-machinery-technology
PVA,42134,PetroVietnam Nghe An,Hanoi,VND,http://www.investing.com/equities/pvnc
PXA,42144,PetroVietnam Nghe An Invest,Hanoi,VND,http://www.investing.com/equities/petrovietnam-n
OIL,1072044,Petrovietnam Oil,Hanoi,VND,http://www.investing.com/equities/petrovietnam-oil
PND,996567,Petrovietnam Oil Nam Dinh,Hanoi,VND,http://www.investing.com/equities/petrovietnam-oil-nam-dinh-jsc
PPY,969181,PetroVietnam Oil Phu Yen,Hanoi,VND,http://www.investing.com/equities/petrovietnam-oil-phu-yen-jsc
POB,1056161,Petrovietnam Oil Thai Binh,Hanoi,VND,http://www.investing.com/equities/petrovietnam-oil-thai-binh
PBP,945192,Petrovietnam Pac,Hanoi,VND,http://www.investing.com/equities/petrovietnam-pac
PPE,42121,PetroVietnam Power Eng,Hanoi,VND,http://www.investing.com/equities/petrovietnam-p
PVR,42140,Petrovietnam Premier,Hanoi,VND,http://www.investing.com/equities/pvr
PGS,42109,Petrovietnam Southern Gas JSC,Hanoi,VND,http://www.investing.com/equities/petrovietnam-southern-gas-jsc
PTG,1052894,Phan Thiet Garment,Hanoi,VND,http://www.investing.com/equities/phan-thiet-garment
PMC,42118,PHARMEDIC JSC,Hanoi,VND,http://www.investing.com/equities/pharmedic-jsc
PPH,1043320,Phong Phu,Hanoi,VND,http://www.investing.com/equities/phong-phu
SPB,993051,Phu Bai Spinning Mill,Hanoi,VND,http://www.investing.com/equities/phu-bai-spinning-mill-jsc
PJS,958604,Phu Hoa Tan Water Supply,Hanoi,VND,http://www.investing.com/equities/phu-hoa-tan-water-supply
PKR,995722,Phu Khanh Railway,Hanoi,VND,http://www.investing.com/equities/phu-khanh-railway-jsc
PNT,995136,Phu Nhuan Tech,Hanoi,VND,http://www.investing.com/equities/phu-nhuan-technical-construction
PNG,976241,Phu Nhuan Trading,Hanoi,VND,http://www.investing.com/equities/phu-nhuan-trading-jsc
PSL,958614,Phu Son Livestock JSC,Hanoi,VND,http://www.investing.com/equities/phu-son-livestock-jsc
MPT,962606,Phu Thanh Garment,Hanoi,VND,http://www.investing.com/equities/phu-thanh-garment-jsc
PTK,958618,Phu Thinh Metallurgy JSC,Hanoi,VND,http://www.investing.com/equities/phu-thinh-metallurgy-jsc
PTE,996104,Phu Tho Cement,Hanoi,VND,http://www.investing.com/equities/phu-tho-cement-jsc
PTD,962009,Phuc Thinh Design Construction Trad,Hanoi,VND,http://www.investing.com/equities/phuc-thinh-design-construction-trad
MSC,996101,Phunhuan Service,Hanoi,VND,http://www.investing.com/equities/phunhuan-service-jsc
PDV,1011871,Phuong Dong Viet Transport,Hanoi,VND,http://www.investing.com/equities/phuong-dong-viet-transportation-oil
NPS,42096,PhuThinh NhaBe Garment,Hanoi,VND,http://www.investing.com/equities/phu-thinh---nha-be-garment-jsc
PIV,42115,PIV,Hanoi,VND,http://www.investing.com/equities/piv.
PHP,958601,Port of Hai Phong JSC,Hanoi,VND,http://www.investing.com/equities/port-of-hai-phong-jsc
PRC,42125,PORTSERCO,Hanoi,VND,http://www.investing.com/equities/portserco
PTP,998138,Post Printing and Telecom,Hanoi,VND,http://www.investing.com/equities/post-printing-and-telecommunication
PTO,1017288,Post Telecom Services Construction,Hanoi,VND,http://www.investing.com/equities/post-telecom-services-construction
PTI,42130,POST TELECOMMU,Hanoi,VND,http://www.investing.com/equities/post-telecommu
POT,42120,Post&Telecommunication Equipment,Hanoi,VND,http://www.investing.com/equities/post-telecommunication-equipment
PMJ,985742,Posts and Telecom Material,Hanoi,VND,http://www.investing.com/equities/posts-and-telecom-material
PEC,995721,Power Engineering,Hanoi,VND,http://www.investing.com/equities/power-engineering-jsc
TV1,958721,Power Engineering 1,Hanoi,VND,http://www.investing.com/equities/power-engineering-consulting-jsc-1
PGV,1080162,Power Generation,Hanoi,VND,http://www.investing.com/equities/power-generation
EIN,997915,Power Investment Trade,Hanoi,VND,http://www.investing.com/equities/power-investment-trade-service-jsc
HPB,42024,PP Pack Making,Hanoi,VND,http://www.investing.com/equities/haipac
PPP,42123,PP PHARCO,Hanoi,VND,http://www.investing.com/equities/pp-pharco
PRO,958612,Procimex Vietnam JSC,Hanoi,VND,http://www.investing.com/equities/procimex-vietnam-jsc
CT3,958435,Project 3 Construction Investment,Hanoi,VND,http://www.investing.com/equities/project-3-construction-investment
BDG,998118,Protrade Garment,Hanoi,VND,http://www.investing.com/equities/protrade-garment-jsc
PSI,42129,PSI,Hanoi,VND,http://www.investing.com/equities/psi
PDC,42107,PTC,Hanoi,VND,http://www.investing.com/equities/phuong-dong-petroleum-tourism
KKC,42044,PTRAMESCO,Hanoi,VND,http://www.investing.com/equities/ptramesco
POS,995137,PTSC Offshore,Hanoi,VND,http://www.investing.com/equities/ptsc-offshore-services-jsc
PSN,1024911,PTSC Thanh Hoa Port,Hanoi,VND,http://www.investing.com/equities/ptsc-thanh-hoa-port
RGC,1046320,PV Inconess Invest,Hanoi,VND,http://www.investing.com/equities/pv-inconess-invest
PVO,995139,PV Oil Lube,Hanoi,VND,http://www.investing.com/equities/pv-oil-lube-jsc
PPS,42124,PV POWER SERVI,Hanoi,VND,http://www.investing.com/equities/pv-power-servi
PVX,42143,PVC,Hanoi,VND,http://www.investing.com/equities/pvc
PVG,42137,PVGAS NORTH,Hanoi,VND,http://www.investing.com/equities/pvgas-north
PCG,42105,PVGASCITY,Hanoi,VND,http://www.investing.com/equities/pvgascity
PV2,42133,PVI INVEST,Hanoi,VND,http://www.investing.com/equities/pvi-invest
QST,42148,Q.E.E.J.CO,Hanoi,VND,http://www.investing.com/equities/q.e.e.j.co
QNC,42147,QNCC,Hanoi,VND,http://www.investing.com/equities/qncc
KSQ,42048,QUANG ANH MINE,Hanoi,VND,http://www.investing.com/equities/quang-anh-mine
DNR,1088753,Quang Nam Da Nang,Hanoi,VND,http://www.investing.com/equities/quang-nam-da-nang
MIC,42080,Quang Nam Mineral Industry,Hanoi,VND,http://www.investing.com/equities/quang-nam-mineral-industry-jsc
VHG,958738,Quang Nam Rubber,Hanoi,VND,http://www.investing.com/equities/quang-nam-rubber-investment-jsc
APF,1011868,Quang Ngai Agricultural,Hanoi,VND,http://www.investing.com/equities/quang-ngai-agricultural-products
QNS,994444,Quang Ngai Sugar,Hanoi,VND,http://www.investing.com/equities/quang-ngai-sugar-jsc
MQN,1082129,Quang Ngai Urban,Hanoi,VND,http://www.investing.com/equities/quang-ngai-urban
QHW,998139,Quang Ninh Mineral Water,Hanoi,VND,http://www.investing.com/equities/quang-ninh-mineral-water-corp
TQN,1006209,Quang Ninh Pine,Hanoi,VND,http://www.investing.com/equities/quang-ninh-pine-jsc
QTP,998140,Quang Ninh Thermal Power,Hanoi,VND,http://www.investing.com/equities/quang-ninh-thermal-power-jsc
NQT,1052893,Quang Tri Clean Water,Hanoi,VND,http://www.investing.com/equities/quang-tri-clean-water
QCC,42145,Quangnam Post Telecoms,Hanoi,VND,http://www.investing.com/equities/qtc
NQN,1091136,Quangninh Clean Water,Hanoi,VND,http://www.investing.com/equities/quangninh-clean-water
QPH,995140,Que Phong Hydropower,Hanoi,VND,http://www.investing.com/equities/que-phong-hydropower-jsc
QSP,995141,Quy Nhon New Port,Hanoi,VND,http://www.investing.com/equities/quy-nhon-new-port-jsc
RCC,994072,Railway Construction,Hanoi,VND,http://www.investing.com/equities/railway-construction-corporation-js
RAT,986439,Railway Transport,Hanoi,VND,http://www.investing.com/equities/railway-transport-and-trade-jsc
D11,41969,Real Estate 11,Hanoi,VND,http://www.investing.com/equities/real-estate-11
DS3,1032668,Riverway Management 3,Hanoi,VND,http://www.investing.com/equities/riverway-management-3
RBC,1017289,Rubber Industry Import Export,Hanoi,VND,http://www.investing.com/equities/rubber-industry-import-export
RCD,958631,Rubber Real Estate Construction,Hanoi,VND,http://www.investing.com/equities/rubber-real-estate-construction
SBS,958640,Sacombank Securities JSC,Hanoi,VND,http://www.investing.com/equities/sacombank-securities-jsc
SDG,42175,SADICO CAN THO,Hanoi,VND,http://www.investing.com/equities/sadico-can-tho
SAF,42158,Safoco Foodstuff JSC,Hanoi,VND,http://www.investing.com/equities/safoco-foodstuff-jsc
SGC,42186,Sagiang Import&Export Corporation,Hanoi,VND,http://www.investing.com/equities/sagiang-import-export-corporation
BSD,1009378,Sai Gon Dong Xuan Beer,Hanoi,VND,http://www.investing.com/equities/sai-gon-dong-xuan-beer-alcohol-jsc
AGX,998116,Sai Gon Export Foodstuffs,Hanoi,VND,http://www.investing.com/equities/sai-gon-export-foodstuffs-agri
BSH,1091130,Sai Gon Ha Noi Beer,Hanoi,VND,http://www.investing.com/equities/sai-gon-ha-noi-beer
SPA,995150,Sai Gon Packaging,Hanoi,VND,http://www.investing.com/equities/sai-gon-packaging-jsc
PSG,42128,Sai Gon Petroleum Construct,Hanoi,VND,http://www.investing.com/equities/pvc-sg
BSP,986438,Sai Gon Phu Tho Beer,Hanoi,VND,http://www.investing.com/equities/sai-gon-phu-tho-beer-jsc
NSG,978780,Sai Gon Plastic JSC,Hanoi,VND,http://www.investing.com/equities/sai-gon-plastic-jsc
SAC,995723,Sai Gon Port Stevedoring,Hanoi,VND,http://www.investing.com/equities/sai-gon-port-stevedoring-service
BSQ,997141,Sai Gon Quang Ngai Beer,Hanoi,VND,http://www.investing.com/equities/sai-gon-quang-ngai-beer-jsc
SQC,42204,Sai Gon Quy Nhon,Hanoi,VND,http://www.investing.com/equities/sqc
SRT,995152,Sai Gon Railway,Hanoi,VND,http://www.investing.com/equities/sai-gon-railway-transport-jsc
TPS,995159,Sai Gon Transport,Hanoi,VND,http://www.investing.com/equities/sai-gon-transportation-parking-jsc
SGO,962452,Sai Gon Vegetable Oil JSC,Hanoi,VND,http://www.investing.com/equities/sai-gon-vegetable-oil-jsc
SDI,958647,Saidong Urban Development Invest,Hanoi,VND,http://www.investing.com/equities/saidong-urban-development-invest
SID,995147,Saigon Co.op,Hanoi,VND,http://www.investing.com/equities/saigon-co.op-investment-development
SFN,42185,Saigon Fishing Net JSC,Hanoi,VND,http://www.investing.com/equities/saigon-fishing-net-jsc
SGH,42188,Saigon Hotel JSC,Hanoi,VND,http://www.investing.com/equities/saigon-hotel-jsc
IFC,969179,Saigon Industrial Foodstuffs,Hanoi,VND,http://www.investing.com/equities/saigon-industrial-foodstuffs-jsc
SHC,1056164,Saigon Maritime,Hanoi,VND,http://www.investing.com/equities/saigon-maritime
SB1,994639,Saigon Nghetinh Beer,Hanoi,VND,http://www.investing.com/equities/saigon-nghetinh-beer-jsc
BSG,993311,Saigon Passenger Transport JSC,Hanoi,VND,http://www.investing.com/equities/saigon-passenger-transport-jsc
SPC,958667,Saigon Plant Protection JSC,Hanoi,VND,http://www.investing.com/equities/saigon-plant-protection-jsc
SGP,976502,Saigon Port,Hanoi,VND,http://www.investing.com/equities/saigon-port-jsc
SSN,995153,Saigon Seaproducts,Hanoi,VND,http://www.investing.com/equities/saigon-seaproducts-import-export-js
SGS,995145,Saigon Shipping,Hanoi,VND,http://www.investing.com/equities/saigon-shipping-jsc
SSF,958673,SaiGon Shoes JSC,Hanoi,VND,http://www.investing.com/equities/saigon-shoes-jsc
GTS,993047,Saigon Traffic Construction,Hanoi,VND,http://www.investing.com/equities/saigon-traffic-construction-jsc
SHX,992676,Saigon Train,Hanoi,VND,http://www.investing.com/equities/saigon-train-jsc
STS,998143,Saigon Transport Agency,Hanoi,VND,http://www.investing.com/equities/saigon-transport-agency-jsc
SBL,995724,Saigon-Baclieu Beer,Hanoi,VND,http://www.investing.com/equities/saigon-baclieu-beer-jsc
BSL,1017279,Saigon-Songlam Beer,Hanoi,VND,http://www.investing.com/equities/saigon-songlam-beer
STT,958679,Saigontourist,Hanoi,VND,http://www.investing.com/equities/saigon-tourist-transport-corp
PSB,958613,Sao Mai Ben Dinh Petroleum Investme,Hanoi,VND,http://www.investing.com/equities/sao-mai-ben-dinh-petroleum-investme
SBD,996568,SaoBacDau Tech,Hanoi,VND,http://www.investing.com/equities/saobacdau-technologies-corp
SPP,42203,SAPLASTIC. JSC,Hanoi,VND,http://www.investing.com/equities/saplastic.-jsc
SRB,42206,Sara Group,Hanoi,VND,http://www.investing.com/equities/sara-vinh
SRA,42205,SARA.,JSC,VND,
SJ1,42194,Seafood JSC No 1,Hanoi,VND,http://www.investing.com/equities/seafood-jsc-no-1
SCO,998141,Seaproducts Mechanical,Hanoi,VND,http://www.investing.com/equities/seaproducts-mechanical-shareholding
SHB,42190,SHB,Hanoi,VND,http://www.investing.com/equities/shb
SHS,42192,SHS,Hanoi,VND,http://www.investing.com/equities/shs
SIV,1010858,Sivico,Hanoi,VND,http://www.investing.com/equities/sivico-jsc
SMT,42200,SMT,Hanoi,VND,http://www.investing.com/equities/smt
DPS,953130,Soc Son Development Invest,Hanoi,VND,http://www.investing.com/equities/soc-son-development-invest
SVN,42211,Solavina JSC,Hanoi,VND,http://www.investing.com/equities/solavina
SHE,1123349,Son Ha Develop,Hanoi,VND,http://www.investing.com/equities/son-ha-develop
SLS,42199,SON LA SUGAR,Hanoi,VND,http://www.investing.com/equities/son-la-sugar
SNZ,1056038,Sonadezi,Hanoi,VND,http://www.investing.com/equities/sonadezi
SZE,994445,Sonadezi Environment,Hanoi,VND,http://www.investing.com/equities/sonadezi-environment-jsc
SDV,998142,Sonadezi Services,Hanoi,VND,http://www.investing.com/equities/sonadezi-services-jsc
SJG,1062594,Song Da,Hanoi,VND,http://www.investing.com/equities/song-da
SJC,42195,Song Da 1.01 JSC,Hanoi,VND,http://www.investing.com/equities/song-da-1.01-jsc
SJM,42197,Song Da 19,Hanoi,VND,http://www.investing.com/equities/song-da-19-jsc
SDB,42171,Song Da 207,Hanoi,VND,http://www.investing.com/equities/songda-207.
S27,958635,Song Da 27 JSC,Hanoi,VND,http://www.investing.com/equities/song-da-27-jsc
SD3,958645,Song Da 3 JSC,Hanoi,VND,http://www.investing.com/equities/song-da-3-jsc
SD4,42165,SONG DA 4,Hanoi,VND,http://www.investing.com/equities/song-da-4
S55,42153,Song Da 505 JSC,Hanoi,VND,http://www.investing.com/equities/song-da-505-jsc
SD7,42168,Song Da 7,Hanoi,VND,http://www.investing.com/equities/songda-7-jsc
S72,1091137,Song Da 702 Hydroelectric,Hanoi,VND,http://www.investing.com/equities/song-da-702-hydroelectric
SD8,995143,Song Da 8,Hanoi,VND,http://www.investing.com/equities/song-da-8-jsc
S99,42157,Song Da 909 JSC,Hanoi,VND,http://www.investing.com/equities/song-da-909-jsc
SDC,42172,Song Da Consulting JSC,Hanoi,VND,http://www.investing.com/equities/song-da-consulting-jsc
SDE,42174,Song Da Electrical,Hanoi,VND,http://www.investing.com/equities/seec
STP,42210,Song Da Industry Trade JSC,Hanoi,VND,http://www.investing.com/equities/song-da-industry-trade-jsc
SDH,1052807,Song Da Infrastructure,Hanoi,VND,http://www.investing.com/equities/song-da-infrastructure
SIC,42193,Song Da Investment Development JSC,Hanoi,VND,http://www.investing.com/equities/song-da-investment-development-jsc
SDA,42170,Song Da Manpower Supply&Trading JSC,Hanoi,VND,http://www.investing.com/equities/song-da-manpower-supply-trading-jsc
MEC,42078,Song Da Mechanical Assembling JSC,Hanoi,VND,http://www.investing.com/equities/song-da-mechanical-assembling-jsc
SDT,42179,Song Da N0 10. JSC,Hanoi,VND,http://www.investing.com/equities/song-da-n0-10.-jsc
SD6,42167,Song Da N0. 6 JSC,Hanoi,VND,http://www.investing.com/equities/song-da-n0.-6-jsc
SJE,42196,Song Da N011 JSC,Hanoi,VND,http://www.investing.com/equities/song-da-n011-jsc
S12,42152,Song Da No 12,Hanoi,VND,http://www.investing.com/equities/song-da-no-12
SDJ,958648,Song Da No 25 JSC,Hanoi,VND,http://www.investing.com/equities/song-da-no-25-jsc
S96,42156,Song Da No 9.06,Hanoi,VND,http://www.investing.com/equities/song-da-no-9.0
SD2,42164,Song Da No. 2 JSC,Hanoi,VND,http://www.investing.com/equities/song-da-no.-2-jsc
SD5,42166,Song Da No. 5 JSC,Hanoi,VND,http://www.investing.com/equities/song-da-no.-5-jsc
SD9,42169,Song Da No. 9 JSC,Hanoi,VND,http://www.investing.com/equities/song-da-no.-9-jsc
STL,958678,Song Da Thang Long JSC,Hanoi,VND,http://www.investing.com/equities/song-da-thang-long-jsc
THS,955807,Song Da Thanh Hoa JSC,Hanoi,VND,http://www.investing.com/equities/song-da-thanh-hoa-jsc
NSH,1031281,Song Hong Aluminum,Hanoi,VND,http://www.investing.com/equities/song-hong-aluminum
S74,42154,SONGDA 7.04.,Hanoi,VND,http://www.investing.com/equities/songda-7.04.
SCI,958644,Songda 9 Construction and Investmen,Hanoi,VND,http://www.investing.com/equities/songda-9-construction-and-investmen
SCL,42161,SONGDA CAO CUO,Hanoi,VND,http://www.investing.com/equities/songda-cao-cuo
ASD,1057053,SongDa Hanoi,Hanoi,VND,http://www.investing.com/equities/songda-hanoi
SMN,955957,South Books Educational Equipment,Hanoi,VND,http://www.investing.com/equities/south-books-educational-equipment
VSG,958758,South Vietnam Container Shipping,Hanoi,VND,http://www.investing.com/equities/south-vietnam-container-shipping
PSW,959144,South West PetroVietnam Fertil Chem,Hanoi,VND,http://www.investing.com/equities/south-west-petrovietnam-fertil-chem
PSE,955805,SouthEast Petrovietnam Fertil Chem,Hanoi,VND,http://www.investing.com/equities/southeast-petrovietnam-fertil-chem
SAS,958637,Southern Airports Services JSC,Hanoi,VND,http://www.investing.com/equities/southern-airports-services-jsc
SWC,995154,Southern Waterborne,Hanoi,VND,http://www.investing.com/equities/southern-waterborne-transport-corp
SPV,997918,Special Aquatic,Hanoi,VND,http://www.investing.com/equities/special-aquatic-products-jsc
SPI,42202,SPILIT STONE,Hanoi,VND,http://www.investing.com/equities/spilit-stone
SP2,995149,Supan 2 Hydropower,Hanoi,VND,http://www.investing.com/equities/supan-2-hydropower-jsc
SDU,42180,SURICOD.,JSC,VND,
TKC,42225,TAKCO,Hanoi,VND,http://www.investing.com/equities/takco
TTD,996223,Tam Duc Cardiology,Hanoi,VND,http://www.investing.com/equities/tam-duc-cardiology-hospital-jsc
RTB,995142,Tan Bien Rubber,Hanoi,VND,http://www.investing.com/equities/tan-bien-rubber-jsc
ALT,41915,Tan Binh Culture Co.,Hanoi,VND,http://www.investing.com/equities/tan-binh-culture-co.
IST,994857,Tan Cang Song,Hanoi,VND,http://www.investing.com/equities/tan-cang-song-than-icd-jsc
TCW,1017291,Tan Cang Warehousing,Hanoi,VND,http://www.investing.com/equities/tan-cang-warehousing
THW,995725,Tan Hoa Water Supply,Hanoi,VND,http://www.investing.com/equities/tan-hoa-water-supply-jsc
TMW,995726,Tan Mai General Wood,Hanoi,VND,http://www.investing.com/equities/tan-mai-general-wood-jsc
TTP,958719,Tan Tien Plastic,Hanoi,VND,http://www.investing.com/equities/tan-tien-plastic-packaging-jsc
TPP,42231,TAPLAST,Hanoi,VND,http://www.investing.com/equities/taplast
KTB,958549,Tay Bac Minerals Investment JSC,Hanoi,VND,http://www.investing.com/equities/tay-bac-minerals-investment-jsc
TND,969182,Tay Nam Da Mai Coal Vinacomin,Hanoi,VND,http://www.investing.com/equities/tay-nam-da-mai-coal-jsc-vinacomin
TTT,1011873,Tay Ninh Tourist,Hanoi,VND,http://www.investing.com/equities/tay-ninh-tourist-trading-jsc
TBX,42214,TBX,Hanoi,VND,http://www.investing.com/equities/tbx
TDT,1094231,TDT Invest,Hanoi,VND,http://www.investing.com/equities/tdt-invest
CET,1031255,Tech-Vina,Hanoi,VND,http://www.investing.com/equities/tech-vina
TEL,1052832,Telecommunication Project,Hanoi,VND,http://www.investing.com/equities/telecommunication-project
TST,42234,Telecommunication Technical Service,Hanoi,VND,http://www.investing.com/equities/telecommunication-technical-service
PMT,995135,Telvina Vietnam,Hanoi,VND,http://www.investing.com/equities/telvina-vietnam-communication-jsc
TET,42219,TEXTACO,Hanoi,VND,http://www.investing.com/equities/textaco
SAP,42159,Textbook Printing,Hanoi,VND,http://www.investing.com/equities/textbook-printing-in-ho-chi-minh
VTI,958767,Textile  Garment Import  Export,Hanoi,VND,http://www.investing.com/equities/textile--garment-import--export
TIS,958699,Thai Nguyen Iron,Hanoi,VND,http://www.investing.com/equities/thai-nguyen-iron-and-steel
TNW,1011872,Thai Nguyen Water,Hanoi,VND,http://www.investing.com/equities/thai-nguyen-water-jsc
TTS,1010859,Thai Trung Steel,Hanoi,VND,http://www.investing.com/equities/thai-trung-steel-jsc
TTL,1059865,Thang Long,Hanoi,VND,http://www.investing.com/equities/thang-long
KTL,994859,Thang Long Metal Wares,Hanoi,VND,http://www.investing.com/equities/thang-long-metal-wares-jsc
TIG,42223,THANGLONG INVE,Hanoi,VND,http://www.investing.com/equities/thanglong-inve
VTL,42290,Thanglong JSC,Hanoi,VND,http://www.investing.com/equities/thanglong-jsc
TA6,1056166,Thanh An 665 Invest,Hanoi,VND,http://www.investing.com/equities/thanh-an-665-invest
X77,996569,Thanh An 77,Hanoi,VND,http://www.investing.com/equities/thanh-an-77-jsc
TA9,958684,Thanh An 96 Installation,Hanoi,VND,http://www.investing.com/equities/thanh-an-96-installation
DTD,1056030,Thanh Dat Invest,Hanoi,VND,http://www.investing.com/equities/thanh-dat-invest
VHH,42273,Thanh Dat Investment,Hanoi,VND,http://www.investing.com/equities/viwaseen---hue
PVH,1010857,Thanh Hoa Petroleum,Hanoi,VND,http://www.investing.com/equities/thanh-hoa-petroleum-construction
RTH,999092,Thanh Hoa Railway,Hanoi,VND,http://www.investing.com/equities/thanh-hoa-railway-jsc
TTC,42235,Thanh Thanh JSC,Hanoi,VND,http://www.investing.com/equities/thanh-thanh-jsc
TTG,995161,Thanh Tri Garment,Hanoi,VND,http://www.investing.com/equities/thanh-tri-garment-jsc
TLP,1056167,ThanhLe General,Hanoi,VND,http://www.investing.com/equities/thanhle-general
THB,42221,THB,Hanoi,VND,http://www.investing.com/equities/thb
TNP,994642,Thi Nai Port,Hanoi,VND,http://www.investing.com/equities/thi-nai-port-jsc
ITQ,42039,THIEN QUANG GR,Hanoi,VND,http://www.investing.com/equities/thien-quang-gr
BAX,999090,Thong Nhat,Hanoi,VND,http://www.investing.com/equities/thong-nhat-jsc
TNS,996107,Thongnhat Flat,Hanoi,VND,http://www.investing.com/equities/thongnhat-flat-steel-jsc
TDS,995156,Thu Duc Steel,Hanoi,VND,http://www.investing.com/equities/thu-duc-steel-jsc
TMC,42227,Thu Duc Trading&Import Export JSC,Hanoi,VND,http://www.investing.com/equities/thu-duc-trading-import-export-jsc
GTH,995121,Thua Thien Hue Construct,Hanoi,VND,http://www.investing.com/equities/thua-thien-hue-construction-transpo
GTT,958493,Thuan Thao Corp,Hanoi,VND,http://www.investing.com/equities/thuan-thao-corp
BTD,997536,Thuduc Centrifugal,Hanoi,VND,http://www.investing.com/equities/thuduc-centrifugal-concrete-jsc
CTP,986224,Thuong Phu JSC,Hanoi,VND,http://www.investing.com/equities/thuong-phu-jsc
TTJ,1056168,Thuy Ta,Hanoi,VND,http://www.investing.com/equities/thuy-ta
TSB,42232,TIBACO,Hanoi,VND,http://www.investing.com/equities/tibaco
NTP,42099,Tien Phong Plastic JSC,Hanoi,VND,http://www.investing.com/equities/tien-phong-plastic-jsc
TTH,992926,Tien Thanh Service,Hanoi,VND,http://www.investing.com/equities/tien-thanh-service-and-trading-jsc
TTZ,42236,TIEN TRUNG INV,Hanoi,VND,http://www.investing.com/equities/tien-trung-inv
DTG,999091,Tipharco Pharma,Hanoi,VND,http://www.investing.com/equities/tipharco-pharmaceutical-jsc
NCP,1050168,Tkv Campha Thermal,Hanoi,VND,http://www.investing.com/equities/tkv-campha-thermal
ITS,962450,TKV Investment,Trading Services,VND,
TNG,42229,Tng Investment And Trading JSC,Hanoi,VND,http://www.investing.com/equities/tng-investment-and-trading-jsc
TOP,995158,Top One Allot,Hanoi,VND,http://www.investing.com/equities/top-one-allot-jsc
DTV,1088755,Tra Vinh Rural Electric,Hanoi,VND,http://www.investing.com/equities/tra-vinh-rural-electric
TVU,995162,Tra Vinh Urban,Hanoi,VND,http://www.investing.com/equities/tra-vinh-urban-project-jsc
TRS,995160,Tracimexco Supply Chains,Hanoi,VND,http://www.investing.com/equities/tracimexco-supply-chains-and-agency
TAG,42212,Tran Anh Digital,Hanoi,VND,http://www.investing.com/equities/tran-anh-digit
TFC,962010,TRANGCORP Corporation JSC,Hanoi,VND,http://www.investing.com/equities/trangcorp-corporation-jsc
TNM,958711,Tranimexco Transportation Import,Hanoi,VND,http://www.investing.com/equities/tranimexco-transportation-import
TOT,1024912,Transimex,Hanoi,VND,http://www.investing.com/equities/transimex
VFR,42270,Transport Chartering,Hanoi,VND,http://www.investing.com/equities/transport-chartering-corporation
NTB,958585,Transport Engineering Construction,Hanoi,VND,http://www.investing.com/equities/transport-engineering-construction
VT8,958763,Transport Service No 8 JSC,Hanoi,VND,http://www.investing.com/equities/transport-service-no-8-jsc
TJC,42224,Transportation&Trading Services JSC,Hanoi,VND,http://www.investing.com/equities/transportation-trading-services-jsc
CNC,958430,Traphaco High Tech JSC,Hanoi,VND,http://www.investing.com/equities/traphaco-high-tech-jsc
TVC,955808,Tri Viet Management Investment Corp,Hanoi,VND,http://www.investing.com/equities/tri-viet-management-investment-corp
ILA,1056033,TRT,Hanoi,VND,http://www.investing.com/equities/trt
TRT,1009003,Truc Thon,Hanoi,VND,http://www.investing.com/equities/truc-thon-jsc
TAR,1123350,Trung An Hi-Tech,Hanoi,VND,http://www.investing.com/equities/trung-an-hi-tech
TAW,998144,Trung An Water Supply,Hanoi,VND,http://www.investing.com/equities/trung-an-water-supply-jsc
TGP,958695,Truong Phu JSC,Hanoi,VND,http://www.investing.com/equities/truong-phu-jsc
MTL,978779,Tu Liem Urban Environment Service JSC,Hanoi,VND,http://www.investing.com/equities/tu-liem-urban-environment-service
TKU,42226,Tung Kuang Industrial JSC,Hanoi,VND,http://www.investing.com/equities/tung-kuang-industrial-jsc
TVP,1052898,TV Pharm,Hanoi,VND,http://www.investing.com/equities/tv-pharm
TVD,42240,TVD,Hanoi,VND,http://www.investing.com/equities/tvd
CTN,41962,Underground Works Construction JSC,Hanoi,VND,http://www.investing.com/equities/underground-works-construction-jsc
USC,996108,Union of Survey,Hanoi,VND,http://www.investing.com/equities/union-of-survey-and-construction-js
ALV,41916,VAM,Hanoi,VND,http://www.investing.com/equities/vam
VNT,42287,VAN CARGOES,Hanoi,VND,http://www.investing.com/equities/van-cargoes
VAT,42246,VATEL,Hanoi,VND,http://www.investing.com/equities/vatel
VBC,42247,VBC,Hanoi,VND,http://www.investing.com/equities/vbc
TCS,42216,VCASC,Hanoi,VND,http://www.investing.com/equities/vcasc
CCV,1072435,VCC Engineering,Hanoi,VND,http://www.investing.com/equities/vcc-engineering
TC6,42215,VCSC,Hanoi,VND,http://www.investing.com/equities/vcsc
TDN,42218,VDNC,Hanoi,VND,http://www.investing.com/equities/vdnc
VGP,42271,Vegetable Port JSC,Hanoi,VND,http://www.investing.com/equities/vegetable-port-jsc
VGS,42272,VGS,Hanoi,VND,http://www.investing.com/equities/vgs
HLC,42018,VHLC,Hanoi,VND,http://www.investing.com/equities/vhlc
THT,42222,VHTC,Hanoi,VND,http://www.investing.com/equities/vhtc
VTJ,1009006,Vi Na Ta Ba Trading,Hanoi,VND,http://www.investing.com/equities/vi-na-ta-ba-trading---investment
HVT,42032,VICCO,Hanoi,VND,http://www.investing.com/equities/vicco
VIG,42276,VICS,Hanoi,VND,http://www.investing.com/equities/vics
UNI,42242,Vien Lien Joint - Stock Co.,Hanoi,VND,http://www.investing.com/equities/vien-lien-joint---stock-co.
ABR,1088759,Viet Brand Invest,Hanoi,VND,http://www.investing.com/equities/viet-brand-invest
VSP,958761,Viet Hai Shipping Real Properties,Hanoi,VND,http://www.investing.com/equities/viet-hai-shipping-real-properties
VNB,986055,Viet Nam Books,Hanoi,VND,http://www.investing.com/equities/viet-nam-books-jsc
VC2,42250,Viet Nam Construction JSC No. 2,Hanoi,VND,http://www.investing.com/equities/viet-nam-construction-jsc-no.-2
VIF,995166,Viet Nam Forestry,Hanoi,VND,http://www.investing.com/equities/viet-nam-forestry-corporation-jsc
VHE,1123351,Viet Nam Herbs,Hanoi,VND,http://www.investing.com/equities/viet-nam-herbs
VIB,995165,Viet Nam Intl Bank,Hanoi,VND,http://www.investing.com/equities/viet-nam-international-commercial-j
CTX,41965,Viet Nam Inves,Hanoi,VND,http://www.investing.com/equities/viet-nam-inves
VNI,995172,Viet Nam Land Invest,Hanoi,VND,http://www.investing.com/equities/viet-nam-land-investment-corp
VNP,959146,Viet Nam Plastic Corp,Hanoi,VND,http://www.investing.com/equities/viet-nam-plastic-corp
VPC,42288,Viet Nam Power Investment,Hanoi,VND,http://www.investing.com/equities/viet-nam-power
VRG,995175,Viet Nam Rubber,Hanoi,VND,http://www.investing.com/equities/viet-nam-rubber-industrial-zone-and
SAL,1056162,Viet Nam Salvage,Hanoi,VND,http://www.investing.com/equities/viet-nam-salvage
SEA,994641,Viet Nam Seaproducts,Hanoi,VND,http://www.investing.com/equities/viet-nam-seaproducts-jsc
TVN,962607,Viet Nam Steel,Hanoi,VND,http://www.investing.com/equities/viet-nam-steel-corp
STV,958680,Viet Nam Stone Work Top Fabrication,Hanoi,VND,http://www.investing.com/equities/viet-nam-stone-work-top-fabrication
TTN,1008747,Viet Nam Technology,Hanoi,VND,http://www.investing.com/equities/viet-nam-technology-telecom
MBG,962008,Viet Nam Trading Construction Devel,Hanoi,VND,http://www.investing.com/equities/viet-nam-trading-construction-devel
VOC,989637,Viet Nam Vegetable Oils,Hanoi,VND,http://www.investing.com/equities/viet-nam-vegetable-oils-industry
VNH,958749,Viet Nhat Seafood,Hanoi,VND,http://www.investing.com/equities/viet-nhat-seafood-corp
VTH,994756,Viet Thai Electric,Hanoi,VND,http://www.investing.com/equities/viet-thai-electric-cable-corp
AAV,1094230,Viet Tien Son Real Estate,Hanoi,VND,http://www.investing.com/equities/viet-tien-son-real-estate
GVT,1046319,Viet Tri Paper,Hanoi,VND,http://www.investing.com/equities/viet-tri-paper
CGV,1017282,Vietnam Ceramic Glass,Hanoi,VND,http://www.investing.com/equities/vietnam-ceramic-glass
CMS,41954,Vietnam Constr,Hanoi,VND,http://www.investing.com/equities/vietnam-constr
V11,958728,Vietnam Construction JSC No 11,Hanoi,VND,http://www.investing.com/equities/vietnam-construction-jsc-no-11
VC3,42251,Vietnam Construction JSC No. 3,Hanoi,VND,http://www.investing.com/equities/vietnam-construction-jsc-no.-3
BVN,958410,Vietnam Cotton JSC,Hanoi,VND,http://www.investing.com/equities/vietnam-cotton-jsc
VEC,1024913,Vietnam Electronics Informatics,Hanoi,VND,http://www.investing.com/equities/vietnam-electronics-informatics
FID,953936,Vietnam Enterprise Investment Dev,Hanoi,VND,http://www.investing.com/equities/vietnam-enterprise-investment-dev
VEF,962454,Vietnam Exhibition Fair Centre JSC,Hanoi,VND,http://www.investing.com/equities/vietnam-exhibition-fair-centre-jsc
VIN,995167,Vietnam Foreign Trade,Hanoi,VND,http://www.investing.com/equities/vietnam-foreign-trade-forwarding-an
HEJ,1024908,Vietnam Hydraulic,Hanoi,VND,http://www.investing.com/equities/vietnam-hydraulic
VVN,1052901,Vietnam Industrial,Hanoi,VND,http://www.investing.com/equities/vietnam-industrial
VLC,995169,Vietnam Livestock,Hanoi,VND,http://www.investing.com/equities/vietnam-livestock-corporation-jsc
LLM,1031665,Vietnam Machinery Installation,Hanoi,VND,http://www.investing.com/equities/vietnam-machinery-installation
VMS,960899,Vietnam Maritime Development JSC,Hanoi,VND,http://www.investing.com/equities/vietnam-maritime-development-jsc
VGV,1024914,Vietnam National Construction,Hanoi,VND,http://www.investing.com/equities/vietnam-national-construction
VNR,42286,Vietnam National Reinsurance,Hanoi,VND,http://www.investing.com/equities/vietnam-national-reinsurance
VGT,995164,Vietnam National Textile,Hanoi,VND,http://www.investing.com/equities/vietnam-national-textile-and-garmen
VSA,962455,Vietnam Ocean Shipping Agency Corp,Hanoi,VND,http://www.investing.com/equities/vietnam-ocean-shipping-agency-corp
DVN,1010856,Vietnam Pharma,Hanoi,VND,http://www.investing.com/equities/vietnam-pharmaceutical-corp
VST,958762,Vietnam Sea Transport and Charterin,Hanoi,VND,http://www.investing.com/equities/vietnam-sea-transport-and-charterin
VNC,42282,Vietnam Superintendence&Inspection,Hanoi,VND,http://www.investing.com/equities/vietnam-superintendence-inspection
VIW,1057645,Vietnam Water,Hanoi,VND,http://www.investing.com/equities/vietnam-water
VWS,995178,Vietnam Water Sanitation,Hanoi,VND,http://www.investing.com/equities/vietnam-water-sanitation-and-enviro
CTR,1057058,Viettel Construction,Hanoi,VND,http://www.investing.com/equities/viettel-construction
VGG,969183,VietTien Garment,Hanoi,VND,http://www.investing.com/equities/viettien-garment-corp
BEL,985926,Viettronics Bien,Hanoi,VND,http://www.investing.com/equities/viettronics-bien-hoa-jsc
VBH,42248,Viettronics Binh Hoa,Hanoi,VND,http://www.investing.com/equities/viettronics-binh-hoa-jsc
BHV,41933,Viglacera Ba Hien,Hanoi,VND,http://www.investing.com/equities/viglacera-ba-hien-joint
DAC,41970,Viglacera Dong,Hanoi,VND,http://www.investing.com/equities/dong-anh-ceramic-jsc
DTC,958466,Viglacera Dong Trieu JSC,Hanoi,VND,http://www.investing.com/equities/viglacera-dong-trieu-jsc
VIH,1011029,Viglacera Ha Noi,Hanoi,VND,http://www.investing.com/equities/viglacera-ha-noi-jsc
VHL,42274,VIGLACERA HALO,Hanoi,VND,http://www.investing.com/equities/viglacera-halo
VIM,1052899,Viglacera Mineral,Hanoi,VND,http://www.investing.com/equities/viglacera-mineral
TLT,958704,Viglacera Thang Long JSC,Hanoi,VND,http://www.investing.com/equities/viglacera-thang-long-jsc
TVA,1009004,Viglacera Thanh Tri,Hanoi,VND,http://www.investing.com/equities/viglacera-thanh-tri-sanitary-jsc
VTS,42291,Viglacera Tu Son Ceramic JSC,Hanoi,VND,http://www.investing.com/equities/viglacera-tu-son-ceramic-jsc
VKP,958743,Viky Plastic JSC,Hanoi,VND,http://www.investing.com/equities/viky-plastic-jsc
TMG,998145,Vimico Thai Nguyen,Hanoi,VND,http://www.investing.com/equities/vimico-thai-nguyen-non-ferrous-met
VPR,994447,Vina Printing and Trading,Hanoi,VND,http://www.investing.com/equities/vina-printing-and-trading-corp
VTE,1088756,Vinacap Telecom,Hanoi,VND,http://www.investing.com/equities/vinacap-telecom
CLM,976501,Vinacomin Coal Import,Hanoi,VND,http://www.investing.com/equities/vinacomin-coal-import-export-jsc
TVM,998146,Vinacomin Industry Investment,Hanoi,VND,http://www.investing.com/equities/vinacomin-industry-investment-cons
CTT,958439,Vinacomin Machinery JSC,Hanoi,VND,http://www.investing.com/equities/vinacomin-machinery-jsc
KSV,986225,Vinacomin Minerals,Hanoi,VND,http://www.investing.com/equities/vinacomin-minerals-holding-corp
MGC,985741,Vinacomin Mining Geo,Hanoi,VND,http://www.investing.com/equities/vinacomin-mining-geology
VMA,995171,Vinacomin Motor,Hanoi,VND,http://www.investing.com/equities/vinacomin-motor-industry-jsc
TMB,995157,Vinacomin Northern Coal,Hanoi,VND,http://www.investing.com/equities/vinacomin-northern-coal-trading-jsc
DTK,994438,Vinacomin Power,Hanoi,VND,http://www.investing.com/equities/vinacomin-power-holding-corp
VQC,996113,Vinacomin Quacontrol,Hanoi,VND,http://www.investing.com/equities/vinacomin-quacontrol-jsc
MVB,993050,Vinacomin Viet Bac Mining,Hanoi,VND,http://www.investing.com/equities/vinacomin-viet-bac-mining-industry
VCG,42257,VINACONEX,Hanoi,VND,http://www.investing.com/equities/vinaconex.
VC1,42249,VINACONEX 1,Hanoi,VND,http://www.investing.com/equities/vinaconex-1
V12,42243,VINACONEX 12,Hanoi,VND,http://www.investing.com/equities/vinaconex-12
V21,42245,VINACONEX 21,Hanoi,VND,http://www.investing.com/equities/vinaconex-21
VCC,42256,VINACONEX 25,Hanoi,VND,http://www.investing.com/equities/vinaconex-25
VC6,42253,VINACONEX 6,Hanoi,VND,http://www.investing.com/equities/vinaconex-6
VC9,42255,VINACONEX 9 JS,Hanoi,VND,http://www.investing.com/equities/vinaconex-9-js
VCR,42259,VINACONEX ITC,Hanoi,VND,http://www.investing.com/equities/vinaconex-itc
VCM,42258,VINACONEX MEC,Hanoi,VND,http://www.investing.com/equities/vinaconex-mec
VC5,42252,VINACONEX NO 5,Hanoi,VND,http://www.investing.com/equities/vinaconex-no-5
V15,42244,Vinaconex No15,Hanoi,VND,http://www.investing.com/equities/vinaconex-no-1
VC7,42254,VINACONEX NO7,Hanoi,VND,http://www.investing.com/equities/vinaconex-no7
VCP,994446,Vinaconex Power Development,Hanoi,VND,http://www.investing.com/equities/vinaconex-power-development
VHD,1017292,Vinaconex Urban Housing,Hanoi,VND,http://www.investing.com/equities/vinaconex-urban-housing
VCW,993312,Vinaconex Water Supply JSC,Hanoi,VND,http://www.investing.com/equities/vinaconex-water-supply-jsc
VCT,1046322,Vinaconexs Construction,Hanoi,VND,http://www.investing.com/equities/vinaconexs-construction
VFC,958735,Vinafco JSC,Hanoi,VND,http://www.investing.com/equities/vinafco-jsc
VNF,42284,VINAFREIGHT,Hanoi,VND,http://www.investing.com/equities/vinafreight
VLG,995170,Vinalines Logistics Viet Nam,Hanoi,VND,http://www.investing.com/equities/vinalines-logistics-viet-nam-jsc
CVN,41966,Vinam.,JSC,VND,
VNA,958746,Vinaship,Hanoi,VND,http://www.investing.com/equities/vinaship-jsc
VDN,1025123,Vinatex DaNang,Hanoi,VND,http://www.investing.com/equities/vinatex-danang
VIX,42278,VINCOMSC,Hanoi,VND,http://www.investing.com/equities/vincomsc
VHF,996111,Vinh Ha Food,Hanoi,VND,http://www.investing.com/equities/vinh-ha-food-processing-and-constru
VLF,958744,Vinh Long Cereal and Food Corp,Hanoi,VND,http://www.investing.com/equities/vinh-long-cereal-and-food-corp
VLP,1059866,Vinh Long Public,Hanoi,VND,http://www.investing.com/equities/vinh-long-public
VLW,1024915,Vinh Long Water,Hanoi,VND,http://www.investing.com/equities/vinh-long-water
DSV,1059852,Vinh Phu Railway,Hanoi,VND,http://www.investing.com/equities/vinh-phu-railway
MVY,1057072,Vinhyen Environment,Hanoi,VND,http://www.investing.com/equities/vinhyen-environment
VGR,1080164,VIP Greenport,Hanoi,VND,http://www.investing.com/equities/vip-greenport
VMI,955809,Visaco Mineral and Investment JSC,Hanoi,VND,http://www.investing.com/equities/visaco-mineral-and-investment-jsc
VSN,993053,Vissan,Hanoi,VND,http://www.investing.com/equities/vissan-jsc
VIT,42277,VIT,Hanoi,VND,http://www.investing.com/equities/vit
VTA,958764,Vitaly JSC,Hanoi,VND,http://www.investing.com/equities/vitaly-jsc
VIE,42275,VITECO VIETNAM,Hanoi,VND,http://www.investing.com/equities/viteco-vietnam
VAV,1030960,Viwaco,Hanoi,VND,http://www.investing.com/equities/viwaco
QHD,42146,VIWELCO,Hanoi,VND,http://www.investing.com/equities/viwelco
VKC,42279,VKC,Hanoi,VND,http://www.investing.com/equities/vkc
VLA,42280,VLA,Hanoi,VND,http://www.investing.com/equities/vla
MDC,42077,VMDC,Hanoi,VND,http://www.investing.com/equities/vmdc
ABC,998115,VMG Media,Hanoi,VND,http://www.investing.com/equities/vmg-media-jsc
EMS,1059854,VN Post Express,Hanoi,VND,http://www.investing.com/equities/vn-post-express
NBC,42086,VNBC,Hanoi,VND,http://www.investing.com/equities/vnbc
VE3,42266,VNECO 3,Hanoi,VND,http://www.investing.com/equities/vneco-3
VE8,42268,VNECO 8 ELECTR,Hanoi,VND,http://www.investing.com/equities/vneco-8-electr
VE9,42269,VNECO 9,Hanoi,VND,http://www.investing.com/equities/vneco-9
SSM,42208,VNECO.SSM,Hanoi,VND,http://www.investing.com/equities/vneco.ssm
VE1,42264,VNECO1,Hanoi,VND,http://www.investing.com/equities/vneco1
VE2,42265,VNECO2,Hanoi,VND,http://www.investing.com/equities/vneco2
VE4,42267,VNECO4 Electricity,Hanoi,VND,http://www.investing.com/equities/vneco4-electri
IVS,42040,VNS SECURITY,Hanoi,VND,http://www.investing.com/equities/vns-security
HMG,989495,Vnsteel Hanoi Steel,Hanoi,VND,http://www.investing.com/equities/vnsteel-hanoi-steel-corp
VPA,995173,VP Petrochemical,Hanoi,VND,http://www.investing.com/equities/vp-petrochemical-transport-jsc
IDV,42035,VPID,Hanoi,VND,http://www.investing.com/equities/vpid
VTC,42289,VTC Telecommunications JSC,Hanoi,VND,http://www.investing.com/equities/vtc-telecommunications-jsc
POV,958609,Vung Ang Petroleum JSC,Hanoi,VND,http://www.investing.com/equities/vung-ang-petroleum-jsc
MTV,1031666,Vung Tau Environment,Hanoi,VND,http://www.investing.com/equities/vung-tau-environment
VIR,996112,Vung Tau Intourco,Hanoi,VND,http://www.investing.com/equities/vung-tau-intourco-resort-jsc
VMG,1052900,Vung Tau Petroleum,Hanoi,VND,http://www.investing.com/equities/vung-tau-petroleum
UPC,1009005,Vung Tau Urban and Parks,Hanoi,VND,http://www.investing.com/equities/vung-tau-urban-and-parks-develop
CQT,1057057,VVMI Quantrieu Cement,Hanoi,VND,http://www.investing.com/equities/vvmi-quantrieu-cement
VXB,42293,VXB,Hanoi,VND,http://www.investing.com/equities/vxb
WSB,958770,Western Sai Gon Beer JSC,Hanoi,VND,http://www.investing.com/equities/western-sai-gon-beer-jsc
ASA,41925,WMT Sana Joint,Hanoi,VND,http://www.investing.com/equities/wmt-sana-joint
WSS,42295,WSS,Hanoi,VND,http://www.investing.com/equities/wss
X18,995728,X18 Cement,Hanoi,VND,http://www.investing.com/equities/x18-cement-jsc
X20,1072444,X20,Hanoi,VND,http://www.investing.com/equities/x20
XHC,995179,Xuan Hoa Vietnam,Hanoi,VND,http://www.investing.com/equities/xuan-hoa-viet-nam-jsc
CAP,41946,Yen Bai Forest JSC,Hanoi,VND,http://www.investing.com/equities/yen-bai-forest-jsc
YRC,989496,Yen Lao Railway,Hanoi,VND,http://www.investing.com/equities/yen-lao-railway-jsc
YBC,42297,Yenbai Cement,Hanoi,VND,http://www.investing.com/equities/ybc
VCX,996109,YenBinh Cement,Hanoi,VND,http://www.investing.com/equities/yenbinh-cement-jsc
