ABOG,1062571,ABO Invest,Hamburg,EUR,http://www.investing.com/equities/abo-invest-ag?cid=1062571
AB9,995001,ABO Wind,Hamburg,EUR,http://www.investing.com/equities/abo-wind-ag
NXIG,964836,Activa Resources,Hamburg,EUR,http://www.investing.com/equities/activa-resources-ag
ADSGn,1030924,Adidas,Hamburg,EUR,http://www.investing.com/equities/adidas-salomon?cid=1030924
GOG1,995025,Afrika Gold,Hamburg,EUR,http://www.investing.com/equities/afrika-gold-ag
2A6,1024830,Afterpay Touch,Hamburg,EUR,http://www.investing.com/equities/afterpay-holdings-ltd?cid=1024830
AGV,1056053,AGIV Real Estate,Hamburg,EUR,http://www.investing.com/equities/agiv-real-estate?cid=1056053
AKU1,948683,Akzo Nobel,Hamburg,EUR,http://www.investing.com/equities/akzo-nobel?cid=948683
ABAG,942685,Alba,Hamburg,EUR,http://www.investing.com/equities/alba-se
EBGKk,995019,Aleia Holding,Hamburg,EUR,http://www.investing.com/equities/aleia-holding-ag
ALVG,1030918,Allianz,Hamburg,EUR,http://www.investing.com/equities/allianz-ag?cid=1030918
ALSO,1008982,Alstom,Hamburg,EUR,http://www.investing.com/equities/alstom?cid=1008982
AUVN,995003,autowerkstatt,Hamburg,EUR,http://www.investing.com/equities/autowerkstatt-group-nv
AVWG,995004,AVW Immobilien,Hamburg,EUR,http://www.investing.com/equities/avw-immobilien
AXAF,970481,AXA,Hamburg,EUR,http://www.investing.com/equities/axa?cid=970481
BIDUy,963007,Baidu,Hamburg,EUR,http://www.investing.com/equities/baidu.com?cid=963007
68V,963507,Baker Hughes A,Hamburg,EUR,http://www.investing.com/equities/baker-hughes?cid=963507
BASFn,1030917,BASF,Hamburg,EUR,http://www.investing.com/equities/basf-ag?cid=1030917
B9VG,995005,Bavaria Venture Capital,Hamburg,EUR,http://www.investing.com/equities/bavaria-venture-capital---trade-ag
BAYGn,1030922,Bayer,Hamburg,EUR,http://www.investing.com/equities/bayer-ag?cid=1030922
BLGGgi,995008,Bayerische Landesbank Participation,Hamburg,EUR,http://www.investing.com/equities/bayerische-landesbank-part?cid=995008
BTGGg,995009,Bertelsmann,Hamburg,EUR,http://www.investing.com/equities/bertelsmann?cid=995009
BTGGga,995010,Bertelsmann GA,Hamburg,EUR,http://www.investing.com/equities/bertelsmann-se---co-kgaa-ga-d?cid=995010
BILG,1030928,BHP Group,Hamburg,EUR,http://www.investing.com/equities/bhp-billiton?cid=1030928
ADE,1031244,Bitcoin Group,Hamburg,EUR,http://www.investing.com/equities/bitcoin-group-se?cid=1031244
BA,29387,Boeing,Hamburg,EUR,http://www.investing.com/equities/boeing-co?cid=29387
1YD,22425,Broadcom,Hamburg,EUR,http://www.investing.com/equities/avago-technologies?cid=22425
1211,963561,BYD Co Ltd-H,Hamburg,EUR,http://www.investing.com/equities/byd-co.?cid=963561
7751,29572,Canon,Hamburg,EUR,http://www.investing.com/equities/canon-inc.?cid=29572
CCLC,963423,Carnival Corp,Hamburg,EUR,http://www.investing.com/equities/carnival-corp-exch?cid=963423
WN6,1024842,Carsales.Com,Hamburg,EUR,http://www.investing.com/equities/carsales.com-ltd?cid=1024842
MFCG,995043,Cash Medien,Hamburg,EUR,http://www.investing.com/equities/cash-medien-ag
D2BG,995011,CD Deutsche Eigenheim,Hamburg,EUR,http://www.investing.com/equities/cd-deutsche-eigenheim
7CK,994999,Chatham Rock Phosphate (NZ),Hamburg,EUR,http://www.investing.com/equities/chatham-rock-phosphate-ltd
2628,963523,China Life Insurance,Hamburg,EUR,http://www.investing.com/equities/china-life?cid=963523
0941,963521,China Mobile,Hamburg,EUR,http://www.investing.com/equities/china-mobile?cid=963521
DTSGg,995018,Commerzbank G,Hamburg,EUR,http://www.investing.com/equities/commerzbank-ag-g-d?cid=995018
DSFGgc,995017,Commerzbank GC,Hamburg,EUR,http://www.investing.com/equities/commerzbank-ag-gc
CONG,1030923,Continental AG,Hamburg,EUR,http://www.investing.com/equities/continental-ag?cid=1030923
DAIGn,1030919,Daimler,Hamburg,EUR,http://www.investing.com/equities/daimler?cid=1030919
DCIGk,1056058,DCI Databaseormmerce Industry,Hamburg,EUR,http://www.investing.com/equities/dci-database-for-commerce-industry?cid=1056058
DHER,1055015,Delivery Hero,Hamburg,EUR,http://www.investing.com/equities/delivery-hero-ag?cid=1055015
DE1n,995012,Deufol,Hamburg,EUR,http://www.investing.com/equities/deufol-se
DBKGn,1030920,Deutsche Bank AG,Hamburg,EUR,http://www.investing.com/equities/deutsche-bank?cid=1030920
DPWGn,1030925,Deutsche Post,Hamburg,EUR,http://www.investing.com/equities/deutsche-post?cid=1030925
DWNG,994870,Deutsche Wohnen,Hamburg,EUR,http://www.investing.com/equities/deutsche-wohnen-ag-exch?cid=994870
DG6,995013,DG Gruppe,Hamburg,EUR,http://www.investing.com/equities/dg-gruppe-ag
5TRG,994998,DGH Deutsche Grundwert,Hamburg,EUR,http://www.investing.com/equities/dgh-deutsche-grundwert-holding-ag
3DW,1024826,DP World,Hamburg,EUR,http://www.investing.com/equities/dp-world-ltd?cid=1024826
DRWGg,995014,Draegerwerk G,Hamburg,EUR,http://www.investing.com/equities/draegerwerk-ag---co-kgaa-g-d?cid=995014
DRWGga,995015,Draegerwerk GA,Hamburg,EUR,http://www.investing.com/equities/draegerwerk-ag---co-kgaa-ga
DRWGgb,995016,Draegerwerk GB,Hamburg,EUR,http://www.investing.com/equities/draegerwerk-ag---co-kgaa-gb-d?cid=995016
6D81,29537,DuPont,Hamburg,EUR,http://www.investing.com/equities/du-pont?cid=29537
DWSG,1073482,DWS Group,Hamburg,EUR,http://www.investing.com/equities/dws-group-gmbh-co.-kgaa?cid=1073482
EBSG,995020,Elbstein,Hamburg,EUR,http://www.investing.com/equities/elbstein-ag
DNQ,963287,Equinor,Hamburg,EUR,http://www.investing.com/equities/statoil?cid=963287
EUKG,995021,Eurokai GmbH,Hamburg,EUR,http://www.investing.com/equities/eurokai-gmbh---co-kgaa
BTCGk,1062572,Eyemaxx Real Estate,Hamburg,EUR,http://www.investing.com/equities/eyemaxx-real-estate-ag?cid=1062572
M11,962513,First Graphene,Hamburg,EUR,http://www.investing.com/equities/mrl-corporation-ltd?cid=962513
GRMN,23147,Garmin,Hamburg,EUR,http://www.investing.com/equities/garmin-ltd?cid=23147
GWQCg,995026,German Pellets,Hamburg,EUR,http://www.investing.com/equities/german-pellets-gmbh
8GC,963549,Glencore,Hamburg,EUR,http://www.investing.com/equities/glencore?cid=963549
QCEG,25358,Global PVQ,Hamburg,EUR,http://www.investing.com/equities/q-cells
G4B,995023,Good Brands,Hamburg,EUR,http://www.investing.com/equities/good-brands-ag
HPBGn,1072068,Heliad,Hamburg,EUR,http://www.investing.com/equities/heliad-equity-partners-gmbh---co.?cid=1072068
HFGG,1056064,HelloFresh,Hamburg,EUR,http://www.investing.com/equities/hellofresh-se?cid=1056064
HSRN,995034,Helveticstar,Hamburg,EUR,http://www.investing.com/equities/helveticstar-holding-ag
7HP,22148,HP Inc,Hamburg,EUR,http://www.investing.com/equities/hewlett-pack?cid=22148
HSBAy,962992,HSBC ADR,Hamburg,EUR,http://www.investing.com/equities/hsbc-holdings-plc?cid=962992
05380,958260,Hyundai Motor DRC,Hamburg,EUR,http://www.investing.com/equities/hyundai-motor-drc?cid=958260
I8CKk,995036,independent capital,Hamburg,EUR,http://www.investing.com/equities/independent-capital-ag
INN1,23280,ING Groep,Hamburg,EUR,http://www.investing.com/equities/ing-groep?cid=23280
JSTG,1031266,JOST Werke,Hamburg,EUR,http://www.investing.com/equities/jost-werke-f?cid=1031266
JPM,949132,JPMorgan,Hamburg,EUR,http://www.investing.com/equities/jp-morgan-chase?cid=949132
KD8Gn,1066561,Kabel Deutschland,Hamburg,EUR,http://www.investing.com/equities/kabel-deutschland
FMK,963675,Kibaran Resources Ltd,Hamburg,EUR,http://www.investing.com/equities/kibaran-resources-ltd?cid=963675
OREP,1008729,L'Oreal,Hamburg,EUR,http://www.investing.com/equities/l-oreal?cid=1008729
HLBGg,995033,Landesbank Hessen Par,Hamburg,EUR,http://www.investing.com/equities/landesbank-hessen-thueringen-par
L1AG,995040,Lena Beteiligungs,Hamburg,EUR,http://www.investing.com/equities/lena-beteiligungs-ag
0992,963599,Lenovo Group,Hamburg,EUR,http://www.investing.com/equities/lenovo-group-ltd?cid=963599
LOGNn,6362,Logitech,Hamburg,EUR,http://www.investing.com/equities/logitech?cid=6362
LVMH,960617,Louis Vuitton,Hamburg,EUR,http://www.investing.com/equities/l.v.m.h.?cid=960617
LHAG,1030921,Lufthansa,Hamburg,EUR,http://www.investing.com/equities/dt-lufthansa?cid=1030921
MPRKk,1056065,Maier Partner,Hamburg,EUR,http://www.investing.com/equities/maier-partner-ag?cid=1056065
MANG,1054240,Man SE,Hamburg,EUR,http://www.investing.com/equities/man-ag?cid=1054240
M5SG,965309,Marenave Schiffahrts,Hamburg,EUR,http://www.investing.com/equities/marenave-schiffahrts
CLSGn,965705,McKesson Europe,Hamburg,EUR,http://www.investing.com/equities/celesio-mu
MDQKk,995042,MediNavi,Hamburg,EUR,http://www.investing.com/equities/medinavi-ag
MML,1024839,Medusa Mining,Hamburg,EUR,http://www.investing.com/equities/medusa-mining?cid=1024839
B4B,1030927,Metro Wholesale,Hamburg,EUR,http://www.investing.com/equities/metro-wholesale-de?cid=1030927
B4B3_p,1030926,Metro Wholesale Pref,Hamburg,EUR,http://www.investing.com/equities/metro-wholesale-pref-de?cid=1030926
MSGL,981870,MSG Life,Hamburg,EUR,http://www.investing.com/equities/msg-life-ag-be
C1VG,1062573,mVISE,Hamburg,EUR,http://www.investing.com/equities/mvise-ag?cid=1062573
NABGy,995044,Nabag Anlageund,Hamburg,EUR,http://www.investing.com/equities/nabag-anlageund-beteiligungs-ag
N4G,1031276,NAGA,Hamburg,EUR,http://www.investing.com/equities/the-naga-group-ag?cid=1031276
NAKG,995045,NAK Stoffe,Hamburg,EUR,http://www.investing.com/equities/nak-stoffe-aktiengesellschaft
41N,994996,Nex Metals Explorations,Hamburg,EUR,http://www.investing.com/equities/nex-metals-explorations?cid=994996
NUVG,1055023,Noratis,Hamburg,EUR,http://www.investing.com/equities/noratis-ag?cid=1055023
NHY,963279,Norsk Hydro,Hamburg,EUR,http://www.investing.com/equities/nosk-hydro?cid=963279
VVX,995062,Palatium RE,Hamburg,EUR,http://www.investing.com/equities/palatium-real-estate-ag
VVX1_p,995063,Palatium RE Pref,Hamburg,EUR,http://www.investing.com/equities/palatium-real-estate-ag-pref
3O2,1024833,Petrel Energy,Hamburg,EUR,http://www.investing.com/equities/petrel-energy-ltd?cid=1024833
0857,963519,PetroChina H,Hamburg,EUR,http://www.investing.com/equities/petrochina?cid=963519
PFE,29539,Pfizer,Hamburg,EUR,http://www.investing.com/equities/pfizer?cid=29539
FDD,995022,Pilkington Deutschland,Hamburg,EUR,http://www.investing.com/equities/pilkington-deutschland-ag
PUZGg,995050,Pongs & Zahn Par,Hamburg,EUR,http://www.investing.com/equities/pongs---zahn-ag-par-d?cid=995050
WDLGge,995064,Portigon,Hamburg,EUR,http://www.investing.com/equities/portigon?cid=995064
QBIG,995052,Q2M Managementberatung,Hamburg,EUR,http://www.investing.com/equities/q2m-managementberatung-ag
QIA,13095,Qiagen,Hamburg,EUR,http://www.investing.com/equities/qiagen?cid=13095
REL,981366,Relx,Hamburg,EUR,http://www.investing.com/equities/reed-elsevier?cid=981366
CRAA,29513,Rio Tinto Ltd,Hamburg,EUR,http://www.investing.com/equities/rio-tinto-limited?cid=29513
RRTL,15192,RTL Group,Hamburg,EUR,http://www.investing.com/equities/rtl-group-lu?cid=15192
QOUG,995053,Ruecker Immobilien,Hamburg,EUR,http://www.investing.com/equities/ruecker-immobilien-portfolio-ag
SAMEq,963034,Samsung Electronics DRC,Hamburg,EUR,http://www.investing.com/equities/samsung-electronics-co-ltd-gdr?cid=963034
SNC4_p,964897,Sanacorp Pharma Pref,Hamburg,EUR,http://www.investing.com/equities/sanacorp-pharmaholding-ag
59Su,1054440,Scentre,Hamburg,EUR,http://www.investing.com/equities/scentre?cid=1054440
SLB,963513,Schlumberger,Hamburg,EUR,http://www.investing.com/equities/schlumberger-ltd?cid=963513
SCHN,994727,Schneider Electric,Hamburg,EUR,http://www.investing.com/equities/schneider-electr?cid=994727
SCIG,995055,Sci,Hamburg,EUR,http://www.investing.com/equities/sci-ag
S9AD,963291,Seadrill Ltd,Hamburg,EUR,http://www.investing.com/equities/seadrill?cid=963291
SIEGn,6470,Siemens AG,Hamburg,EUR,http://www.investing.com/equities/siemens?cid=6470
SHLG,1073486,Siemens Healthineers,Hamburg,EUR,http://www.investing.com/equities/siemens-healthineers-ag?cid=1073486
SE3G,995056,Smart Equity,Hamburg,EUR,http://www.investing.com/equities/smart-equity-ag
BGZG,995006,Smart Grids,Hamburg,EUR,http://www.investing.com/equities/smart-grids-ag
9984,963621,Softbank Group Corp.,Hamburg,EUR,http://www.investing.com/equities/softbank-corp.?cid=963621
SOOG,23589,Solon,Hamburg,EUR,http://www.investing.com/equities/solon
SWHGg,995058,Stadtwerke Hannover Par,Hamburg,EUR,http://www.investing.com/equities/stadtwerke-hannover-ag-par-d?cid=995058
IKHK,964738,StarDSL,Hamburg,EUR,http://www.investing.com/equities/stardsl-ag
S9I,1073485,Stemmer Imaging,Hamburg,EUR,http://www.investing.com/equities/stemmer-imaging-ag?cid=1073485
STM,6965,STMicroelectronics,Hamburg,EUR,http://www.investing.com/equities/stmicroelectroni?cid=6965
TEGG,48625,Tag Immobilien,Hamburg,EUR,http://www.investing.com/equities/tag-immobilien-ag?cid=48625
7203,29571,Toyota Motor,Hamburg,EUR,http://www.investing.com/equities/toyota-motor-corporation?cid=29571
TAV,995061,Trade & Value,Hamburg,EUR,http://www.investing.com/equities/trade---value-ag
T7RAk,995060,Tyros,Hamburg,EUR,http://www.investing.com/equities/tyros-ag-finanzdienstleistungen-ia
UWH,1043365,Uniwheels,Hamburg,EUR,http://www.investing.com/equities/uniwheels-ag?cid=1043365
VALESy,984539,Vale ADR,Hamburg,EUR,http://www.investing.com/equities/vale-s.a.--americ?cid=984539
VAO,1055031,Vapiano,Hamburg,EUR,http://www.investing.com/equities/vapiano-se?cid=1055031
VERB,948832,Verbund AG Kat. A,Hamburg,EUR,http://www.investing.com/equities/verbund?cid=948832
OPP1,1056052,Versandhandelabwicklungsgesellschaft,Hamburg,EUR,http://www.investing.com/equities/versandhandel-abwick
SGEF,995940,Vinci,Hamburg,EUR,http://www.investing.com/equities/vinci?cid=995940
WPL,963525,Woodside Petroleum,Hamburg,EUR,http://www.investing.com/equities/woodside-petroleum-limited?cid=963525
TIMAn,19235,ZEAL Network SE,Hamburg,EUR,http://www.investing.com/equities/tipp24
ZEFG,972103,Zhongde Waste,Hamburg,EUR,http://www.investing.com/equities/zhongde-waste-technology-ag?cid=972103
