AUBB,13531,Ahli United Bank,Bahrain,USD,http://www.investing.com/equities/ahli-united-bank
ABCB,13529,Arab Banking Corp,Bahrain,USD,http://www.investing.com/equities/arab-bnking-corp
NATB,13558,National Bank Bahrain,Bahrain,USD,http://www.investing.com/equities/natl-bank-bah
INVB,13554,Investcorp Bank,Bahrain,USD,http://www.investing.com/equities/investcorp-bk
BBKB,13534,BBK,Bahrain,USD,http://www.investing.com/equities/bbk
BTEL,13545,Bahrain Telecom Co,Bahrain,USD,http://www.investing.com/equities/bah-telecom-co
ALBH,40422,Aluminum Bahrain,Bahrain,USD,http://www.investing.com/equities/aluminium-bahrain
GFHB,13551,Gulf Finance Group,Bahrain,USD,http://www.investing.com/equities/gulf-fin-house
BARKA,13533,Al Baraka Banking,Bahrain,USD,http://www.investing.com/equities/abg
SALAM,13561,Al Salam Bank,Bahrain,USD,http://www.investing.com/equities/al-salam-bk
BCFC,13535,Bahrain Commercial Facilities,Bahrain,USD,http://www.investing.com/equities/bah-comm-fac
ITHMR,13555,Ithmaar,Bahrain,USD,http://www.investing.com/equities/ithmaar-bank
BISB,13537,Bahrain Islamic Bank,Bahrain,USD,http://www.investing.com/equities/bah-islamic-bk
DUTY,13548,Bahrain Duty Free,Bahrain,USD,http://www.investing.com/equities/bah-duty-free
BMMI,13540,BMMI BSC,Bahrain,USD,http://www.investing.com/equities/bmmi-bsc
GHG,943631,Gulf Hotel,Bahrain,USD,http://www.investing.com/equities/gulf-hotel-group
APMTB,1138356,APM Terminal,Bahrain,USD,http://www.investing.com/equities/apm-terminal-bahrain-bsc
SEEF,13562,Seef Properties,Bahrain,USD,http://www.investing.com/equities/seef-properties
INOV,13553,INOVEST BSC,Bahrain,USD,http://www.investing.com/equities/inovest-bsc
ARIG,13530,Arab Insurance,Bahrain,USD,http://www.investing.com/equities/arab-ins-group
BKIC,13538,Bahrain Kuwait Insurance,Bahrain,USD,http://www.investing.com/equities/bah---kwt-ins-co
CNCO,13546,Bahrain Cinema,Bahrain,USD,http://www.investing.com/equities/bah-cinema-co
BNHB,13541,Bahrain National Hld,Bahrain,USD,http://www.investing.com/equities/bah-natl-holding
ZAIN,942784,Zain Bahrain Bsc,Bahrain,USD,http://www.investing.com/equities/zain-bahrain-bsc
KHCB,13556,Khaleeji Bank,Bahrain,USD,http://www.investing.com/equities/khaleeji-bank
SOLID,13528,Alahlia Insurance,Bahrain,USD,http://www.investing.com/equities/al-ahlia-ins-co
EICB,13549,Esterad Investment,Bahrain,USD,http://www.investing.com/equities/esterad-inv-co
GTFP,13552,General Trading&Food,Bahrain,USD,http://www.investing.com/equities/gen-trdg---food
BSRC,13543,Bah. Ship Repairing,Bahrain,USD,http://www.investing.com/equities/bah-ship-repair
UGIC,13566,United Gulf Invest,Bahrain,USD,http://www.investing.com/equities/united-gulf-invt
NASS,13557,Nass Corp BSC,Bahrain,USD,http://www.investing.com/equities/nass-corp
BMEB,13539,Bahrain Middle East Bank,Bahrain,USD,http://www.investing.com/equities/bahrain-middle-east-bank
NHTL,13559,National Hotels Co,Bahrain,USD,http://www.investing.com/equities/natl-hotels-co
PARK,13560,Bahrain Car Park,Bahrain,USD,http://www.investing.com/equities/bah-car-park
BFMC,13536,Bahrain Flour Mills,Bahrain,USD,http://www.investing.com/equities/bah-flour-mills
DPCB,13547,Delmon Poultry Co,Bahrain,USD,http://www.investing.com/equities/delmon-poultry
FMLY,13550,Bahrain Family Leisure,Bahrain,USD,http://www.investing.com/equities/bah-fam-leisure
BANA,13532,Banader Hotels,Bahrain,USD,http://www.investing.com/equities/banader-co
EBRIT,994738,Eskan Bank,Bahrain,USD,http://www.investing.com/equities/eskan-bank-bscc
