ADVANC,102396,Advanced Info Service PCL,SET100,THB
AOT,102401,Airports of Thailand PCL,SET100,THB
AMATA,102405,Amata Corporation PCL,SET100,THB
ANAN,102407,Ananda Development PCL,SET100,THB
AP,102408,AP Thailand PCL,SET100,THB
AAV,102412,Asia Aviation PCL,SET100,THB
BCP,102425,Bangchak Petroleum PCL,SET100,THB
BA,942605,Bangkok Airways PCL,SET100,THB
BBL,102427,Bangkok Bank PCL,SET100,THB
BCH,102428,Bangkok Chain Hospital PCL,SET100,THB
BEM,986147,Bangkok Expressway and Metro PCL,SET100,THB
BLAND,102432,Bangkok Land PCL,SET100,THB
BLA,102433,Bangkok Life Assurance PCL,SET100,THB
BANPU,102439,Banpu PCL,SET100,THB
BEAUTY,102440,Beauty Community PCL,SET100,THB
BEC,102441,BEC World PCL,SET100,THB
BJCHI,102445,BJC Heavy Industries PCL,SET100,THB
BTS,102448,BTS Group Holdings PCL,SET100,THB
BH,102450,Bumrungrad Hospital PCL,SET100,THB
CBG,942849,Carabao Group PCL,SET100,THB
CPN,102455,Central Pattana PCL,SET100,THB
CENTEL,102456,Central Plaza Hotel PCL,SET100,THB
CK,102457,CH Karnchang PCL,SET100,THB
CPF,102461,Charoen Pokphand Foods PCL,SET100,THB
CHG,102467,Chularat Hospital PCL,SET100,THB
CKP,102472,CK Power PCL,SET100,THB
COM7,986155,Com7 PCL,SET100,THB
CPALL,102475,CP All PCL,SET100,THB
DELTA,102484,Delta Electronics Thailand PCL,SET100,THB
BDMS,102447,Bangkok Dusit Medical Services PCL,SET100,THB
EPG,943699,Eastern Polymer Group PCL,SET100,THB
EGCO,102499,Electricity Generating PCL,SET100,THB
ERW,102503,Erawan Group PCL,SET100,THB
GPSC,986165,Global Power Synergy PCL,SET100,THB
GLOW,102521,Glow Energy PCL,SET100,THB
GL,102529,Group Lease PCL,SET100,THB
GUNKUL,102530,Gunkul Engineering PCL,SET100,THB
HANA,102532,Hana Microelectronics PCL,SET100,THB
HMPRO,102535,Home Product Center PCL,SET100,THB
ICHI,102538,Ichitan Group PCL,SET100,THB
IVL,102540,Indorama Ventures PCL,SET100,THB
IFEC,102543,Inter Far East Energy Corporation PCL,SET100,THB
INTUCH,102546,Intouch Holdings PCL,SET100,THB
IRPC,102547,IRPC PCL,SET100,THB
ITD,102549,Italian Thai Development PCL,SET100,THB
JWD,986173,JWD InfoLogistics PCL,SET100,THB
KBANK,102560,Kasikornbank PCL,SET100,THB
KCE,102561,KCE Electronics PCL,SET100,THB
KKP,102567,Kiatnakin Bank PCL,SET100,THB
KTB,102569,Krung Thai Bank PCL,SET100,THB
KTC,102571,Krungthai Card PCL,SET100,THB
LH,102577,Land and Houses PCL,SET100,THB
LHBANK,102581,LH Financial Group PCL,SET100,THB
LPN,102573,LPN Development PCL,SET100,THB
MAJOR,102593,Major Cineplex Group PCL,SET100,THB
MINT,102616,Minor International PCL,SET100,THB
MTLS,942850,Muangthai Leasing PCL,SET100,THB
PLANB,945731,Plan B Media PCL,SET100,THB
PS,102670,Pruksa Real Estate PCL,SET100,THB
PTG,102671,PTG Energy PCL,SET100,THB
PTTEP,102673,PTT Exploration and Production PCL,SET100,THB
PTTGC,102674,PTT Global Chemical PCL,SET100,THB
PTT,102672,PTT PCL,SET100,THB
QH,102679,Quality Houses PCL,SET100,THB
ROBINS,102687,Robinson Department Store PCL,SET100,THB
RS,102693,RS PCL,SET100,THB
SAMART,102706,Samart Corporation PCL,SET100,THB
SIRI,102714,Sansiri PCL,SET100,THB
SCC,102725,Siam Cement PCL,SET100,THB
SCB,102727,Siam Commercial Bank PCL,SET100,THB
GLOBAL,102731,Siam Global House PCL,SET100,THB
SGP,102738,Siamgas and Petrochemicals PCL,SET100,THB
S,102682,Singha Estate PCL,SET100,THB
STEC,102742,Sino Thai Engineering and Construction PCL,SET100,THB
SPCG,102748,SPCG PCL,SET100,THB
SAWAD,102753,Srisawad Power 1979 PCL,SET100,THB
STPI,102757,STP&I PCL,SET100,THB
SPALI,102759,Supalai PCL,SET100,THB
SVI,102763,SVI PCL,SET100,THB
THAI,102778,Thai Airways International PCL,SET100,THB
TOP,102790,Thai Oil PCL,SET100,THB
TU,986220,Thai Union Group PCL,SET100,THB
TVO,102809,Thai Vegetable Oil PCL,SET100,THB
THCOM,102817,Thaicom PCL,SET100,THB
TCAP,102825,Thanachart Capital PCL,SET100,THB
TTA,102829,Thoresen Thai Agencies PCL,SET100,THB
TASCO,102833,TIPCO Asphalt PCL,SET100,THB
TISCO,102835,TISCO Financial Group PCL,SET100,THB
TMB,102836,TMB Bank PCL,SET100,THB
DTAC,102838,Total Access Communication PCL,SET100,THB
TPIPL,102841,TPI Polene PCL,SET100,THB
TRC,102842,TRC Construction PCL,SET100,THB
TRUE,102846,True Corporation PCL,SET100,THB
TTCL,102839,TTCL PCL,SET100,THB
TTW,102848,TTW PCL,SET100,THB
UNIQ,102853,Unique Engineering and Construction PCL,SET100,THB
VNG,102861,Vanachai Group PCL,SET100,THB
VGI,102863,VGI Global Media PCL,SET100,THB
WHA,102869,WHA Corporation PCL,SET100,THB
WORK,102873,Workpoint Entertainment PCL,SET100,THB
