ARSBRL,1473,Argentinian Peso Brazil Real,Forex,BRL
ARSHKD,1478,Argentinian Peso Hong Kong Dollar,Forex,HKD
ARSJPY,1479,Argentinian Peso Japanese Yen,Forex,JPY
ARSMXN,1480,Argentinian Peso Mexican Peso,Forex,MXN
AUDARS,1484,Australian Dollar Argentinian Peso,Forex,ARS
BRLARS,1505,Brazil Real Argentinian Peso,Forex,ARS
CADARS,1521,Canadian Dollar Argentinian Peso,Forex,ARS
CHFARS,1541,Swiss Franc Argentinian Peso,Forex,ARS
EURARS,1608,Euro Argentinian Peso,Forex,ARS
GBPARS,1729,British Pound Argentinian Peso,Forex,ARS
HKDARS,1812,Hong Kong Dollar Argentinian Peso,Forex,ARS
JPYARS,1888,Japanese Yen Argentinian Peso,Forex,ARS
SGDARS,2025,Singapore Dollar Argentinian Peso,Forex,ARS
USDARS,2090,US Dollar Argentinian Peso,Forex,ARS
AEDARS,9275,UAE Dirham Argentinian Peso,Forex,ARS
ARSAED,9330,Argentinian Peso UAE Dirham,Forex,AED
ARSAUD,9331,Argentinian Peso Australian Dollar,Forex,AUD
ARSCAD,9332,Argentinian Peso Canadian Dollar,Forex,CAD
ARSCHF,9333,Argentinian Peso Swiss Franc,Forex,CHF
ARSCLP,9334,Argentinian Peso Chilean Peso,Forex,CLP
ARSCNY,9335,Argentinian Peso Chinese Yuan,Forex,CNY
ARSCZK,9336,Argentinian Peso Czech Koruna,Forex,CZK
ARSDKK,9337,Argentinian Peso Danish Krone,Forex,DKK
ARSEUR,9338,Argentinian Peso Euro,Forex,EUR
ARSGBP,9339,Argentinian Peso British Pound,Forex,GBP
ARSHUF,9340,Argentinian Peso Hungarian Forint,Forex,HUF
ARSILS,9341,Argentinian Peso Israeli Shekel,Forex,ILS
ARSINR,9342,Argentinian Peso Indian Rupee,Forex,INR
ARSISK,9343,Argentinian Peso Icelandic Kr,Forex,ISK
ARSKRW,9344,Argentinian Peso Korean Won,Forex,KRW
ARSMAD,9345,Argentinian Peso Moroccan Dirham,Forex,MAD
ARSNOK,9346,Argentinian Peso Norwegian Krone,Forex,NOK
ARSNZD,9347,Argentinian Peso New Zealand Dollar,Forex,NZD
ARSPHP,9348,Argentinian Peso Philippine Peso,Forex,PHP
ARSPKR,9349,Argentinian Peso Pakistani Rupee,Forex,PKR
ARSPLN,9350,Argentinian Peso Polish Zloty,Forex,PLN
ARSRUB,9351,Argentinian Peso Russian Ruble,Forex,RUB
ARSSAR,9352,Argentinian Peso Saudi Riyal,Forex,SAR
ARSSEK,9353,Argentinian Peso Swedish Krona,Forex,SEK
ARSSGD,9354,Argentinian Peso Singapore Dollar,Forex,SGD
ARSTHB,9355,Argentinian Peso Thai Baht,Forex,THB
ARSTRY,9356,Argentinian Peso Turkish Lira,Forex,TRY
ARSUSD,9357,Argentinian Peso US Dollar,Forex,USD
ARSVEF,9358,Argentinian Peso Venezuelan Bolivar,Forex,VEF
ARSXAF,9359,Argentinian Peso Central African Franc,Forex,XAF
ARSXCD,9360,Argentinian Peso East Caribbean Dollar,Forex,XCD
ARSZAR,9361,Argentinian Peso South African Rand,Forex,ZAR
ARSBBD,9362,Argentinian Peso Barbadian Dollar,Forex,BBD
ARSBHD,9363,Argentinian Peso Baharain Dinar,Forex,BHD
ARSJOD,9365,Argentinian Peso Jordan Dinar,Forex,JOD
ARSNAD,9366,Argentinian Peso Namibian Dollar,Forex,NAD
ARSOMR,9367,Argentinian Peso Omani Rial,Forex,OMR
ARSQAR,9368,Argentinian Peso Qatari Riyal,Forex,QAR
ARSJMD,9369,Argentinian Peso Jamaican Dollar,Forex,JMD
ARSKES,9370,Argentinian Peso Kenyan Shilling,Forex,KES
ARSLKR,9371,Argentinian Peso Sri Lankan Rupee,Forex,LKR
ARSRON,9373,Argentinian Peso Romanian Leu,Forex,RON
ARSLBP,9374,Argentinian Peso Lebanese Pound,Forex,LBP
ARSNPR,9376,Argentinian Peso Nepalese Rupee,Forex,NPR
ARSPAB,9377,Argentinian Peso Panamanian Balboa,Forex,PAB
ARSEGP,9378,Argentinian Peso Egyptian Pound,Forex,EGP
ARSIDR,9379,Argentinian Peso Indonesian Rupiah,Forex,IDR
ARSMYR,9380,Argentinian Peso Malaysian Ringgit,Forex,MYR
ARSXOF,9381,Argentinian Peso West African CFA franc,Forex,XOF
ARSTWD,9382,Argentinian Peso Taiwan Dollar,Forex,TWD
CNYARS,9489,Chinese Yuan Argentinian Peso,Forex,ARS
DKKARS,9571,Danish Krone Argentinian Peso,Forex,ARS
ILSARS,9674,Israeli Shekel Argentinian Peso,Forex,ARS
MXNARS,9789,Mexican Peso Argentinian Peso,Forex,ARS
NOKARS,9837,Norwegian Krone Argentinian Peso,Forex,ARS
NZDARS,9889,New Zealand Dollar Argentinian Peso,Forex,ARS
PLNARS,9972,Polish Zloty Argentinian Peso,Forex,ARS
RUBARS,10025,Russian Ruble Argentinian Peso,Forex,ARS
SARARS,10070,Saudi Riyal Argentinian Peso,Forex,ARS
SEKARS,10126,Swedish Krona Argentinian Peso,Forex,ARS
THBARS,10209,Thai Baht Argentinian Peso,Forex,ARS
TRYARS,10242,Turkish Lira Argentinian Peso,Forex,ARS
TWDARS,10296,Taiwan Dollar Argentinian Peso,Forex,ARS
VEFARS,10346,Venezuelan Bolivar Argentinian Peso,Forex,ARS
ZARARS,10403,South African Rand Argentinian Peso,Forex,ARS
ARSPYG,10446,Argentinian Peso Paraguayan Guarani,Forex,PYG
ARSUYU,10447,Argentinian Peso Uruguayan Peso,Forex,UYU
ARSCOP,10448,Argentinian Peso Colombian Peso,Forex,COP
ARSPEN,10449,Argentinian Peso Peru Sol,Forex,PEN
ARSBOB,10450,Argentinian Peso Bolivian Boliviano,Forex,BOB
CLPARS,10451,Chilean Peso Argentinian Peso,Forex,ARS
PYGARS,10452,Paraguayan Guarani Argentinian Peso,Forex,ARS
UYUARS,10453,Uruguayan Peso Argentinian Peso,Forex,ARS
COPARS,10454,Colombian Peso Argentinian Peso,Forex,ARS
PENARS,10455,Peru Sol Argentinian Peso,Forex,ARS
BOBARS,10456,Bolivian Boliviano Argentinian Peso,Forex,ARS
