TMIN,17978,3M India Ltd.,NIFTY500,INR
8KMS,946634,8K Miles Software Services Ltd,NIFTY500,INR
ARTI,17981,Aarti Industries Ltd,NIFTY500,INR
ABAN,17982,Aban Offshore Ltd.,NIFTY500,INR
ABB,17979,ABB India Ltd,NIFTY500,INR
ACC,17980,ACC Ltd,NIFTY500,INR
APSE,18294,Adani Port and Special Economic Zone Ltd,NIFTY500,INR
ADAN,17985,Adani Power Ltd,NIFTY500,INR
ADAI,958331,Adani Transmission Ltd,NIFTY500,INR
ADTB,7310,Aditya Birla Capital Ltd,NIFTY500,INR
ADIA,946826,Aditya Birla Fashion and Retail Ltd,NIFTY500,INR
ADEN,986127,Advanced Enzyme Technologies Ltd,NIFTY500,INR
AEGS,947157,Aegis Logistics Ltd,NIFTY500,INR
AIAE,17989,AIA Engineering Ltd,NIFTY500,INR
AJPH,947273,Ajanta Pharma Ltd,NIFTY500,INR
AKZO,17990,Akzo Nobel India Ltd,NIFTY500,INR
ALEM,946738,Alembic Pharmaceuticals Ltd,NIFTY500,INR
ALKE,962425,Alkem Laboratories Ltd,NIFTY500,INR
ALBK,17992,Allahabad Bank,NIFTY500,INR
ACLL,17993,Allcargo Logistics Ltd,NIFTY500,INR
GEPO,17996,Alstom SA,NIFTY500,INR
AMAR,17997,Amara Raja Batteries Ltd,NIFTY500,INR
ABUJ,17998,Ambuja Cements Ltd.,NIFTY500,INR
ADBK,18002,Andhra Bank,NIFTY500,INR
APLA,947096,APL Apollo Tubes Ltd,NIFTY500,INR
APLH,18004,Apollo Hospitals Enterprises Ltd.,NIFTY500,INR
APLO,18005,Apollo Tyres Ltd,NIFTY500,INR
ARVN,18008,Arvind Ltd.,NIFTY500,INR
AISG,18009,Asahi India Glass Ltd,NIFTY500,INR
ASOK,18010,Ashok Leyland Ltd.,NIFTY500,INR
ABDL,947158,Ashoka Buildcon Ltd,NIFTY500,INR
ASPN,18011,Asian Paints Ltd.,NIFTY500,INR
ASPT,946934,Astral Poly Technik Ltd,NIFTY500,INR
ATLP,18013,Atul Ltd,NIFTY500,INR
AUFI,1014099,AU Small Finance Bank Ltd,NIFTY500,INR
ARBN,18014,Aurobindo Pharma Ltd.,NIFTY500,INR
AVNT,950031,Avanti Feeds Ltd,NIFTY500,INR
AVEU,997883,Avenue Supermarts Ltd,NIFTY500,INR
AXBK,18017,AXIS Bank Ltd,NIFTY500,INR
BAJA,18020,Bajaj Auto Ltd,NIFTY500,INR
BACO,39850,Bajaj Corp Ltd,NIFTY500,INR
BJEL,18021,Bajaj Electricals Ltd.,NIFTY500,INR
BJFN,18022,Bajaj Finance Ltd,NIFTY500,INR
BJFS,18023,Bajaj Finserv Ltd,NIFTY500,INR
BJHN,18025,Bajaj Hindustan Ltd.,NIFTY500,INR
BJAT,18024,Bajaj Holdings and Investment Ltd,NIFTY500,INR
BLKI,39853,Balkrishna Industries Ltd.,NIFTY500,INR
BILT,18027,Ballarpur Industries Ltd.,NIFTY500,INR
BLMR,18028,Balmer Lawrie & Co. Ltd.,NIFTY500,INR
BACH,18029,Balrampur Chini Mills Ltd.,NIFTY500,INR
BOB,18047,Bank of Baroda Ltd,NIFTY500,INR
BOI,18031,Bank of India Ltd,NIFTY500,INR
BASF,18033,BASF SE NA O.N.,NIFTY500,INR
BATA,18034,Bata India Ltd,NIFTY500,INR
BEML,18035,BEML Ltd,NIFTY500,INR
BRGR,18036,Berger Paints India Ltd,NIFTY500,INR
BFUT,18037,BF Utilities Ltd.,NIFTY500,INR
BGRE,18018,BGR Energy Systems Ltd,NIFTY500,INR
BAJE,18043,Bharat Electronics Ltd,NIFTY500,INR
BHAF,18391,Bharat Financial Inclusion Ltd,NIFTY500,INR
BFRG,18039,Bharat Forge Ltd,NIFTY500,INR
BHEL,18042,Bharat Heavy Electricals Ltd.,NIFTY500,INR
BPCL,18040,Bharat Petroleum Corp. Ltd.,NIFTY500,INR
BRTI,18041,Bharti Airtel Ltd.,NIFTY500,INR
BHRI,39852,Bharti Infratel Ltd,NIFTY500,INR
BSSL,18044,Bhushan Steel Ltd,NIFTY500,INR
BION,18045,Biocon Ltd.,NIFTY500,INR
BRLC,18046,Birla Corporation Ltd,NIFTY500,INR
BLIS,947100,Bliss GVS Pharma Ltd,NIFTY500,INR
BLDT,18048,Blue Dart Express Ltd.,NIFTY500,INR
BLUS,18049,Blue Star Ltd,NIFTY500,INR
BBRM,100245,Bombay Burmah Trading Corporation Ltd,NIFTY500,INR
BDYN,18050,Bombay Dyeing & Mfg. Co. Ltd.,NIFTY500,INR
BRFL,18051,Bombay Rayon Fashions Ltd,NIFTY500,INR
BOSH,18052,Bosch Ltd,NIFTY500,INR
BRIG,18053,Brigade Enterprises Ltd,NIFTY500,INR
BRIT,18054,Britannia Industries Ltd.,NIFTY500,INR
BSEL,996056,BSE Ltd,NIFTY500,INR
CADI,18055,Cadila Healthcare Ltd.,NIFTY500,INR
CNFH,18058,Can Fin Homes Ltd,NIFTY500,INR
CNBK,18057,Canara Bank Ltd,NIFTY500,INR
CAPF,18134,Capital First Ltd,NIFTY500,INR
CAPL,946662,Caplin Point Laboratories Ltd,NIFTY500,INR
CRBR,18059,Carborundum Universal Ltd,NIFTY500,INR
CAST,18061,Castrol India Ltd,NIFTY500,INR
CBI,18062,Central Bank of India Ltd,NIFTY500,INR
CCLP,946995,CCL Products India Ltd,NIFTY500,INR
CEAT,947439,CEAT Ltd,NIFTY500,INR
CENA,1013401,Central Depository Services India Ltd,NIFTY500,INR
CNTP,18064,Century Plyboards Ltd,NIFTY500,INR
CNTY,18065,Century Textiles & Industries Ltd.,NIFTY500,INR
CERA,947048,Cera Sanitaryware Ltd,NIFTY500,INR
CHMB,18067,Chambal Fertilisers & Chemicals Ltd,NIFTY500,INR
CHPC,18069,Chennai Petroleum Corporation Ltd,NIFTY500,INR
CHLA,18070,Cholamandalam Investment and Finance Company Ltd,NIFTY500,INR
CIPL,18071,Cipla Ltd.,NIFTY500,INR
CTBK,18072,City Union Bank Ltd,NIFTY500,INR
COAL,18075,Coal India Ltd,NIFTY500,INR
COCH,1031007,Cochin Shipyard Ltd,NIFTY500,INR
CODE,960764,Coffee Day Enterprises Ltd,NIFTY500,INR
COLG,18076,Colgate-Palmolive Company,NIFTY500,INR
CCRI,18077,Container Corporation Of India Ltd.,NIFTY500,INR
CORF,18080,Coromandel International Ltd,NIFTY500,INR
COKI,18081,Cox & Kings Ltd,NIFTY500,INR
CREI,39856,Credit Analysis And Research Ltd,NIFTY500,INR
CRSL,18082,CRISIL Ltd.,NIFTY500,INR
CGPO,18083,Crompton Greaves Ltd,NIFTY500,INR
CROP,978762,Crompton Greaves Consumer Electricals Ltd,NIFTY500,INR
CUMM,18084,Cummins Inc,NIFTY500,INR
CYIE,18218,Cyient Ltd-B,NIFTY500,INR
DBRL,18085,D B Realty Ltd,NIFTY500,INR
DBCL,18487,D.B.Corp Ltd,NIFTY500,INR
DABU,18086,Dabur India Ltd.,NIFTY500,INR
DCMS,18087,DCM Shriram Consolidated,NIFTY500,INR
DPFE,18090,Deepak Fertilisers and Petrochemicals Corp Ltd,NIFTY500,INR
DELT,18091,Delta Corp Ltd,NIFTY500,INR
DENN,18486,Den Networks Ltd,NIFTY500,INR
DENA,18092,Dena Bank,NIFTY500,INR
DCBA,18093,Development Credit Bank Ltd.,NIFTY500,INR
DWNH,18094,Dewan Housing Finance Corp. Ltd.,NIFTY500,INR
DIBL,986320,Dilip Buildcon Ltd,NIFTY500,INR
DSTV,18097,Dish TV India Ltd,NIFTY500,INR
DSHM,1052348,Dishman Carbogen Amcis Ltd,NIFTY500,INR
DIVI,18099,Divi's Laboratories Ltd.,NIFTY500,INR
DIXO,1046345,Dixon Technologies India Pvt Ltd,NIFTY500,INR
DLF,18100,DLF Ltd,NIFTY500,INR
DLPA,962426,Dr Lal PathLabs Ltd,NIFTY500,INR
REDY,18101,Dr. Reddy’s Laboratories Ltd,NIFTY500,INR
DRDG,18102,Dredging Corporation of India Ltd.,NIFTY500,INR
EIDP,18109,E.I.D-Parry Ltd,NIFTY500,INR
ECLE,18105,eClerx Services Ltd,NIFTY500,INR
EDEL,18106,Edelweiss Financial Services Ltd.,NIFTY500,INR
EICH,18108,Eicher Motors Ltd.,NIFTY500,INR
EIHO,18104,EIH Ltd,NIFTY500,INR
EMAM,18113,Emami Ltd,NIFTY500,INR
ENDU,992809,Endurance Technologies Cn Ltd,NIFTY500,INR
ENGI,18114,Engineers India Ltd.,NIFTY500,INR
EQHL,976491,Equitas Holdings Ltd,NIFTY500,INR
ERIS,1013402,Eris Lifesciences Ltd,NIFTY500,INR
EROS,39860,Eros International Media Ltd,NIFTY500,INR
ESCO,18118,Escorts Ltd,NIFTY500,INR
ERDY,946663,Eveready Industries India Ltd,NIFTY500,INR
EXID,18122,Exide Industries Ltd.,NIFTY500,INR
FED,18125,Federal Bank Ltd.,NIFTY500,INR
FNXC,18128,Finolex Cables Ltd.,NIFTY500,INR
FINX,18129,Finolex Industries Ltd.,NIFTY500,INR
FISO,18131,Firstsource Solutions Ltd.,NIFTY500,INR
FTRE,18135,Future Consumer Ltd,NIFTY500,INR
FLFL,946664,Future Lifestyle Fashions Ltd,NIFTY500,INR
GAIL,18137,GAIL Ltd,NIFTY500,INR
GATE,18141,Gateway Distriparks Ltd,NIFTY500,INR
GATI,100248,Gati Ltd,NIFTY500,INR
GETD,39847,Ge T&D India Ltd,NIFTY500,INR
GENA,1052418,General Insurance Corporation of India,NIFTY500,INR
GHCH,18136,GHCL Ltd.,NIFTY500,INR
GILE,18145,Gillette India Ltd.,NIFTY500,INR
GLSM,18148,GlaxoSmithKline Consumer Healthcare Ltd,NIFTY500,INR
GLAX,18147,GlaxoSmithkline Pharmaceuticals Ltd,NIFTY500,INR
GLEN,18149,Glenmark Pharmaceuticals Ltd,NIFTY500,INR
GMRI,18150,GMR Infrastructure Ltd,NIFTY500,INR
GDFR,18151,Godfrey Phillips India Ltd.,NIFTY500,INR
GODE,1052259,Godrej Agrovet Ltd,NIFTY500,INR
GOCP,18152,Godrej Consumer Products Ltd.,NIFTY500,INR
GODI,18153,Godrej Industries Ltd.,NIFTY500,INR
GODR,18154,Godrej Properties Ltd,NIFTY500,INR
GRAN,947234,Granules India Ltd,NIFTY500,INR
GRPH,18155,Graphite India Ltd.,NIFTY500,INR
GRAS,18156,Grasim Industries Ltd,NIFTY500,INR
GESC,18144,Great Eastern Shipping Co. Ltd.,NIFTY500,INR
GRVL,18158,Greaves Cotton Ltd.,NIFTY500,INR
GRPL,946941,Greenply Industries Ltd,NIFTY500,INR
GRUH,39867,GRUH Finance Ltd,NIFTY500,INR
GALK,18161,Gujarat Alkalis & Chemicals Ltd.,NIFTY500,INR
GFLR,18162,Gujarat Fluorochemicals Ltd.,NIFTY500,INR
GGAS,18171,Gujarat Gas Co. Ltd.,NIFTY500,INR
GMDC,18164,Gujarat Mineral Development Corporation Ltd,NIFTY500,INR
GNFC,18165,Gujarat Narmada Valley Fert.Co.Ltd,NIFTY500,INR
GPPL,18169,Gujarat Pipavav Port Ltd,NIFTY500,INR
GSFC,18168,Gujarat State Fertilizers and Chemicals Ltd,NIFTY500,INR
GSPT,18170,Gujarat State Petronet Ltd.,NIFTY500,INR
GOLU,946666,Gulf Oil Lubricants India Ltd,NIFTY500,INR
GVKP,18172,GVK Power & Infrastructure Ltd,NIFTY500,INR
HAWY,18173,Hathway Cable & Datacom Ltd,NIFTY500,INR
HAPL,946942,Hatsun Agro Product Ltd,NIFTY500,INR
HVEL,18174,Havells India Ltd,NIFTY500,INR
HCLI,18175,HCL Infosystems Ltd,NIFTY500,INR
HCLT,18176,HCL Technologies Ltd,NIFTY500,INR
HDBK,18177,HDFC Bank Ltd,NIFTY500,INR
HEGL,18178,HEG Ltd.,NIFTY500,INR
HEID,30102,Heidelbergcement AG O.N.,NIFTY500,INR
HEFI,100253,Heritage Foods Ltd,NIFTY500,INR
HROM,18179,Hero MotoCorp Ltd,NIFTY500,INR
HEXT,18180,Hexaware Technologies Ltd.,NIFTY500,INR
HMFC,18182,Himachal Futuristic Communications Ltd,NIFTY500,INR
HIMD,946680,Himadri Speciality Chemical Ltd,NIFTY500,INR
HMSD,18181,Himatsingka Seide Ltd,NIFTY500,INR
HALC,18187,Hindalco Industries Ltd.,NIFTY500,INR
HCNS,18183,Hindustan Construction Co. Ltd.,NIFTY500,INR
HCPR,39868,Hindustan Copper Ltd,NIFTY500,INR
HPCL,18184,Hindustan Petroleum Corporation Ltd,NIFTY500,INR
HLL,18185,Hindustan Unilever Ltd.,NIFTY500,INR
HZNC,18186,Hindustan Zinc Ltd.,NIFTY500,INR
HONE,18189,Honeywell Automation India Ltd.,NIFTY500,INR
HDIL,18192,Housing Development and Infrastructure Ltd,NIFTY500,INR
HDFC,18191,Housing Development Finance Corporation Ltd,NIFTY500,INR
HUDC,1010531,Housing and Urban Development Corporation Ltd,NIFTY500,INR
HSNT,18193,HSIL Ltd,NIFTY500,INR
HTML,18194,HT Media Ltd,NIFTY500,INR
ICBK,18198,ICICI Bank Ltd,NIFTY500,INR
ICIL,1050153,ICICI Lombard General Insurance Company Ltd,NIFTY500,INR
ICIR,991131,ICICI Prudential Life Insurance Company Ltd,NIFTY500,INR
IDBI,18199,IDBI Bank Ltd,NIFTY500,INR
IDEA,18200,Idea Cellular Ltd,NIFTY500,INR
IDFC,18219,IDFC Ltd,NIFTY500,INR
IDFB,960765,IDFC Bank Ltd,NIFTY500,INR
IFBI,947235,IFB Industries Ltd,NIFTY500,INR
IFCI,18195,IFCI Ltd.,NIFTY500,INR
IIFL,18206,IIFL Holdings Ltd,NIFTY500,INR
ILFT,39871,IL&FS Transportation Networks Ltd,NIFTY500,INR
ICMN,18204,India Cements Ltd.,NIFTY500,INR
ITDC,994740,India Tourism Development Corp Ltd,NIFTY500,INR
INBF,100254,Indiabulls Housing Finance Ltd,NIFTY500,INR
INRL,39872,Indiabulls Real Estate Ltd,NIFTY500,INR
INDB,18203,Indiabulls Ventures Ltd,NIFTY500,INR
INBA,18209,Indian Bank,NIFTY500,INR
IIAN,1052419,Indian Energy Exchange Ltd,NIFTY500,INR
IHTL,18210,Indian Hotels Co. Ltd,NIFTY500,INR
IOC,18197,Indian Oil Corporation Ltd,NIFTY500,INR
IOBK,18211,Indian Overseas Bank,NIFTY500,INR
ICNT,946842,Indo Count Industries Ltd,NIFTY500,INR
INRM,947178,Indoco Remedies Ltd,NIFTY500,INR
IGAS,18213,Indraprastha Gas Ltd,NIFTY500,INR
INBK,18215,IndusInd Bank Ltd.,NIFTY500,INR
INFC,976203,Infibeam Incorporation Ltd,NIFTY500,INR
INED,18216,Info Edge India Ltd,NIFTY500,INR
INFY,18217,Infosys Ltd,NIFTY500,INR
INOL,18221,Inox Leisure Ltd,NIFTY500,INR
INWN,950032,Inox Wind Ltd,NIFTY500,INR
INEE,943638,Intellect Design Arena Ltd,NIFTY500,INR
INGL,961701,Interglobe Aviation Ltd,NIFTY500,INR
IPCA,18222,Ipca Laboratories Ltd.,NIFTY500,INR
IRBI,18223,IRB Infrastructure Developers Ltd,NIFTY500,INR
ITC,18224,ITC Ltd,NIFTY500,INR
ITCM,946844,ITD Cementation India Ltd,NIFTY500,INR
ITEL,947452,ITI Ltd,NIFTY500,INR
JKIP,100262,J Kumar Infraprojects Ltd,NIFTY500,INR
JBCH,18236,J B Chemicals and Pharmaceuticals Ltd,NIFTY500,INR
JKCE,39875,J.K. Cement Ltd,NIFTY500,INR
JAGP,18227,Jagran Prakashan Ltd,NIFTY500,INR
JAIC,18229,Jai Corp Ltd,NIFTY500,INR
JAIR,18230,Jain Irrigation Systems Ltd.,NIFTY500,INR
JAIA,18231,Jaiprakash Associates Ltd,NIFTY500,INR
JAPR,18232,Jaiprakash Power Ventures Ltd,NIFTY500,INR
JKBK,18233,Jammu and Kashmir Bank Ltd.,NIFTY500,INR
JBFI,39873,JBF Industries Ltd.,NIFTY500,INR
JET,18237,Jet Airways Ltd,NIFTY500,INR
JPLY,18238,Jindal Poly Films Ltd.,NIFTY500,INR
JIND,39874,Jindal Saw Ltd.,NIFTY500,INR
JIST,18240,Jindal Stainless Ltd,NIFTY500,INR
JINA,963742,Jindal Stainless Hisar Ltd,NIFTY500,INR
JNSP,18241,Jindal Steel & Power Ltd,NIFTY500,INR
JKLC,39876,JK Lakshmi Cement Ltd,NIFTY500,INR
JKIN,18242,JK Tyre & Industries Ltd.,NIFTY500,INR
JMSH,18243,JM Financial Ltd,NIFTY500,INR
JCHA,946714,Johnson Controls-Hitachi Air Conditioning India Ltd,NIFTY500,INR
JSWE,18244,JSW Energy Ltd,NIFTY500,INR
JSTL,18226,JSW Steel Ltd,NIFTY500,INR
JUBI,18247,Jubilant Foodworks Ltd,NIFTY500,INR
JULS,18246,Jubilant Life Sciences Ltd,NIFTY500,INR
JUST,100244,Just Dial Ltd,NIFTY500,INR
JYOI,39877,Jyothy Laboratories Ltd,NIFTY500,INR
KAJR,18251,Kajaria Ceramics Ltd,NIFTY500,INR
KAPT,18252,Kalpataru Power Transmission Ltd.,NIFTY500,INR
KANE,18253,Kansai Nerolac Paints Ltd,NIFTY500,INR
KBNK,18254,Karnataka Bank Ltd.,NIFTY500,INR
KARU,18256,Karur Vysya Bank Ltd,NIFTY500,INR
KVRI,39880,Kaveri Seed Company Ltd,NIFTY500,INR
KECL,18257,KEC International Ltd.,NIFTY500,INR
KSRM,18259,Kesoram Industries Ltd,NIFTY500,INR
KITE,947238,Kitex Garments Ltd,NIFTY500,INR
KNRL,947060,KNR Constructions Ltd,NIFTY500,INR
KOLT,100264,Kolte Patil Developers Ltd,NIFTY500,INR
KTKM,18260,Kotak Mahindra Bank Ltd.,NIFTY500,INR
KPIT,18261,KPIT Cummins Infosystems Ltd.,NIFTY500,INR
KPRM,947406,KPR Mill Ltd,NIFTY500,INR
KRBL,947442,KRBL Ltd,NIFTY500,INR
KDAI,947417,Kwality Ltd,NIFTY500,INR
LTFH,39882,L&T Finance Holdings Ltd,NIFTY500,INR
LTEH,991132,L&T Technology Services Ltd,NIFTY500,INR
LKMC,18266,Lakshmi Machine Works Ltd.,NIFTY500,INR
LVLS,18264,Lakshmi Vilas Bank Ltd,NIFTY500,INR
LART,18268,Larsen & Toubro Ltd,NIFTY500,INR
LRTI,986039,Larsen & Toubro Infotech Ltd,NIFTY500,INR
LAUL,994422,Laurus Labs Ltd,NIFTY500,INR
LICH,18269,Lic Housing Finance Ltd.,NIFTY500,INR
LUPN,18270,Lupin Ltd,NIFTY500,INR
MRF,18291,M.R.F. Ltd.,NIFTY500,INR
MAGM,39883,Magma Fincorp Ltd,NIFTY500,INR
MGAS,985843,Mahanagar Gas Ltd,NIFTY500,INR
MTNL,18293,Mahanagar Telephone Nigam Ltd.,NIFTY500,INR
MAHM,18273,Mahindra & Mahindra Ltd.,NIFTY500,INR
MMFS,18271,Mahindra and Mahindra Financial Services Ltd,NIFTY500,INR
MAHN,946746,Mahindra CIE Automotive Ltd,NIFTY500,INR
MAHH,39884,Mahindra Holidays and Resorts India Ltd,NIFTY500,INR
MNFL,39888,Manappuram Finance Ltd,NIFTY500,INR
MRPL,18292,Mangalore Refinery and Petrochemicals Ltd,NIFTY500,INR
MANB,955944,Manpasand Beverages Ltd,NIFTY500,INR
MRCO,18276,Marico Ltd,NIFTY500,INR
MARK,947183,Marksans Pharma Ltd,NIFTY500,INR
MRTI,18277,Maruti Suzuki India Ltd.,NIFTY500,INR
MASF,1052417,MAS Financial Services Ltd,NIFTY500,INR
MAXI,18279,Max Financial Services Ltd,NIFTY500,INR
MAID,985921,Max India Ltd,NIFTY500,INR
MCLE,18280,McLeod Russel India Ltd,NIFTY500,INR
MERK,18282,Merck KGaA,NIFTY500,INR
MINC,947423,Minda Corporation Ltd,NIFTY500,INR
MNDA,947119,Minda Industries Ltd,NIFTY500,INR
MINT,18283,MindTree Ltd,NIFTY500,INR
MMTC,39887,MMTC Ltd,NIFTY500,INR
MOIL,39889,MOIL Ltd,NIFTY500,INR
MOSS,18288,Motherson Sumi Systems Ltd.,NIFTY500,INR
MOFS,18289,Motilal Oswal Financial Services Ltd,NIFTY500,INR
MBFL,18290,Mphasis Ltd,NIFTY500,INR
MUTT,39890,Muthoot Finance Ltd,NIFTY500,INR
NARY,962571,Narayana Hrudayalaya Ltd,NIFTY500,INR
NATP,39891,Natco Pharma Ltd.,NIFTY500,INR
NALU,18299,National Aluminum Co. Ltd.,NIFTY500,INR
NAFT,18298,National Fertilizers Ltd,NIFTY500,INR
NABV,18300,Nava Bharat Ventures Ltd,NIFTY500,INR
NAFL,946691,Navin Fluorine International Ltd,NIFTY500,INR
NAVR,959095,Navkar Corporation Ltd,NIFTY500,INR
NBCC,100271,NBCC India Ltd,NIFTY500,INR
NCCL,18302,NCC Ltd,NIFTY500,INR
NSEN,39894,Nesco Ltd,NIFTY500,INR
NEFI,18304,Network 18 Media & Investments Ltd,NIFTY500,INR
NHPC,18307,NHPC Ltd,NIFTY500,INR
NITT,39893,NIIT Technologies Ltd,NIFTY500,INR
NKML,18308,Nilkamal Ltd,NIFTY500,INR
NLCI,18306,NLC India Ltd,NIFTY500,INR
NMDC,18309,NMDC Ltd,NIFTY500,INR
NTPC,18297,NTPC Ltd,NIFTY500,INR
OEBO,18312,Oberoi Realty Ltd,NIFTY500,INR
ONGC,18311,Oil And Natural Gas Corporation Ltd,NIFTY500,INR
OILI,18313,Oil India Ltd,NIFTY500,INR
OMAX,18314,Omaxe Ltd,NIFTY500,INR
ORCL,18316,Oracle Financial Services Software Ltd,NIFTY500,INR
ORBC,18321,Oriental Bank Of Commerce Ltd,NIFTY500,INR
ORCE,947293,Orient Cement Ltd,NIFTY500,INR
PAGE,18325,Page Industries Ltd.,NIFTY500,INR
PAMF,978763,Parag Milk Foods Ltd,NIFTY500,INR
PCJE,39896,PC Jeweller Ltd,NIFTY500,INR
PERS,18333,Persistent Systems Ltd,NIFTY500,INR
PLNG,18334,Petronet LNG Ltd,NIFTY500,INR
PFIZ,18335,Pfizer Inc,NIFTY500,INR
PIIL,100258,PI Industries Ltd,NIFTY500,INR
PIDI,18337,Pidilite Industries Ltd.,NIFTY500,INR
PIRA,18339,Piramal Enterprises Ltd,NIFTY500,INR
PNBH,993203,PNB Housing Finance Ltd,NIFTY500,INR
PNCI,953899,PNC Infratech Ltd,NIFTY500,INR
PWFC,18341,Power Finance Corporation Ltd,NIFTY500,INR
PGRD,18342,Power Grid Corporation of India Ltd,NIFTY500,INR
PRAJ,18343,Praj Industries Ltd.,NIFTY500,INR
PREG,18344,Prestige Estates Projects Ltd,NIFTY500,INR
PRIS,18345,Prism Cement Ltd,NIFTY500,INR
PROC,18346,Procter & Gamble Company,NIFTY500,INR
PTCI,18348,PTC India Ltd,NIFTY500,INR
PTCN,100259,PTC India Financial Services Ltd,NIFTY500,INR
PNBK,18350,Punjab National Bank,NIFTY500,INR
PVRL,100260,PVR Ltd,NIFTY500,INR
QUEC,985922,Quess Corp Ltd,NIFTY500,INR
RADC,18352,Radico Khaitan Ltd.,NIFTY500,INR
RAID,39900,Rain Industries Ltd,NIFTY500,INR
REXP,18353,Rajesh Exports Ltd.,NIFTY500,INR
RALL,18354,Rallis India Ltd,NIFTY500,INR
RMCS,947299,Ramco Systems Ltd,NIFTY500,INR
RKFO,946961,Ramkrishna Forgings Ltd,NIFTY500,INR
RSTC,18357,Rashtriya Chemicals and Fertilizers Ltd,NIFTY500,INR
RTNP,18208,RattanIndia Power Ltd,NIFTY500,INR
RYMD,18358,Raymond Ltd,NIFTY500,INR
RATB,987147,RBL Bank Ltd,NIFTY500,INR
REDI,18359,Redington India Ltd,NIFTY500,INR
RLXO,947130,Relaxo Footwears Ltd,NIFTY500,INR
RLCP,18361,Reliance Capital Ltd,NIFTY500,INR
RLCM,18362,Reliance Communications Ltd,NIFTY500,INR
RLIC,1050728,Reliance Home Finance Ltd,NIFTY500,INR
RELI,18367,Reliance Industries Ltd,NIFTY500,INR
RLIN,18364,Reliance Infrastructure Ltd,NIFTY500,INR
RELV,18338,Reliance Naval and Engineering Ltd,NIFTY500,INR
RPOL,18366,Reliance Power Ltd,NIFTY500,INR
RELG,18368,Religare Enterprises Ltd,NIFTY500,INR
RHFL,947017,Repco Home Finance Ltd,NIFTY500,INR
RUCL,947270,Rupa Company Ltd,NIFTY500,INR
RURL,18371,Rural Electrification Corp Ltd,NIFTY500,INR
SHKE,961703,S H Kelkar And Company Ltd,NIFTY500,INR
SADE,18375,Sadbhav Engineering Ltd,NIFTY500,INR
SADB,959103,Sadbhav Infrastructure Projects Ltd,NIFTY500,INR
SANO,18016,Sanofi India Ltd,NIFTY500,INR
SBI,18376,State Bank Of India,NIFTY500,INR
SBIL,1050746,SBI Life Insurance Company Ltd,NIFTY500,INR
SCHE,18124,Schaeffler India Ltd,NIFTY500,INR
SECR,1031006,Security and Intelligence Services Ltd,NIFTY500,INR
SHAB,1006193,Shankara Building Products Ltd,NIFTY500,INR
SHEF,994424,Sheela Foam Ltd,NIFTY500,INR
SCI,18380,Shipping Corporation Of India Ltd,NIFTY500,INR
SHOP,18381,Shoppers Stop Ltd,NIFTY500,INR
SHCM,18383,Shree Cements Ltd.,NIFTY500,INR
SRES,18384,Shree Renuka Sugars Ltd.,NIFTY500,INR
SRTR,18386,Shriram Transport Finance Co. Ltd.,NIFTY500,INR
SHCU,39904,Shriram-City Union Finance Ltd.,NIFTY500,INR
SIEM,18387,Siemens AG Class N,NIFTY500,INR
SINT,1031715,Sintex Plastics Technology Ltd,NIFTY500,INR
SJVN,39908,SJVN Ltd,NIFTY500,INR
SKFB,18390,AB SKF B,NIFTY500,INR
SMLI,947398,SML Isuzu Ltd,NIFTY500,INR
SOBH,18392,Sobha Developers Ltd.,NIFTY500,INR
SLIN,39909,Solar Industries India Ltd,NIFTY500,INR
SOFT,18394,Sonata Software Ltd.,NIFTY500,INR
SIBK,18395,South Indian Bank Ltd.,NIFTY500,INR
SREI,18396,SREI Infrastructure Finance Ltd,NIFTY500,INR
SRFL,18397,SRF Ltd,NIFTY500,INR
STAT,1031107,Star Cement Ltd,NIFTY500,INR
SAIL,18399,Steel Authority of India Ltd.,NIFTY500,INR
STTE,18402,Sterlite Technologies Ltd,NIFTY500,INR
SDCH,946656,Sudarshan Chemical Industries Ltd,NIFTY500,INR
SUN,18405,Sun Pharmaceutical Industries Ltd.,NIFTY500,INR
SPRC,39910,Sun Pharma Advanced Research Company Ltd,NIFTY500,INR
SUTV,18406,Sun TV Network Ltd,NIFTY500,INR
SNFS,18408,Sundram Fasteners Ltd,NIFTY500,INR
SUNT,18409,Sunteck Realty Ltd,NIFTY500,INR
SUPI,18410,Supreme Industries Ltd.,NIFTY500,INR
SUVP,946968,Suven Life Sciences Ltd,NIFTY500,INR
SUZL,18413,Suzlon Energy Ltd,NIFTY500,INR
SWAN,39911,Swan Energy Ltd,NIFTY500,INR
SYMP,947411,Symphony Ltd,NIFTY500,INR
SBNK,18415,Syndicate Bank Ltd,NIFTY500,INR
SYNN,958336,Syngene International Ltd,NIFTY500,INR
TVTO,18440,T.V.Today Network Ltd,NIFTY500,INR
TAKE,947259,Take Solutions Ltd,NIFTY500,INR
TNNP,18434,Tamil Nadu Newsprint And Papers Ltd,NIFTY500,INR
TTCH,18417,Tata Chemicals Ltd,NIFTY500,INR
TACO,18418,Tata Coffee Ltd,NIFTY500,INR
TATA,18419,Tata Communications Limited,NIFTY500,INR
TCS,18420,Tata Consultancy Services Ltd.,NIFTY500,INR
TTEX,18421,Tata Elxsi Ltd,NIFTY500,INR
TAGL,18422,Tata Global Beverages Ltd,NIFTY500,INR
TINV,18423,Tata Investment Corporation Ltd.,NIFTY500,INR
TAMO,18425,Tata Motors Ltd,NIFTY500,INR
TAMdv,947268,Tata Motors DV Ltd,NIFTY500,INR
TTPW,18426,Tata Power Co. Ltd,NIFTY500,INR
TTSP,18427,Tata Sponge Iron Ltd,NIFTY500,INR
TISC,18428,Tata Steel Ltd,NIFTY500,INR
TEML,18429,Tech Mahindra Ltd,NIFTY500,INR
TEEC,39912,Techno Electric and Engineering Company Ltd,NIFTY500,INR
TEXA,39913,Texmaco Rail & Engineering Ltd,NIFTY500,INR
PHOE,18336,The Phoenix Mills Ltd.,NIFTY500,INR
TRCE,18272,The Ramco Cements Ltd,NIFTY500,INR
THMX,18430,Thermax Ltd.,NIFTY500,INR
THOM,18431,Thomas Cook Ltd,NIFTY500,INR
THYO,978765,Thyrocare Technologies Ltd,NIFTY500,INR
TIFH,18438,TI Financial Holdings Ltd,NIFTY500,INR
TIME,39915,Time Technoplast Ltd,NIFTY500,INR
TIMK,39916,Timken India Ltd,NIFTY500,INR
TITN,18433,Titan Company Ltd,NIFTY500,INR
TORP,18435,Torrent Pharmaceuticals Ltd.,NIFTY500,INR
TOPO,18436,Torrent Power Ltd,NIFTY500,INR
TREN,18437,Trent Ltd,NIFTY500,INR
TRIE,100252,Trident Ltd,NIFTY500,INR
TTKL,39919,TTK Prestige Ltd.,NIFTY500,INR
TVEB,18441,TV18 Broadcast Ltd.,NIFTY500,INR
TVSM,18442,TVS Motor Company Ltd.,NIFTY500,INR
TVSC,947306,TVS Srichakra Ltd,NIFTY500,INR
UCBK,18443,UCO Bank,NIFTY500,INR
UFLX,18444,Uflex Ltd,NIFTY500,INR
UJVF,978766,Ujjivan Financial Services Ltd,NIFTY500,INR
ULTC,18445,UltraTech Cement Ltd,NIFTY500,INR
UNLB,18446,Unichem Laboratories Ltd.,NIFTY500,INR
UNBK,18447,Union Bank of India Ltd,NIFTY500,INR
UNTE,18448,Unitech Ltd.,NIFTY500,INR
UBBW,18449,United Breweries Ltd.,NIFTY500,INR
UNSP,18451,United Spirits Ltd,NIFTY500,INR
UPLL,18450,UPL Ltd,NIFTY500,INR
VGUA,39926,V Guard Industries Ltd,NIFTY500,INR
VIPI,18461,V I P Industries Ltd,NIFTY500,INR
VATE,39925,Va Tech Wabag Ltd,NIFTY500,INR
VAKR,39923,Vakrangee Softwares Ltd.,NIFTY500,INR
VART,39924,Vardhman Textiles Ltd,NIFTY500,INR
VARB,993204,Varun Beverages Ltd,NIFTY500,INR
VDAN,18377,Vedanta Ltd,NIFTY500,INR
VJBK,18460,Vijaya Bank,NIFTY500,INR
VNTI,947206,Vinati Organics Ltd,NIFTY500,INR
VOLT,18462,Voltas Ltd.,NIFTY500,INR
VRLL,953119,VRL Logistics Ltd,NIFTY500,INR
WABC,39927,WABCO India Ltd,NIFTY500,INR
WLSP,100273,Welspun India Ltd,NIFTY500,INR
WGSR,18464,Welspun Corp Ltd,NIFTY500,INR
WHIR,18466,Whirlpool Corporation,NIFTY500,INR
WIPR,18467,Wipro Ltd,NIFTY500,INR
WCKH,18468,Wockhardt Ltd,NIFTY500,INR
YESB,18470,Yes Bank Ltd,NIFTY500,INR
ZEE,18471,Zee Entertainment Enterprises Ltd.,NIFTY500,INR
ZEEE,947400,Zee Learn Ltd,NIFTY500,INR
