BTCJPY,1059808,Bitcoin Japanese Yen,QUOINE,JPY
BTCUSD,1058449,Bitcoin US Dollar,QUOINE,USD
BTCSGD,1059795,Bitcoin Singapore Dollar,QUOINE,SGD
BTCEUR,1059817,Bitcoin Euro,QUOINE,EUR
BTCAUD,1059807,Bitcoin Australian Dollar,QUOINE,AUD
BTCHKD,1059810,Bitcoin Hong Kong Dollar,QUOINE,HKD
BTCPHP,1059821,Bitcoin Philippine Peso,QUOINE,PHP
BTCCNY,1059814,Bitcoin Chinese Yuan,QUOINE,CNY
BTCIDR,1059794,Bitcoin Indonesian Rupiah,QUOINE,IDR
ETHUSD,1059816,Ethereum US Dollar,QUOINE,USD
ETHJPY,1059811,Ethereum Japanese Yen,QUOINE,JPY
ETHBTC,1059831,Ethereum Bitcoin,QUOINE,BTC
ETHSGD,1059813,Ethereum Singapore Dollar,QUOINE,SGD
ETHHKD,1059780,Ethereum Hong Kong Dollar,QUOINE,HKD
ETHPHP,1059785,Ethereum Philippine Peso,QUOINE,PHP
ETHINR,1059790,Ethereum Indian Rupee,QUOINE,INR
ETHAUD,1059832,Ethereum Australian Dollar,QUOINE,AUD
ETHEUR,1059806,Ethereum Euro,QUOINE,EUR
ETHIDR,1059797,Ethereum Indonesian Rupiah,QUOINE,IDR
BCHJPY,1059825,Bitcoin Cash Japanese Yen,QUOINE,JPY
BCHUSD,1059818,Bitcoin Cash US Dollar,QUOINE,USD
BCHSGD,1059829,Bitcoin Cash Singapore Dollar,QUOINE,SGD
QTUMEUR,1059798,Qtum Euro,QUOINE,EUR
QTUMJPY,1059812,Qtum Japanese Yen,QUOINE,JPY
QTUMSGD,1059828,Qtum Singapore Dollar,QUOINE,SGD
QTUMUSD,1059827,Qtum US Dollar,QUOINE,USD
ANSJPY,1059805,NEO Japanese Yen,QUOINE,JPY
ANSSGD,1059823,NEO Singapore Dollar,QUOINE,SGD
ANSUSD,1059819,NEO US Dollar,QUOINE,USD
DASHSGD,1059783,Dash Singapore Dollar,QUOINE,SGD
DASHEUR,1059787,Dash Euro,QUOINE,EUR
DASHJPY,1059781,Dash Japanese Yen,QUOINE,JPY
DASHUSD,1059792,Dash US Dollar,QUOINE,USD
