N25,8878,AEX Futures,IndexFutures,
FATXA,8825,ATX Futures,IndexFutures,
NBN,104423,Bank NIFTY Futures,IndexFutures,
BFX,104391,BEL 20 Futures,IndexFutures,
IPC,8896,S&PBMV IPC Futures,IndexFutures,BMV IPC Futures
WIN,941613,Bovespa Win Futures,IndexFutures,BMV IPC Futures
BHI,104424,BSE 100 Futures,IndexFutures,BMV IPC Futures
BBK,104425,BSE Bank Futures,IndexFutures,BMV IPC Futures
BOG,104427,BSE Oil Futures,IndexFutures,BMV IPC Futures
BIF,40760,BSE Sensex 30 Futures,IndexFutures,BMV IPC Futures
FSEN,104426,S&P BSE Sensex 30 Futures,IndexFutures,BMV IPC Futures
BTK,104428,BSE Teck Futures,IndexFutures,BMV IPC Futures
BUX,8882,BUX Futures,IndexFutures,BMV IPC Futures
F40,8853,CAC 40 Futures,IndexFutures,BMV IPC Futures
HCHH,941611,CES China 120 Futures,IndexFutures,BMV IPC Futures
CHINA50,44486,China A50 Futures,IndexFutures,BMV IPC Futures
HCEI,8982,China H-Shares Futures,IndexFutures,BMV IPC Futures
CIF,941616,CSI 300 Futures,IndexFutures,BMV IPC Futures
DE30,8826,DAX Futures,IndexFutures,BMV IPC Futures
FDXD,40744,DAX Price Index Dividend Futures,IndexFutures,BMV IPC Futures
GSUK,40703,DivDAX Futures,IndexFutures,BMV IPC Futures
FDVD,40745,DivDAX Dividend Futures,IndexFutures,BMV IPC Futures
DJIT,1013052,Dow Jones Industrial Average Futures,IndexFutures,BMV IPC Futures
JDI,941604,Dow Jones Futures,IndexFutures,BMV IPC Futures
US30,8873,Dow Jones 30 Futures,IndexFutures,BMV IPC Futures
EU50,8867,Euro Stoxx 50 Futures,IndexFutures,BMV IPC Futures
INFT,101819,FTSE 100 Futures,IndexFutures,BMV IPC Futures
UK100,8838,FTSE 100 Futures,IndexFutures,BMV IPC Futures
IT40,8858,FTSE MIB Futures,IndexFutures,BMV IPC Futures
TSE50,1013053,FTSE TWSE Taiwan 50 Future,IndexFutures,BMV IPC Futures
SA40,8840,FTSEJSE Top 40 Futures,IndexFutures,JSE Top 40 Futures
ATF,961616,Greece 20 Futures,IndexFutures,JSE Top 40 Futures
Jun 18,1013054,GreTai Securities Market Capitalization Weighted Future,IndexFutures,JSE Top 40 Futures
HK50,8984,Hang Seng Futures,IndexFutures,JSE Top 40 Futures
VHSI,949225,HSI Volatility Futures,IndexFutures,JSE Top 40 Futures
ES35,8828,IBEX 35 Futures,IndexFutures,JSE Top 40 Futures
MFMI,1013410,IBEX 35 Mini Futures,IndexFutures,JSE Top 40 Futures
BVSP,104430,BVSP Futures,IndexFutures,JSE Top 40 Futures
iBOV,941612,iBovespa Futures,IndexFutures,JSE Top 40 Futures
BRI,941614,IBRX50 Futures,IndexFutures,JSE Top 40 Futures
iShares DAX,40756,DE,IndexFutures,JSE Top 40 Futures
1FKLI,941617,KLSE Composite Futures,IndexFutures,JSE Top 40 Futures
KS,8987,KOSPI 200 Futures,IndexFutures,JSE Top 40 Futures
VKS2,949229,KOSPI 200 Volatility Futures,IndexFutures,JSE Top 40 Futures
Sep 18,15289,MDAX Futures,IndexFutures,JSE Top 40 Futures
Jun 18,104407,MICEX Futures,IndexFutures,JSE Top 40 Futures
Sep 18,104429,MICEX Futures,IndexFutures,JSE Top 40 Futures
Jun 18,1073170,MICEX Composite Future,IndexFutures,JSE Top 40 Futures
Jun 18,1073171,MICEX Mini Futures,IndexFutures,JSE Top 40 Futures
Jun 18,1036856,MSCI EAFE Index Futures,IndexFutures,JSE Top 40 Futures
Jun 18,992749,MSCI Emerging Markets Equity Futures,IndexFutures,JSE Top 40 Futures
Jun 18,40758,MSCI Japan Futures,IndexFutures,JSE Top 40 Futures
Jun 18,40723,MSCI Russia Futures,IndexFutures,JSE Top 40 Futures
Jun 18,104392,SGX MSCI Taiwan Futures,IndexFutures,JSE Top 40 Futures
Sep 18,8874,Nasdaq 100 Futures,IndexFutures,JSE Top 40 Futures
Jun 18,8985,Nifty 50 Futures,IndexFutures,JSE Top 40 Futures
Jun 18,941606,India Nifty 50 Futures,IndexFutures,JSE Top 40 Futures
Jun 18,1013055,Nifty 50 Future,IndexFutures,JSE Top 40 Futures
Jun 18,101810,SGX Nifty 50 Futures,IndexFutures,JSE Top 40 Futures
Jun 18,104422,Nifty Infra Futures,IndexFutures,JSE Top 40 Futures
Jun 18,104421,Nifty IT Futures,IndexFutures,JSE Top 40 Futures
Jun 18,104420,NIFTY MIDCAP 50 Futures,IndexFutures,JSE Top 40 Futures
Jul 18,101809,SGX Nikkei 225 Futures,IndexFutures,JSE Top 40 Futures
Sep 18,8859,Nikkei 225 Futures,IndexFutures,JSE Top 40 Futures
Jul 18,941605,Nikkei VI Futures,IndexFutures,JSE Top 40 Futures
Jul 18,8835,OBX Futures,IndexFutures,JSE Top 40 Futures
Jun 18,40716,OMXH25 Futures,IndexFutures,JSE Top 40 Futures
Jul 18,8892,OMX Stockholm 30 Futures,IndexFutures,JSE Top 40 Futures
Jun 18,1013414,FTSE China 50 Futures,IndexFutures,JSE Top 40 Futures
Sep 18,1013419,JPX-Nikkei 400 Futures,IndexFutures,JSE Top 40 Futures
Jul 18,1013422,Nikkei 225 Mini Futures,IndexFutures,JSE Top 40 Futures
Sep 18,1013425,Russell Nomura Futures,IndexFutures,JSE Top 40 Futures
Sep 18,1013413,TOPIX Banks Futures,IndexFutures,JSE Top 40 Futures
Sep 18,1013427,TOPIX CORE30 Futures,IndexFutures,JSE Top 40 Futures
Dec 18,1013424,TOPIX CORE30 Dividend Futures,IndexFutures,JSE Top 40 Futures
Dec 18,1013428,TOPIX Dividend Futures,IndexFutures,JSE Top 40 Futures
Sep 18,1013429,TOPIX Mini Futures,IndexFutures,JSE Top 40 Futures
Sep 18,1013426,TOPIX REIT Futures,IndexFutures,JSE Top 40 Futures
Sep 18,1013417,TSE Mothers Futures,IndexFutures,JSE Top 40 Futures
Jun 18,1013430,TWSE Weighted Stock Futures,IndexFutures,JSE Top 40 Futures
Jun 18,104390,PSI 20 Futures,IndexFutures,JSE Top 40 Futures
Sep 18,40759,RDX USD Futures,IndexFutures,JSE Top 40 Futures
Jun 18,104396,RTS cash-settled Futures,IndexFutures,JSE Top 40 Futures
Jun 18,1013056,S&P 500 Futures,IndexFutures,JSE Top 40 Futures
Sep 18,8839,S&P 500 Futures,IndexFutures,JSE Top 40 Futures
Jun 18,8884,S&P 500 VIX Futures,IndexFutures,JSE Top 40 Futures
Sep 18,961617,S&P MidCap 400 Futures,IndexFutures,JSE Top 40 Futures
Sep 18,8824,S&PASX 200 Futures,IndexFutures,ASX 200 Futures
Sep 18,8981,S&PTSX 60 Futures,IndexFutures,TSX 60 Futures
Jun 18,104394,SGX MSCI Indonesia Futures,IndexFutures,TSX 60 Futures
Sep 18,40729,SLI Swiss Leader Futures,IndexFutures,TSX 60 Futures
Sep 18,8864,SmallCap 2000 Futures,IndexFutures,TSX 60 Futures
Sep 18,8837,SMI Futures,IndexFutures,TSX 60 Futures
Dec 18,40763,SMI Dividend Futures,IndexFutures,TSX 60 Futures
Sep 18,40730,SMIM Futures,IndexFutures,TSX 60 Futures
EURO STOXX,40742,FXXE,IndexFutures,TSX 60 Futures
Jun 18,40764,EUROSTOXX Automobiles & Parts Futures,IndexFutures,TSX 60 Futures
Sep 18,40714,EURO STOXX Banks Futures,IndexFutures,TSX 60 Futures
Dec 18,40765,EURO STOXX Banks Dividend Futures,IndexFutures,TSX 60 Futures
Sep 18,40766,EURO STOXX Basic Resources Futures,IndexFutures,TSX 60 Futures
Sep 18,40767,EURO STOXX Chemicals Futures,IndexFutures,TSX 60 Futures
Sep 18,40768,EURO STOXX Cons. & Materials Futures,IndexFutures,TSX 60 Futures
Sep 18,40769,EURO STOXX Financial Services Futures,IndexFutures,TSX 60 Futures
Sep 18,40770,Euro Stoxx Food & Beverage Futures,IndexFutures,TSX 60 Futures
Sep 18,40771,EURO STOXX Health Care Futures,IndexFutures,TSX 60 Futures
Sep 18,40772,EURO STOXX Ind.Goods & Ser. Futures,IndexFutures,TSX 60 Futures
Sep 18,40773,EURO STOXX Insurance Futures,IndexFutures,TSX 60 Futures
Dec 18,40774,EURO STOXX Insurance Dividend Futures,IndexFutures,TSX 60 Futures
Sep 18,40775,EURO STOXX Large Futures,IndexFutures,TSX 60 Futures
Sep 18,40776,EURO STOXX Large 200 Futures,IndexFutures,TSX 60 Futures
Sep 18,40777,EURO STOXX Media Futures,IndexFutures,TSX 60 Futures
Sep 18,40778,EURO STOXX Mid Futures,IndexFutures,TSX 60 Futures
Sep 18,40728,EURO STOXX Mid 200 Futures,IndexFutures,TSX 60 Futures
Sep 18,40779,EURO STOXX Oil & Gas Futures,IndexFutures,TSX 60 Futures
Dec 18,40780,EURO STOXX Oil&Gas Dividend Futures,IndexFutures,TSX 60 Futures
Sep 18,40781,EURO STOXX Per. & Hou. Goods Futures,IndexFutures,TSX 60 Futures
Sep 18,40782,EURO STOXX Real Estate Futures,IndexFutures,TSX 60 Futures
Sep 18,40783,EURO STOXX Retail Futures,IndexFutures,TSX 60 Futures
EURO STOXX Select Div. 30,40743,FD3D,IndexFutures,TSX 60 Futures
EURO STOXX Select Div. 30,40727,FEDV,IndexFutures,TSX 60 Futures
Sep 18,40784,EURO STOXX Small Futures,IndexFutures,TSX 60 Futures
Sep 18,40785,EURO STOXX Small 200 Futures,IndexFutures,TSX 60 Futures
Sep 18,40786,EURO STOXX Technology Futures,IndexFutures,TSX 60 Futures
Dec 18,40787,EURO STOXX Telecom Div Futures,IndexFutures,TSX 60 Futures
Sep 18,40788,EURO STOXX Telecommunications Futures,IndexFutures,TSX 60 Futures
Sep 18,40789,EURO STOXX Travel & Leisure Futures,IndexFutures,TSX 60 Futures
Sep 18,40790,EURO STOXX Utilities Futures,IndexFutures,TSX 60 Futures
Dec 18,40791,EURO STOXX Utilities Dividend Futures,IndexFutures,TSX 60 Futures
EURO STOXX 50,40724,FSTX,IndexFutures,TSX 60 Futures
Dec 18,40792,EURO STOXX 50 Dividend Futures,IndexFutures,TSX 60 Futures
Sep 18,40793,EURO STOXX 50 ex Financials Futures,IndexFutures,TSX 60 Futures
Jun 18,40725,EURO STOXX 600 Futures,IndexFutures,TSX 60 Futures
Sep 18,40794,EURO STOXX 600 Auto. &Parts Futures,IndexFutures,TSX 60 Futures
Sep 18,40726,EURO STOXX 600 Banks Futures,IndexFutures,TSX 60 Futures
Sep 18,40796,EURO STOXX 600 Basic Resources Futures,IndexFutures,TSX 60 Futures
Sep 18,40797,EURO STOXX 600 Chemicals Futures,IndexFutures,TSX 60 Futures
Sep 18,40798,EURO STOXX 600 Cons. & Mat. Futures,IndexFutures,TSX 60 Futures
Sep 18,40799,EURO STOXX 600 Financial Serv. Futures,IndexFutures,TSX 60 Futures
Sep 18,40800,EURO STOXX 600 Food & Beverage Futures,IndexFutures,TSX 60 Futures
Sep 18,40801,EURO STOXX 600 Health Care Futures,IndexFutures,TSX 60 Futures
Sep 18,40802,EURO STOXX 600 Ind. Gd&Ser. Futures,IndexFutures,TSX 60 Futures
Sep 18,40803,EURO STOXX 600 Insurance Futures,IndexFutures,TSX 60 Futures
Dec 18,40804,EURO STOXX 600 Insurance Div. Futures,IndexFutures,TSX 60 Futures
Sep 18,40805,EURO STOXX 600 Media Futures,IndexFutures,TSX 60 Futures
Sep 18,40806,EURO STOXX 600 Oil & Gas Futures,IndexFutures,TSX 60 Futures
Dec 18,40807,EURO STOXX 600 Oil&Gas Div. Futures,IndexFutures,TSX 60 Futures
Sep 18,40808,EURO STOXX600 Per. & Hou. Gds Futures,IndexFutures,TSX 60 Futures
Sep 18,40809,EURO STOXX 600 Real Estate Futures,IndexFutures,TSX 60 Futures
Sep 18,40810,EURO STOXX 600 Retail Futures,IndexFutures,TSX 60 Futures
Sep 18,40811,EURO STOXX 600 Technology Futures,IndexFutures,TSX 60 Futures
Sep 18,40812,EURO STOXX 600 Telecom Futures,IndexFutures,TSX 60 Futures
Dec 18,40813,EURO STOXX 600 Telecom Div. Futures,IndexFutures,TSX 60 Futures
Sep 18,40814,EURO STOXX 600 Trvl& Lei. Futures,IndexFutures,TSX 60 Futures
Sep 18,40815,EURO STOXX 600 Utilities Futures,IndexFutures,TSX 60 Futures
Dec 18,40816,EURO STOXX 600 Utilities Div. Futures,IndexFutures,TSX 60 Futures
Jun 18,1013057,TAIEX Future,IndexFutures,TSX 60 Futures
Sep 18,15288,TecDAX Futures,IndexFutures,TSX 60 Futures
Jul 18,1013058,TOPIX Stock Price Future,IndexFutures,TSX 60 Futures
Sep 18,941609,TOPIX Futures,IndexFutures,TSX 60 Futures
Jun 18,1013059,TWSE Electronic Sector Future,IndexFutures,TSX 60 Futures
Jun 18,1013060,TWSE Finance Sector Future,IndexFutures,TSX 60 Futures
Jun 18,1013061,TWSE Non-Finance Non-Electronics Future,IndexFutures,TSX 60 Futures
Jun 18,40817,VSTOXX Mini Futures,IndexFutures,TSX 60 Futures
Sep 18,8863,WIG20 Futures,IndexFutures,TSX 60 Futures
