BTCPLN,33,Bitcoin Polish Zloty,BitBay,PLN
ETHPLN,1029174,Ethereum Polish Zloty,BitBay,PLN
ETHUSD,1056674,Ethereum US Dollar,BitBay,USD
ETHBTC,1056672,Ethereum Bitcoin,BitBay,BTC
ETHEUR,1056673,Ethereum Euro,BitBay,EUR
BCHPLN,1031332,Bitcoin Cash Polish Zloty,BitBay,PLN
BCHEUR,1056676,Bitcoin Cash Euro,BitBay,EUR
LTCPLN,1031076,Litecoin Polish Zloty,BitBay,PLN
DASHPLN,1054913,Dash Polish Zloty,BitBay,PLN
DASHBTC,1056677,Dash Bitcoin,BitBay,BTC
BTGPLN,1057038,Bitcoin Gold Polish Zloty,BitBay,PLN
LSKPLN,1035805,Lisk Polish Zloty,BitBay,PLN
LSKBTC,1056671,Lisk Bitcoin,BitBay,BTC
LSKEUR,1056678,Lisk Euro,BitBay,EUR
LSKUSD,1035801,Lisk US Dollar,BitBay,USD
