III,6576,3I Group PLC,FTSE,GBP
ADN,13161,Aberdeen Asset Management PLC,FTSE,GBP
ADML,6658,Admiral Group PLC,FTSE,GBP
AAL,6603,Anglo American PLC,FTSE,GBP
ANTO,6633,Antofagasta PLC,FTSE,GBP
ARM,6737,ARM Holdings PLC,FTSE,GBP
AHT,6836,Ashtead Group PLC,FTSE,GBP
ABF,6625,Associated British Foods PLC,FTSE,GBP
AZN,6565,AstraZeneca PLC,FTSE,GBP
AV,6615,Aviva PLC,FTSE,GBP
BAB,6690,Babcock International Group PLC,FTSE,GBP
BAES,6632,BAE Systems PLC,FTSE,GBP
BARC,282,Barclays PLC,FTSE,GBP
BDEV,6613,Barratt Developments PLC,FTSE,GBP
BLT,6617,BHP Billiton PLC,FTSE,GBP
BP,284,BP PLC,FTSE,GBP
BATS,279,British American Tobacco PLC,FTSE,GBP
BLND,6672,British Land Company PLC,FTSE,GBP
BT,6719,BT Group PLC,FTSE,GBP
BNZL,6610,Bunzl PLC,FTSE,GBP
BRBY,6611,Burberry Group PLC,FTSE,GBP
CPI,6604,Capita PLC,FTSE,GBP
CCL,6746,Carnival PLC,FTSE,GBP
CNA,6574,Centrica PLC,FTSE,GBP
CPG,6738,Compass Group PLC,FTSE,GBP
CRH,6664,CRH PLC,FTSE,GBP
DGE,6584,Diageo PLC,FTSE,GBP
DLGD,32420,Direct Line Insurance Group PLC,FTSE,GBP
DC,14023,Dixons Carphone PLC,FTSE,GBP
EZJ,288,EasyJet PLC,FTSE,GBP
EXPN,13120,Experian PLC,FTSE,GBP
FRES,10522,Fresnillo PLC,FTSE,GBP
GFS,6680,G4S PLC,FTSE,GBP
GKN,6685,GKN PLC,FTSE,GBP
GSK,6612,GlaxoSmithKline PLC,FTSE,GBP
GLEN,13811,Glencore PLC,FTSE,GBP
HMSO,6621,Hammerson PLC,FTSE,GBP
HRGV,6580,Hargreaves Lansdown PLC,FTSE,GBP
HIK,6589,Hikma Pharmaceuticals PLC,FTSE,GBP
HSBA,280,HSBC Holdings PLC,FTSE,GBP
ICAG,13812,International Consolidated Airlines Group SA,FTSE,GBP
IMB,6569,Imperial Brands PLC,FTSE,GBP
ISA,6626,Inmarsat PLC,FTSE,GBP
IHG,283,InterContinental Hotels Group PLC,FTSE,GBP
ITRK,6696,Intertek Group PLC,FTSE,GBP
INTUP,10521,Intu Properties PLC,FTSE,GBP
ITV,6735,ITV PLC,FTSE,GBP
SBRY,6706,J Sainsbury PLC,FTSE,GBP
JMAT,6598,Johnson Matthey PLC,FTSE,GBP
KGF,6571,Kingfisher PLC,FTSE,GBP
LAND,6755,Land Securities Group PLC,FTSE,GBP
LGEN,6568,Legal & General Group PLC,FTSE,GBP
LLOY,287,Lloyds Banking Group PLC,FTSE,GBP
LSE,6628,London Stock Exchange Group PLC,FTSE,GBP
MKS,289,Marks and Spencer Group PLC,FTSE,GBP
MGGT,6762,Meggitt PLC,FTSE,GBP
MERL,950986,Merlin Entertainments PLC,FTSE,GBP
MNDI,6702,Mondi PLC,FTSE,GBP
MRW,6573,WM Morrison Supermarkets PLC,FTSE,GBP
NG,6712,National Grid PLC,FTSE,GBP
NXT,286,Next PLC,FTSE,GBP
OML,293,Old Mutual PLC,FTSE,GBP
PSON,6620,Pearson PLC,FTSE,GBP
PSN,6656,Persimmon PLC,FTSE,GBP
PRU,296,Prudential PLC,FTSE,GBP
RRS,6629,Randgold Resources Ltd,FTSE,GBP
RBS,295,Royal Bank of Scotland Group PLC,FTSE,GBP
RB,6570,Reckitt Benckiser Group PLC,FTSE,GBP
REL,6572,Relx PLC,FTSE,GBP
RIO,6597,Rio Tinto PLC,FTSE,GBP
RR,6645,Rolls-Royce Holdings PLC,FTSE,GBP
RDSa,6593,Royal Dutch Shell A,FTSE,GBP
RDSb,22093,Royal Dutch Shell B,FTSE,GBP
RMG,41343,Royal Mail PLC,FTSE,GBP
RSA,6653,RSA Insurance Group PLC,FTSE,GBP
SAB,6606,SABMiller PLC,FTSE,GBP
SGE,6618,Sage Group PLC,FTSE,GBP
SDR,6733,Schroders PLC,FTSE,GBP
SVT,6679,Severn Trent PLC,FTSE,GBP
SHP,6600,Shire PLC,FTSE,GBP
SKYB,6586,SKY PLC,FTSE,GBP
SN,6695,Smith & Nephew PLC,FTSE,GBP
SMIN,6686,Smiths Group PLC,FTSE,GBP
SPD,6772,Sports Direct International PLC,FTSE,GBP
SSE,6669,SSE PLC,FTSE,GBP
SJP,6683,St. James's Place PLC,FTSE,GBP
STAN,6670,Standard Chartered PLC,FTSE,GBP
SL,6583,Standard Life PLC,FTSE,GBP
TW,6800,Taylor Wimpey PLC,FTSE,GBP
TSCO,6581,Tesco PLC,FTSE,GBP
TPK,6681,Travis Perkins PLC,FTSE,GBP
TUIT,23214,Tui AG NA,FTSE,GBP
ULVR,6661,Unilever PLC,FTSE,GBP
UU,6659,United Utilities Group PLC,FTSE,GBP
VOD,667,Vodafone Group PLC,FTSE,GBP
WEIR,6674,Weir Group PLC,FTSE,GBP
WTB,6646,Whitbread PLC,FTSE,GBP
WOS,6562,Wolseley PLC,FTSE,GBP
WPP,6578,WPP PLC,FTSE,GBP
