0P00009NRP,1046226,LGT Select Equity Japan JPY IM,,
0P0000YR3M,1046188,CAP Japan Equity Fund JPY I,,
0P0000YR3N,1046187,CAP Japan Equity Fund JPY A,,
0P0000272H,1046261,VP Bank Best Manager Pacific Equities B,,
0P0000V5O1,1046215,LGT GIM Growth USD IM,,
0P00006YBB,1046221,LGT Select Equity Emerging Markets USD B,,
0P00006YBV,1046222,LGT Select Equity Emerging Markets USD I1,,
0P00006YBW,1046223,LGT Select Equity Emerging Markets USD IM,,
0P0000V5O0,1046214,LGT GIM Balanced USD IM,,
0P0000S1ID,1046228,LGT Strategy 3 Years EUR I1,,
0P00000N9A,1046227,LGT Strategy 3 Years EUR B,,
0P0000ISEV,1046200,HAM Global Convertible Bond Fund CHF-A Acc,,
0P00000H6A,1046201,HAM Global Convertible Bond Fund EUR-A Acc,,
0P00006YBA,1046216,LGT Select Bond High Yield USD B,,
0P00006YBT,1046217,LGT Select Bond High Yield USD I1,,
0P00006YBU,1046218,LGT Select Bond High Yield USD IM,,
0P0000KV88,1046242,MAS Portfolio Corporate Bonds USD IM,,
0P0000XTRR,1046213,LGT Funds SICAV - LGT Sustainable Equity Fund Global USD I1,,
0P0000Y3Y4,1046211,LGT Funds SICAV - LGT Sustainable Equity Fund Global EUR IM,,
0P0000N5GW,1046210,LGT Funds SICAV - LGT Sustainable Equity Fund Global EUR B,,
0P0000XTRP,1046209,LGT Funds SICAV - LGT Sustainable Equity Fund Global CHF B,,
0P0000XTRQ,1046212,LGT Funds SICAV - LGT Sustainable Equity Fund Global USD B,,
0P00006YB5,1046224,LGT Select Equity Europe EUR I1,,
0P00006YB6,1046225,LGT Select Equity Europe EUR IM,,
0P00006YBZ,1046219,LGT Select Equity Asia/Pacific ex Japan USD I1,,
0P00006YC1,1046220,LGT Select Equity Asia/Pacific ex Japan USD IM,,
0P0000JZWI,1046205,LGT Alpha Indexing Fund CHF B,,
0P0000MNF1,1046206,LGT Alpha Indexing Fund CHF I1,,
0P00011R5L,1046207,LGT Alpha Indexing Fund CHF IM,,
EUR,1046208,LGT Bond Fund EMMA LC,,
0P00009GXW,1046238,LLB Wandelanleihen H EUR,,
0P0000IZBS,1046239,LLB Wandelanleihen LLB Acc,,
0P0000SPIF,1046184,B&I Asian Real Estate Securities Fund B,,
0P0000Q1P6,1046183,B&I Asian Real Estate Securities Fund A,,
0P00016OPT,1046236,LLB QI Equities Global Passive USD,,
0P00011XK6,1046252,Solitaire Global Bond Fund USD,,
0P00016OPV,1046237,LLB QI Equities Global Passive USD I2,,
0P000011MX,1046233,LLB Aktien Dividendenperlen Global CHF T,,
0P0000G1R6,1046186,B&I Pan-Asian Tot Ret Rel Est Sec Fd Acc,,
0P0000VYE2,1046232,LGT Sustainable Bond Fund Global USD I1,,
0P0000UEKU,1046230,LGT Sustainable Bond Fund Global EUR l1,,
0P0000ZMHM,1046229,LGT Sustainable Bond Fund Global EUR IM,,
0P0000IZBP,1046235,LLB Aktien Immobilien Global CHF LLB,,
0P0000RYYX,1046196,Craton Capital Precious Metal E,,
0P00008VY4,1046195,Craton Capital Precious Metal B Inc,,
0P0000AB6X,1046243,Mistral Value Fund USD P,,
0P0000VK8E,1046240,Lumen Vietnam Fund -USD-,,
0P0000G1SG,1046185,B&I Pacific Real Estate Securities Fund Acc,,
0P00005VPB,1046263,WAM Strategy Portfolio B,,
0P00008EYP,1046189,CBR Privatinvest Fund Target EUR Acc,,
0P0000YU8R,1046253,SSF Emerging Markets Opportunities FoF P,,
0P0000G1SN,1046193,Chameleon Convertible Bond Fonds Glb-EUR-P-,,
0P0000ABAQ,1046254,Stream Invest Acc,,
0P000027BP,1046259,VP Bank Best Manager European Equities B,,
0P0000TQEH,1046262,VP Bank Best Manager World Equities B,,
0P0000VWPK,1046191,CBR Strategy-Optimum Classic USD,,
0P0000VWPI,1046190,CBR Strategy-Optimum Classic CHF,,
0P0000IYNG,1046251,Simplex European Select Acc,,
0P0000SSG5,1046181,ASPOMA China Opportunities Fund P,,
0P0000PSX2,1046180,ASPOMA China Opportunities Fund I,,
0P0000IYNK,1046250,Simplex Asian Select Acc,,
0P00005VP4,1046198,Dynatrend Fund Acc,,
0P000011MZ,1046234,LLB Aktien Fit for Life CHF Acc,,
0P0000IZCA,1046248,Pro Strategy Fund EUR,,
0P0000X092,1046179,Albion Strategic Fund,,
0P0000IZ2O,1046244,NB Value Equity Fund,,
0P000160VF,1046257,Trend Performance I,,
0P000160VG,1046258,Trend Performance R,,
0P0000G6ZW,1046197,Dm Global Invest Acc,,
0P0000J0ZW,1046194,COVAMOS Global Stock Fund K3 Acc,,
LP68257052,1046199,FMF CAPITAL FUND,,
0P0000AB6K,1046178,AAE Global Strategy Fund,,
0P00005WBQ,1046249,SafePort Gold & Silver Mining Fund Acc,,
0P00015XEV,1046247,Premium Strategy 7 plus Fund,,
0P000027S2,1046203,ICSG Premium World Fund Acc,,
0P0000J05P,1046246,plant-a-tree fund EUR,,
0P0000ABAN,1046256,Ticaret Greater Turkey Fund Acc,,
0P00002707,1046245,Oak Tree Junior Mining & Explortion R Acc,,
0P000021O9,1046204,IFAG Global Opportunities Fund P,,
0P00000GRU,1046182,B & P Vision-Q-Selection Europe,,
0P0000VC72,1046241,MAP Debt Fund USD,,
0P000027LX,1046260,VP Bank Best Manager Natural Resources Equities B,,
