1357,953289,NEXT FUNDS Nikkei 225 Double Inverse,,
1570,953291,NEXT FUNDS Nikkei 225 Leveraged,,
1306,953341,Nomura TOPIX Listed,,
1615,953342,Nomura TSE Bank Listed,,
1360,953354,Simplex Nikkei 225 Bear -2x,,
1689,953222,ETFS Natural Gas,,
1699,953293,NEXT FUNDS Nomura Crude Oil Long,,
2038,953327,NEXT NOTES Nikkei-TOCOM Leveraged Crude Oil,,
1579,953355,Simplex Nikkei 225 Bull 2x,,
1459,962256,Rakuten-Nikkei 225 Double Inverse,,
1308,953335,Nikko TOPIX Listed,,
1366,953190,Daiwa ETF Japan Nikkei 225 Double Inverse,,
1695,953224,ETFS Wheat,,
1321,953337,Nomura Nikkei 225 Listed,,
1356,953359,Simplex TOPIX Bear -2x,,
1571,953290,NEXT FUNDS Nikkei 225 Inverse,,
1458,962257,Rakuten-Nikkei 225 Leveraged,,
1671,953362,Simplex WTI,,
1305,953198,Daiwa ETF TOPIX Listed,,
1678,953282,NEXT FUNDS CNX Nifty Linked,,
1343,953295,NEXT FUNDS REIT,,
1330,953334,Nikko Nikkei 225 Listed,,
2516,1062629,TSE Mothers,,
1348,953274,MAXIS TOPIX,,
1365,953191,Daiwa ETF Japan Nikkei 225 Leveraged,,
1320,953195,Daiwa ETF Nikkei 225 Listed,,
1568,953360,Simplex TOPIX Bull 2x,,
1325,953286,NEXT FUNDS Ibovespa Linked,,
1552,953248,KOKUSAI S&P500 VIX Short-Term Futures,,
1471,962254,Nomura NF JPX-Nikkei 400 Inverse,,
1346,953272,MAXIS Nikkei 225,,
1540,953277,Mitsubishi Japan Physical Gold,,
2039,953325,NEXT NOTES Nikkei-TOCOM Inverse Crude Oil,,
MSCI Kokusai,953269,MAXIS Global Equity,,
1597,953271,MAXIS J-REIT,,
1358,953333,Nikko Listed Index Fund Nikkei Leveraged,,
1324,953297,NEXT FUNDS Russia RTS Linked,,
2035,953324,Next Notes Nikkei 225 VI Futures,,
MSCI Emerging,953256,Listed Index Fund International Emerging Countries Equity,,
1345,953260,Listed Index Fund J-REIT,,
1475,962240,BRJ iShares TOPIX,,
1319,953338,Nomura Nikkei 300 Listed,,
1541,953279,Mitsubishi Japan Physical Platinum,,
1545,953288,NEXT FUNDS NASDAQ 100,,
-2x,953192,Daiwa ETF Japan TOPIX Double Inverse,,
1655,1052298,iShares S&P 500,,
MSCI ACWI,953268,Listed Index Fund World Equity,,
1469,962258,Simplex JPX-Nikkei 400 Bear Double Inverse,,
2042,953332,NEXT NOTES Tokyo Stock Exchange Mothers,,
MSCI Kokusai,953255,Listed Index Fund International Developed Countries Equity,,
S&P500,953267,Listed Index Fund US Equity,,
1555,962251,Nikko Australia REIT,,
1580,953353,Simplex Nikkei 225 Bear -1x,,
1658,1052301,iShares Core MSCI Emerging Markets IMI,,
1563,953361,Simplex TSE Mothers Core,,
1456,956418,Daiwa Japan Nikkei225 Inverse,,
2041,953317,NEXT NOTES DJIA Total Return JPY Monthly Hedged Inverse 1x,,
1591,953287,NEXT FUNDS JPX-Nikkei 400,,
1329,953240,iShares Nikkei 225,,
2515,1057104,NEXT FUNDS International REIT S&P Developed REIT Index ex Japan UnHdg,,
1542,953280,Mitsubishi Japan Physical Silver,,
India Equity,953251,Listed Index Fund CNX Nifty Futures,,
1659,1052302,iShares US REIT,,
1593,953270,MAXIS JPX-Nikkei 400,,
2x,953193,Daiwa ETF Japan TOPIX Leveraged,,
1592,953259,Listed Index Fund JPX-Nikkei 400,,
1551,953246,JASDAQ-Top20,,
1476,962237,BRJ iShares Japan REIT,,
2510,1057110,NEXT FUNDS Japan Bond NOMURA-BPI,,
2048,956404,NEXT NOTES Nomura Japan Equity High Dividend ,,
1467,962260,Simplex JPX-Nikkei 400 Bull Leveraged,,
1557,953364,SPDR S&P 500,,
2040,953316,NEXT NOTES DJIA Price Return JPY Monthly Hedged Leveraged 2x,,
1323,953285,NEXT FUNDS FTSE/JSE Africa Top 40 Linked,,
1328,953336,Nomura Gold Price Linked,,
1572,953352,Simplex China Bull 2x H-share,,
1311,953340,Nomura TOPIX Core30 Listed,,
1546,953283,NEXT FUNDS Dow Jones Industrial Average,,
TSE Dividend Focus 100,953258,Listed Index Fund Japan High Dividend,,
1473,962247,DIAM TOPIX,,
1690,953225,ETFS WTI Crude Oil,,
2067,1011913,NEXT NOTES AI Companies 70 Net Total Return,,
1559,953298,NEXT FUNDS Thai Stock SET50,,
1326,953363,SPDR Gold Shares,,
1696,953219,ETFS Corn,,
1682,953292,NEXT FUNDS Nikkei-TOCOM Platinum Linked,,
1599,953194,Daiwa ETF JPX-Nikkei 400,,
1657,1052300,iShares Core MSCI Kokusai,,
1470,962255,Nomura NF JPX-Nikkei 400 Leveraged,,
1569,953358,Simplex TOPIX Bear -1x,,
1478,962238,BRJ iShares MSCI Japan High Dividend,,
Mini,953261,Listed Index Fund Nikkei 225,,
1595,953344,NZAM ETF J-REIT,,
1496,1045783,iShares USD Investment Grade Corporate Bond JPY Hedged,,
Barclays Local EM,953252,Listed Index Fund Emerging Bond,,
1313,953349,Samsung KODEX KOSPI 200 Securities,,
1660,1052392,MUKAM MAXIS High Yield J-REIT,,
1573,953351,Simplex China Bear -1x H-share,,
1457,956419,Daiwa Japan TOPIX Inverse,,
1577,953294,NEXT FUNDS Nomura Japan Equity High Dividend 70,,
1651,1052294,Daiwa TOPIX High Dividend Yield 40,,
2044,953329,NEXT NOTES S&P 500 Dividend Aristocrats Net Total Return,,
1392,956409,UBS MSCI United Kingdom UCITS,,
2043,953331,NEXT NOTES Stoxx Asean Five Select Dividend 50 Net Return,,
2046,953322,NEXT NOTES Nifty Price Return 2x Leverage,,
1472,962253,Nomura NF JPX-Nikkei 400 Double Inverse,,
1466,962241,Daiwa Japan JPX-Nikkei 400 Double Inverse,,
1679,953357,Simplex NY Dow Jones,,
1653,1052296,Daiwa MSCI Japan ESG Select Leaders,,
1309,953339,Nomura SSE50,,
1464,962243,Daiwa Japan JPX-Nikkei 400 Leveraged,,
1670,953273,MAXIS S&P Mitsubishi Group,,
1612,953214,Daiwa ETF TSE Bank Listed,,
Citi WGBI,953254,Listed Index Fund International Bond,,
1656,1052299,iShares Core 7-10 US Treasury Bond,,
1385,956405,UBS EURO STOXX 50 UCITS,,
2511,1057100,NEXT FUNDS International Bond Citi World Government Bd Idx ex Jpn UnHdg,,
1322,953249,Listed Index Fund China A Share CSI300,,
1560,953284,NEXT FUNDS FTSE Bursa Malaysia KLCI,,
1369,956403,DIAM Nikkei 225,,
1310,953196,Daiwa ETF TOPIX Core30 Listed,,
1398,956416,SMAM REIT,,
2513,1057108,NEXT FUNDS International Equity MSCI-KOKUSAI Unhedged,,
1575,953188,ChinaAMC CSI 300,,
1498,1056169,AM-One ESG,,
1474,962246,DIAM JPX Nikkei 400,,
2034,953318,NEXT NOTES F-KOSPI 200 Inverse,,
2517,1075242,Mukam Maxis J-REIT Core,,
2036,953328,NEXT NOTES Nikkei-TOCOM Leveraged Gold,,
1489,997943,NEXT FUNDS Nikkei 225 High Dividend Yield Stock 50,,
1627,953304,NEXT FUNDS TOPIX-17 Electric Power & Gas,,
2037,953326,NEXT NOTES Nikkei-TOCOM Inverse Gold,,
1625,953303,NEXT FUNDS TOPIX-17 Electric Applicances & Precision Instruments,,
2047,953323,NEXT NOTES Nifty Total Return Daily Inverse,,
1393,956410,UBS MSCI USA UCITS,,
1618,953305,NEXT FUNDS TOPIX-17 Energy Resources,,
1344,953275,MAXIS TOPIX Core 30,,
1497,1045792,iShares USD High Yield Corporate Bond JPY Hedged,,
2032,953320,NEXT NOTES HSI Short,,
5%,953276,MAXIS TOPIX Risk Control,,
2514,1057106,NEXT FUNDS International Equity MSCI-KOKUSAI Yen-Hedged,,
1391,956412,UBS MSCI Switzerland 20/35 UCITS,,
2031,953319,NEXT NOTES HSI Leveraged,,
1543,953278,Mitsubishi Japan Physical Palladium,,
1585,953197,Daiwa ETF TOPIX Ex-Financials,,
1327,953347,S&P GSCI Energy&Metals THEAM Easy UCITS C,,
2518,1080059,NEXT FUNDS MSCI Japan Empowering Women Select,,
1477,962239,BRJ iShares MSCI Japan Minimum Volatility,,
1619,953302,NEXT FUNDS TOPIX-17 Construction & Materials,,
1561,953247,Kokusai S&P500 VIX Mid-Term Futures,,
1584,953350,Samsung KODEX Samsung Group,,
2512,1057103,NEXT FUNDS International Bond Citi World Government Bd Idx ex Jpn Hdg,,
2033,953321,NEXT NOTES KOSPI 200 Leverage,,
1621,953310,NEXT FUNDS TOPIX-17 Pharmaceutical,,
1499,1057093,MAXIS Japan Equity High Dividend 70 Market Neutral,,
1492,1013277,MAXIS JPX-Nikkei Mid and Small Cap,,
1620,953311,NEXT FUNDS TOPIX-17 Raw Materials & Chemicals,,
1613,953343,Nomura TSE Electric Listed,,
1586,953263,Listed Index Fund TOPIX Ex-Financials,,
1622,953299,NEXT FUNDS TOPIX-17 Automobiles & Transportation Equipment,,
1626,953308,NEXT FUNDS TOPIX-17 IT & Services,,
1631,953300,NEXT FUNDS TOPIX-17 Banks,,
1629,953301,NEXT FUNDS TOPIX-17 Commercial & Wholesale Trade,,
1632,953306,NEXT FUNDS TOPIX-17 Financials Ex Banks,,
2069,1011891,NEXT NOTES Japan Equity Low Beta Select 50 Net Total Return,,
2045,953330,NEXT NOTES S&P Singapore REIT Net Total Return,,
1386,956414,UBS MSCI Europe UCITS,,
1576,953189,CSOP FTSE China A50,,
1390,956408,UBS MSCI Pacific ex Japan UCITS,,
1654,1052297,Daiwa FTSE Blossom Japan,,
1364,953236,iShares JPX-Nikkei 400,,
1389,956415,UBS FTSE 100 UCITS,,
1397,956417,SMAM NIKKEI225,,
1465,962242,Daiwa Japan JPX-Nikkei 400 Inverse,,
1349,953187,ABF Pan Asia Bond,,
1623,953314,NEXT FUNDS TOPIX-17 Steel & NonFerrous,,
1630,953313,NEXT FUNDS TOPIX-17 Retail Trade,,
1312,953346,Russell/Nomura Small Cap Core,,
1617,953307,NEXT FUNDS TOPIX-17 Foods,,
1633,953312,NEXT FUNDS TOPIX-17 Real Estate,,
1639,953199,Daiwa ETF TOPIX-17 Automobiles & Transportation Equipment,,
1388,956407,UBS MSCI EMU Small Cap UCITS,,
1624,953309,NEXT FUNDS TOPIX-17 Machinery,,
1598,953296,NEXT FUNDS Russell/Nomura Fundamental,,
1387,956406,UBS MSCI EMU UCITS,,
1645,953213,Daiwa ETF TOPIX-17 Transportation & Logistics,,
1641,953209,Daiwa ETF TOPIX-17 Machinery,,
1650,953211,Daiwa ETF TOPIX-17 Real Estate,,
1638,953210,Daiwa ETF TOPIX-17 Pharmaceutical,,
1643,953208,Daiwa ETF TOPIX-17 IT & Services Others,,
1647,953212,Daiwa ETF TOPIX-17 Retail Trade,,
1648,953200,Daiwa ETF TOPIX-17 Banks,,
1610,953215,Daiwa ETF TSE Electric Listed,,
1635,953205,Daiwa ETF TOPIX-17 Energy Resources,,
1642,953203,Daiwa ETF TOPIX-17 Electric Appliances & Precision Instruments,,
1636,953202,Daiwa ETF TOPIX-17 Construction & Materials,,
1646,953201,Daiwa ETF TOPIX-17 Commercial & Wholesale Trade,,
1644,953204,Daiwa ETF TOPIX-17 Electric Power & Gas,,
1649,953206,Daiwa ETF TOPIX-17 Financials Ex Banks,,
1634,953207,Daiwa ETF TOPIX-17 Foods,,
1683,953281,Mizuho Gold,,
1694,962248,ETFS Nickel,,
1674,962249,ETFS Physical Platinum,,
1399,962252,Nikko MSCI Japan Equity High Dividend Low Volatility,,
1640,962245,Daiwa TOPIX-17 Steel & NonFerrous,,
1637,962244,Daiwa TOPIX-17 Raw Materials & Chemicals,,
1596,953345,NZAM ETF TOPIX Ex-Financials,,
1394,956411,UBS MSCI World UCITS,,
1628,953315,NEXT FUNDS TOPIX-17 Transportation & Logistics,,
1468,962259,Simplex JPX-Nikkei 400 Bear Inverse,,
1673,953223,ETFS Physical Silver,,
1693,953218,ETFS Copper,,
1684,953217,ETFS All Commodities,,
1687,953216,ETFS Agriculture,,
1691,953220,ETFS Gasoline,,
2068,1011890,NEXT NOTES Japan Equity High Beta Select 30 Net Total Return,,
1688,953221,ETFS Grains,,
1490,1011889,Listed Fund MSCI Japan Equity High Dividend Low Volatility Beta Hedged,,
1652,1052295,Daiwa MSCI Japan Empowering Women ,,
