ARIST,962601,Arista,Luxembourg,EUR,http://www.investing.com/equities/arista-sa
BATJ,1031400,Brait,Luxembourg,EUR,http://www.investing.com/equities/brait-lu
BREL,950069,Brederode,Luxembourg,EUR,http://www.investing.com/equities/brederode?cid=950069
BAYpref,1061423,British Airways Finance Pref,Luxembourg,EUR,http://www.investing.com/equities/british-airways-finance-pref
EDIFY,943693,Edify,Luxembourg,EUR,http://www.investing.com/equities/edify
SACIL,1061428,Fiducial Office,Luxembourg,EUR,http://www.investing.com/equities/fiducial-office-solutions?cid=1061428
PADI,1061427,Fiducial RE,Luxembourg,EUR,http://www.investing.com/equities/fiducial-real?cid=1061427
FLES,991206,Fle Sicav Fis,Luxembourg,EUR,http://www.investing.com/equities/fle-sicav-fis-sca
FOTH,1061425,Fotex,Luxembourg,EUR,http://www.investing.com/equities/fotex
GLOB,986425,Globant SA,Luxembourg,EUR,http://www.investing.com/equities/globant-sa?cid=986425
CULKe,1061424,Intercultures,Luxembourg,EUR,http://www.investing.com/equities/socfinaf
KTGSF,1054217,KTG ADR,Luxembourg,EUR,http://www.investing.com/equities/ktg-adr
LUXP,1061426,Luxempart,Luxembourg,EUR,http://www.investing.com/equities/luxempart
MASPLC,1036835,MAS Real Estate,Luxembourg,EUR,http://www.investing.com/equities/mas-real-estate-inc?cid=1036835
ORCO,959131,Orco Property,Luxembourg,EUR,http://www.investing.com/equities/orco-property-group?cid=959131
REIT,1031401,Reinet Invest,Luxembourg,EUR,http://www.investing.com/equities/reinet-invest
AUDK,1019680,RTL Group,Luxembourg,EUR,http://www.investing.com/equities/rtl-group-lu
SHA,959132,Schaeffler AG,Luxembourg,EUR,http://www.investing.com/equities/schaeffler-ag
SESFg,1019682,SES,Luxembourg,EUR,http://www.investing.com/equities/ses-global?cid=1019682
SOFI,1061430,Socfinasia,Luxembourg,EUR,http://www.investing.com/equities/socfinasia
SCFK,1061429,Societe Financiere Caoutchoucs,Luxembourg,EUR,http://www.investing.com/equities/societe-financiere-caoutchoucs
ALVELg,943281,Velcan,Luxembourg,EUR,http://www.investing.com/equities/velcan
