EURBYN,1620,Euro Belarusian Ruble,Forex,BYN
USDBYN,53085,US Dollar Belarusian Ruble,Forex,BYN
GBPBYN,53086,British Pound Belarusian Ruble,Forex,BYN
RUBBYN,53087,Russian Ruble Belarusian Ruble,Forex,BYN
CHFBYN,53088,Swiss Franc Belarusian Ruble,Forex,BYN
AUDBYN,53089,Australian Dollar Belarusian Ruble,Forex,BYN
CADBYN,53090,Canadian Dollar Belarusian Ruble,Forex,BYN
NZDBYN,53091,New Zealand Dollar Belarusian Ruble,Forex,BYN
JPYBYN,53092,Japanese Yen Belarusian Ruble,Forex,BYN
CNYBYN,53093,Chinese Yuan Belarusian Ruble,Forex,BYN
BYNUSD,1073358,Belarusian Ruble US Dollar,Forex,USD
BYNEUR,1073359,Belarusian Ruble Euro,Forex,EUR
BYNRUB,1073360,Belarusian Ruble Russian Ruble,Forex,RUB
