IEUX,47269,iShares MSCI Europe ex-UK UCITS,,
EUEA,47258,iShares EURO STOXX 50 UCITS Dist,,
VUSA,962112,Vanguard S&P 500 UCITS,,
VEUR,962109,Vanguard FTSE Developed Europe UCITS,,
IWDP,47287,iShares Developed Markets Property Yield UCITS,,
IAEX,37625,iShares AEX UCITS,,
IUSA,949524,iShares S&P 500 UCITS Dist,,
TDT,38764,Think AEX UCITS,,
IEEM,37582,iShares MSCI Emerging Markets UCITS Dist,,
VWRL,962106,Vanguard FTSE All-World UCITS,,
IWRD,47289,iShares MSCI World UCITS,,
IDVY,47306,iShares EURO Dividend UCITS,,
EMIM,962087,iShares Core MSCI Emerging Markets IMI UCITS,,
IWDA,47285,iShares Core MSCI World UCITS,,
FEUZ,962085,First Trust Eurozone AlphaDEX UCITS,,
IMEU,47312,iShares MSCI Europe UCITS Dist,,
IPRP,47278,iShares European Property Yield UCITS,,
CSX5,47377,iShares CoreO STOXX 50 UCITS,,
IBZL,47321,iShares MSCI Brazil UCITS Dist,,
ISFA,47279,iShares Core FTSE 100 UCITS,,
IPRV,47317,iShares Listed Private Equity UCITS,,
VERX,986910,Vanguard FTSE Developed Europe ex UK UCITS,,
IWDE,47286,iShares MSCI World EUR Hedged UCITS,,
IJPE,47274,iShares MSCI Japan EUR Hedged UCITS,,
IEMA,47307,iShares MSCI Emerging Markets UCITS,,
IUES,47322,iShares S&P 500 EUR Hedged UCITS,,
TGET,38766,Think Global Equity UCITS,,
WTCH,1053745,SPDR MSCI World Technology UCITS,,
TSWE,962105,Think Sustainable World UCITS,,
IEER,47313,iShares MSCI Easternope Capped UCITS,,
IMAE,47311,iShares MSCIope UCITS,,
VFEM,962110,Vanguard FTSE Emerging Markets UCITS,,
CSPX,47373,iShares Core S&P 500 UCITS,,
IFFF,47270,iShares MSCI AC Far East ex-Japan UCITS,,
DJMC,47302,iShares EURO STOXX Mid UCITS,,
IAPD,47261,iShares Asia Pacific Dividend UCITS,,
TGBT,38765,Think iBoxx Government Bond UCITS,,
IEAC,47265,iShares Core Corporate Bond UCITS,,
TRET,37546,Think Global Real Estate UCITS,,
IESE,47323,iShares Dow Jones Europe Sustainability Screened UCITS,,
IJPN,47276,iShares MSCI Japan UCITS Dist,,
IJPA,47310,iShares Core MSCI Japan IMI UCITS,,
TAT,47337,Think iBoxx AAA-AA Government Bond UCITS,,
ERNE,962090,iShares Euro Ultrashort Bond UCITS,,
VJPN,962111,Vanguard FTSE Japan UCITS,,
PHAU,37600,ETFS Physical Gold,,
TDIV,986907,Think Morningstar High Dividend UCITS,,
FXEU,1056175,First Trust FactorFX UCITS Class C,,
INAA,47314,iShares MSCI North America UCITS,,
ITKY,47320,iShares MSCI Turkey UCITS,,
VAPX,962108,Vanguard FTSE Developed Asia Pacific ex Japan UCITS,,
ILTAM,47291,iShares MSCI Emerging Market Latin America UCITS,,
IEGA,962086,iShares Core Government Bond UCITS,,
IEAG,47266,iShares Aggregate Bond UCITS,,
VHYL,962107,Vanguard FTSE All-World High Dividend Yield UCITS USD,,
TCBT,37567,Think iBoxx Corporate Bond UCITS,,
DJSC,47288,iShares EURO STOXX Small UCITS,,
VECP,986908,Vanguard EUR Corporate Bond UCITS,,
VETY,986909,Vanguard Eurozone Government Bond UCITS,,
IBGM,37565,iShareso Government Bond 7-10 UCITS,,
AUCO,47301,ETFX DAXGlobal Gold Mining GO UCITS,,
IFRB,47292,iShares France Government Bond UCITS,,
CNDX,47427,iShares NASDAQ 100 UCITS,,
IBCI,47328,iShares Inflation Linked Government Bond UCITS,,
TEET,962103,Think European Equity UCITS,,
FXC,47303,iShares China Large Cap UCITS,,
IUSP,47284,iShares US Property Yield UCITS,,
500E,1073267,Amundi ETF S&P 500 UCITS,,
IBCX,47290,iShares Euro Corporate Bond Large Cap UCITS,,
IEGZ,37566,iShares Euro Government Bond 10-15yr UCITS ,,
CEMU,47369,iShares MSCI EMU UCITS,,
ERND,962097,iShares USD Ultrashort Bond UCITS,,
IASP,47257,iShares Asia Property Yield UCITS,,
IBGX,47330,iShares Euro Government Bond 3-5Yr UCITS,,
TOF,38768,Think Total Market UCITS Offensief,,
IGSG,47295,iShares Dow Jones Global Sustainability Screened UCITS,,
IDJV,47305,iShares EURO Total Market Value Large UCITS,,
IDJG,47304,iShares EURO Total Market Growth Large UCITS,,
LVO,47338,Lyxor S&P 500 VIX Futures Enhanced Roll C-EUR,,
IEGY,47298,iShares Government Bond 5-7 UCITS,,
BRIC,47260,iShares BRIC 50 UCITS,,
SDIG,962096,iShares USD Short Duration Corp Bond UCITS,,
PHAG,47325,ETFS Physical Silver,,
IRCP,962089,iShares Euro Corporate Bond Interest Rate Hedged UCITS,,
EUS3,994168,ETFS 3x Long USD Short EUR,,
PHPD,47326,ETFS Physical Palladium,,
CPXJ,47454,iShares Core MSCI Pacific ex Japan UCITS,,
NTM,38758,Think Total Market UCITS Neutral,,
CBU7,47417,iShares $ Treasury Bond 3-7Yr UCITS Acc,,
TMX,38767,Think AMX UCITS,,
INFR,47315,iShares Global Infrastructure UCITS,,
ITWN,47271,iShares MSCI Taiwan UCITS,,
CSCA,47456,iShares MSCI Canada UCITS,,
DTM,38756,Think Total Market UCITS Defensief,,
CBE7,47419,iShares Euro Government Bond 3-7Yr UCITS Acc,,
VEVE,986911,Vanguard FTSE Developed World UCITS,,
IKRA,47277,iShares MSCI Korea UCITS Dist,,
VVAL,986916,Vanguard Global Value Factor UCITS USD,,
TNAE,962104,Think Morningstar North America UCITS,,
LQDH,962094,iShares Corporate Bond Interest Rate Hedged UCITS,,
EUN,37570,iShares STOXX Europe 50 UCITS,,
SDHY,962095,iShares $ Short DurationHigh Yield Corporate Bond UCITS,,
IBGL,47329,iShares Euro Government Bond 15-30Yr UCITS,,
CSUS,47375,iShares MSCI USA UCITS,,
JPXY,962100,Lyxor JPX-Nikkei 400 UCITS,,
IEGE,47267,iShares Government Bond 0-1 UCITS,,
CSRU,47374,iShares MSCI Russia ADR/GDR UCITS,,
TPSA,47283,iShares TIPS UCITS,,
CSJP,47372,iShares MSCI Japan UCITS Acc,,
PHPM,37572,ETFS Physical PM Basket,,
ICOV,47264,iShares Covered Bond UCITS,,
LQDA,47275,iShares Corporate Bond UCITS,,
BTMA,47280,iShares Treasury Bond 7-10 UCITS,,
IBTS,47262,iShares Treasury Bond 1-3 UCITS,,
UIMR,1072332,UBS MSCI EMU Socially Responsible UCITS,,
EXXY,962088,iShares Diversified Commodity Swap UCITS DE,,
VNRT,986912,Vanguard FTSE North America UCITS,,
RTWO,47327,ETFX Russell 2000 US Small CAP GO UCITS,,
VUCP,986917,Vanguard USD Corporate Bond UCITS USD,,
PHPT,47256,ETFS Physical Platinum,,
CASH,949525,ETFS-E Fund MSCI China A GO UCITS,,
VUTY,986918,Vanguard USD Treasury Bond UCITS USD,,
DIA,47253,SPDR Dow Jones Industrial Average,,
CMEX,38818,iShares MSCI Mexico Capped UCITS,,
JPEU,994173,ETFS Short JPY Long EUR,,
UIM1,1008780,UBS ETF - EURO STOXX 50 UCITS EUR A-dis,,
GAGU,1013271,Amundi Index Solutions Barclays Global AGG 500M UCITS DR,,
FXGD,956373,FinEx Physically Held Gold USD,,
COMF,962084,ETFX Longer Dated All Commodities GO UCITS,,
EUJP,994172,ETFS Long JPY Short EUR,,
LBUL,994167,ETFS Leveraged Gold ETC,,
VMOM,986915,Vanguard Global Momentum Factor UCITS,,
VMVL,986914,Vanguard Global Minimum Volatility UCITS USD,,
VLIQ,986913,Vanguard Global Liquidity Factor UCITS,,
EJP3,994165,ETFS 3x Long JPY Short EUR,,
USE3,994166,ETFs 3X Short USD Long EUR,,
JPE3,994170,ETFS 3x Short JPY Long EUR,,
SBUL,994169,ETFS Short Gold,,
LSIL,994171,ETFS Leveraged Silver ETC,,
