AASU,45608,Amundi ETF MSCI Emerging Asia UCITS,,
BRZ,45561,Amundi MSCI Brazil UCITS,,
ALAU,45609,Amundi ETF MSCI Emerging Latin America UCITS,,
CMU,45569,Amundi MSCI EMU UCITS,,
CB5,45562,Amundi MSCI Europe Banks UCITS,,
CG1,45566,Amundi MSCI Germany UCITS,,
ESM,1009136,Amundi ETF Euro Stoxx Small Cap UCITS,,
500U,45748,Amundi ETF S&P 500 UCITS,,
CC1U,45564,Amundi ETF MSCI China UCITS,,
CS1,45570,Amundi ETF MSCI Spain UCITS,,
BNKS,1080150,iShares S&P U.S. Banks,,
ZHYG,1024528,BMO Barclays Global High Yield Bond Hedged UCITS Hedged Distributing Shares,,
ZILK,1024531,BMO MSCI UK Income Leaders UCITS Distributing Shares,,
ZISG,1024529,BMO MSCI USA Income Leaders UCITS Hedged Distributing Shares,,
ZIEG,1024527,BMO MSCI Europe ex-UK Income Leaders UCITS Hedged Distributing Shares,,
ZWEE,1056430,BMO Enhanced Income Euro Equity UCITS,,
ZIEM,1024538,BMO MSCI Emerging Markets Income Leaders UCITS Inc,,
ZC7G,1024523,BMO Barclays 7-10 Global Corporate Bond Hedged UCITS Hedged Distributing Shares,,
ZC3G,1024526,BMO Barclays 3-7 Global Corporate Bond Hedged UCITS Hedged Distributing Shares,,
ZC1G,1024525,BMO Barclays 1-3 Global Corporate Bond Hedged UCITS Hedged Distributing Shares,,
3NGL,1024350,Boost Natural GAS 3X Leverage Daily,,
3OIL,1024347,Boost WTI Oil 3X Leverage Daily,,
LQQS,1013306,Boost Nasdaq 100 3X Short Daily,,
3SIL,1024354,Boost Silver 3X Leverage Daily,,
3GOL,1024357,Boost Gold 3X Leverage Daily,,
QQQS,1024351,Boost Nasdaq 100 3X Short Daily,,
3ULS,1011939,Boost S&P 500 3X Short Daily,,
3OIS,1024348,Boost WTI Oil 3X Short Daily,,
3UKL,997705,Boost FTSE 100 3x Leverage Daily,,
3HCS,1024346,Boost Copper 3x Short Daily,,
3USL,1073435,Boost S&P 500 3X Leverage Daily,,
WT3BAL,1013322,Boost Euro Stoxx Banks 3X Leverage Daily,,
3EUL,1024356,Boost Euro Stoxx50 3X Leverage Daily,,
3UKS,997706,Boost FTSE 100 3x Short Daily,,
QQQ3,1024352,Boost Nasdaq 100 3X Leverage Daily,,
WT3ITL,1013299,Boost FTSE MIB 3x Leverage Daily,,
WTITBL,1013340,Boost FTSE MIB Banks,,
3GIS,1024366,Boost Gilts 10Y 3x Short Daily,,
3HCL,1024358,Boost Copper 3x Leverage Daily,,
3DEL,1024355,Boost Levdax 3X Daily,,
LQQ3,1013282,Boost Nasdaq 100 3X Leverage Daily,,
WT3ITS,1013305,Boost FTSE MIB 3x Short Daily,,
SUK1,997702,Boost FTSE 100 1X Short Daily,,
3GOS,1024353,Boost Gold 3X Short Daily,,
BS3TYL,1013250,Boost US Treasuries 10Y 3X Leverage Daily,,
3LEU,1013249,Boost Euro Stoxx50 3X Leverage Daily,,
2UKL,997703,Boost FTSE 100 2X Leverage Daily,,
1MCS,1024364,Boost FTSE 250 1X Short Daily,,
2PAL,951485,Boost Palladium 2X Leverage Daily,,
2NGL,1024368,Boost Natural Gas 2x Leverage Daily,,
2GOL,1024367,Boost Gold 2X Leverage Daily,,
2MCL,1024365,Boost FTSE 250 2X Leverage Daily,,
WT3BAS,1009137,Boost Euro Stoxx Banks 3X Short Daily,,
WT3BTL,1013312,Boost BTP 10Y 3X Leverage Daily,,
WT3BUL,1013307,Boost Bund 10Y 3X Leverage Daily,,
3LNG,1013267,Boost Natural GAS 3X Leverage Daily,,
3LGS,1013300,Boost Natural Gas 3x Short Daily,,
3LUS,1013313,Boost S&P 500 3X Leverage Daily,,
1PAS,951484,Boost Palladium 1X Short Daily,,
3DES,1024349,Boost Shortdax 3X Daily,,
3LES,1013281,Boost Euro Stoxx50 3X Short Daily,,
WT3BTS,1013329,Boost BTP 10Y 3X Short Daily,,
WT3BUS,1013324,Boost Bund 10Y 3X Short Daily,,
2UKS,997704,Boost FTSE 100 2X Short Daily,,
XGLD,38522,DB Physical Gold,,
XGLS,45534,DB Physical Gold GBP Hedged,,
XCT9,45667,DB WTI Crude Oil Booster,,
XRH0,45714,DB Physical Rhodium,,
XPLA,45713,DB Physical Platinum,,
XPAL,45709,DB Physical Palladium,,
XSIL,38534,DB Physical Silver,,
XBAN,37486,db x-trackers MSCI Bangladesh IM UCITS 1C,,
XT2D,45575,db x-trackers S&P 500 2x Inverse Daily UCITS 1C,,
XUKS,45733,db x-trackers FTSE 100 Short Daily UCITS,,
XSD2,45536,db x-trackers ShortDAX x2 Daily UCITS 1C,,
XPHG,45712,db x-trackers MSCI Philippines IM UCITS 1C DR,,
XPHI,1024646,db x-trackers MSCI Philippines IM UCITS 1C DR,,
XD5S,1024643,db x-trackers MSCI EMU UCITS DR 2C,,
XUKX,45727,db x-trackers FTSE 100 UCITS DR Income,,
XMUJ,1024644,db x-trackers MSCI Japan UCITS DR 2D,,
XSPS,45557,db x-trackers S&P 500 Inverse Daily UCITS 1C,,
XBCU,45671,db x-trackers DBLCI - OY Balanced UCITS 2C,,
XCX5,45586,db x-trackers MSCI India UCITS 1C,,
XMEM,37517,db x-trackers MSCI Emerging Markets UCITS,,
XDUK,997708,db x-trackers FTSE 100 UCITS DR 1C,,
XCX6,45587,db x-trackers MSCI China UCITS DR 1C,,
DBXGSI,1013269,db x-trackers II Global Government Bond UCITS DR 3C,,
XDPGD,956278,db x-trackers S&P 500 UCITS,,
XUFN,1052284,db x-trackers MSCI USA Financials UCITS DR,,
XSPX,45535,db x-trackers S&P 500 UCITS 1C,,
XGSG,38525,db x-trackers II Global Sovereign GBP UCITS,,
XMBR,45589,db x-trackers MSCI Brazil UCITS DR 1C,,
XD5D,956286,db x-trackers MSCI EMU UCITS USD,,
XS7R,45599,db x-trackers STOXX Europe 600 Banks UCITS,,
XMEX,45573,db x-trackers MSCI Mexico UCITS DR 1C,,
XCX3,45585,db x-trackers MSCI Malaysia UCITS DR 1C,,
XMAF,45591,db x-trackers MSCI Africa Top 50 UCITS,,
XXSC,45606,db x-trackers MSCI Europe Small Cap UCITS DR 1C,,
XRMU,956263,db x-trackers Russell Midcap UCITS,,
XDWT,1009142,db x-trackers MSCI World Information Technology UCITS DR 1C,,
XCHA,45662,db x-trackers CSI300 UCITS 1C,,
XASX,45729,db x-trackers FTSE All-Share UCITS DR,,
XMID,45590,db x-trackers MSCI Indonesia UCITS 1C,,
XDEW,1024369,db x-trackers S&P 500 Equal Weight UCITS DR 1C,,
DR,47637,db x-trackers Euro Stoxx 50 UCITS,,
XFEW,997707,db x-trackers FTSE 100 Equal Weight UCITS DR 1D,,
XMRC,45594,db x-trackers MSCI Russia Capped UCITS 1C,,
XUT3,976556,db x-trackers II iBoxx US Treasuries 1-3 UCITS,,
XGIG,38521,db x-trackers II iBoxx Global Inflation-Linked UCITS 3D Hedged,,
XS6R,1009140,db x-trackers STOXX Europe 600 Utilities UCITS,,
XKS2,45520,db x-trackers MSCI Korea UCITS DR,,
XGSD,45623,db x-trackers STOXX Global Select Dividend 100 UCITS 1D,,
XDJP,997942,db x-trackers Nikkei 225 UCITS DR,,
XAXJ,45584,db x-trackers MSCI AC Asia Ex Japan UCITS,,
XDNY,956259,db x-trackers JPX-Nikkei 400 UCITS,,
XS2D,45538,db x-trackers S&P 500 2x Leveraged Daily UCITS 1C,,
XAUS,45583,db x-trackers S&P/ASX 200 UCITS DR 1C,,
XDWC,1014020,db x-trackers MSCI World Consumer Discretionary UCITS DR 1C,,
XNIF,45519,db x-trackers Nifty 50 UCITS,,
XUHC,1052285,db x-trackers MSCI USA Health Care UCITS DR,,
XMCX,45728,db x-trackers FTSE 250 UCITS DR,,
XMUS,37535,db x-trackers MSCI USA UCITS 1C,,
XD5E,1024642,db x-trackers MSCI EMU UCITS DR,,
XSSX,47643,db x-trackers Euro Stoxx 50 Short Daily UCITS 1C,,
XNID,1010585,db x-trackers Nifty 50 UCITS,,
XFVT,45521,db x-trackers FTSE Vietnam UCITS 1C,,
XSTR,45525,db x-trackers II Sterling Cash UCITS,,
XESX,37500,db x-trackers Euro Stoxx 50 UCITS DR 1D,,
XLPE,45588,db x-trackers LPX MM Private Equity UCITS,,
XX25,37479,db x-trackers FTSE China 50 UCITS DR,,
XDNG,956258,db x-trackers JPX-Nikkei 400 UCITS,,
XSDX,45603,db x-trackers ShortDAX Daily UCITS 1C,,
XRSU,956276,db x-trackers Russell 2000 UCITS GBP,,
XSDR,45602,db x-trackers STOXX Europe 600 Health Care UCITS,,
XDDX,998418,db x-trackers DAX UCITS DR Income 1D,,
XBGG,1024627,db x-trackers II Barclays Global Aggregate Bond UCITS 3D,,
XSGI,45555,db x-trackers S&P Global Infrastructure UCITS 1C,,
XLDX,45574,db x-trackers LevDAX Daily UCITS 1C,,
XRSG,956279,db x-trackers Russell 2000 UCITS GBP,,
XUTD,976557,db x-trackers II iBoxx US Treasuries UCITS,,
XSX6,45605,db x-trackers STOXX Europe 600 UCITS DR 1C,,
XCAD,45572,db x-trackers MSCI Canada UCITS 1C,,
XSPR,45604,db x-trackers STOXX Europe 600 Basic Resources UCITS,,
XMJP,37484,db x-trackers MSCI Japan UCITS 1C DR,,
XDWH,986858,db x-trackers MSCI World Health Care UCITS 1C,,
XMJG,1024645,db x-trackers MSCI Japan UCITS DR 6C,,
XG7S,1024690,db x-trackers II Global Sovereign EUR UCITS 5C,,
XUEN,1052283,db x-trackers MSCI USA Energy UCITS DR,,
XDEX,956287,db x-trackers FTSE All-World ex UK UCITS,,
XMAS,942317,db x-trackers MSCI EM Asia UCITS 1C,,
XUHY,1067164,Xtrackers USD High Yield Corporate Bond UCITS,,
XDWS,1055034,db x-trackers MSCI World Consumer Staples UCITS DR 1C,,
XDBG,38517,db x-trackers DBLCI - OY Balanced UCITS 3C,,
XS8R,45601,db x-trackers STOXX Europe 600 Tech UCITS,,
XD5F,1009138,db x-trackers Euro Stoxx 50 ex Financials UCITS DR 1D,,
XSKR,45556,db x-trackers STOXX Europe 600 Telecom UCITS,,
XSER,1009139,db x-trackers STOXX Europe 600 Oil & Gas UCITS,,
XDNU,1024411,db x-trackers JPX-Nikkei 400 UCITS DR 4C,,
XS3R,45598,db x-trackers STOXX Europe 600 Food & Beverage UCITS,,
XSNR,1009141,db x-trackers STOXX Europe 600 Industrial Goods UCITS,,
XUIT,1024635,db x-trackers II iBoxx $ Treasuries Inflation-Linked UCITS DR 1D,,
XG7U,1024634,db x-trackers II Global Inflation-Linked UCITS 2C,,
XMEU,37501,db x-trackers MSCI Europe UCITS DR,,
ROBE,949263,ROBO-STOX Global Robotics and Automation GO UCITS,,
ROBE,949263,ROBO-STOX Global Robotics and Automation GO UCITS,,
WEAT,37447,ETFS Wheat,,
CRUD,38335,ETFS WTI Crude Oil,,
USPY,1024534,Solutions Ise Cyber Security Go UCITS,,
AIGE,38318,ETFS Energy,,
PUS5,1024599,ETFS 5x Short USD Long GBP ETC,,
SUK2,45732,ETFX FTSE 100 Super Short Strategy 2x GBP,,
UK3S,951488,ETFS 3x Daily Short FTSE 100,,
CORN,37443,ETFS Corn,,
NGAS,45707,ETFS Natural Gas,,
ISPY,962082,Solutions Ise Cyber Security Go UCITS,,
AIGI,37460,ETFS Industrial Metals,,
AIGO,37454,ETFS Petroleum,,
DES2,998415,ETFS DAX Daily 2x Short GO UCITS,,
DS2P,998417,ETFS DAX Daily 2x Short GO UCITS,,
AIGP,38319,ETFS Precious Metals,,
LCFE,38433,ETFS Leveraged Coffee ETC,,
AIGA,37442,ETFS Agriculture,,
GBSP,1024594,ETFS GBP Daily Hedged Physical Gold,,
PHSP,1062610,ETFS Physical Silver,,
LLEA,45702,ETFS Leveraged Lead ETC,,
NICK,37462,ETFS Nickel,,
UK3L,951487,ETFS 3x Daily Long FTSE 100,,
COMF,949241,ETFX Longer Dated All Commodities GO UCITS,,
PHGP,1062609,ETFS Physical Gold,,
OILB,37450,ETFS Brent Oil 1 Month USD,,
LCOR,38436,ETFS Leveraged Corn ETC,,
COPA,37456,ETFS Copper,,
SGBS,45530,ETFS Physical Swiss Gold,,
COFF,45665,ETFS Coffee,,
SLVR,37465,ETFS Silver,,
MLPI,1024370,ETFS US Energy Infrastructure MLP GO UCITS,,
BULL,45527,ETFS Gold,,
LOIL,38444,ETFS Leveraged WTI Crude Oil,,
SOYO,37446,ETFS Soybean Oil,,
ZINC,37466,ETFS Zinc,,
LSIL,38449,ETFS Leveraged Silver ETC,,
SLEA,46206,ETFS Short Lead,,
COCO,1024577,ETFS Cocoa,,
PHAG,45716,ETFS Physical Silver,,
PCRD,45669,ETFS Hedged WTI Crude Oil,,
GBSx,45692,ETFS Gold Bullion Securities,,
SNIK,38484,ETFS Short Nickel,,
AUCO,45626,ETFX DAXGlobal Gold Mining GO UCITS,,
LEED,38438,ETFS Lead,,
AGAP,1024363,ETFS Agriculture,,
SUGA,38487,ETFS Sugar,,
AUCOP,998413,ETFX DAXGlobal Gold Mining GO UCITS,,
LPLA,38445,ETFS Leveraged Platinum ETC,,
LCOP,38435,ETFS Leveraged Copper ETC,,
PBRT,1024592,ETFS GBP Daily Hedged Brent Crude Oil,,
AIGC,37449,ETFS All Commodities,,
SOYB,46083,ETFS Soybeans,,
LUK2,45731,ETFX FTSE 100 Leveraged 2X,,
GRNS,38367,ETFS Grains,,
COTNC,47453,ETFS Cotton,,
SOIL,45668,ETFS WTI Short Crude Oil,,
BATG,1061951,ETFS Battery Value Chain GO UCITS,,
LCOC,38434,ETFS Leveraged Cocoa ETC,,
BRNT,38324,ETFS Commodity Securities Brent Crude,,
ALMN,37455,ETFS Aluminium,,
LUSB,1024582,ETFS Bullish USD vs G10 Currency Basket Securities,,
SCOC,38477,ETFS Short Cocoa,,
RTWO,45753,ETFX Russell 2000 US Small CAP GO UCITS,,
LBUL,38432,ETFS Leveraged Gold ETC,,
LNGA,45706,ETFS Leveraged Natural Gas,,
LAU3,38429,ETFS 3x Long AUD Short USD,,
LLHO,45703,ETFS Leveraged Lean Hogs ETC,,
SCTON,45611,ETFS Commodity Securities Cotton,,
PHPT,37464,ETFS Physical Platinum,,
LEU3,38439,ETFS 3X Long EUR Short USD,,
BATT,1061950,ETFS Battery Value Chain GO UCITS,,
LWEA,45773,ETFS Leveraged Wheat,,
PHAU,44511,ETFS Physical Gold,,
SEU3,38478,ETFS 3x Short EUR Long USD,,
SYP3,45685,ETFS 3x Short JPY Long GBP,,
SAU3,38475,ETFS 3x Short AUD Long USD,,
PHPD,45710,ETFS Physical Palladium,,
DL2P,998416,ETFX DAX Daily 2x Long GO UCITS,,
COGG,956283,ETFS Lombard Odier IM Global Government Bond Fundamental GO UCITS,,
USP5,1024598,ETFS 5x Long USD Short GBP ETC,,
LSOB,46164,ETFS Leveraged Soybeans ETC,,
LSFT,38448,ETFS Leveraged Softs DJ UBSCI ETC,,
USD2,1024591,ETFS Short GBP Long USD,,
PIMT,1024589,ETFS GBP Daily Hedged Industrial Metals,,
SIME,46205,ETFS Short Industrial Metals DJ UBSCI,,
LZIC,45774,ETFS Leveraged Zinc ETC,,
SPLA,46210,ETFS Short Platinum,,
SJP3,45772,ETFS 3x Short JPY Long USD,,
SAGRA,45940,ETFS Short Agriculture,,
SALL,46199,ETFS Short All Commodities DJ UBSCI,,
SGAS,46203,ETFS Short Gasoline,,
SGRA,46204,ETFS Short Grains DJ UBSCI,,
AIGL,47450,ETFS Livestock,,
PBUL,1024580,ETFS GBP Daily Hedged Gold,,
JPP3,1024581,ETFS 3x Long JPY Short GBP,,
USP3,1024583,ETFS 3x Long USD Short GBP,,
LJP3,1024584,ETFS 3x Long JPY Short USD,,
LGAS,1024576,ETFS Leveraged Gasoline ETC,,
SWEA,1024575,ETFS Short Wheat,,
3AUS,1024479,ETFS 3x Daily Short Gold Exchange Traded Commodity,,
LOCL,1024426,ETFS Lombard Odier IM Emerging Market Local Government Bond Fundamental GO UCITS,,
SSIL,1024574,ETFS Short Silver,,
PUS3,1024586,ETFS 3x Short USD Long GBP,,
GBPP,1024590,ETFS Long GBP Short USD,,
SSOB,47441,ETFS Short Soybeans,,
STIM,46214,ETFS Short Tin,,
SSUG,46213,ETFS Short Sugar,,
SCOM,1024596,ETFS Bullish USD vs Commodity Currency Basket Securities,,
PCOP,1024593,ETFS GBP Daily Hedged Copper,,
AIGS,47451,ETFS Softs,,
SERO,942307,ETFS Short EUR Long USD,,
UGAS,47467,ETFS Gasoline,,
GRAF,47464,ETFS Forward Grains DJ UBSCI F3,,
SUP5,1024597,ETFS 5x Short EUR Long GBP ETC,,
SPMT,45625,ETFS Short Precious Metals DJ UBSCI,,
HOGS,38380,ETFS Lean Hogs,,
LAGR,38427,ETFS Leveraged Agriculture,,
HEAT,38371,ETFS Heating Oil,,
GBUR,38365,ETFS Long EUR Short GBP,,
GBCA,38362,ETFS Long CAD Short GBP,,
GBCH,38363,ETFS Long CHF Short GBP,,
LALL,38428,ETFS Leveraged All Commodities DJ UBSCI ETC,,
LAUD,38430,ETFS Long AUD Short USD,,
LNRG,38443,ETFS Leveraged Energy DJ UBSCI ETC,,
LPMT,38446,ETFS Leveraged Precious Metals DJ UBSCI ETC,,
LHEA,38441,ETFS Leveraged Heating Oil ETC,,
LGRA,38440,ETFS Leveraged Grains DJ UBSCI ETC,,
LBRT,38431,ETFS Leveraged Brent Crude,,
LCTO,38437,ETFS Leveraged Cotton ETC,,
FCRU,38360,ETFS Forward WTI Crude Oil,,
FBRT,38359,ETFS Longer Dated Brent Crude,,
AUGB,37468,ETFS Short AUD Long GBP,,
AIGX,38320,ETFS Ex-Energy,,
GBAU,37467,ETFS Long AUD Short GBP,,
PHPM,37461,ETFS Physical PM Basket,,
CATL,37444,ETFS Live Cattle,,
SNRG,37452,ETFS Short Energy DJ UBSCI,,
AUP3,38322,ETFS 3x Long AUD Short GBP,,
CAGB,38325,ETFS Short CAD Long GBP,,
FAGR,38357,ETFS Forward Agriculture DJ UBSCI F3,,
FAIG,38358,ETFS Forward All Commodities DJ UBSCI F3,,
EURP,38356,ETFS Long EUR Short USD,,
EUP3,38355,ETFS 3x Long EUR Short GBP,,
CHGB,38329,ETFS Short CHF Long GBP,,
LSUG,38450,ETFS Leveraged Sugar ETC,,
LSYO,38451,ETFS Leveraged Soybean Oil ETC,,
GBUS,45686,ETFS Long USD Short GBP,,
SGBP,45687,ETFS Short GBP Long USD,,
SGB3,45684,ETFS 3x Short GBP Long USD,,
LGB3,45683,ETFS 3x Long GBP Short USD,,
ENEF,45624,ETFS Forward Energy DJ UBSCI F3,,
SEUP,45682,ETFS Short EUR Long USD,,
USGB,45688,ETFS Short USD Long GBP,,
DEL2,45689,ETFX DAX Daily 2x Long GO UCITS,,
LNIK,45708,ETFS Leveraged Nickel,,
PSVR,45717,ETFS Hedged Silver,,
NGAF,45705,ETFS Forward Natural Gas,,
JPGB,45701,ETFS Short JPY Long GBP,,
SBUL,45694,ETFS Short Gold,,
SBRT,45620,ETFS Short Brent Crude,,
OSB1,45619,ETFS Brent 1Yr USD,,
SLST,38481,ETFS Short Livestock DJ UBSCI,,
SNGA,38483,ETFS Short Natural Gas,,
SINR,38480,ETFS Short INR Long USD,,
SCNY,38476,ETFS Short CNY Long USD,,
OILW,38464,ETFS WTI 2Mth,,
SAP3,38474,ETFS 3X Short AUD Long GBP,,
SUP3,38488,ETFS 3x Short EUR Long GBP,,
TINM,38489,ETFS Tin,,
SSYO,45022,ETFS Short Soybean Oil,,
SCPR,45518,ETFs Copper,,
SPTO,38560,ETFS Daily Short Petroleum,,
SCRN,38558,ETFS Short Corn,,
URGB,38505,ETFS Short EUR Long GBP,,
LTIM,45723,ETFS Leveraged Tin ETC,,
FUQA,1013293,Fidelity US Quality Income Acc,,
FEQP,1056185,Fidelity Europe Quality Income UCITS Hedged Acc,,
FIFUSD,1013311,Fidelity US Quality Income Inc,,
FIFUSA,1013310,Fidelity US Quality Income Acc,,
FUSI,1013294,Fidelity US Quality Income Inc,,
FGQI,1013287,Fidelity Global Quality Income Inc,,
FGQD,1013274,Fidelity Global Quality Income Inc,,
BLOK,1073505,First Trust Indxx Innovative Transaction&Process,,
LEGR,1073496,First Trust Indxx Innovative Transaction&Process,,
UINC,1024573,First Trust US Equity Income UCITS Class A,,
FEXD,1024404,First Trust US Large Cap Core AlphaDEX UCITS Class B,,
FEX,1024720,First Trust US Large Cap Core AlphaDEX UCITS Class A,,
FEM,1024372,First Trust Emerging Markets AlphaDEX UCITS Class A,,
FEQD,1055061,Fidelity Europe Quality Income UCITS Acc,,
FTFYX,1013255,First Trust US Small Cap Core AlphaDEX UCITS Acc,,
HMCH,38373,HSBC MSCI China UCITS,,
HSPX,38382,HSBC S&P 500 UCITS,,
HMAD,997102,HSBC MSCI AC Far East ex Japan UCITS,,
HMEU,38374,HSBC MSCI EUROPE UCITS,,
HMCX,45736,HSBC FTSE 250 UCITS,,
HTRY,38383,HSBC MSCI Turkey UCITS,,
HMEF,45675,HSBC MSCI Emerging Markets UCITS,,
H50E,45627,HSBC EURO STOXX 50 UCITS,,
HMLA,38377,HSBC MSCI EM Latin America UCITS,,
HMWO,38379,HSBC MSCI World UCITS,,
HMBR,38372,HSBC MSCI Brazil UCITS,,
HMXJ,45628,HSBC MSCI Pacific ex Japan UCITS,,
HUKX,45735,HSBC FTSE 100 UCITS,,
HMJP,38376,HSBC MSCI Japan UCITS,,
HMFE,38375,HSBC MSCI EM Far East UCITS,,
HCAD,45533,HSBC MSCI Canada UCITS,,
HIDRI,37483,HSBC MSCI Indonesia UCITS,,
HMEX,45704,HSBC MSCI Mexico Capped UCITS,,
HPROP,38381,HSBC FTSE EPRA/NAREIT Developed UCITS,,
HRUD,1024341,HSBC MSCI Russia Capped UCITS,,
HCAN,38370,HSBC MSCI Canada UCITS,,
HMUS,38378,HSBC MSCI USA UCITS,,
HKOR,45718,HSBC MSCI Korea UCITS,,
ISF,38414,iShares Core FTSE 100 UCITS,,
LQDE,38447,iShares Corporate Bond UCITS,,
IDTL,956296,iShares Treasury Bond 20+ UCITS,,
IBTA,1013315,iShares $ Treasury Bond 1-3 UCITS Acc,,
IDEM,995489,iShares MSCI Emerging Markets UCITS Dist,,
TIP5,1013296,iShares $ TIPS 0-5 UCITS Dist Share Class,,
IUFS,995686,iShares S&P 500 USD Financials Sector UCITS,,
ISIJPA,45699,iShares Core MSCI Japan IMI UCITS,,
IUIT,995679,iShares S&P 500 USD Information Technology Sector UCITS,,
IGLT,38403,iShares Core UK Gilts UCITS,,
IWDA,38423,iShares Core MSCI World UCITS,,
IWVL,995641,iShares MSCI World Value Factor UCITS,,
ISMIDD,45738,iShares FTSE 250 UCITS,,
ISIUES,995681,iShares S&P 500 USD Energy Sector UCITS,,
SUSM,995700,iShares Sustainable MSCI Emerging Markets SRI UCITS,,
RBOT,1009406,iShares Automation & Robotics UCITS Acc,,
EIMI,949261,iShares Core MSCI Emerging Markets IMI UCITS,,
IEMB,38396,iShares J.P. Morgan Emerging Market Bond UCITS,,
SGLN,1024362,iShares Physical Gold,,
IDUS,949235,iShares S&P 500 UCITS Dist,,
IUKP,38421,iShares UK Property UCITS,,
IGLN,45695,iShares Physical Gold,,
MVOL,995661,iShares Edge MSCI World Minimum Volatility UCITS,,
IBZL,38388,iShares MSCI Brazil UCITS Dist,,
IDFF,995420,iShares MSCI AC Far East ex-Japan UCITS,,
EUXS,956280,iShares MSCI Europe Ex UK GBP,,
SUJP,1011896,iShares MSCI Japan SRI UCITS Acc Share Class,,
SDIA,1013252,iShares $ Short Duration Corp Bond UCITS Acc,,
CSPX,38340,iShares Core S&P 500 UCITS,,
SX7EEX,995585,iShares EURO STOXX Banks 30-15 UCITS,,
IUHC,995683,iShares S&P 500 USD Health Care Sector UCITS,,
IUSEA,45761,iShares S&P 500 EUR Hedged UCITS,,
JPEA,1013338,iShares J.P. Morgan $ Emerging Markets Bond UCITS Acc,,
IWDP,38425,iShares Developed Markets Property Yield UCITS,,
IITU,995678,iShares S&P 500 USD Information Technology Sector UCITS,,
AGGH,1056183,iShares Global Aggregate Bond UCITS Hedged Acc,,
IAUP,995592,iShares S&P Gold Producers UCITS,,
IHYG,38405,iShares Euro High Yield Corporate Bond UCITS,,
IHYA,1013261,iShares $ High Yield Corp Bond UCITS Acc Share Class,,
EMUU,995465,iShares MSCI EMU USD Hedged UCITS,,
HEAL,1009018,iShares Healthcare Innovation UCITS Acc,,
IUKD,45559,iShares UK Dividend UCITS,,
IEAM,45679,iShares MSCI Emerging Markets UCITS,,
DGTL,1024542,iShares Digitalisation UCITS Acc,,
CPXJ,949242,iShares Core MSCI Pacific ex Japan UCITS,,
IHCU,995682,iShares S&P 500 USD Health Care Sector UCITS,,
IOGP,995589,iShares S&P Commodity Producers Oil and Gas UCITS,,
ISAG,45658,iShares Agribusiness UCITS,,
EMIM,995743,iShares Core MSCI Emerging Markets IMI UCITS,,
IJPU,995430,iShares MSCI Japan UCITS Dist,,
IWMO,995633,iShares MSCI World Momentum Factor UCITS,,
IUSA,45759,iShares S&P 500 UCITS Dist,,
SUJA,1011884,iShares MSCI Japan SRI UCITS Acc Share Class,,
IEVL,995627,iShares MSCI Europe Value Factor UCITS,,
IHYU,45757,iShares High Yield Corporate Bond UCITS,,
IDTM,995436,iShares Treasury Bond 7-10 UCITS,,
CBU7,995478,iShares $ Treasury Bond 3-7Yr UCITS Acc,,
SWDA,995447,iShares Core MSCI World UCITS,,
SJPA,995548,iShares Core MSCI Japan IMI UCITS,,
CBE3,37432,iShares Government Bond 1-3 UCITS,,
DJSC,45633,iShares EURO STOXX Small UCITS,,
EMBE,980291,iShares J.P. Morgan Emerging Markets Bond EUR Hedged UCITS,,
IDWP,995450,iShares Developed Markets Property Yield UCITS,,
AGGG,1055839,iShares Global Aggregate Bond UCITS Dist,,
RBTX,1009407,iShares Automation & Robotics UCITS Acc,,
UIFS,995685,iShares S&P 500 USD Financials Sector UCITS,,
IGLO,45629,iShares Global Government Bond UCITS,,
IEEM,45510,iShares MSCI Emerging Markets UCITS Dist,,
EUE,37499,iShares EURO STOXX 50 UCITS Dist,,
CSX5,38345,iShares CoreO STOXX 50 UCITS,,
TP05,1013289,iShares $ TIPS 0-5 UCITS Dist Share Class,,
AGED,1024540,iShares Ageing Population UCITS Acc,,
BACK,956295,iShares US Equity Buyback Achievers UCITS,,
AGGU,1055841,iShares Global Aggregate Bond UCITS Hedged Acc,,
IDP6,995493,iShares S&P Small Cap 600 UCITS,,
IJPE,38407,iShares MSCI Japan EUR Hedged UCITS,,
INRG,45642,iShares Global Clean Energy UCITS,,
IBCX,45636,iShares Euro Corporate Bond Large Cap UCITS,,
SPOGO,995587,iShares S&P Commodity Producers Oil and Gas UCITS,,
IRCP,45639,iShares Euro Corporate Bond Interest Rate Hedged UCITS,,
IJPN,38408,iShares MSCI Japan UCITS Dist,,
IEXF,45638,iShares Euro Corporate Bond ex-Financials UCITS,,
IUVL,1024375,iShares Edge MSCI USA Value Factor UCITS,,
DRDR,1009017,iShares Healthcare Innovation UCITS Acc,,
IEFV,956294,iShares MSCI Europe Value Factor UCITS,,
IUCS,1013276,iShares S&P 500 Consumer Staples Sector UCITS Acc,,
IAEX,995378,iShares AEX UCITS,,
ISEUMD,1030961,iShares MSCI Europe Mid Cap UCITS Acc,,
GDAXIEX,45526,iShares Core DAX UCITS,,
IJPH,45700,iShares MSCI Japan GBP Hedged UCITS,,
CRPH,995657,iShares Global Corporate Bond EUR Hedged UCITS,,
IEAC,38391,iShares Core Corporate Bond UCITS,,
SDIG,995645,iShares USD Short Duration Corp Bond UCITS,,
SEMB,995415,iShares J.P. Morgan Emerging Market Bond UCITS,,
IBTL,995621,iShares Treasury Bond 20+ UCITS,,
IDTP,995440,iShares TIPS UCITS,,
TASE,995691,iShares TA-25 Israel UCITS,,
IDKO,995431,iShares MSCI Korea UCITS Dist,,
DLTM,995456,iShares MSCI Emerging Market Latin America UCITS,,
ISLQDA,1013288,iShares $ Corp Bond UCITS Acc Share Class,,
ISEMMV,995631,iShares MSCI Emerging Markets Minimum Volatility UCITS,,
IUAG,38420,iShares US Aggregate Bond UCITS,,
IEUX,38398,iShares MSCI Europe ex-UK UCITS,,
IAUS,45516,iShares MSCI Australia UCITS,,
ISEMCR,38347,iShares $ Emerging Markets Corporate Bond UCITS,,
IDVY,45632,iShares EURO Dividend UCITS,,
SMEA,995531,iShares MSCIope UCITS,,
IUAA,1013316,iShares US Aggregate Bond UCITS Acc,,
ISFE,38415,iShares MSCI AC Far East ex-Japan Small Cap UCITS,,
IAPD,38384,iShares Asia Pacific Dividend UCITS,,
IESP,45721,iShares Spain Government Bond UCITS,,
IWFM,995632,iShares MSCI World Momentum Factor UCITS,,
ISMINV,995659,iShares Edge MSCI World Minimum Volatility UCITS,,
IDBZ,995405,iShares MSCI Brazil UCITS Dist,,
IE15,38390,iShares Euro Corporate Bond 1-5Yr UCITS,,
IMIB,45697,iShares FTSE MIB UCITS Dist,,
IEBB,956277,iShares Corporate Bond BBB-BB UCITS,,
CS51,995395,iShares CoreO STOXX 50 UCITS,,
STOXX50E,45579,iShares EURO STOXX 50 UCITS,,
IJPD,995353,iShares MSCI Japan Hedged UCITS,,
SLXX,38482,iShares Core GBP Corporate Bond UCITS,,
OMXS,1024376,iShares OMX Stockholm Capped UCITS,,
IDUP,995445,iShares US Property Yield UCITS,,
IPRV,45760,iShares Listed Private Equity UCITS,,
IEMO,995616,iShares Edge MSCIope Momentum Factor UCITS,,
IEGY,45558,iShares Government Bond 5-7 UCITS,,
IWFS,995638,iShares MSCI World Size Factor UCITS,,
SUSJ,995693,iShares Sustainable MSCI Japan SRI EUR Hedged UCITS,,
IEMI,38397,iShares Emerging Market Infrastructure UCITS,,
IDPE,995561,iShares Listed Private Equity UCITS,,
SPOL,995742,iShares MSCI Poland UCITS,,
IPRP,38413,iShares European Property Yield UCITS,,
IGSG,45544,iShares Dow Jones Global Sustainability Screened UCITS,,
IFFF,38399,iShares MSCI AC Far East ex-Japan UCITS,,
CRU1,995391,iShares MSCI Russia ADR/GDR UCITS,,
ERND,995647,iShares USD Ultrashort Bond UCITS,,
IBTS,38387,iShares Treasury Bond 1-3 UCITS,,
IEAG,38392,iShares Aggregate Bond UCITS,,
CSRU,38341,iShares MSCI Russia ADR/GDR UCITS,,
SEMA,995543,iShares MSCI Emerging Markets UCITS,,
IGUS,45762,iShares S&P 500 GBP Hedged UCITS,,
ITKY,45725,iShares MSCI Turkey UCITS,,
EMUM,949254,iShares MSCI EMU Mid Cap UCITS,,
IUUS,1013263,iShares S&P 500 Utilities Sector UCITS Acc,,
E20Y,995626,iShares EUR Government Bond 20 Target Duration UCITS EUR,,
HYLD,45644,iShares Global High Yield Corporate Bond UCITS,,
ISMVUS,995672,iShares Edge S&P 500 Minimum Volatility UCITS,,
CORP,995519,iShares Global Corporate Bond UCITS,,
ERNS,995364,iShares GBP Ultrashort Bond UCITS GBP,,
MVEU,995656,iShares Edge MSCI Europe Min Volatility UCITS,,
ISEMV,995629,iShares MSCI Emerging Markets Minimum Volatility UCITS,,
IGHY,942306,iShares Global High Yield Corporate Bond UCITS,,
ISJP,45543,iShares MSCI Japan Small Cap UCITS Dist,,
IESE,995598,iShares Dow Jones Europe Sustainability Screened UCITS,,
IESG,995597,iShares Dow Jones Europe Sustainability Screened UCITS,,
INFR,45646,iShares Global Infrastructure UCITS,,
IITB,38406,iShares Italy Government Bond UCITS,,
LTAM,38452,iShares MSCI Emerging Market Latin America UCITS,,
ISTB,38416,iShares Treasury Bond 7-10 UCITS,,
EUCF,995666,iShares Euro Corporate Bond Financials UCITS,,
CPJ1,995569,iShares Core MSCI Pacific ex Japan UCITS,,
IUMS,1013262,iShares S&P 500 Materials Sector UCITS Acc,,
ISSPMV,995674,iShares Edge S&P 500 Minimum Volatility UCITS,,
IDFX,995487,iShares China Large Cap UCITS,,
ISACI,45653,iShares MSCI ACWI UCITS,,
DJMC,45631,iShares EURO STOXX Mid UCITS,,
WOODT,38515,iShares Global Timber & Forestry UCITS,,
ERNE,995611,iShares Euro Ultrashort Bond UCITS,,
RISE,995697,iShares Fallen Angels High Yield Corporate Bond UCITS,,
IGIL,45645,iShares Global Inflation Linked Government Bond UCITS,,
IFSE,980289,iShares Edge MSCI Europe Multifactor UCITS,,
IDEE,995528,iShares MSCI Easternope Capped UCITS,,
CBE7,995482,iShares Euro Government Bond 3-7Yr UCITS Acc,,
MDAXIEX,995472,iShares MDAX UCITS DE,,
CJPU,995388,iShares MSCI Japan UCITS Acc,,
IDBT,995403,iShares Treasury Bond 1-3 UCITS,,
DH2O,995424,iShares Global Water UCITS,,
IWDE,38424,iShares MSCI World EUR Hedged UCITS,,
ISIUSU,1013284,iShares S&P 500 Utilities Sector UCITS Acc,,
ISDE,995545,iShares MSCI Emerging Markets Islamic UCITS,,
IWRD,38426,iShares MSCI World UCITS,,
ISWING,995698,iShares Fallen Angels High Yield Corporate Bond UCITS,,
IMBS,995695,iShares US Mortgage Backed Securities UCITS,,
CRPS,45643,iShares Global Corporate Bond UCITS,,
UKRE,956275,iShares MSCI Target UK Real Estate UCITS,,
GHYS,995337,iShares Global High Yield Corporate Bond GBP Hedged UCITS GBP,,
IKOR,38409,iShares MSCI Korea UCITS Dist,,
SUSE,995689,iShares Euro Corporate Bond Sustainability Screened 0-3yr UCITS,,
BRIC,38323,iShares BRIC 50 UCITS,,
ITWN,45722,iShares MSCI Taiwan UCITS,,
CSKR,995578,iShares MSCI Korea UCITS Acc,,
FSUS,980286,iShares Edge MSCI USA Multifactor UCITS,,
IEMS,45678,iShares MSCI Emerging Market Small Cap UCITS,,
IWSZ,995639,iShares MSCI World Size Factor UCITS,,
IEAA,1052286,iShares Core EUR Corp Bond UCITS Acc,,
CNX1,995556,iShares NASDAQ 100 UCITS,,
FXC,44517,iShares China Large Cap UCITS,,
ISP6,45512,iShares S&P Small Cap 600 UCITS,,
IDIN,995525,iShares Global Infrastructure UCITS,,
IGWD,45652,iShares MSCI World GBP Hedged UCITS,,
ITPS,38419,iShares TIPS UCITS,,
CUKX,37511,iShares FTSE 100 UCITS Acc,,
CEMA,38326,iShares MSCI Emerging Market Asia UCITS,,
IASP,37477,iShares Asia Property Yield UCITS,,
CNDX,45750,iShares NASDAQ 100 UCITS,,
IFSW,980287,iShares Edge MSCI World Multifactor UCITS,,
IUSP,38422,iShares US Property Yield UCITS,,
FSWD,980288,iShares Edge MSCI World Multifactor UCITS,,
ISWD,38418,iShares MSCI World Islamic UCITS,,
CU71,995477,iShares $ Treasury Bond 3-7Yr UCITS Acc,,
IEGA,38393,iShares Core Government Bond UCITS,,
HDIQ,995675,iShares MSCI USA Dividend IQ UCITS,,
SDHY,951486,iShares $ Short DurationHigh Yield Corporate Bond UCITS,,
CBU3,45551,iShares $ Treasury Bond 1-3Yr UCITS Acc,,
SGLO,995506,iShares Global Government Bond UCITS,,
IH2O,38404,iShares Global Water UCITS,,
CSP1,995389,iShares Core S&P 500 UCITS,,
ISDU,995438,iShares MSCI USA Islamic UCITS,,
IBGX,995595,iShares Euro Government Bond 3-5Yr UCITS,,
IDWR,995452,iShares MSCI World UCITS,,
ISUS,38417,iShares MSCI USA Islamic UCITS,,
ISISX5,1009143,iShares CoreO STOXX 50 UCITS,,
SRSA,995564,iShares MSCI South Africa UCITS,,
IMV,995654,iShares Edge MSCI Europe Min Volatility UCITS,,
IDAP,995398,iShares Asia Pacific Dividend UCITS,,
IGSD,995643,iShares USD Short Duration Corp Bond UCITS,,
AGPH,1056184,iShares Global Aggregate Bond UCITS Hedged Dist,,
CEU0,38328,iShares MSCI EMU UCITS,,
IPXJ,45511,iShares MSCI Pacific ex-Japan UCITS,,
IMEU,45649,iShares MSCI Europe UCITS Dist,,
EEMB,995417,iShares J.P. Morgan Emerging Market Bond UCITS,,
CMXC0,45568,iShares MSCI Mexico Capped UCITS,,
SPGPG,995590,iShares S&P Gold Producers UCITS,,
INAA,45651,iShares MSCI North America UCITS,,
SHYG,995426,iShares Euro High Yield Corporate Bond UCITS,,
CSUS,38343,iShares MSCI USA UCITS,,
CUKS,45548,iShares MSCI UK Small Cap UCITS,,
CCAU,995575,iShares MSCI Canada UCITS,,
IDNA,995532,iShares MSCI North America UCITS,,
SGIL,995522,iShares Global Inflation Linked Government Bond UCITS,,
IDTK,995551,iShares MSCI Turkey UCITS,,
SX7PEX,995461,iShares STOXX Europe 600 Banks UCITS,,
IEX5,45637,iShares Corporate Bond ex-Financials 1-5 UCITS,,
CSJP,38339,iShares MSCI Japan UCITS Acc,,
IEFM,956288,iShares Edge MSCIope Momentum Factor UCITS,,
EIMU,1073059,iShares Core MSCI EM IMI UCITS ETF USD Dist,,
CEU1,995383,iShares MSCI EMU UCITS,,
EXFN,949257,iShares EURO STOXX 50 ex-Financials UCITS,,
ISDW,995439,iShares MSCI World Islamic UCITS,,
IGEA,995584,iShares Emerging Asia Local Government Bond UCITS,,
IEGX,995596,iShares Euro Government Bond 3-5Yr UCITS,,
DBRC,995379,iShares BRIC 50 UCITS,,
IEBC,995408,iShares Core Corporate Bond UCITS,,
IWFV,995640,iShares MSCI World Value Factor UCITS,,
SHYU,995558,iShares High Yield Corporate Bond UCITS,,
CEA1,995381,iShares MSCI Emerging Market Asia UCITS,,
ERNU,995646,iShares USD Ultrashort Bond UCITS,,
IPLD,38412,iShares MSCI Poland UCITS,,
CIND,45749,iShares Dow Jones Industrial Average UCITS,,
CMB1,995385,iShares FTSE MIB UCITS,,
IWFQ,995635,iShares MSCI World Quality Factor UCITS,,
CEMG,995670,iShares MSCI Emerging Markets Consumer Growth UCITS,,
SPAGA,942316,iShares Agribusiness UCITS,,
IBCI,38385,iShares Inflation Linked Government Bond UCITS,,
IBGM,995414,iShareso Government Bond 7-10 UCITS,,
STOXXIEX,45522,iShares STOXX Europe 600 UCITS,,
CES1,995496,iShares MSCI EMU Small Cap UCITS,,
CSCA,995574,iShares MSCI Canada UCITS,,
IDJV,45634,iShares EURO Total Market Value Large UCITS,,
CSBR,995572,iShares MSCI Brazil UCITS Acc,,
IEGL,995594,iShares Euro Government Bond 15-30Yr UCITS,,
IWQU,995636,iShares MSCI World Quality Factor UCITS,,
CSUK,37510,iShares MSCI UK UCITS,,
EEXF,995515,iShares Euro Corporate Bond ex-Financials UCITS,,
IDEU,45690,iShares Germany Government Bond UCITS,,
SAAA,45670,iShares Global AAA-AA Government Bond UCITS,,
IBGL,995593,iShares Euro Government Bond 15-30Yr UCITS,,
CMX1,995502,iShares MSCI Mexico Capped UCITS,,
IDTW,995549,iShares MSCI Taiwan UCITS,,
IDJP,949236,iShares MSCI Japan Small Cap UCITS Dist,,
IEER,45648,iShares MSCI Easternope Capped UCITS,,
CUSS,45580,iShares MSCI USA Small Cap UCITS,,
ERN1,995609,iShares Euro Ultrashort Bond UCITS,,
IEGZ,995376,iShares Euro Government Bond 10-15yr UCITS ,,
EMCP,949244,iShares $ Emerging Markets Corporate Bond UCITS,,
EGIL,995524,iShares Global Inflation Linked Government Bond UCITS,,
ICOV,38389,iShares Covered Bond UCITS,,
SPDM,1024361,iShares Physical Palladium,,
SEGA,995412,iShares Core Government Bond UCITS,,
SPXJ,995491,iShares MSCI Pacific ex-Japan UCITS,,
IFSU,980285,iShares Edge MSCI USA Multifactor UCITS,,
SUSS,995688,iShares Euro Corporate Bond Sustainability Screened 0-3yr UCITS,,
USPR,956257,iShares MSCI Target US Real Estate UCITS,,
CUS1,995504,iShares MSCI USA Small Cap UCITS,,
SSAC,995534,iShares MSCI ACWI UCITS,,
CNKY,45698,iShares Nikkei 225 UCITS,,
LQDS,995454,iShares Corporate Bond UCITS,,
IISU,1013291,iShares S&P 500 Industrials Sector UCITS Acc,,
IMSU,1013292,iShares S&P 500 Materials Sector UCITS Acc,,
IMAE,45650,iShares MSCIope UCITS,,
Acc,1072345,iShares $ TIPS UCITS ETF EUR Hedged,,
CMIB,38331,iShares FTSE MIB UCITS,,
IEQD,1072256,iShares Edge MSCI Europe Quality Factor UCITS Dist,,
IPDM,45711,iShares Physical Palladium,,
IUIS,1013308,iShares S&P 500 Industrials Sector UCITS Acc,,
ICSU,1013275,iShares S&P 500 Consumer Staples Sector UCITS Acc,,
IWVG,1072255,iShares Edge MSCI World Value Factor UCITS ETF USD Dist,,
IEUR,45641,iShares FTSEurofirst 80 UCITS,,
ISHYEA,1054677,iShares Global High Yield Corp Bond UCITS Acc,,
SSLN,1024377,iShares Physical Silver,,
CEUS,45550,iShares MSCI EMU Small Cap UCITS,,
HYLA,1054676,iShares Global High Yield Corp Bond UCITS Acc,,
SAUS,949243,iShares MSCI Australia UCITS,,
IDJG,45630,iShares EURO Total Market Growth Large UCITS,,
EUN,45635,iShares STOXX Europe 50 UCITS,,
IEGM,38395,iShareso Government Bond 7-10 UCITS,,
IEUT,45640,iShares FTSEurofirst 100 UCITS,,
IGLA,1054690,iShares Global Govt Bond UCITS Acc,,
ISFD,1054679,iShares Core FTSE 100 UCITS USD Hedged Acc,,
IEGE,38394,iShares Government Bond 0-1 UCITS,,
ISFU,997709,iShares Core FTSE 100 UCITS,,
CU31,995498,iShares $ Treasury Bond 1-3Yr UCITS Acc,,
IBGY,995500,iShares Government Bond 5-7 UCITS,,
LQDH,995668,iShares Corporate Bond Interest Rate Hedged UCITS,,
QDIV,995676,iShares MSCI USA Dividend IQ UCITS,,
IGSU,995495,iShares Dow Jones Global Sustainability Screened UCITS,,
DJAIGEX,995467,iShares Diversified Commodity Swap UCITS DE,,
SCXPEX,995473,iShares STOXX Europe Small 200 UCITS,,
LQDG,995667,iShares Corporate Bond Interest Rate Hedged UCITS,,
IAAA,995662,iShares Global AAA-AA Government Bond UCITS,,
SGEA,995582,iShares Emerging Asia Local Government Bond UCITS,,
USRE,995613,iShares MSCI Target US Real Estate UCITS,,
IEFQ,995622,iShares Edge MSCIope Quality Factor UCITS,,
IRSA,995565,iShares MSCI South Africa UCITS,,
NK4E,995653,iShares JPX-Nikkei 400 EUR Hedged UCITS,,
SXOPEX,995463,iShares STOXX Europe 600 Construction & Materials UCITS,,
SUAG,995442,iShares US Aggregate Bond UCITS,,
FSEU,980290,iShares Edge MSCI Europe Multifactor UCITS,,
CE31,995366,iShares Government Bond 1-3 UCITS,,
IEQU,995623,iShares Edge MSCIope Quality Factor UCITS,,
IASH,956282,iShares MSCI China A UCITS USD,,
CNYA,956281,iShares MSCI China A UCITS USD,,
EMUL,949255,iShares MSCI EMU Large Cap UCITS,,
SDHG,949256,iShares $ Short DurationHigh Yield Corporate Bond UCITS,,
IDAR,995368,iShares Asia Property Yield UCITS,,
IBGZ,995375,iShares Euro Government Bond 10-15yr UCITS ,,
IBGE,995413,iShares Government Bond 0-1 UCITS,,
ISISRL,995690,iShares TA-25 Israel UCITS,,
SMBS,995694,iShares US Mortgage Backed Securities UCITS,,
SEAG,995410,iShares Aggregate Bond UCITS,,
CSU1,995393,iShares MSCI USA UCITS,,
ISIBC1,995401,iShares Inflation Linked Government Bond UCITS,,
IMBA,1013253,iShares US Mortgage Backed Securities UCITS Acc,,
JPFM,1055267,JPMorgan Ireland ICAV - Managed Futures UCITS USD acc,,
JLES,1055266,JPMorgan Ireland ICAV - Equity Long-Short UCITS USD acc,,
TIPH,1011925,Lyxor US TIPS DR UCITS Monthly Hedged D-GBP,,
JPXU,956265,Lyxor UCITS JPX-Nikkei 400 Daily USD,,
LSPU,45764,Lyxor UCITS S&P 500 D-USD,,
L100,45578,Lyxor UCITS FTSE 100 C-GBP,,
JPXX,956264,Lyxor UCITS JPX-Nikkei 400 Daily GBP,,
HSCEI,45664,Lyxor UCITS China Enterprise,,
Dow Jones Russia GDR,1024379,Lyxor Russia,,
CRBL,45673,Lyxor UCITS Commodities Thomson Reuters/Corecommodity CRB TR C-USD,,
ACWU,1024378,Lyxor MSCI All Country World UCITS C-USD,,
TIPU,1024752,Lyxor US TIPS DR UCITS D-USD,,
YIEL,45616,Lyxor UCITS iBoxx EUR Liquid High Yield 30 Ex-Financial,,
US13,995602,Lyxor UCITS iBoxx USD Treasuries 1-3Y DR,,
DR,997653,Lyxor UCITS CAC 40,,
DAXX,998414,Lyxor UCITS DAX,,
CRNL,45672,Lyxor UCITS Commodities Thomson Reuters/Jefferies CRB ex-Energy TR C-USD,,
U13G,995601,Lyxor UCITS iBoxx USD Treasuries 1-3Y DR,,
TNOG,1024651,Lyxor MSCI World Information Technology TR UCITS,,
S&P ASX 200,1073293,Lyxor UCITS Australia,,
US10,45615,Lyxor UCITS iBoxx USD Treasuries 10Y+ DR,,
GILI,995486,Lyxor UCITS iBoxx GBP Gilt Inflation Linked DR,,
S&P ASX 200,1073294,Lyxor UCITS Australia,,
MSEU,956262,Lyxor UCITS Euro Stoxx 50 Dailly USD,,
HLTW,45655,Lyxor UCITS MSCI World Health Care TR C-USD,,
HLTG,1024650,Lyxor UCITS MSCI World Health Care TR C-USD,,
L250,45740,Lyxor UCITS FTSE 250,,
LYCLIM,1013330,Lyxor Green Bond DR UCITS C-EUR,,
DJEU,997627,Lyxor UCITS Dow Jones Industrial Average D-EUR,,
MTXX,1055269,Lyxor UCITS EuroMTS All-Maturity Investment Grade DR,,
S&P TSX 60,1073296,Lyxor UCITS Canada,,
S&P TSX 60,1073295,Lyxor UCITS Canada,,
UKBE,1011901,Lyxor UK£ 10Y Inflation Expectations UCITS C-GBP,,
SWIH,1052383,Lyxor USD Floating Rate Note UCITS D-GBP HM,,
U57G,995603,Lyxor UCITS iBoxx USD Treasuries 5-7Y DR,,
MSEX,956266,Lyxor UCITS Euro Stoxx 50 Dailly GBP,,
CSHD,956268,Lyxor UCITSo Cash,,
USAL,45763,Lyxor UCITS MSCI USA D-EUR,,
LFAS,45741,Lyxor UCITS FTSE All Share,,
LTMU,45654,Lyxor UCITS MSCI EM Latin America C-USD,,
INDW,45656,Lyxor UCITS MSCI World Industrials TR C-USD,,
WLDD,38514,Lyxor UCITS MSCI World D-EUR,,
US57,995604,Lyxor UCITS iBoxx USD Treasuries 5-7Y DR,,
CECL,997629,Lyxor UCITS Eastern Europe CECE NTR EUR C-EUR,,
LY100H,997710,Lyxor FTSE 100 UCITS Monthly Hedged C-USD,,
CECD,997628,Lyxor UCITS Eastern Europe CECE NTR EUR C-EUR,,
DJEL,997626,Lyxor UCITS Dow Jones Industrial Average D-EUR,,
COUK,995741,Lyxor UCITS iBoxx GBP Liquid Corp Long Dated,,
MFEG,1009144,Lyxor Euro Stoxx 300 DR UCITS Monthly Hedged C-GBP,,
NXKU,956261,Nomura Nikkei 225 USD,,
NXKE,956260,Nomura Nikkei 225 EUR,,
UCAP,1024654,Ossiam Shiller Barclays Cape US Sector Value Tr 1C USD Cap,,
LCPE,956298,Ossiam Shiller Barclays Cape Europe Sector Value TR UCITS,,
USMV,45614,OSSIAM US Minimum Variance NR UCITS 1C USD,,
UKMV,997711,Ossiam FTSE 100 Minimum Variance UCITS 1C,,
ROBO,1024345,ROBO-STOX Global Robotics and Automation GO UCITS,,
USEF,1024374,FundLogic Alternatives plc MS Scientific Beta US Equity Factors UCITS,,
0MWP,1057732,Ether Tracker Euro XBT Provider,,
0MWO,1057734,Ether Tracker One XBT Provider,,
O2XI,1057731,Bitcoin Tracker EUR XBT Provider,,
O2XU,1057733,Bitcoin Tracker One XBT,,
JHEF,1057378,FundLogic Alternatives plc - SciBeta HFE Japan,,
EHEF,1057375,FundLogic Alternatives plc - SciBeta HFE Europe Equity,,
USHF,1057376,FundLogic Alternatives plc - SciBeta HFE US Equity 6F EW UCITS,,
EMHF,1057377,FundLogic Alternatives plc - SciBeta HFE EM Equity 6F EW UCITS,,
PHEF,1057379,FundLogic Alternatives plc - SciBeta HFE Pacific ex-Jap,,
STHE,949258,PIMCO Short-Term High Yield Corporate Bond Source UCITS EUR Hedged Class,,
LDCU,997104,PIMCO Low Duration US Corporate Bond Source UCITS Inc,,
STHS,1024524,PIMCO Short-Term High Yield Corporate Bond Source UCITS Hedged Inc,,
MINT,45529,PIMCO US Dollar Short Maturity Source UCITS,,
STHY,38486,PIMCO Short-Term High Yield Corporate Bond Source UCITS USD,,
EMLB,38348,PIMCO Emerging Markets Advantage Local Bond Source UCITS,,
QUID,45742,PIMCO Sterling Short Maturity Source UCITS,,
STYC,956299,PIMCO Short-Term High Yield Corporate Bond Source UCITS,,
STEA,1057102,PIMCO Short-Term High Yield Corp Bond Source UCITS Hedged Inc,,
EMLI,1024343,PIMCO Emerging Markets Advantage Local Bond Source UCITS EUR,,
PSRU,45744,PowerShares FTSE RAFI UK 100 UCITS,,
PSRW,45743,PowerShares FTSE RAFI All-World 3000 UCITS,,
PSRFG,45765,PowerShares FTSE RAFI US 1000 UCITS,,
UKHD,1024530,PowerShares FTSE UK High Dividend Low Volatility UCITS,,
EQQQ,38352,PowerShares EQQQ Nasdaq-100 UCITS,,
BUYB,949262,Powershares Global Buyback Achievers UCITS,,
HDLV,1024393,PowerShares S&P 500 High Dividend Low Volatility UCITS,,
PSREG,38470,PowerShares FTSE RAFI Europe UCITS,,
PSWCG,38472,PowerShares Dynamic US Market UCITS,,
PSRM,38471,PowerShares FTSE RAFI Emerging Markets UCITS,,
PEMD,1055268,PowerShares Emerging Markets USD Bond ETF,,
PRFD,1052382,PowerShares Preferred Shares UCITS,,
HDEU,1009145,PowerShares EURO STOXX High Dividend Low Volatility UCITS,,
PSEG,38466,PowerShares FTSE RAFI Europe Mid-Small UCITS,,
EUHD,1009146,PowerShares EURO STOXX High Dividend Low Volatility UCITS,,
PSPRUS,1024360,PowerShares FTSE RAFI US 1000 UCITS,,
5DEL,956271,SG DAX X5 Daily Long,,
EU5L,956273,SG SX5E X5 Daily Long,,
5UKL,956269,SG FTSE 100 X5 Daily Long,,
SG72,1073322,SG Euro Stoxx X5 Daily Long EUR,,
SG73,1073321,SG Euro Stoxx X5 Daily Short EUR,,
SG74,1073320,SG Euro Stoxx X5 Daily Long GBP,,
SG71,1073323,SG Euro Stoxx X3 Daily Short EUR,,
SG68,1073326,SG JPY USD X5 Daily Long USD,,
SG67,1073327,SG JPY USD X3 Daily Short USD,,
SG49,1073319,SG Gold X5 Daily Short USD,,
SG69,1073325,SG JPY USD X5 Daily Short USD,,
SG70,1073324,SG Euro Stoxx X3 Daily Long EUR,,
SG76,1073317,SG DAX X5 Daily Long GBP,,
SG80,1073313,SG DAX X5 Daily Long EUR,,
SG81,1073312,SG DAX X5 Daily Short EUR,,
SG82,1073311,SG FTSE X2 Daily Long GBP,,
SG79,1073314,SG DAX X3 Daily Short EUR,,
SG78,1073315,SG DAX X3 Daily Long EUR,,
SG66,1073328,SG JPY USD X3 Daily Long USD,,
SG77,1073316,SG DAX X5 Daily Short GBP,,
SG75,1073318,SG Euro Stoxx X5 Daily Short GBP,,
SG64,1073330,SG GBP USD X5 Daily Long USD,,
SG52,1073342,SG Silver X2 Daily Long USD,,
SG53,1073341,SG Silver X2 Daily Short USD,,
SG54,1073340,SG Silver X3 Daily Long USD,,
SG51,1073343,SG Silver X5 Daily Short GBP,,
SG50,1073344,SG Silver X5 Daily Long GBP,,
SG46,1073347,SG Gold X3 Daily Long USD,,
SG47,1073346,SG Gold X3 Daily Short USD,,
SG48,1073345,SG Gold X5 Daily Long USD,,
SG55,1073339,SG Silver X3 Daily Short USD,,
SG56,1073338,SG Silver X5 Daily Long USD,,
SG62,1073332,SG GBP USD X3 Daily Long USD,,
SG63,1073331,SG GBP USD X3 Daily Short USD,,
SG83,1073310,SG FTSE X2 Daily Short GBP,,
SG61,1073333,SG EUR USD X5 Daily Short USD,,
SG60,1073334,SG EUR USD X5 Daily Long USD,,
SG57,1073337,SG Silver X5 Daily Short USD,,
SG58,1073336,SG EUR USD X3 Daily Long USD,,
SG59,1073335,SG EUR USD X3 Daily Short USD,,
SG65,1073329,SG GBP USD X5 Daily Short USD,,
SG86,1073307,SG FTSE X5 Daily Long GBP,,
SG44,1073276,SG Gold X2 Daily Long USD,,
SG29,1073275,SG WTI X5 Daily Short GBP,,
SG45,1073274,SG Gold X2 Daily Short USD,,
SG43,1073277,SG Gold X5 Daily Short GBP,,
SG42,1073278,SG Gold X5 Daily Long GBP,,
SG38,1073281,SG Copper X3 Daily Long USD,,
SG39,1073280,SG Copper X3 Daily Short USD,,
SG41,1073279,SG Copper X5 Daily Short USD,,
SG30,1073273,SG WTI X2 Daily Long USD,,
SG31,1073272,SG WTI X2 Daily Short USD,,
UKS3,997713,SG FTSE 100 x3 Daily Short,,
UKL3,997712,SG FTSE 100 x3 Daily Long,,
5GOS,956291,SG Gold X5 Daily Short,,
5SFT,1013337,SG FTSE 100 X5 Daily Short,,
SG35,1073268,SG WTI X5 Daily Short USD,,
SG32,1073271,SG WTI X3 Daily Long USD,,
SG33,1073270,SG WTI X3 Daily Short USD,,
SG34,1073269,SG WTI X5 Daily Long USD,,
SG37,1073282,SG Copper X2 Daily Short USD,,
SG36,1073283,SG Copper X2 Daily Long USD,,
SG91,1073302,SG S&P X3 Daily Short USD,,
SG92,1073301,SG S&P X5 Daily Long USD,,
SG93,1073300,SG S&P X5 Daily Short USD,,
SG90,1073303,SG S&P X3 Daily Long USD,,
SG89,1073304,SG S&P X5 Daily Short GBP,,
SG85,1073308,SG FTSE X3 Daily Short GBP,,
SG87,1073306,SG FTSE X5 Daily Short GBP,,
SG88,1073305,SG S&P X5 Daily Long GBP,,
SG20,1073292,SG Natural Gas X5 Daily Long GBP,,
SG21,1073291,SG Natural Gas X5 Daily Short GBP,,
SG26,1073286,SG Natural Gas X5 Daily Long USD,,
SG27,1073285,SG Natural Gas X5 Daily Short USD,,
SG28,1073284,SG WTI X5 Daily Long GBP,,
SG25,1073287,SG Natural Gas X3 Daily Short USD,,
SG24,1073288,SG Natural Gas X3 Daily Long USD,,
SG22,1073290,SG Natural Gas X2 Daily Long USD,,
SG23,1073289,SG Natural Gas X2 Daily Short USD,,
SG84,1073309,SG FTSE X3 Daily Long GBP,,
SSLV,995740,Source Physical Silver P-ETC,,
SGLD,45696,Source Physical Gold P Certs,,
XRES,1024433,Source Real Estate S&P US Select Sector UCITS,,
MXFS,38460,Source MSCI Emerging Markets UCITS,,
SBIO,1024339,Source NASDAQ Biotech UCITS,,
XLKS,45769,Source Technology S&P US Select Sector UCITS,,
MLPS,949554,Source Morningstar US Energy Infrastructure MLP UCITS,,
MLPD,949247,Source Morningstar US Energy Infrastructure MLP UCITS B,,
SPXS,45771,Source S&P 500 UCITS,,
XLUS,949237,Source Utilities S&P US Select Sector UCITS,,
SOFTEK,1011923,Source KBW NASDAQ Fintech UCITS,,
XLFS,45754,Source Financials S&P US Select Sector UCITS USD,,
XLYS,45767,Source Consumer Discretionary S&P US Select Sector UCITS,,
XLPS,1024340,Source Consumer Staples S&P US Select Sector UCITS,,
S7XP,1009148,Source EURO STOXX Optimised Banks,,
SX5S,1009147,Source Euro Stoxx 50 TR A UCITS,,
XLES,45752,Source Energy S&P US Select Sector UCITS USD,,
CMOP,1013323,Source Bloomberg Commodity UCITS,,
CMOD,1024337,Source Bloomberg Commodity UCITS,,
SPPT,997297,Source Physical Platinum P,,
EFIW,949259,Source Goldman Sachs Equity Factor World UCITS,,
XLVS,45755,Health Care S&P US Sector Source,,
MXUS,45545,Source MSCI USA UCITS,,
MXWO,45657,Source MSCI World UCITS,,
S250,1024380,Source FTSE 250 UCITS,,
N400,1024382,Source JPX-Nikkei 400 UCITS,,
MXJP,38461,Source MSCI Japan UCITS,,
LGCF,1024383,Source LGIM Commodity Composite UCITS,,
X7PS,45660,Source STOXX Europe 600 Optimised Banks UCITS,,
S100,45734,Source FTSE 100 UCITS,,
SPAL,997296,Source Physical Palladium P,,
CHNA,949260,CSOP Source FTSE China A50 UCITS,,
RTYS,45766,Source Russell 2000 UCITS,,
XLIS,45756,Ind. S&P US Sel Sector Source,,
N4US,956274,Source JPX-Nikkei 400 UCITS USD,,
EZXU,1009149,Source STOXX Eurozone Exporters UCITS USD Hedged,,
RDXS,45715,Source RDX UCITS,,
UKDV,45547,SPDR S&P UK Dividend Aristocrats,,
SPY4,45768,SSgA SPDR S&P 400 US Mid Cap,,
GBDV,949250,SPDR S&P Global Dividend Aristocrats UCITS,,
FTAL,45546,SPDR FTSE UK All Share,,
EMDD,45517,SSgA SPDR Barclays Emerging Markets Local Bond UCITS,,
USDV,38507,SSgA SPDR S&P US Dividend Aristocrats,,
SEUC,949252,SPDR Barclays 0-3 Year Euro Corp Bond UCITS,,
GLTS,45581,SPDR Barclays Capital 1-5 Year Gilt,,
ACWD,45659,SSgA SPDR MSCI ACWI,,
EMDV,45528,SSgA SPDR S&P Emerging Markets Dividend,,
LOWE,1009151,SPDR Euro Stoxx Low Volatility UCITS,,
SUSC,949253,SPDR Barclays 0-3 Year US Corporate Bond UCITS,,
SPX5,45514,SPDR S&P 500 UCITS,,
EUSV,1024384,SPDR MSCI Europe Small Cap Value Weighted UCITS Acc,,
GLTY,45552,SSgA SPDR Barclays Capital UK Gilt,,
EMRD,38349,SSgA SPDR MSCI Emerging Markets UCITS,,
EUDV,38354,SSgA SPDR S&P Euro Dividend Aristocrats,,
GBRE,38364,SSga SPDR Dow Jones Global Real Estate UCITS,,
ELOW,1009150,SPDR Euro Stoxx Low Volatility UCITS,,
EMSD,38350,SSgA SPDR MSCI Emerging Markets Small Cap,,
UKCO,45553,SSgA SPDR Barclays Cap Sterling Corporate Bond,,
USLV,38508,SSgA SPDR S&P 500 Low Volatility,,
USAG,38506,SSgA SPDR Barclays Cap US Aggregate Bond,,
EASD,949240,SPDR MSCI EM Asia UCITS,,
GIN,956285,SPDR Morningstar Multi-Asset Global Infrastructure UCITS,,
SJNK,949249,SPDR Barclays 0-5 Year US High Yield Bond UCITS,,
ASDV,949251,SPDR S&P Pan Asia Dividend Aristocrats UCITS,,
UB00,1009152,UBS ETF - EURO STOXX 50 UCITS EUR A-dis,,
UKSR,1024338,UBS Irl plc MSCI United Kingdom IMI Socially Responsible UCITS A-dis,,
Irl,1024359,UBS,,
UC85,1024656,UBS Barclays US Liquid Corporates UCITS hedged,,
UB06,1024707,UBS ETF MSCI EMU UCITS EUR A-dis,,
JPSR,1024659,UBS MSCI Japan Socially Responsible UCITS JPY A-dis,,
UB0A,1031748,UBS MSCI USA UCITS ETF hedged A-acc,,
UBTP,1024757,UBS Bloomberg Barclays TIPS 1-10 UCITS hedged A-acc GBP,,
UC87,1024658,UBS MSCI Canada UCITS hedged A-acc,,
UB03,45745,UBS - FTSE 100 UCITS GBP A-dis,,
UC24,38502,UBS ETFs plc - MSCI Canada SF UCITS CAD A acc,,
UC89,956267,UBS MSCI EMU UCITS USD,,
OILU,1011060,UBS BBG CMCI WTI Crude,,
UC04,38499,UBS Irl ETF plc - MSCI USA UCITS USD A-dis,,
GDX,956297,VanEck Vectors Gold Miners UCITS A,,
GFGB,1073354,VanEck Vectors Global Fallen Angel High Yield Bond UCITS USD,,
GFA,1073353,VanEck Vectors Global Fallen Angel High Yield Bond UCITS USD,,
HYGB,1073356,VanEck Vectors Emerging Markets High Yield Bond UCITS USD,,
HYEM,1073355,VanEck Vectors Emerging Markets High Yield Bond UCITS USD,,
MOAT,1024386,VanEck Vectors Morningstar US Wide Moat UCITS,,
EMLC,1013266,VanEck Vectors J.P. Morgan EM Local Currency Bond UCITS A Acc,,
GDXJ,956284,VanEck Vectors Junior Gold Miners UCITS A,,
VUSD,986882,Vanguard S&P 500 UCITS,,
VMID,986861,Vanguard FTSE 250 UCITS,,
VUKE,45746,Vanguard FTSE 100 UCITS GBP Inc,,
VUSA,45531,Vanguard S&P 500 UCITS,,
VDJP,986872,Vanguard FTSE Japan UCITS,,
VAPX,986865,Vanguard FTSE Developed Asia Pacific ex Japan UCITS,,
VDPX,986866,Vanguard FTSE Developed Asia Pacific ex Japan UCITS,,
VGOV,45747,Uk Gilt UCITS,,
VJPN,986871,Vanguard FTSE Japan UCITS,,
VWRL,45661,Vanguard FTSE All-World UCITS,,
VERX,986867,Vanguard FTSE Developed Europe ex UK UCITS,,
VEUR,976558,Vanguard FTSE Developed Europe UCITS,,
VX5E,1054699,Vanguard Euro STOXX 50 UCITS,,
VDNR,986874,Vanguard FTSE North America UCITS,,
VHYL,986862,Vanguard FTSE All-World High Dividend Yield UCITS USD,,
VDVA,986881,Vanguard Global Value Factor UCITS USD,,
VEUD,986868,Vanguard FTSE Developed Europe UCITS,,
VFEM,45681,Vanguard FTSE Emerging Markets UCITS,,
VVAL,986880,Vanguard Global Value Factor UCITS USD,,
VMVL,986877,Vanguard Global Minimum Volatility UCITS USD,,
VWRD,986864,Vanguard FTSE All-World UCITS,,
VEVE,986869,Vanguard FTSE Developed World UCITS,,
VDEM,986870,Vanguard FTSE Emerging Markets UCITS,,
VDTY,986886,Vanguard USD Treasury Bond UCITS USD,,
VMOM,986879,Vanguard Global Momentum Factor UCITS,,
VDCP,986884,Vanguard USD Corporate Bond UCITS USD,,
VECP,986860,Vanguard EUR Corporate Bond UCITS,,
VUTY,986885,Vanguard USD Treasury Bond UCITS USD,,
VDMV,986878,Vanguard Global Minimum Volatility UCITS USD,,
VNRT,986873,Vanguard FTSE North America UCITS,,
VLIQ,986875,Vanguard Global Liquidity Factor UCITS,,
VUCP,986883,Vanguard USD Corporate Bond UCITS USD,,
VETY,1024539,Vanguard Eurozone Government Bond UCITS,,
VHYD,986863,Vanguard FTSE All-World High Dividend Yield UCITS USD,,
VEMT,1024535,Vanguard USD Emerging Markets Government Bond UCITS,,
VDEV,976559,Vanguard FTSE Developed World UCITS,,
VDLQ,986876,Vanguard Global Liquidity Factor UCITS,,
DXJ,956301,WisdomTree Japan Equity UCITS,,
HEDJ,956300,Wisdomtree Europe Equity UCITS,,
DXGP,956290,WisdomTree Germany Equity UCITS,,
WUKD,1024541,WisdomTree UK Equity Income UCITS,,
DEMA,1024532,WisdomTree Emerging Asia Equity Income UCITS,,
DFE,1024344,WisdomTree Europe SmallCap Dividend UCITS,,
DXJP,1024537,WisdomTree Japan Equity UCITS Hedged,,
ISQE,956289,WisdomTree ISEQ 20 UCITS,,
WCOG,1024533,WisdomTree Enhanced Commodity UCITS A-USD Inc,,
HEDP,1024536,WisdomTree Europe Equity UCITS Hedged,,
HEDF,1024543,WisdomTree Europe Equity UCITS Acc,,
EPIE,1013314,WisdomTree India Quality UCITS Acc,,
EGRG,986859,WisdomTree Eurozone Quality Dividend Growth UCITS,,
WTDEM,945822,WisdomTree Emerging Markets Equity Income UCITS,,
DXJA,1013280,WisdomTree Japan Equity UCITS Hedged Acc,,
WTDGSE,945821,WisdomTree Emerging Markets SmallCap Div UCITS,,
EPIQ,1013320,WisdomTree India Earnings UCITS Inc,,
DESE,1024342,WisdomTree US SmallCap Dividend UCITS EUR,,
XUSD,986955,db x-trackers US Dollar Cash UCITS 1C,,
