0P00008TIH,1031848,SEB Företagsobligationsfond Flexibel SEK,,
0P0000YGH3,1031849,SEB Företagsobligationsfond Flexibel SEK utd,,
0P00000MAS,1032618,ODIN Norge C,,
0P00016XAR,1032628,ODIN Norge A,,
0P00016XAV,1032634,ODIN Norge D,,
0P00016XAS,1032631,ODIN Norge B,,
0P00016XB0,1032637,ODIN Europa A,,
0P00016XB3,1032640,ODIN Europa D,,
0P00016XB1,1032643,ODIN Europa B,,
0P000165XF,1032621,ODIN Global D,,
0P000165XB,1032615,ODIN Global A,,
0P000165XD,1032624,ODIN Global B,,
0P00000NMN,1027313,Nordea Corporate Bond I Tuotto,,
0P0000A425,1027378,Nordea Corporate Bond A Kasvu,,
0P00000NMP,1031836,Nordea Corporate Bond I Kasvu,,
0P0000YU5B,1031815,Evli Global B SEK,,
0P00000L6V,1027267,Nordea Premium Varainhoito Maltti K,,
0P00000L6X,1027268,Nordea Premium Varainhoito Maltti T,,
0P0000J191,1031842,Nordea Maailma Kasvu,,
0P0000K91Y,1031844,Nordea Nordic Small Cap Kasvu,,
0P00000L4S,1031845,Nordea Nordic Small Cap Kasvu,,
0P00000NGR,1027291,Danske Invest Yhteisökorko Acc,,
0P00000M9F,1031818,Evli Short Corporate Bond A,,
0P00000M9H,1031819,Evli Short Corporate Bond B,,
0P00000NM9,1031843,Nordea Nordic Small Cap Kasvu,,
0P00000NM7,1027310,Nordea Nordic Small Cap Tuotto,,
0P00000NNX,1031841,Nordea Maailma Kasvu,,
0P00000NMJ,1027311,Nordea Pro Euro Obligaatio Kasvu,,
0P00000NNV,1027316,Nordea Maailma Tuotto,,
0P00000NML,1027312,Nordea Pro Euro Obligaatio Tuotto,,
0P0000102F,1027338,Nordea Säästö 25 Kasvu,,
0P0000102G,1027339,Nordea Säästö 25 Tuotto,,
0P00000NKI,1027306,OP-Yrityslaina B,,
0P00000KKW,1027261,OP-Yrityslaina A,,
0P00000NIE,1031796,Danske Invest Kompassi 25 Acc,,
0P00000NIC,1027300,Danske Invest Kompassi 25 Inc,,
0P00000NEK,1027285,Evli Euro Liquidity A,,
0P00000NDB,1031806,Evli Euro Liquidity B,,
0P00000IJK,1027256,OP-Amerikka Indeksi II A,,
0P00000IJM,1027257,OP-Amerikka Indeksi II B,,
0P00000L6Z,1027269,Nordea Premium Varainhoito Tasapaino K,,
0P00000L71,1027270,Nordea Premium Varainhoito Tasapaino T,,
0P0000X6SR,1027415,Nordea Maailma Indeksirahasto I kasvu,,
0P0000X6SS,1027416,Nordea Maailma Indeksirahasto I tuotto,,
0P0000X6SU,1027417,Nordea Maailma Indeksirahasto B tuotto,,
0P0000X6ST,1031838,Nordea Maailma Indeksirahasto B kasvu,,
0P00000HMJ,1027253,Nordea Säästö 50 Tuotto,,
0P00000HMG,1027252,Nordea Säästö 50 Kasvu,,
OPKORKO10A,1011246,OP-Varovainen A,,
OPKORKO10B,1011245,OP-Varovainen B,,
0P0000YRK0,1031839,Nordea Maailma Indeksirahasto B kasvu,,
0P0000XAIN,1031840,Nordea Maailma Indeksirahasto B kasvu,,
NEOBLIGAT,1011243,Nordea Euro Obligaatio A Tuotto,,
0P0000G0XC,1027385,Nordea Euro Obligaatio I Kasvu,,
0P00000NMR,1031837,Nordea Euro Obligaatio A Kasvu,,
0P00000M9L,1031810,Evli European High Yield B,,
0P00000M9J,1031809,Evli European High Yield A,,
0P00000NW8,1031808,Evli Europe B,,
0P00000NW7,1031807,Evli Europe A,,
0P0000HPBD,1032611,SKAGEN Tellus A,,
0P00000M9A,1027274,Danske Invest Kompassi 50 Inc,,
0P00000M98,1031797,Danske Invest Kompassi 50 Acc,,
AKTEMLCA,1011248,Aktia Emerging Market Local Currency Bond A,,
0P0000HP3L,1031777,Aktia Emerging Market Local Currency Bond D,,
0P0000HP3M,1027389,Aktia Emerging Market Local Currency Bond C,,
0P0000HP3N,1031781,Aktia Emerging Market Local Currency Bond B,,
0P00000NC5,1031785,Aktia Solida B,,
0P00000NC3,1027279,Aktia Solida A,,
0P000085S1,1027376,Säästöpankki Korko Plus A,,
0P000085S0,1027375,Säästöpankki Korko Plus B,,
0P00001EZ1,1031834,LähiTapiola Yrityskorko A,,
0P0000ZRI5,1031835,LähiTapiola Yrityskorko B,,
0P0000A4XC,1027379,SEB Money Manager Plus A,,
0P0000A4XH,1027380,SEB Money Manager Plus B,,
0P0000A4XI,1027381,SEB Money Manager Plus AI,,
0P0000A4XK,1027382,SEB Money Manager Plus BI,,
0P00000NH1,1027294,Danske Invest Kompassi Korko Inc,,
0P00000NH3,1031799,Danske Invest Kompassi Korko Acc,,
0P0000X4PM,1027412,Nordea Vakaa Tuotto I Kasvu,,
0P0000X4PN,1027413,Nordea Vakaa Tuotto I Tuotto,,
0P00000NC1,1027278,Aktia Likvida+B,,
0P00006TN4,1027370,Aktia Likvida+ D,,
0P00000NPV,1031775,Aktia Corporate Bond+ B,,
0P00006TN1,1031776,Aktia Corporate Bond+ D,,
0P00006TMX,1027369,Aktia Corporate Bond+ C,,
0P000017MI,1027348,Aktia Corporate Bond+ A,,
0P000010D1,1027341,Nordea Kehittyvät Korkomarkkinat Tuotto,,
0P000010D0,1027340,Nordea Kehittyvät Korkomarkkinat Kasvu,,
0P00000NK9,1073380,PYN Elite Fund,,
0P000015IL,1027346,OP-High Yield B,,
0P000015IK,1027345,OP-High Yield A,,
0P00002A1M,1027363,Danske Invest Euro Government Bond Index T,,
0P00000NL3,1027309,OP-Rohkea A,,
0P00000KLJ,1027262,OP-Rohkea B,,
0P0000RXSV,1027404,Nordea Säästö 10 Kasvu,,
0P0000RXSW,1027405,Nordea Säästö 10 Tuotto,,
0P00000HMC,1027250,Nordea Säästö 75 Kasvu,,
0P00000HME,1027251,Nordea Säästö 75 Tuotto,,
0P00001QOM,1027360,Danske Invest Yhteisökorko Plus Acc,,
0P0000XRDQ,1027420,OP-Eurooppa Osinkoyhtiöt A,,
