EURLBP,1658,Euro Lebanese Pound,Forex,LBP
GBPLBP,1770,British Pound Lebanese Pound,Forex,LBP
USDLBP,2150,US Dollar Lebanese Pound,Forex,LBP
AEDLBP,9321,UAE Dirham Lebanese Pound,Forex,LBP
ARSLBP,9374,Argentinian Peso Lebanese Pound,Forex,LBP
AUDLBP,9406,Australian Dollar Lebanese Pound,Forex,LBP
BRLLBP,9430,Brazil Real Lebanese Pound,Forex,LBP
CADLBP,9469,Canadian Dollar Lebanese Pound,Forex,LBP
CNYLBP,9512,Chinese Yuan Lebanese Pound,Forex,LBP
CHFLBP,9551,Swiss Franc Lebanese Pound,Forex,LBP
DKKLBP,9588,Danish Krone Lebanese Pound,Forex,LBP
HKDLBP,9632,Hong Kong Dollar Lebanese Pound,Forex,LBP
HUFLBP,9670,Hungarian Forint Lebanese Pound,Forex,LBP
ILSLBP,9698,Israeli Shekel Lebanese Pound,Forex,LBP
INRLBP,9741,Indian Rupee Lebanese Pound,Forex,LBP
ISKLBP,9771,Icelandic Kr Lebanese Pound,Forex,LBP
JPYLBP,9781,Japanese Yen Lebanese Pound,Forex,LBP
MXNLBP,9810,Mexican Peso Lebanese Pound,Forex,LBP
NOKLBP,9858,Norwegian Krone Lebanese Pound,Forex,LBP
NZDLBP,9901,New Zealand Dollar Lebanese Pound,Forex,LBP
PHPLBP,9937,Philippine Peso Lebanese Pound,Forex,LBP
PKRLBP,9968,Pakistani Rupee Lebanese Pound,Forex,LBP
PLNLBP,9994,Polish Zloty Lebanese Pound,Forex,LBP
RUBLBP,10045,Russian Ruble Lebanese Pound,Forex,LBP
SARLBP,10096,Saudi Riyal Lebanese Pound,Forex,LBP
SEKLBP,10146,Swedish Krona Lebanese Pound,Forex,LBP
SGDLBP,10187,Singapore Dollar Lebanese Pound,Forex,LBP
THBLBP,10224,Thai Baht Lebanese Pound,Forex,LBP
TRYLBP,10266,Turkish Lira Lebanese Pound,Forex,LBP
TWDLBP,10317,Taiwan Dollar Lebanese Pound,Forex,LBP
VEFLBP,10372,Venezuelan Bolivar Lebanese Pound,Forex,LBP
ZARLBP,10422,South African Rand Lebanese Pound,Forex,LBP
