BTCKRW,940808,Bitcoin Korean Won,Bithumb,KRW
ETHKRW,1011043,Ethereum Korean Won,Bithumb,KRW
BCHKRW,1031396,Bitcoin Cash Korean Won,Bithumb,KRW
XRPKRW,1014015,Ripple Korean Won,Bithumb,KRW
LTCKRW,1011045,Litecoin Korean Won,Bithumb,KRW
ETCKRW,1011047,Ethereum Classic Korean Won,Bithumb,KRW
QTUMKRW,1054928,Qtum Korean Won,Bithumb,KRW
DASHKRW,1011046,Dash Korean Won,Bithumb,KRW
ZECKRW,1054914,Zcash Korean Won,Bithumb,KRW
XMRKRW,1036861,Monero Korean Won,Bithumb,KRW
BTGKRW,1055896,Bitcoin Gold Korean Won,Bithumb,KRW
