EURXAF,1716,Euro Central African Franc,Forex,XAF
GBPXAF,1804,British Pound Central African Franc,Forex,XAF
USDXAF,2217,US Dollar Central African Franc,Forex,XAF
VNDXAF,2229,Vietnamese Dong Central African Franc,Forex,XAF
AEDXAF,9306,UAE Dirham Central African Franc,Forex,XAF
ARSXAF,9359,Argentinian Peso Central African Franc,Forex,XAF
AUDXAF,9392,Australian Dollar Central African Franc,Forex,XAF
BRLXAF,9453,Brazil Real Central African Franc,Forex,XAF
CADXAF,9485,Canadian Dollar Central African Franc,Forex,XAF
CNYXAF,9538,Chinese Yuan Central African Franc,Forex,XAF
CHFXAF,9567,Swiss Franc Central African Franc,Forex,XAF
DKKXAF,9606,Danish Krone Central African Franc,Forex,XAF
HKDXAF,9653,Hong Kong Dollar Central African Franc,Forex,XAF
HUFXAF,9666,Hungarian Forint Central African Franc,Forex,XAF
ILSXAF,9725,Israeli Shekel Central African Franc,Forex,XAF
INRXAF,9752,Indian Rupee Central African Franc,Forex,XAF
ISKXAF,9767,Icelandic Kr Central African Franc,Forex,XAF
JPYXAF,9786,Japanese Yen Central African Franc,Forex,XAF
MXNXAF,9833,Mexican Peso Central African Franc,Forex,XAF
NOKXAF,9884,Norwegian Krone Central African Franc,Forex,XAF
NZDXAF,9919,New Zealand Dollar Central African Franc,Forex,XAF
PHPXAF,9950,Philippine Peso Central African Franc,Forex,XAF
PKRXAF,9964,Pakistani Rupee Central African Franc,Forex,XAF
PLNXAF,10020,Polish Zloty Central African Franc,Forex,XAF
RUBXAF,10066,Russian Ruble Central African Franc,Forex,XAF
SARXAF,10121,Saudi Riyal Central African Franc,Forex,XAF
SEKXAF,10170,Swedish Krona Central African Franc,Forex,XAF
SGDXAF,10205,Singapore Dollar Central African Franc,Forex,XAF
THBXAF,10238,Thai Baht Central African Franc,Forex,XAF
TRYXAF,10292,Turkish Lira Central African Franc,Forex,XAF
TWDXAF,10341,Taiwan Dollar Central African Franc,Forex,XAF
VEFXAF,10398,Venezuelan Bolivar Central African Franc,Forex,XAF
ZARXAF,10443,South African Rand Central African Franc,Forex,XAF
