DKKHUF,77,Danish Krone Hungarian Forint,Forex,HUF
PLNHUF,88,Polish Zloty Hungarian Forint,Forex,HUF
CHFHUF,90,Swiss Franc Hungarian Forint,Forex,HUF
USDHUF,91,US Dollar Hungarian Forint,Forex,HUF
NZDHUF,92,New Zealand Dollar Hungarian Forint,Forex,HUF
CZKHUF,115,Czech Koruna Hungarian Forint,Forex,HUF
EURHUF,117,Euro Hungarian Forint,Forex,HUF
GBPHUF,135,British Pound Hungarian Forint,Forex,HUF
AUDHUF,1490,Australian Dollar Hungarian Forint,Forex,HUF
AEDHUF,9287,UAE Dirham Hungarian Forint,Forex,HUF
ARSHUF,9340,Argentinian Peso Hungarian Forint,Forex,HUF
BRLHUF,9421,Brazil Real Hungarian Forint,Forex,HUF
CADHUF,9464,Canadian Dollar Hungarian Forint,Forex,HUF
CNYHUF,9503,Chinese Yuan Hungarian Forint,Forex,HUF
HKDHUF,9626,Hong Kong Dollar Hungarian Forint,Forex,HUF
HUFCLP,9656,Hungarian Forint Chilean Peso,Forex,CLP
HUFIDR,9657,Hungarian Forint Indonesian Rupiah,Forex,IDR
HUFINR,9658,Hungarian Forint Indian Rupee,Forex,INR
HUFJPY,9659,Hungarian Forint Japanese Yen,Forex,JPY
HUFISK,9660,Hungarian Forint Icelandic Kr,Forex,ISK
HUFKRW,9661,Hungarian Forint Korean Won,Forex,KRW
HUFPHP,9662,Hungarian Forint Philippine Peso,Forex,PHP
HUFPKR,9663,Hungarian Forint Pakistani Rupee,Forex,PKR
HUFRUB,9664,Hungarian Forint Russian Ruble,Forex,RUB
HUFTHB,9665,Hungarian Forint Thai Baht,Forex,THB
HUFXAF,9666,Hungarian Forint Central African Franc,Forex,XAF
HUFJMD,9667,Hungarian Forint Jamaican Dollar,Forex,JMD
HUFKES,9668,Hungarian Forint Kenyan Shilling,Forex,KES
HUFLKR,9669,Hungarian Forint Sri Lankan Rupee,Forex,LKR
HUFLBP,9670,Hungarian Forint Lebanese Pound,Forex,LBP
HUFNPR,9671,Hungarian Forint Nepalese Rupee,Forex,NPR
HUFXOF,9672,Hungarian Forint West African CFA franc,Forex,XOF
ILSHUF,9689,Israeli Shekel Hungarian Forint,Forex,HUF
INRHUF,9735,Indian Rupee Hungarian Forint,Forex,HUF
ISKHUF,9758,Icelandic Kr Hungarian Forint,Forex,HUF
JPYHUF,9777,Japanese Yen Hungarian Forint,Forex,HUF
MXNHUF,9802,Mexican Peso Hungarian Forint,Forex,HUF
NOKHUF,9850,Norwegian Krone Hungarian Forint,Forex,HUF
PHPHUF,9929,Philippine Peso Hungarian Forint,Forex,HUF
PKRHUF,9955,Pakistani Rupee Hungarian Forint,Forex,HUF
RUBHUF,10035,Russian Ruble Hungarian Forint,Forex,HUF
SARHUF,10086,Saudi Riyal Hungarian Forint,Forex,HUF
SEKHUF,10139,Swedish Krona Hungarian Forint,Forex,HUF
SGDHUF,10181,Singapore Dollar Hungarian Forint,Forex,HUF
THBHUF,10219,Thai Baht Hungarian Forint,Forex,HUF
TRYHUF,10257,Turkish Lira Hungarian Forint,Forex,HUF
TWDHUF,10311,Taiwan Dollar Hungarian Forint,Forex,HUF
VEFHUF,10362,Venezuelan Bolivar Hungarian Forint,Forex,HUF
ZARHUF,10416,South African Rand Hungarian Forint,Forex,HUF
HUFUSD,993169,Hungarian Forint US Dollar,Forex,USD
HUFEUR,993170,Hungarian Forint Euro,Forex,EUR
HUFILS,1031404,Hungarian Forint Israeli Shekel,Forex,ILS
