078520,43487,Able C&C,KS11,KRW
068400,43977,Aj Rent A Car,KS11,KRW
033660,43942,Aju Capital,KS11,KRW
006840,43748,Ak Holdings,KS11,KRW
161000,44100,Ak Petrochemic,KS11,KRW
001780,43603,Aluko Co Ltd,KS11,KRW
002250,43618,Alvogen Korea Co Ltd,KS11,KRW
002790,43443,Amore Group,KS11,KRW
090430,43416,Amorepacific,KS11,KRW
008700,43777,Anam Electroni,KS11,KRW
101140,44054,Artis,KS11,KRW
002030,43609,Asia Cement,KS11,KRW
083570,44017,Asia Pacific 10 Ship Investment Co,KS11,KRW
083580,44018,Asia Pacific 11 Ship Investment Co,KS11,KRW
083590,44019,Asia Pacific 12 Ship Investment Co,KS11,KRW
083600,44020,Asia Pacific 13 Ship Investment Co,KS11,KRW
083610,44021,Asia Pacific 14 Ship Investment Co,KS11,KRW
083620,44022,Asia Pacific 15 Ship Investment Co,KS11,KRW
002310,43620,Asia Paper,KS11,KRW
183190,44482,Asiacement,KS11,KRW
020560,43898,Asiana Airline,KS11,KRW
017900,43886,Auk Corp,KS11,KRW
015260,43864,Automobile &Pc,KS11,KRW
090370,44033,Avista,KS11,KRW
092630,44044,Badaro 3 Ship,KS11,KRW
155900,44098,Badaro No19,KS11,KRW
014580,43855,Baek Kwang Min,KS11,KRW
035150,43947,Baiksan,KS11,KRW
005180,43488,Binggrae,KS11,KRW
138930,43414,BNK Financial Group Inc,KS11,KRW
002760,43636,Bo Lak,KS11,KRW
000890,43570,Bohae Brewery,KS11,KRW
001270,43583,Bookook Sec,KS11,KRW
026940,43923,Bookook Steel,KS11,KRW
004740,43695,Borneo Int'L,KS11,KRW
003850,43673,Boryung Pharm,KS11,KRW
003000,43393,Bukwang Pharm,KS11,KRW
015350,43865,Busan City Gas,KS11,KRW
011390,43824,Busan Ind,KS11,KRW
001460,43591,Byc,KS11,KRW
007210,43756,Byucksan,KS11,KRW
013700,43847,Camus Engineering & Construction Inc,KS11,KRW
006380,43523,Capro,KS11,KRW
002420,43625,Century Corporation,KS11,KRW
009310,43794,Charm Engine,KS11,KRW
033250,43940,Chasys,KS11,KRW
001560,43597,Cheil Grinding,KS11,KRW
030000,43352,Cheil Worldwide,KS11,KRW
002780,43637,Chin Hung Int',KS11,KRW
051630,43965,Chin Yang Chem,KS11,KRW
003780,43671,Chin Yang Ind,KS11,KRW
100250,44051,Chinyang Hold,KS11,KRW
010640,43811,Chinyang Poly,KS11,KRW
001550,43596,Cho Bi,KS11,KRW
004700,43693,Cho Kwang Leat,KS11,KRW
004910,43701,Cho Kwang Pain,KS11,KRW
002600,43630,Choheung,KS11,KRW
018470,43889,Choil Aluminum,KS11,KRW
000950,43572,Chonbang,KS11,KRW
185750,50597,Chong Kun Dang Pharmaceutical,KS11,KRW
001630,43417,Chongkundang,KS11,KRW
000480,43389,Chosun Refractories Co Ltd,KS11,KRW
120030,44072,Chosun Welding,KS11,KRW
012600,43839,Chungho Comnet,KS11,KRW
000650,43564,Chunil Express,KS11,KRW
004920,43702,CItech Co Ltd,KS11,KRW
079160,43992,CJ CGV,KS11,KRW
097950,43376,CJ Cheiljedang,KS11,KRW
001040,43499,CJ Corp,KS11,KRW
037560,43952,Cj Hellovision,KS11,KRW
000120,43377,CJ Korea Express,KS11,KRW
011150,43818,Cj Seafood,KS11,KRW
063160,43974,Ckd Bio,KS11,KRW
031820,43935,Comtec Sys,KS11,KRW
044820,43960,Cosmax,KS11,KRW
005420,43715,Cosmo Chem,KS11,KRW
005070,43708,Cosmoam&T,KS11,KRW
021240,43524,Coway,KS11,KRW
005740,43725,Crown Confec,KS11,KRW
000590,43563,Cs Holdings,KS11,KRW
003160,43652,D I Corp,KS11,KRW
012800,43842,Dae Chang,KS11,KRW
016090,43871,Dae Hyun,KS11,KRW
024890,43913,Dae Won Chem,KS11,KRW
014160,43850,Dae Young Pkg,KS11,KRW
015230,43863,Daechang Forgi,KS11,KRW
000490,43559,Daedong Ind,KS11,KRW
008060,43434,Daeduck Electronics Co Ltd,KS11,KRW
004130,43680,Daeduck Gds,KS11,KRW
006370,43742,Daegu Dept Sto,KS11,KRW
001130,43367,Daehan Flour Mills Co Ltd,KS11,KRW
084010,44023,Daehan Steel,KS11,KRW
003830,43672,Daehan Synthet,KS11,KRW
069460,43978,Daeho Al,KS11,KRW
019680,43515,Daekyo,KS11,KRW
015590,43868,Daekyung Mach,KS11,KRW
005750,43726,Daelim B&Co,KS11,KRW
000210,43456,Daelim Ind,KS11,KRW
006570,43745,Daelim Trading,KS11,KRW
001680,43500,Daesang,KS11,KRW
084690,44026,Daesang Holdin,KS11,KRW
117580,44067,Daesung Energy,KS11,KRW
005620,43722,Daesung Group,KS11,KRW
016710,43877,Daesung Holdin,KS11,KRW
128820,44078,Daesung Ind,KS11,KRW
006340,43741,Daewon Cable,KS11,KRW
003220,43654,Daewon Pharm,KS11,KRW
000430,43418,Daewonkangup,KS11,KRW
009320,43795,Daewoo Elec Co,KS11,KRW
047040,43536,Daewoo Engineering & Construction,KS11,KRW
006800,43441,Daewoo Securities,KS11,KRW
042660,43436,Daewoo Shipbuilding,KS11,KRW
003090,43650,Daewoong,KS11,KRW
069620,43353,Daewoong Pharma,KS11,KRW
008110,43768,Daidong Elec,KS11,KRW
003540,43662,Daishin Sec,KS11,KRW
009190,43789,Daiyang Metal,KS11,KRW
023590,43906,Daou Tech,KS11,KRW
020120,43897,Daouincube,KS11,KRW
002880,43642,Dayou A-Tech,KS11,KRW
000300,43552,Dayou Smart Al,KS11,KRW
024090,43911,Dcm,KS11,KRW
139130,44087,Dgb Financial,KS11,KRW
092200,44040,Dic,KS11,KRW
002150,43613,Dohwa Engin,KS11,KRW
001530,43595,Dong Il,KS11,KRW
030720,43931,Dong Won Fish,KS11,KRW
008970,43784,Dong Yang Pipe,KS11,KRW
058730,43971,Dong-A S Tech,KS11,KRW
170900,44104,Dong-A St,KS11,KRW
028100,43927,Donga Geologic,KS11,KRW
000640,43437,Donga Socio Holdings,KS11,KRW
007340,43444,Dongah Tire,KS11,KRW
007590,43760,Dongbang Agro,KS11,KRW
004140,43681,Dongbang Trans,KS11,KRW
005960,43733,Dongbu,KS11,KRW
000990,43419,Dongbu Hitek,KS11,KRW
012030,43832,Dongbu Inc,KS11,KRW
005830,43455,Dongbu Insurance,KS11,KRW
016610,43876,Dongbu Sec,KS11,KRW
016380,43420,Dongbu Steel,KS11,KRW
083350,44011,Dongbuka 10 Sh,KS11,KRW
083360,44012,Dongbuka 11 Sh,KS11,KRW
083370,44013,Dongbuka 12 Sh,KS11,KRW
083380,44014,Dongbuka 13 Sh,KS11,KRW
083390,44015,Dongbuka 14 Sh,KS11,KRW
004890,43700,Dongil Ind,KS11,KRW
019300,43894,Dongil Paper,KS11,KRW
001620,43599,Dongkook Ind,KS11,KRW
001230,43368,Dongkuk Steel Mill Co Ltd,KS11,KRW
023450,43905,Dongnam Chem,KS11,KRW
005190,43710,Dongsung Chem,KS11,KRW
102260,44056,Dongsung Corporation,KS11,KRW
002210,43616,Dongsung Pharm,KS11,KRW
000020,43546,Dongwha Pharm,KS11,KRW
003580,43664,Dongwon,KS11,KRW
049770,43394,Dongwon F & B,KS11,KRW
006040,43735,Dongwon Ind,KS11,KRW
018500,43890,Dongwon Metal,KS11,KRW
014820,43859,Dongwon System,KS11,KRW
084670,44024,Dongyang Expre,KS11,KRW
013570,43385,Dongyang Mechatronics Corp,KS11,KRW
000150,43516,Doosan,KS11,KRW
011160,43819,Doosan Eng&Con,KS11,KRW
082740,43395,Doosan Engine,KS11,KRW
034020,43544,Doosan Heavy Ind. & Const.,KS11,KRW
026890,43922,Dpc,KS11,KRW
004840,43698,Drb Holding,KS11,KRW
163560,44103,Drb Industrial,KS11,KRW
042670,43501,Dsinfra,KS11,KRW
155660,44097,Dsr,KS11,KRW
069730,43980,Dsr Wire,KS11,KRW
024900,43914,Duck Yang Ind,KS11,KRW
004830,43697,Duksung,KS11,KRW
012510,43838,Duzonbizon,KS11,KRW
093230,44045,E Investment & Development,KS11,KRW
139480,44089,E-Mart,KS11,KRW
015020,43862,E-Starco,KS11,KRW
084680,44025,E-World,KS11,KRW
017940,43887,E1,KS11,KRW
008250,43769,Eagon Ind,KS11,KRW
074610,43988,En3,KS11,KRW
011090,43817,Enex,KS11,KRW
001200,43579,Eugene Inv&Sec,KS11,KRW
000700,43452,Eusu Holdings,KS11,KRW
002200,43615,Export Packing,KS11,KRW
007700,43764,F F,KS11,KRW
036580,43950,Farmsco,KS11,KRW
033180,43938,Feelux,KS11,KRW
081660,44004,Fila Korea,KS11,KRW
010820,43814,Firstec,KS11,KRW
093370,43502,Foosung,KS11,KRW
016800,43878,Fursys,KS11,KRW
011420,43825,Galaxia SM Inc,KS11,KRW
000500,43560,Gaon Cable,KS11,KRW
006280,43503,GC Corp,KS11,KRW
011000,43816,GeneOne Life Science Inc,KS11,KRW
114090,44066,Gkl,KS11,KRW
013870,43848,Gmb Korea,KS11,KRW
001290,43584,Golden Brdg Se,KS11,KRW
005250,43711,Green Cross,KS11,KRW
006360,43522,GS Engineering & Construction,KS11,KRW
001250,43581,Gs Global,KS11,KRW
078930,43497,GS Holdings,KS11,KRW
007630,43762,Gs Instruments,KS11,KRW
007070,43751,Gs Retail,KS11,KRW
037710,43953,Gwangjushinseg,KS11,KRW
035000,43946,GIIR,KS11,KRW
003010,43646,Hae In,KS11,KRW
014790,43858,Halla Eng&Cons,KS11,KRW
060980,43528,Halla Holdings Corp,KS11,KRW
009460,43799,Han Chang Pape,KS11,KRW
014130,43849,Han Express,KS11,KRW
025890,43921,Han Kook Steel,KS11,KRW
011700,43828,Han Shin Mach,KS11,KRW
086790,43378,Hana Financial,KS11,KRW
039130,43954,Hana Tour,KS11,KRW
009420,43351,Hanall Biopharma,KS11,KRW
005110,43709,Hanchang,KS11,KRW
002390,43623,Handok,KS11,KRW
020000,43490,Handsome,KS11,KRW
003300,43409,Hanil Cement Co Ltd,KS11,KRW
002220,43617,Hanil Iron & S,KS11,KRW
097230,43373,Hanjin Heavy Ind. & Const.,KS11,KRW
117930,44068,Hanjin Shipping Co Ltd,KS11,KRW
002320,43621,Hanjin Trans,KS11,KRW
180640,44107,Hanjinkal,KS11,KRW
123690,44075,Hankook Cosmet,KS11,KRW
002960,43390,Hankook Shell Oil,KS11,KRW
161390,44101,Hankook Tire,KS11,KRW
000240,43363,Hankook Tire Worldwide,KS11,KRW
017960,43888,Hankuk Carbon,KS11,KRW
002000,43608,Hankuk Glass,KS11,KRW
002300,43619,Hankuk Paper,KS11,KRW
128940,43440,Hanmi Pharm Co Ltd,KS11,KRW
008930,43783,Hanmi Science,KS11,KRW
042700,43957,Hanmi Semicon,KS11,KRW
053690,43967,Hanmiglobal,KS11,KRW
011500,43826,Hannong Chem,KS11,KRW
018880,43346,Hanon Systems,KS11,KRW
105630,43479,Hansae Co,KS11,KRW
016450,43873,Hansae Yes24,KS11,KRW
004960,43703,Hanshin Const,KS11,KRW
014680,43856,Hansol Chemica,KS11,KRW
009180,43788,Hansol Csn,KS11,KRW
004150,43396,Hansol Holdings Co Ltd,KS11,KRW
025750,43918,Hansol Homedec,KS11,KRW
010420,43807,Hansol Pns,KS11,KRW
004710,43442,Hansol Technics,KS11,KRW
009240,43791,Hanssem,KS11,KRW
003680,43668,Hansung Ent,KS11,KRW
000880,43517,Hanwha,KS11,KRW
000370,43555,Hanwha General,KS11,KRW
088350,43446,Hanwha Life,KS11,KRW
012450,43356,Hanwha Techwin Co Ltd,KS11,KRW
027390,43924,Hanwha Timewor,KS11,KRW
009830,43457,Hanwhachem,KS11,KRW
001750,43601,Hanyang Sec,KS11,KRW
005440,43717,Hd Greenfood,KS11,KRW
057050,43968,Hd Home Shoppi,KS11,KRW
003280,43656,Heung A Shippi,KS11,KRW
000540,43562,Heungkuk F&M I,KS11,KRW
003480,43478,HHIC Holdings,KS11,KRW
159650,44099,Hi Gold No.8,KS11,KRW
172580,44105,Hi Gold Ocean,KS11,KRW
139200,44088,Hi Gold Ocean 2 Ship Investment Co,KS11,KRW
153360,44096,Hi Gold Ocean 3 Ship Investment Co,KS11,KRW
071090,43981,Histeel,KS11,KRW
000080,43458,Hite Jinro,KS11,KRW
000140,43375,Hitejinro Holdings,KS11,KRW
019490,43896,Hitron Systems,KS11,KRW
003350,43657,Hk Cosmetic Ma,KS11,KRW
001500,43593,Hmc Invest Sec,KS11,KRW
015540,43867,Hot-Tech Co Ltd,KS11,KRW
008770,43780,Hotel Shilla,KS11,KRW
006060,43736,Hs Ind,KS11,KRW
013520,43845,Hs R&A,KS11,KRW
007190,43755,Hsl Artn Pap,KS11,KRW
069260,43504,Huchems,KS11,KRW
005870,43730,Huneed Tech,KS11,KRW
005010,43706,Husteel,KS11,KRW
079980,43995,Huvis,KS11,KRW
003530,43661,Hw Inv&Sec,KS11,KRW
002460,43627,Hwa Sung Ind,KS11,KRW
000850,43568,Hwacheon Mac,KS11,KRW
010660,43812,Hwacheon Machi,KS11,KRW
032560,43937,Hwang-Kum Stee,KS11,KRW
010690,43505,Hwashin,KS11,KRW
004800,43506,Hyosung,KS11,KRW
094280,44047,Hyosung Itx,KS11,KRW
004560,43691,Hyundai Bngste,KS11,KRW
006390,43743,Hyundai Cement,KS11,KRW
011760,43830,Hyundai Corp,KS11,KRW
069960,43372,Hyundai Department,KS11,KRW
012630,43387,Hyundai Development Co,KS11,KRW
089470,44030,Hyundai E P,KS11,KRW
017800,43415,Hyundai Elevator,KS11,KRW
000720,43371,Hyundai Engineering & Construction,KS11,KRW
086280,43379,Hyundai Glovis,KS11,KRW
126560,44077,Hyundai Hcn,KS11,KRW
009540,43541,Hyundai Heavy Industries,KS11,KRW
079430,43993,Hyundai Livart Furniture Co Ltd,KS11,KRW
001450,43590,Hyundai Mar&Fi,KS11,KRW
011200,43365,Hyundai Merchant Marine,KS11,KRW
010620,43362,Hyundai Mipo Dockyard,KS11,KRW
012330,43398,Hyundai Mobis,KS11,KRW
005380,43399,Hyundai Motor,KS11,KRW
011720,43829,Hyundai Pc,KS11,KRW
004310,43685,Hyundai Pharm,KS11,KRW
003450,43411,Hyundai Securities,KS11,KRW
004020,43400,Hyundai Steel,KS11,KRW
011210,43447,Hyundai Wia,KS11,KRW
064350,50596,Hyundai-Rotem,KS11,KRW
093240,44046,Hyungji Elite,KS11,KRW
003560,43663,Ihq,KS11,KRW
000230,43551,Il Dong Pharm,KS11,KRW
013360,43844,Il Sung Const,KS11,KRW
008500,43774,Iljeong Ind,KS11,KRW
081000,44000,Iljin Diamond,KS11,KRW
020760,43401,Iljin Display,KS11,KRW
103590,43380,Iljin Electric Co,KS11,KRW
015860,43869,Iljin Holdings,KS11,KRW
020150,43354,Iljin Materials,KS11,KRW
003200,43653,Ilshin Spinnin,KS11,KRW
007110,43752,Ilshinstone,KS11,KRW
003120,43651,Ilsung Pharm,KS11,KRW
007570,43421,Ilyang Pharm,KS11,KRW
122900,44074,Imarketkorea,KS11,KRW
014990,43861,In The F,KS11,KRW
034590,43945,Incheon City G,KS11,KRW
024110,43542,Industrial Bank Of Korea,KS11,KRW
023810,43908,Infac,KS11,KRW
006490,43744,Inscobee,KS11,KRW
129260,44079,Intergis,KS11,KRW
023800,43907,Inzi Controls,KS11,KRW
010780,43459,IS Dongseo,KS11,KRW
005950,43410,Isu Chemical Co Ltd,KS11,KRW
007660,43763,Isupetasys,KS11,KRW
033240,43939,Jahwa Electron,KS11,KRW
175330,44106,Jb Financial,KS11,KRW
002620,43631,Jeil Pharm,KS11,KRW
006220,43740,Jeju Bank,KS11,KRW
010580,43809,Jico,KS11,KRW
088790,44028,Jindo,KS11,KRW
044380,43958,Jooyontech,KS11,KRW
096760,44049,Jw Holdings,KS11,KRW
001060,43575,Jw Pharmac,KS11,KRW
029460,43928,K C Tech,KS11,KRW
000860,43569,Kangnam Jevisco Co Ltd,KS11,KRW
035250,43422,Kangwon Land,KS11,KRW
021960,43901,KB Capital Co Ltd,KS11,KRW
105560,43413,KB Financial Group,KS11,KRW
002550,43629,KB Insurance,KS11,KRW
119650,44071,Kc Cottrell,KS11,KRW
009440,43797,Kc Green Holdi,KS11,KRW
002380,43537,KCC,KS11,KRW
009070,43785,Kctc,KS11,KRW
092220,44041,Kec,KS11,KRW
006200,43739,Kec Holdings,KS11,KRW
015760,43525,Kepco,KS11,KRW
052690,43486,KEPCO Engineering & Construction,KS11,KRW
051600,43964,Kepco Plant S&,KS11,KRW
130660,44080,Kepid,KS11,KRW
012200,43835,Keyang Elec Ma,KS11,KRW
012170,43834,Keystone Globa,KS11,KRW
001390,43588,Kg Chemical,KS11,KRW
109070,44063,Kgp,KS11,KRW
000270,43460,KIA Motors,KS11,KRW
002240,43491,Kis Wire,KS11,KRW
104700,43526,Kisco,KS11,KRW
001940,43607,Kisco Holdings,KS11,KRW
092440,44043,Kishin Copr,KS11,KRW
039490,43955,Kiwoom,KS11,KRW
004540,43690,Kleannara,KS11,KRW
071950,43984,Koas,KS11,KRW
036460,43527,Kogas,KS11,KRW
024720,43912,Kolmar Holding,KS11,KRW
002020,43461,Kolon Corp,KS11,KRW
003070,43648,Kolon Globalco,KS11,KRW
120110,43485,Kolon Industries Inc,KS11,KRW
138490,44086,Kolon Plastics,KS11,KRW
144620,44092,Kolonmaterial,KS11,KRW
047810,43962,Korea Aerospac,KS11,KRW
005430,43716,Korea Air Svc,KS11,KRW
000970,43573,Korea Cast Pip,KS11,KRW
007810,43765,Korea Circuit,KS11,KRW
004200,43682,Korea Dvlp,KS11,KRW
025540,43406,Korea Electric Terminal,KS11,KRW
023350,43904,Korea Eng Cons,KS11,KRW
010100,43806,Korea Flange,KS11,KRW
002140,43612,Korea Ind,KS11,KRW
071050,43540,Korea Investment Holdings Co,KS11,KRW
161890,44102,Korea Kolmar,KS11,KRW
005880,43731,Korea Line,KS11,KRW
090970,44035,Korea Pacific 1 Ship Investment Co,KS11,KRW
090980,44036,Korea Pacific 2 Ship Investment Co,KS11,KRW
090990,44037,Korea Pacific 3 Ship Investment Co,KS11,KRW
091000,44038,Korea Pacific 4 Ship Investment Co,KS11,KRW
006650,43533,Korea Petro Chemical Ind,KS11,KRW
004090,43678,Korea Petroleum Industries Co,KS11,KRW
010040,43804,Korea Refract,KS11,KRW
010130,43381,Korea Zinc Inc,KS11,KRW
003490,43514,Korean Air Lines Co,KS11,KRW
003690,43669,Korean Reinsu,KS11,KRW
009810,43802,Kp,KS11,KRW
025000,43423,KPX Chemical,KS11,KRW
083420,44016,Kpx Green Chem,KS11,KRW
092230,44042,Kpx Holdings,KS11,KRW
071320,43982,Kr District He,KS11,KRW
000040,43547,KR Motors Co Ltd,KS11,KRW
007280,43757,Kr Steel Shape,KS11,KRW
044450,43959,Kss Line,KS11,KRW
030200,43507,KT Corporation,KS11,KRW
053210,43966,Kt Skylife,KS11,KRW
033780,43480,KT&G Corp,KS11,KRW
030210,43929,Ktb Invest&Sec,KS11,KRW
058850,43972,Ktcs,KS11,KRW
058860,43973,Ktis,KS11,KRW
145270,44093,Ktop Reit,KS11,KRW
005320,43712,Kuk Dong,KS11,KRW
001140,43578,Kukbo Trans,KS11,KRW
007690,43382,Kukdo Chemical,KS11,KRW
014530,43854,Kukdong Oil &,KS11,KRW
002720,43635,Kukje Pharma Co Ltd,KS11,KRW
008870,43781,Kumbi,KS11,KRW
001210,43580,Kumho Electric,KS11,KRW
002990,43645,Kumho Ind,KS11,KRW
011780,43347,Kumho Petro Chemical,KS11,KRW
073240,43462,Kumho Tire,KS11,KRW
014280,43851,Kumkang Kind,KS11,KRW
001570,43598,Kumyang,KS11,KRW
140910,44091,Kwang Hee Self-Administered Real Estate,KS11,KRW
017040,43880,Kwang Myung El,KS11,KRW
009290,43793,Kwangdong Phar,KS11,KRW
013580,43846,Kyeryong Const,KS11,KRW
009450,43798,Kyng Dng Navie,KS11,KRW
030610,43930,Kyobo Securiti,KS11,KRW
009140,43786,Kyung In Elect,KS11,KRW
000050,43481,Kyungbang,KS11,KRW
012320,43837,Kyungdong Gas,KS11,KRW
012610,43840,Kyungin Synthe,KS11,KRW
008020,43767,Kyungnam Energ,KS11,KRW
002100,43611,Kyungnong,KS11,KRW
025820,43919,Lee Ku Ind,KS11,KRW
093050,43464,LF Corp,KS11,KRW
051910,43424,LG Chemicals,KS11,KRW
003550,43508,LG Corp,KS11,KRW
034220,43463,LG Display,KS11,KRW
066570,43348,LG Electronics Inc,KS11,KRW
108670,43402,LG Hausys Ltd,KS11,KRW
051900,43521,LG Household & Healthcare,KS11,KRW
011070,43465,LG Innotek Co Ltd,KS11,KRW
001120,43512,LG International Corp,KS11,KRW
068870,43438,LG Life Sciences,KS11,KRW
032640,43492,LG Uplus,KS11,KRW
115390,43425,Lock&Lock Co,KS11,KRW
011170,43374,Lotte Chemical Corp,KS11,KRW
005300,43388,Lotte Chilsung Beverage,KS11,KRW
004990,43454,Lotte Confectionery,KS11,KRW
004000,43364,Lotte Fine Chemical Co Ltd,KS11,KRW
002270,43466,Lotte Food,KS11,KRW
071840,43983,Lotte Himart,KS11,KRW
000400,43557,Lotte Non-Life,KS11,KRW
023530,43383,Lotte Shopping,KS11,KRW
032350,43936,Lotte Tour Dev,KS11,KRW
006260,43509,LS Corp,KS11,KRW
010120,43476,LS Industrial Systems,KS11,KRW
000680,43565,Ls Networks,KS11,KRW
088980,44029,Macq Kor Infr,KS11,KRW
001080,43577,Manho Rope&Wir,KS11,KRW
027740,43925,Maniker,KS11,KRW
138040,44084,Meritz Financi,KS11,KRW
000060,43548,Meritz Fire In,KS11,KRW
008560,43775,Meritz Sec,KS11,KRW
023150,43903,Mhethanol,KS11,KRW
003650,43667,Mi Chang Oil,KS11,KRW
025560,43916,Mirae,KS11,KRW
037620,43432,Mirae Asset Securities,KS11,KRW
007120,43753,Mirae ING Co Ltd,KS11,KRW
134380,44081,Miwon Chemical,KS11,KRW
002840,43640,Miwon Commerci,KS11,KRW
069640,43979,Mk Trend,KS11,KRW
012690,43841,Monalisa,KS11,KRW
005360,43713,Monami,KS11,KRW
008420,43772,Moonbae Steel,KS11,KRW
009580,43467,Moorim P&P Co Ltd,KS11,KRW
009200,43790,Moorim Paper,KS11,KRW
009680,43510,Motonic,KS11,KRW
107590,44062,Msc,KS11,KRW
033920,43529,Muhak,KS11,KRW
017180,43881,Myungmoon Phar,KS11,KRW
001260,43582,Nam Kwang Cons,KS11,KRW
004270,43684,Nam Sung,KS11,KRW
025860,43355,Namhae Chemical,KS11,KRW
008350,43771,Namsun Alumini,KS11,KRW
003920,43403,Namyang Dairy,KS11,KRW
002070,43610,Namyeung Vivie,KS11,KRW
007460,43758,Nara Kic,KS11,KRW
036570,43448,NCsoft Corp,KS11,KRW
005720,43724,Nexen,KS11,KRW
002350,43468,Nexen Tire,KS11,KRW
110570,44064,Nexolon,KS11,KRW
035420,43493,NHN Corp,KS11,KRW
181710,44108,Nhn Entertain,KS11,KRW
008260,43770,Ni Steel,KS11,KRW
034310,43944,Nice,KS11,KRW
085310,44027,Nk,KS11,KRW
004370,43494,Nongshim,KS11,KRW
072710,43987,Nongshim Holdi,KS11,KRW
090350,44032,Noroo Paint,KS11,KRW
000320,43553,Norooholdings,KS11,KRW
004250,43683,Npc,KS11,KRW
010060,43469,OCI Co Ltd,KS11,KRW
002630,43632,Orientbio,KS11,KRW
001800,43530,Orion,KS11,KRW
007310,43518,Ottogi,KS11,KRW
001340,43585,Paik Kwang Ind,KS11,KRW
007980,43766,Pan-Pacific,KS11,KRW
003610,43665,Pang Rim Spinn,KS11,KRW
001020,43574,Papercorea,KS11,KRW
005690,43470,Pharmicell,KS11,KRW
103140,43482,Poongsan,KS11,KRW
005810,43728,Poongsan Holdi,KS11,KRW
058430,43969,Posco C&C Stl,KS11,KRW
047050,43535,Posco Daewoo Corp,KS11,KRW
005490,43531,POSCO,KS11,KRW
017810,43885,Pulmuone Holdi,KS11,KRW
002410,43624,Pum Yang Const,KS11,KRW
005030,43707,Pusan Cast Met,KS11,KRW
010770,43813,Pyung Hwa Hldg,KS11,KRW
090080,44031,Pyung Hwa Ind,KS11,KRW
102460,44058,Reyon Pharm,KS11,KRW
000760,43566,Rifa Ind,KS11,KRW
003570,43426,S&T Dynamics,KS11,KRW
036530,43949,S&T Holdings,KS11,KRW
064960,43483,S&T Motiv Co Ltd,KS11,KRW
100840,44052,S&TC,KS11,KRW
012750,43495,S-1 Corp,KS11,KRW
010950,43473,S-Oil Corp,KS11,KRW
075180,43989,Saeron Auto,KS11,KRW
007160,43754,Sajo Ind,KS11,KRW
006090,43737,Sajo Oyang,KS11,KRW
014710,43857,Sajo Seafood,KS11,KRW
003960,43675,Sajodaerim,KS11,KRW
008040,43489,Sajodongaone Co Ltd,KS11,KRW
079660,43994,Sajohaepyo,KS11,KRW
001820,43605,Sam Hwa Capaci,KS11,KRW
009770,43801,Sam Jung Pulp,KS11,KRW
003230,43655,Sam Yang Foods,KS11,KRW
002170,43614,Sam Yang T S,KS11,KRW
003720,43670,Sam Young Chem,KS11,KRW
002810,43638,Sam Yung Tradi,KS11,KRW
006110,43738,Sam-A Aluminiu,KS11,KRW
001470,43592,Sambu Const,KS11,KRW
004690,43692,Samchully,KS11,KRW
010960,43815,Samho Dev,KS11,KRW
001880,43606,Samho Intl,KS11,KRW
004450,43689,Samhwa Crown,KS11,KRW
000390,43556,Samhwa Paint,KS11,KRW
002450,43626,Samick Music I,KS11,KRW
004380,43687,Samick Thk,KS11,KRW
000520,43561,Samil Pharm,KS11,KRW
005500,43719,Samjin Pharm,KS11,KRW
005090,43384,Samkwang Glass,KS11,KRW
005610,43721,Samlip Foods,KS11,KRW
029780,43427,Samsung Card,KS11,KRW
006660,43746,Samsung Climat,KS11,KRW
009150,43350,Samsung Electro-Mechanics,KS11,KRW
005930,43433,Samsung Electronics Co,KS11,KRW
028050,43435,Samsung Engineering,KS11,KRW
000810,43370,Samsung Fire & Marine Insurance,KS11,KRW
010140,43366,Samsung Heavy Industries,KS11,KRW
032830,43428,Samsung Life,KS11,KRW
001360,43586,Samsung Pharm,KS11,KRW
068290,43976,Samsung Publis,KS11,KRW
006400,43450,Samsung SDI,KS11,KRW
016360,43407,Samsung Securities,KS11,KRW
011230,43820,Samwha Elec,KS11,KRW
009470,43800,Samwha Electri,KS11,KRW
023000,43902,Samwon Steel,KS11,KRW
145990,44094,Samyang Cor,KS11,KRW
000070,43429,Samyang Holdings,KS11,KRW
005680,43723,Samyoung Elec,KS11,KRW
041650,43956,Sangsin Brake,KS11,KRW
067830,43975,Savezone I C,KS11,KRW
101060,44053,Sbs Media Hold,KS11,KRW
102280,44057,Sbw,KS11,KRW
023960,43909,Sc Engineering,KS11,KRW
003060,43647,Schnell Biopha,KS11,KRW
001430,43451,SeAH Bestee,KS11,KRW
058650,43970,Seah Holdings,KS11,KRW
019440,43895,Seah Spe Steel,KS11,KRW
003030,43357,Seah Steel Corp,KS11,KRW
004360,43686,Sebang,KS11,KRW
004490,43386,Sebang Global Battery Co Ltd,KS11,KRW
027970,43926,Seha,KS11,KRW
033530,43471,Sejong Industrial,KS11,KRW
007540,43759,Sempio Foods,KS11,KRW
007610,43761,Seondo Electri,KS11,KRW
011300,43822,Seong An,KS11,KRW
034120,43543,Seoul Broadcasting System,KS11,KRW
017390,43883,Seoul City Gas,KS11,KRW
004410,43688,Seoul Food,KS11,KRW
021050,43899,Seowon,KS11,KRW
007860,43445,Seoyeon Co Ltd,KS11,KRW
091090,44039,Sewon Cellonte,KS11,KRW
021820,43900,Sewon Precisio,KS11,KRW
013000,43843,Sewoo Global,KS11,KRW
004060,43676,Sg,KS11,KRW
001380,43587,SG Choongbang Co Ltd,KS11,KRW
002360,43622,Sh E & C,KS11,KRW
005450,43718,Shin Han Const,KS11,KRW
001770,43602,Shin Hwa Silup,KS11,KRW
002870,43641,Shin Poong Pap,KS11,KRW
016590,43875,Shindaeyang Pa,KS11,KRW
055550,43453,Shinhan Financial Group,KS11,KRW
004080,43677,Shinhung,KS11,KRW
002700,43633,Shinil Ind,KS11,KRW
019170,43892,Shinpoong Phar,KS11,KRW
004170,43484,Shinsegae,KS11,KRW
034300,43943,Shinsegae Cons,KS11,KRW
031440,43934,Shinsegae Food,KS11,KRW
035510,43948,Shinsegae I&C,KS11,KRW
031430,43933,Shinsegae Inte,KS11,KRW
104110,44059,Shinsung Eng,KS11,KRW
104120,44060,Shinsung Fa,KS11,KRW
011930,43831,Shinsung Se,KS11,KRW
005390,43714,Shinsung Tngsn,KS11,KRW
009270,43792,Shinwon,KS11,KRW
001720,43600,Shinyoung Sec,KS11,KRW
005800,43727,Shinyoung Waco,KS11,KRW
004970,43704,Silla,KS11,KRW
009160,43787,Simpac,KS11,KRW
029530,43519,Sindoh,KS11,KRW
006880,50595,Singsongholdin,KS11,KRW
123700,44076,Sjm,KS11,KRW
025530,43915,Sjm Holdings,KS11,KRW
006120,43358,SK Chemicals Co,KS11,KRW
018670,43891,Sk Gas,KS11,KRW
034730,43520,SK Holdings Co Ltd,KS11,KRW
000660,43430,SK Hynix Inc,KS11,KRW
096770,43404,SK Innovation,KS11,KRW
001740,43439,SK Networks Co Ltd,KS11,KRW
001510,43594,Sk Securities,KS11,KRW
017670,43472,SK Telecom Corporation Ltd,KS11,KRW
011790,43538,SKC,KS11,KRW
005850,43511,SL Corp,KS11,KRW
004430,43412,Songwon Industrial,KS11,KRW
017550,43884,Soosan Heavy I,KS11,KRW
003410,43392,Ssangyong Cement,KS11,KRW
003620,43359,Ssangyong Motor,KS11,KRW
011810,43539,STX,KS11,KRW
077970,43474,Stx Engine,KS11,KRW
071970,43985,Stx Heavy Indu,KS11,KRW
028670,43405,STX Pan Ocean,KS11,KRW
008490,43773,Suheung Capsul,KS11,KRW
002820,43639,Sunchang,KS11,KRW
003080,43649,Sung Bo Chem,KS11,KRW
000180,43549,Sungchang Hold,KS11,KRW
005980,43734,Sungjee Const,KS11,KRW
014910,43860,Sungmoon Elect,KS11,KRW
004980,43705,Sungshin Cemen,KS11,KRW
136490,44083,Sunjin,KS11,KRW
004770,43696,Sunny Elec,KS11,KRW
025620,43917,SWH Co Ltd,KS11,KRW
047400,43961,Sy Material,KS11,KRW
015890,43870,Tae Kyung Ind,KS11,KRW
001420,43589,Tae Won Mulsan,KS11,KRW
003240,43431,Taekwang Ind,KS11,KRW
006890,43749,Taekyung Chem,KS11,KRW
004100,43679,Taeyang Metal,KS11,KRW
009410,43796,Taeyoung Const,KS11,KRW
011280,43821,Tai Lim Packag,KS11,KRW
001440,43369,Taihan Electric Wire Co Ltd,KS11,KRW
001070,43576,Taihan Textile,KS11,KRW
084870,43361,TBH Global Co Ltd,KS11,KRW
002710,43634,Tcc Steel,KS11,KRW
134790,44082,Teems,KS11,KRW
078000,43991,Telcoware,KS11,KRW
019180,43893,Thn,KS11,KRW
001520,43496,Tongyang,KS11,KRW
082640,44010,Tongyang Life,KS11,KRW
002900,43643,Tongyang Mools,KS11,KRW
030790,43932,Tongyang Netwo,KS11,KRW
008000,43391,Toray Chemical Korea Inc,KS11,KRW
140890,44090,Trus Y 7-Reit,KS11,KRW
001790,43604,Ts,KS11,KRW
004870,43699,TWay Holdings,KS11,KRW
072130,43986,Uangel,KS11,KRW
011330,43823,Uni Chem,KS11,KRW
014830,43534,Unid,KS11,KRW
000910,43571,Union,KS11,KRW
077500,43990,Uniquest,KS11,KRW
033270,43941,United Pharm,KS11,KRW
100220,44050,Visang Educati,KS11,KRW
016580,43874,Whanin Pharm,KS11,KRW
008600,43776,Willbes,KS11,KRW
024070,43910,Wiscom,KS11,KRW
095720,44048,Wngjin Thinkbi,KS11,KRW
005820,43729,Wonlim,KS11,KRW
105840,44061,Woojin,KS11,KRW
049800,43963,Woojin Plaimm,KS11,KRW
016880,43879,Woongjin Co Ltd,KS11,KRW
103130,43349,Woongjin Energy Co,KS11,KRW
010050,43805,Woori Investment,KS11,KRW
005940,43545,Woori Investment & Securities,KS11,KRW
118000,44069,Wooridul Life,KS11,KRW
004720,43694,Wooridul Pharm,KS11,KRW
017370,43882,Wooshin System,KS11,KRW
006980,43750,Woosung Feed,KS11,KRW
010600,43810,Ybroad,KS11,KRW
012280,43836,Yeong Hwa Meta,KS11,KRW
015360,43866,Yesco,KS11,KRW
037270,43951,Yg Plus Inc,KS11,KRW
002920,43644,Yoo Sung Ent,KS11,KRW
008730,43779,Youlchon Chem,KS11,KRW
012160,43833,Young Heung I&,KS11,KRW
003520,43660,Young Jin Phar,KS11,KRW
006740,43747,Young Poong Pa,KS11,KRW
014440,43853,Youngbo Chem,KS11,KRW
111770,44065,Youngone,KS11,KRW
009970,43803,Youngone Holdi,KS11,KRW
000670,43475,YoungPoong,KS11,KRW
003470,43659,Yuanta Sec Kor,KS11,KRW
000100,43532,Yuhan,KS11,KRW
003460,43658,Yuhwa Sec,KS11,KRW
011690,43827,Yuyang D&U,KS11,KRW
000220,43550,Yuyu Pharma,KS11,KRW
