0P0000Q7VP,1072036,Eurizon Fund - Azioni Strategia Flessibile Class Unit R EUR Accumulation,,
0P00009QB4,1073073,Allianz Global Investors Fund - Allianz Europe Equity Growth CT EUR,,
0P0000Y5P3,1025864,Anima Sforzesco F,,
0P00015EM5,1055450,Anima Sforzesco AD,,
0P00000U93,1025823,Anima Sforzesco A,,
0P00000UCL,1050209,Alleanza Obbligazionario A,,
0P00001FCL,1050311,Arca Strategia Globale Crescita P,,
0P0000ADYI,1055576,Cometa Reddito,,
0P0000Y5P5,1025866,Anima Visconteo F,,
0P00000U88,1025821,Anima Visconteo A,,
0P00015EM6,1055471,Anima Visconteo AD,,
0P00000UBA,1050493,Mediolanum Flessibile Obbligazionario Globale L,,
0P0001563D,1055794,Mediolanum Flessibile Obbligazionario Globale LA,,
LP68343655,1011100,Mediolanum Flessibile Obbligazionario Globale I,,
0P00000TX8,1050310,Arca RR Diversified Bond,,
0P0000W6HI,1055805,Pioneer Target Controllo B,,
0P0000ADRN,1055575,Cometa Monetario Plus,,
0P00019NNT,1065333,CS Invm Fds 2 - Credit Suisse Lux Global Robotics Equity Fund CB USD,,
0P0001563A,1055796,Mediolanum Flessibile Sviluppo Italia LA,,
0P00010B1K,1050494,Mediolanum Flessibile Sviluppo Italia Class L,,
0P000147UK,1050495,Mediolanum Flessibile Sviluppo Italia I,,
0P0000Y0TQ,1025859,Pioneer UniCredit Evoluzione Reddito B,,
0P000088J2,1055741,Foncer - Bilanciato,,
0P0000W6HM,1050542,Pioneer Obbligazionario Più a distribuzione B,,
0P0000IS4T,1078747,Laborfonds Bilanciata,,
0P00002BW3,1055804,Pioneer Target Controllo A,,
0P00016ODT,1055717,Eurizon Riserva 2 anni C,,
0P00015ZBF,1055715,Eurizon Riserva 2 anni A,,
0P00016ODS,1055716,Eurizon Riserva 2 anni B,,
0P00016RGA,1055749,Fondaco Multi Asset Income B,,
0P0000AEMS,1078523,Fondenergia Bilanciato,,
0P0000XTIJ,1050277,Anima Liquidità Euro A,,
0P00000TUQ,1050279,Anima Liquidità Euro I,,
0P0000Y5OT,1050278,Anima Liquidità Euro F,,
0P00000U91,1050489,Mediolanum Flessibile Futuro Italia LA,,
0P000147UI,1050492,Mediolanum Flessibile Italia I,,
0P00018C2D,1055550,BancoPosta Mix 1 D,,
0P00000X5R,1050323,BancoPosta Mix 1 A,,
0P00000U9M,1025824,Anima Risparmio AD,,
0P00012PMJ,1055441,Anima Risparmio A,,
0P0000Y5P2,1025863,Anima Risparmio F,,
0P00017ASZ,1055442,Anima Risparmio H,,
0P00000U4A,1050308,Arca Bond Paesi Emergenti P,,
0P0000K57Q,1055807,Previmoda Smeraldo,,
0P00000UF8,1025829,Etica Obbligazionario Misto R,,
0P0000VC7K,1025855,Etica Obbligazionario Misto I,,
0P00000TYH,1025813,Arca Obbligazioni Europa,,
0P0001563B,1055797,Mediolanum Flessibile Valore Attivo LA,,
0P000147UM,1050497,Mediolanum Flessibile Valore Attivo I,,
0P00010B1L,1050496,Mediolanum Flessibile Valore Attivo L,,
0P0000ADRL,1055577,Cometa Sicurezza,,
0P00018C2E,1055551,BancoPosta Mix 2 D,,
0P00000X5T,1050324,BancoPosta Mix 2 A,,
0P0000K214,1078807,Telemaco Prudente,,
0P00000CBU,1050306,Arca Bond Corporate,,
0P0000ADKO,1078484,Alifond Bilanciato,,
0P000088LY,1055742,Foncer - Garantito,,
0P000147UH,1025874,Mediolanum Flessibile Strategico I,,
0P00000TVH,1025808,Mediolanum Flessibile Strategico L,,
0P0001563E,1055795,Mediolanum Flessibile Strategico LA,,
0P00000TV4,1050534,Pioneer Obbl Più a distribuzione A,,
0P0000ADBO,1050269,Anima Geo Europa Y,,
0P00000U1L,1050266,Anima Geo Europa A,,
0P00000TYO,1050270,Anima Geo Globale A,,
0P0000ADBJ,1025846,Anima Geo Globale Y,,
0P0000JSZU,1055540,Arca Previdenza - Obiettivo TFR R,,
0P0000WEKT,1055539,Arca Previdenza - Obiettivo TFR C,,
0P0000CWZS,1055538,Arca Previdenza - Obiettivo TFR,,
LP68143272,1011098,Etica Bilanciato I,,
0P00000UF2,1025828,Etica Bilanciato R,,
0P00015FKH,1055720,Eurizon Soluzione Cedola Maggio 2020,,
0P00017JQE,1055451,Anima Sforzesco Plus A,,
0P00017JQG,1055452,Anima Sforzesco Plus AD,,
0P00017JQF,1055453,Anima Sforzesco Plus F,,
0P0000CNFX,1078527,Gommaplastica bilanciato,,
0P00000TVT,1050305,Arca BB,,
0P0000CX02,1055532,Arca Previdenza - Alta Crescita,,
0P0000JSZS,1055534,Arca Previdenza - Alta Crescita R,,
0P0000WEKQ,1055533,Arca Previdenza - Alta Crescita C,,
0P000013RD,1025837,UBI Pramerica Portafoglio Moderato,,
0P0000JT04,1055537,Arca Previdenza - Crescita R,,
0P0000WEKR,1055536,Arca Previdenza - Crescita C,,
0P0000CWZK,1055535,Arca Previdenza - Crescita,,
0P00012I3R,1055728,Euromobiliare Cedola 2018 A,,
0P00000TUP,1050227,Anima Alto Potenziale Globale A,,
0P0000Y5OO,1050228,Anima Alto Potenziale Globale F,,
0P00000TVW,1050402,Eurizon Obbligazioni Euro Breve Termine D,,
0P0000UVW2,1050401,Eurizon Obbligazioni Euro Breve Term A,,
0P0000AEMO,1078519,Fondoposte Bilanciato,,
0P00000Z1O,1050408,Eurizon Profilo Flessibile Difesa,,
0P0000F5GT,1050428,Eurizon Tesoreria Euro B,,
0P00000TUG,1050427,Eurizon Tesoreria Euro A,,
0P00000TVS,1025809,Arca TE - Titoli Esteri,,
0P0000AEMN,1078518,Fondoposte Garantito,,
0P0000G77O,1050335,BNL Assetto Dinamico,,
0P00018C2G,1055553,BancoPosta Mix 3 D,,
0P00018C2F,1055552,BancoPosta Mix 3 A,,
0P000013RC,1050601,UBI Pramerica Portafoglio Prudente,,
0P00000U3N,1050528,Pioneer Euro Governativo Breve Termine A,,
0P00015JLQ,1055830,UBI Pramerica Obbligazionario Obiettivo Valore,,
