USDCAD,7,US Dollar Canadian Dollar,Forex,CAD
CADCHF,14,Canadian Dollar Swiss Franc,Forex,CHF
EURCAD,16,Euro Canadian Dollar,Forex,CAD
AUDCAD,47,Australian Dollar Canadian Dollar,Forex,CAD
CADJPY,51,Canadian Dollar Japanese Yen,Forex,JPY
GBPCAD,54,British Pound Canadian Dollar,Forex,CAD
NZDCAD,56,New Zealand Dollar Canadian Dollar,Forex,CAD
CADPLN,83,Canadian Dollar Polish Zloty,Forex,PLN
CADDKK,106,Canadian Dollar Danish Krone,Forex,DKK
CADNOK,114,Canadian Dollar Norwegian Krone,Forex,NOK
CADSGD,133,Canadian Dollar Singapore Dollar,Forex,SGD
CADSEK,141,Canadian Dollar Swedish Krona,Forex,SEK
CADHKD,151,Canadian Dollar Hong Kong Dollar,Forex,HKD
BRLCAD,1507,Brazil Real Canadian Dollar,Forex,CAD
CADAED,1520,Canadian Dollar UAE Dirham,Forex,AED
CADARS,1521,Canadian Dollar Argentinian Peso,Forex,ARS
CADAUD,1522,Canadian Dollar Australian Dollar,Forex,AUD
CADBRL,1523,Canadian Dollar Brazil Real,Forex,BRL
CADCNY,1524,Canadian Dollar Chinese Yuan,Forex,CNY
CADEUR,1525,Canadian Dollar Euro,Forex,EUR
CADGBP,1526,Canadian Dollar British Pound,Forex,GBP
CADIDR,1527,Canadian Dollar Indonesian Rupiah,Forex,IDR
CADILS,1528,Canadian Dollar Israeli Shekel,Forex,ILS
CADINR,1529,Canadian Dollar Indian Rupee,Forex,INR
CADKRW,1530,Canadian Dollar Korean Won,Forex,KRW
CADKWD,1531,Canadian Dollar Kuwaiti Dinar,Forex,KWD
CADMXN,1532,Canadian Dollar Mexican Peso,Forex,MXN
CADMYR,1533,Canadian Dollar Malaysian Ringgit,Forex,MYR
CADNZD,1534,Canadian Dollar New Zealand Dollar,Forex,NZD
CADPKR,1535,Canadian Dollar Pakistani Rupee,Forex,PKR
CADTHB,1536,Canadian Dollar Thai Baht,Forex,THB
CADTWD,1537,Canadian Dollar Taiwan Dollar,Forex,TWD
CADUSD,1538,Canadian Dollar US Dollar,Forex,USD
CADZAR,1539,Canadian Dollar South African Rand,Forex,ZAR
CHFCAD,1545,Swiss Franc Canadian Dollar,Forex,CAD
IDRCAD,1841,Indonesian Rupiah Canadian Dollar,Forex,CAD
JPYCAD,1891,Japanese Yen Canadian Dollar,Forex,CAD
SGDCAD,2028,Singapore Dollar Canadian Dollar,Forex,CAD
AEDCAD,9278,UAE Dirham Canadian Dollar,Forex,CAD
ARSCAD,9332,Argentinian Peso Canadian Dollar,Forex,CAD
CADBBD,9458,Canadian Dollar Barbadian Dollar,Forex,BBD
CADBHD,9459,Canadian Dollar Baharain Dinar,Forex,BHD
CADCLP,9460,Canadian Dollar Chilean Peso,Forex,CLP
CADCZK,9461,Canadian Dollar Czech Koruna,Forex,CZK
CADEGP,9463,Canadian Dollar Egyptian Pound,Forex,EGP
CADHUF,9464,Canadian Dollar Hungarian Forint,Forex,HUF
CADISK,9465,Canadian Dollar Icelandic Kr,Forex,ISK
CADJMD,9466,Canadian Dollar Jamaican Dollar,Forex,JMD
CADJOD,9467,Canadian Dollar Jordan Dinar,Forex,JOD
CADKES,9468,Canadian Dollar Kenyan Shilling,Forex,KES
CADLBP,9469,Canadian Dollar Lebanese Pound,Forex,LBP
CADLKR,9470,Canadian Dollar Sri Lankan Rupee,Forex,LKR
CADMAD,9473,Canadian Dollar Moroccan Dirham,Forex,MAD
CADNAD,9474,Canadian Dollar Namibian Dollar,Forex,NAD
CADNPR,9475,Canadian Dollar Nepalese Rupee,Forex,NPR
CADOMR,9476,Canadian Dollar Omani Rial,Forex,OMR
CADPAB,9477,Canadian Dollar Panamanian Balboa,Forex,PAB
CADPHP,9478,Canadian Dollar Philippine Peso,Forex,PHP
CADQAR,9479,Canadian Dollar Qatari Riyal,Forex,QAR
CADRON,9480,Canadian Dollar Romanian Leu,Forex,RON
CADRUB,9481,Canadian Dollar Russian Ruble,Forex,RUB
CADSAR,9482,Canadian Dollar Saudi Riyal,Forex,SAR
CADTRY,9483,Canadian Dollar Turkish Lira,Forex,TRY
CADVEF,9484,Canadian Dollar Venezuelan Bolivar,Forex,VEF
CADXAF,9485,Canadian Dollar Central African Franc,Forex,XAF
CADXCD,9486,Canadian Dollar East Caribbean Dollar,Forex,XCD
CADXOF,9487,Canadian Dollar West African CFA franc,Forex,XOF
CNYCAD,9494,Chinese Yuan Canadian Dollar,Forex,CAD
DKKCAD,9576,Danish Krone Canadian Dollar,Forex,CAD
HKDCAD,9618,Hong Kong Dollar Canadian Dollar,Forex,CAD
ILSCAD,9679,Israeli Shekel Canadian Dollar,Forex,CAD
MXNCAD,9793,Mexican Peso Canadian Dollar,Forex,CAD
NOKCAD,9842,Norwegian Krone Canadian Dollar,Forex,CAD
PLNCAD,9977,Polish Zloty Canadian Dollar,Forex,CAD
SARCAD,10075,Saudi Riyal Canadian Dollar,Forex,CAD
SEKCAD,10131,Swedish Krona Canadian Dollar,Forex,CAD
TRYCAD,10247,Turkish Lira Canadian Dollar,Forex,CAD
TWDCAD,10301,Taiwan Dollar Canadian Dollar,Forex,CAD
VEFCAD,10351,Venezuelan Bolivar Canadian Dollar,Forex,CAD
ZARCAD,10408,South African Rand Canadian Dollar,Forex,CAD
RUBCAD,13919,Russian Ruble Canadian Dollar,Forex,CAD
KRWCAD,13925,Korean Won Canadian Dollar,Forex,CAD
CADBYN,53090,Canadian Dollar Belarusian Ruble,Forex,BYN
CADUAH,940805,Canadian Dollar Ukrainian Hryvnia,Forex,UAH
CADCOP,993165,Canadian Dollar Colombian Peso,Forex,COP
