ATM,43224,A2 Milk,New Zealand,NZD,http://www.investing.com/equities/a2-corp
ABA,1096334,Abano Healthcare,New Zealand,NZD,http://www.investing.com/equities/abano-health?cid=1096334
AFT,1096336,AFT Pharmaceuticals,New Zealand,NZD,http://www.investing.com/equities/aft-pharmaceuticals-ltd?cid=1096336
AIR,43227,Air New Zealand,New Zealand,NZD,http://www.investing.com/equities/air-new-zealand?cid=43227
ALF,1096337,Allied Farmers,New Zealand,NZD,http://www.investing.com/equities/allied-farmers?cid=1096337
AMP,1096338,AMP,New Zealand,NZD,http://www.investing.com/equities/amp-limited?cid=1096338
ANBFA,1096339,ANZ Bank A,New Zealand,NZD,http://www.investing.com/equities/anz-bank-a
ANBHB,1096340,ANZ Bank B,New Zealand,NZD,http://www.investing.com/equities/anz-bank-b
ANZ,1096341,ANZ Banking Group,New Zealand,NZD,http://www.investing.com/equities/australia---nz-banking-grp-ltd?cid=1096341
AOR,43230,Aorere Resources,New Zealand,NZD,http://www.investing.com/equities/aorere-res
ARG,1096343,Argosy Property,New Zealand,NZD,http://www.investing.com/equities/argosy-propert?cid=1096343
ARV,1096344,Arvida,New Zealand,NZD,http://www.investing.com/equities/arvida
AIA,43228,Auckland Airport,New Zealand,NZD,http://www.investing.com/equities/akl-airport
AUG,43232,Augusta Capital,New Zealand,NZD,http://www.investing.com/equities/augusta-capit
AFI,1096335,Australian Foundation,New Zealand,NZD,http://www.investing.com/equities/aust-foundation?cid=1096335
AWF,43233,AWF Madison,New Zealand,NZD,http://www.investing.com/equities/awf-group
BIT,1096348,Bankers,New Zealand,NZD,http://www.investing.com/equities/bankers-investment-trust?cid=1096348
BRM,43234,Barramundi,New Zealand,NZD,http://www.investing.com/equities/barramundi
BGI,43283,Blackwell,New Zealand,NZD,http://www.investing.com/equities/nzf-group-ltd
BLT,1096517,BLIS Tech,New Zealand,NZD,http://www.investing.com/equities/blis-tech
BGP,1096347,Briscoe,New Zealand,NZD,http://www.investing.com/equities/briscoe-group?cid=1096347
BFG,1096516,Burger Fuel Worldwide,New Zealand,NZD,http://www.investing.com/equities/burger-fuel-worldwide
CBD,1152847,Cannasouth,New Zealand,NZD,http://www.investing.com/equities/cannasouth-ltd
CAV,43238,Cavalier,New Zealand,NZD,http://www.investing.com/equities/cavalier
CDI,1096518,CDL Invest NZ,New Zealand,NZD,http://www.investing.com/equities/cdl-invest-nz
CRP,1096351,Chatham Rock Phosphate,New Zealand,NZD,http://www.investing.com/equities/glass-earth-gold-limited?cid=1096351
CNU,43240,Chorus,New Zealand,NZD,http://www.investing.com/equities/chorus
TCL,1096404,City Of London IT,New Zealand,NZD,http://www.investing.com/equities/city-of-london-investment-trust?cid=1096404
CMO,43241,Colonial Motor,New Zealand,NZD,http://www.investing.com/equities/colonial-motor
CVT,43242,Comvita,New Zealand,NZD,http://www.investing.com/equities/comvita
CEN,1096349,Contact Energy Ltd,New Zealand,NZD,http://www.investing.com/equities/contact-energy-ltd?cid=1096349
CGF,1096350,Cooks Global Foods,New Zealand,NZD,http://www.investing.com/equities/cooks-global-foods
DGL,43244,Delegat,New Zealand,NZD,http://www.investing.com/equities/delegats-group
EBO,43248,EBOS,New Zealand,NZD,http://www.investing.com/equities/ebos-group
ERD,1096352,EROAD,New Zealand,NZD,http://www.investing.com/equities/eroad
EVO,1096353,Evolve Education Group Ltd,New Zealand,NZD,http://www.investing.com/equities/evolve-education-group-ltd?cid=1096353
FCT,1096356,F&C Invest,New Zealand,NZD,http://www.investing.com/equities/foreign-and-colonial-inv-trust?cid=1096356
FIN,43250,Finzsoft Solutions,New Zealand,NZD,http://www.investing.com/equities/finzsoft-soln
FPH,43253,Fisher&Paykel Healthcare,New Zealand,NZD,http://www.investing.com/equities/fisher---paykel-healthcare-corp.?cid=43253
FBU,43251,Fletcher Building,New Zealand,NZD,http://www.investing.com/equities/fletcher-building-ltd?cid=43251
FWL,1115153,Foley Wines,New Zealand,NZD,http://www.investing.com/equities/foley-wines
FCG,1096354,Fonterra Co-Operative,New Zealand,NZD,http://www.investing.com/equities/fonterra-co-operative
FCGHA,1096355,Fonterra Co-Operative Pref,New Zealand,NZD,http://www.investing.com/equities/fonterra-co-operative-pref
FSF,1136172,Fonterra Shareholders,New Zealand,NZD,http://www.investing.com/equities/fonterra-shareholders-fund?cid=1136172
FRE,1096357,Freightways,New Zealand,NZD,http://www.investing.com/equities/freightways?cid=1096357
FMS,43305,Future Mobility,New Zealand,NZD,http://www.investing.com/equities/sealegs-corp
GEN,1152824,General Capital Ltd,New Zealand,NZD,http://www.investing.com/equities/general-capital-ltd
GNE,1096359,Genesis Energy Ltd,New Zealand,NZD,http://www.investing.com/equities/genesis-energy-ltd?cid=1096359
GFL,1096522,Geneva Finance,New Zealand,NZD,http://www.investing.com/equities/geneva-finance
GTK,1096360,Gentrack Group Ltd,New Zealand,NZD,http://www.investing.com/equities/gentrack-group-ltd?cid=1096360
GEO,1096358,GeoOp,New Zealand,NZD,http://www.investing.com/equities/geoop
GSH,43329,Good Spirits,New Zealand,NZD,http://www.investing.com/equities/veritas-invest
GMT,1152826,Goodman Property,New Zealand,NZD,http://www.investing.com/equities/goodman-proper?cid=1152826
GXH,1096361,Green Cross Health,New Zealand,NZD,http://www.investing.com/equities/green-cross-health
HLG,1096362,Hallenstein Glasson,New Zealand,NZD,http://www.investing.com/equities/hallenstein-glasson-holdings-ltd?cid=1096362
HGH,43257,Heartland Group,New Zealand,NZD,http://www.investing.com/equities/heartland-nz
IKE,1096366,Ikegps Group,New Zealand,NZD,http://www.investing.com/equities/ikegps-group-ltd?cid=1096366
IFT,1096364,Infratil,New Zealand,NZD,http://www.investing.com/equities/infratil-ltd?cid=1096364
IFTHA,1096365,Infratil Pref,New Zealand,NZD,http://www.investing.com/equities/infratil-pref
IAGFB,1096363,Insurance Australia,New Zealand,NZD,http://www.investing.com/equities/insurance-australia
FLYY,978230,Intellaequity Inc,New Zealand,NZD,http://www.investing.com/equities/augusta-industries-inc
IPL,1096367,Investore Property,New Zealand,NZD,http://www.investing.com/equities/investore-property
JPG,1096368,JPM Global Growth,New Zealand,NZD,http://www.investing.com/equities/jpmorgan-overseas-investment-trust?cid=1096368
JLG,1152844,Just Life Group,New Zealand,NZD,http://www.investing.com/equities/just-life-group-ltd
KMD,43262,Kathmandu,New Zealand,NZD,http://www.investing.com/equities/kathmandu
KFL,43263,Kingfish,New Zealand,NZD,http://www.investing.com/equities/kingfish
KPG,43265,Kiwi Property,New Zealand,NZD,http://www.investing.com/equities/kiwi-income
LIC,1096369,Livestock Improvement,New Zealand,NZD,http://www.investing.com/equities/livestock-improvement
MFT,1096373,Mainfreight,New Zealand,NZD,http://www.investing.com/equities/mainfreight-ltd?cid=1096373
MLN,43268,Marlin Global,New Zealand,NZD,http://www.investing.com/equities/marlin-global
MMH,1096527,Marsden Maritime,New Zealand,NZD,http://www.investing.com/equities/marsden-maritime
MEE,1152825,Me Today Ltd,New Zealand,NZD,http://www.investing.com/equities/csm-group-ltd
MGL,43269,Mercer Group,New Zealand,NZD,http://www.investing.com/equities/mercer-group
MCY,1096370,Mercury NZ,New Zealand,NZD,http://www.investing.com/equities/mighty-river-power-ltd?cid=1096370
MEL,1096371,Meridian Energy Ltd,New Zealand,NZD,http://www.investing.com/equities/meridian-energy-ltd?cid=1096371
MET,1096372,Metlifecare,New Zealand,NZD,http://www.investing.com/equities/metlifecare?cid=1096372
MPG,1096374,Metro Performance Glass,New Zealand,NZD,http://www.investing.com/equities/metro-performance-glass-ltd?cid=1096374
MHJ,43272,Michael Hill,New Zealand,NZD,http://www.investing.com/equities/michael-hill-international-ltd?cid=43272
MCK,43274,Millennium & Copthorne,New Zealand,NZD,http://www.investing.com/equities/mill---cop-hot
MOA,43275,MOA,New Zealand,NZD,http://www.investing.com/equities/moa-group-ltd
MTFHC,1096375,Motor Trade Finance,New Zealand,NZD,http://www.investing.com/equities/motor-trade-finance
NPH,1152799,Napier Port Holdings,New Zealand,NZD,http://www.investing.com/equities/napier-port-holdings-ltd
NTL,43277,New Talisman Gold,New Zealand,NZD,http://www.investing.com/equities/new-tas-gold-m
NZK,1096376,New Zealand King Salmon,New Zealand,NZD,http://www.investing.com/equities/new-zealand-king-salmon-co-ltd?cid=1096376
NZO,43281,New Zealand Oil Gas,New Zealand,NZD,http://www.investing.com/equities/nz-oil---gas
NZR,1096378,New Zealand Refining,New Zealand,NZD,http://www.investing.com/equities/nzrefin?cid=1096378
APL,1096342,NPT,New Zealand,NZD,http://www.investing.com/equities/npt-limited?cid=1096342
NWF,43282,NZ Windfarms,New Zealand,NZD,http://www.investing.com/equities/nz-windfarms
NZM,1096377,NZME,New Zealand,NZD,http://www.investing.com/equities/nzme-ltd?cid=1096377
NZX,1096379,NZX,New Zealand,NZD,http://www.investing.com/equities/nzx?cid=1096379
OCA,1096380,Oceania Healthcare,New Zealand,NZD,http://www.investing.com/equities/oceania-healthcare-ltd?cid=1096380
PEB,43287,Pacific Edge,New Zealand,NZD,http://www.investing.com/equities/pacific-edge
PYS,43249,PaySauce,New Zealand,NZD,http://www.investing.com/equities/energy-mad
PGW,1096384,PGG Wrightson,New Zealand,NZD,http://www.investing.com/equities/pgg-wrightson
PLX,1096385,Plexure,New Zealand,NZD,http://www.investing.com/equities/plexure
POT,1096386,Port Tauranga,New Zealand,NZD,http://www.investing.com/equities/port-tauranga?cid=1096386
PCT,1096382,Precinct Properties NZ,New Zealand,NZD,http://www.investing.com/equities/precinct-prop?cid=1096382
PCTHA,1096383,Precinct Properties Pref,New Zealand,NZD,http://www.investing.com/equities/precinct-properties-pref
PIL,43302,Promisia Integrative,New Zealand,NZD,http://www.investing.com/equities/savoy-equities
PFI,43293,Property Industry,New Zealand,NZD,http://www.investing.com/equities/prop-industrie
PPH,1096387,Pushpay Holdings,New Zealand,NZD,http://www.investing.com/equities/pushpay-holdings-ltd?cid=1096387
QEX,1096388,QEX Logistics,New Zealand,NZD,http://www.investing.com/equities/qex-logistics
QHLHA,1096389,Quayside,New Zealand,NZD,http://www.investing.com/equities/quayside
RCSHA,1096392,Rabo Capital Securities,New Zealand,NZD,http://www.investing.com/equities/rabo-capital-securities
RAK,43296,Rakon,New Zealand,NZD,http://www.investing.com/equities/rakon
RBD,1096391,Restaurant Brands NZ,New Zealand,NZD,http://www.investing.com/equities/restaurant-brands-nz
ARB,1096390,Rubicon,New Zealand,NZD,http://www.investing.com/equities/rubicon?cid=1096390
RYM,1096393,Ryman Healthcare,New Zealand,NZD,http://www.investing.com/equities/ryman-healthcare-ltd?cid=1096393
SAN,43301,Sanford,New Zealand,NZD,http://www.investing.com/equities/sanford
SCL,1096394,Scales,New Zealand,NZD,http://www.investing.com/equities/scales-corporation-ltd-be?cid=1096394
SCT,1096395,Scott Tech,New Zealand,NZD,http://www.investing.com/equities/scott-technolo?cid=1096395
SEA,43304,SeaDragon,New Zealand,NZD,http://www.investing.com/equities/seadragon
SEK,43306,Seeka,New Zealand,NZD,http://www.investing.com/equities/seeka-kiwifrui
SKO,1096397,Serko,New Zealand,NZD,http://www.investing.com/equities/serko-ltd?cid=1096397
SKL,1096396,Skellerup,New Zealand,NZD,http://www.investing.com/equities/skellerup?cid=1096396
SKT,43309,Sky Network Television,New Zealand,NZD,http://www.investing.com/equities/sky-network-television?cid=43309
SKC,43308,Skycity Entertainment,New Zealand,NZD,http://www.investing.com/equities/sky-city-entertainment?cid=43308
SPY,1118025,SmartPay,New Zealand,NZD,http://www.investing.com/equities/smartpay?cid=1118025
SCY,43312,Smiths City,New Zealand,NZD,http://www.investing.com/equities/smiths-city-gr
SNK,1096399,Snakk Media,New Zealand,NZD,http://www.investing.com/equities/snakk-media-ltd-be?cid=1096399
SDL,1096531,Solution Dynamics,New Zealand,NZD,http://www.investing.com/equities/solution-dynamics
SPN,1096401,South Port NZ,New Zealand,NZD,http://www.investing.com/equities/south-port?cid=1096401
SPK,1096400,Spark New Zealand,New Zealand,NZD,http://www.investing.com/equities/telecom-corp-of-new-zealand-ltd?cid=1096400
STU,1096402,Steel Tube,New Zealand,NZD,http://www.investing.com/equities/steel-tube?cid=1096402
SPG,43246,Stride Property,New Zealand,NZD,http://www.investing.com/equities/dnz-property
SUM,1096403,Summerset Group,New Zealand,NZD,http://www.investing.com/equities/summerset?cid=1096403
SML,1096398,Synlait Milk,New Zealand,NZD,http://www.investing.com/equities/synlait-milk?cid=1096398
TGG,43326,T&G Global,New Zealand,NZD,http://www.investing.com/equities/turner-growers
VTL,43317,TeamTalk,New Zealand,NZD,http://www.investing.com/equities/teamtalk
TLS,1096408,Telstra Corporation.,New Zealand,NZD,http://www.investing.com/equities/telstra-corporation-limited.?cid=1096408
TEM,1096405,Templeton EM,New Zealand,NZD,http://www.investing.com/equities/templeton-emerging?cid=1096405
TLL,43276,TIL Logistics,New Zealand,NZD,http://www.investing.com/equities/mowbray-coll
TLT,1096409,Tilt Renewables,New Zealand,NZD,http://www.investing.com/equities/trustpower-ltd?cid=1096409
THL,1096407,Tourism Holdings,New Zealand,NZD,http://www.investing.com/equities/tourism
TWR,1096412,Tower,New Zealand,NZD,http://www.investing.com/equities/tower?cid=1096412
TRS,43324,TRS Invest,New Zealand,NZD,http://www.investing.com/equities/trs-investment
TRU,1096411,Truscreen,New Zealand,NZD,http://www.investing.com/equities/truscreen
TPW,1096410,Trustpower,New Zealand,NZD,http://www.investing.com/equities/trustpower-nz
TRA,43247,Turners Automotive,New Zealand,NZD,http://www.investing.com/equities/dorchester-pac
VCT,1096413,Vector Ltd,New Zealand,NZD,http://www.investing.com/equities/vector?cid=1096413
VGL,1096414,Vista,New Zealand,NZD,http://www.investing.com/equities/vista-group-international?cid=1096414
VHP,1096415,Vital Healthcare,New Zealand,NZD,http://www.investing.com/equities/vital-healthca?cid=1096415
WHS,43331,Warehouse Group,New Zealand,NZD,http://www.investing.com/equities/warehouse-group-ltd?cid=43331
WDT,1096417,Wellington Drive Tech,New Zealand,NZD,http://www.investing.com/equities/wellington-dri?cid=1096417
WBC,1096416,Westpac Banking,New Zealand,NZD,http://www.investing.com/equities/westpac-banking-corporation?cid=1096416
WKSHA,1096418,Works Finance,New Zealand,NZD,http://www.investing.com/equities/works-finance
ZEL,1096419,Z Energy,New Zealand,NZD,http://www.investing.com/equities/fpo?cid=1096419
