NGASP,47438,ETFS Natural Gas,,
BX4,37591,Lyxor UCITS CAC 40 Daily Double Short,,
AEEM,38770,Amundi ETF MSCI Emerging Markets UCITS,,
C5S,38791,Amundi ETF Short Euro Stoxx 50 Daily UCITS,,
BXX,47512,Lyxor UCITS Stoxx 50 Daily Double Short,,
ITALI,1045806,Amundi ETF FTSE Italia PIR UCITS DR,,
LVC,47579,Lyxor UCITS Daily Leverage CAC 40,,
AUEM,47566,Amundi ETF MSCI Emerging Markets UCITS USD,,
LYXBNK,47540,Lyxor UCITS Stoxx Europe 600 Banks,,
LGRE,47583,Lyxor UCITS FTSE ATHEX Large Cap,,
LYXLEM,38864,Lyxor UCITS MSCI Emerging Markets C-EUR,,
MSE,37569,Lyxor UCITS Stoxx 50 D-EUR,,
C4S,47572,Amundi ETF Short CAC 40 Daily UCITS,,
LVE,38857,Lyxor UCITS Stoxx 50 Daily Leverage,,
DR,37590,Lyxor UCITS CAC 40,,
Ibovespa,38866,Lyxor UCITS Brazil,,
DSB,38831,Lyxor UCITS Daily Double Short Bund,,
BTPS,37611,Lyxor UCITS Daily Double Short BTP,,
CNY,47388,HSBC MSCI China UCITS,,
CRUDP,47371,ETFS WTI Crude Oil,,
DSD,47582,Lyxor UCITS Daily ShortDAX x2 C-EUR,,
SPSTZ,47555,SPDR MSCI Europe Financials UCITS,,
C40,942308,Amundi CAC 40 UCITS,,
SHC,47580,Lyxor UCITS Daily Short CAC 40,,
MEU,47527,Lyxor UCITS MSCI Europe D-EUR,,
BNKE,949533,Lyxor UCITS Stoxx Banks C-EUR,,
LYMIB,38860,Lyxor UCITS FTSE MIB,,
AFLT,956386,Amundi Floating Rate USD Corporate UCITS,,
CD8,38798,Amundi ETF MSCI EMU High Dividend UCITS,,
SP5,38884,Lyxor UCITS S&P 500 D-EUR,,
BRES,47541,Lyxor UCITS Stoxx Europe 600 Basic Resources,,
500,37534,Amundi S&P 500 UCITS,,
WRD,47394,HSBC MSCI World UCITS,,
LYQ2,47515,Lyxor UCITS EuroMTS 1-3Y Investment Grade DR,,
LYXOIL,38865,Lyxor UCITS Stoxx Europe 600 Oil & Gas,,
WEATP,47348,ETFS Wheat,,
BSX,47513,Lyxor UCITS Stoxx 50 Daily Short,,
AIGCP,47349,ETFS All Commodities,,
E40,47577,CAC 40 THEAM Easy UCITS,,
AFLE,1024442,Amundi Floating Rate USD Corporate UCITS Hedged EUR,,
JNKE,997088,SPDR Barclays Capital Euro High Yield Bond,,
DAX,47436,Lyxor UCITS DAX,,
SMRE,1024454,Amundi Europe Equity Multi Smart Allocation Scientific Beta UCITS,,
AEJ,38771,Lyxor UCITS MSCI AC Asia-Pacific Ex Japan C-E,,
AASI,37476,Amundi MSCI EM Asia UCITS,,
DJ Russia GDR,47592,Lyxor UCITS Russia,,
MTX,47521,Lyxor UCITS EuroMTS All-Maturity Investment Grade DR,,
CB5,38794,Amundi MSCI Europe Banks UCITS,,
EUDV,997071,SSgA SPDR S&P Euro Dividend Aristocrats,,
SP5H,949536,Lyxor UCITS S&P 500 Daily Hedged D-EUR,,
C50,38788,Amundi ETF Euro Stoxx 50 UCITS,,
INR,47586,Lyxor UCITS MSCI India C-EUR,,
HBZ,47387,HSBC MSCI Brazil UCITS,,
ERO,38839,SPDR MSCI Europe UCITS,,
X1G,47478,Amundi ETF Govt Bond Lowest Rated EuroMTS Investment Grade UCITS,,
CMU,38819,Amundi MSCI EMU UCITS,,
USTE,47619,Lyxor UCITS Nasdaq-100 D-EUR,,
ANX,37533,Amundi ETF Nasdaq-100 UCITS,,
BRZ,38784,Amundi MSCI Brazil UCITS,,
BUNS,1024760,Lyxor Bund Daily Short UCITS C-EUR,,
LY100,47602,Lyxor UCITS FTSE 100 C-GBP,,
ESD,997021,BNP Paribas Easy S&P 500 UCITS C,,
500U,47606,Amundi ETF S&P 500 UCITS,,
FMI,47366,Amundi ETF FTSE MIB UCITS,,
TPXE,1024451,Amundi Japan Topix UCITS,,
LYPAF,37523,Lyxor UCITS Pan Africa C-EUR,,
CRB,37448,Lyxor UCITS Commodities Thomson Reuters/Corecommodity CRB TR C-EUR,,
PSP5,997061,Lyxor PEA S&P 500 UCITS C,,
COPAP,47353,ETFS Copper,,
HSI,47584,Lyxor UCITS Hong Kong,,
AM3A,38777,Amundi ETF Govt Bond Highest Rated EuroMTS Investment Grade UCITS,,
EEP,38834,BNPParibas Easy FTSE EPRA/NAREIT Developped Europe,,
WLD,47529,Lyxor UCITS MSCI World D-EUR,,
SPY4,997082,SSgA SPDR S&P 400 US Mid Cap,,
ALAT,38776,Amundi MSCI EM Latin America UCITS,,
C4D,47573,Amundi ETF CAC 40 UCITS,,
OILBP,47350,ETFS Brent Oil 1 Month USD,,
DJ Turkey Titans 20,38856,Lyxor UCITS Turkey,,
USA,47617,Lyxor UCITS MSCI USA D-EUR,,
GLUX,38810,Amundi ETF S&P Global Luxury UCITS,,
LYXLTM,47526,Lyxor UCITS MSCI EM Latin America C-EUR,,
ETZ,997097,BNP Paribas Easy Stoxx Europe 600 UCITS,,
DLB,37594,Lyxor UCITS Daily Leveraged Bund,,
MI10,1052202,Lyxor EuroMTS 10 Italy BTP Government Bond DR UCITS C-EUR,,
PUSA,997056,Lyxor PEA MSCI USA UCITS C,,
LLDA,47411,Lyxor UCITS LevDAX,,
C6E,38792,Amundi ETF Stoxx Europe 600 UCITS,,
PVX,47534,Lyxor UCITS Privex D-EUR,,
HEU,47389,HSBC MSCI EUROPE UCITS,,
CH1,47591,Amundi ETF MSCI Netherlands UCITS,,
EEESE,997096,BNP Paribas Easy S&P 500 UCITS,,
LYXEUC,38863,Lyxor UCITSo Cash,,
MA35,47517,Lyxor UCITS EuroMTS Highest Rated Macro-Weighted Govt Bond 3-5Y DR,,
C2U,47607,Amundi ETF Short MSCI USA Daily UCITS,,
MKTN,1055113,Amundi ETF iStoxx Europe Multi-Factor Market Neutral UCITS,,
PMEH,997046,Lyxor UCITS PEA FTSE EPRA/NAREIT Developed Europe C,,
C13,47479,Amundi ETF Govt Bond EuroMTS Broad Investment Grade 1-3 UCITS,,
STR,47552,SPDR MSCI Europe Consumer Discretionary UCITS,,
LQQ,47620,Lyxor UCITS NASDAQ-100 Daily Leverage,,
PLEM,997053,Lyxor PEA MSCI Emerging Markets UCITS C,,
JPHE,956390,Amundi JPX-Nikkei 400 EUR Daily Hedged UCITS,,
EEE,38833,FTSE EPRA EuroZone THEAM Easy UCITS Classic Distribution,,
CI3,38809,Amundi ETF Euro Inflation UCITS,,
AFRN,997015,Amundi Floating Rate Euro Corporate 1-3 UCITS,,
BTPL,37612,Lyxor UCITS Daily Leveraged BTP,,
TPXH,47589,Amundi ETF Japan Topix EUR Hedged Daily UCITS,,
CL2,47611,Amundi ETF Leveraged MSCI USA Daily UCITS,,
US1,47608,Amundi ETF US Treasury 1-3 UCITS,,
C10,38785,Amundi ETF Govt Bond EuroMTS Broad Investment Grade 10-15 UCITS,,
ESEH,1024455,BNP Paribas Easy S&P 500 UCITS Hedge,,
MSSM,1052204,Lyxor MSCI EMU Small Cap UCITS C EUR,,
CEU,38802,Amundi ETF MSCI Europe UCITS,,
ALAU,47482,Amundi ETF MSCI Emerging Latin America UCITS,,
CW8,47474,Amundi MSCI World UCITS,,
NDXH,38782,Amundi ETF Nasdaq-100 EUR Hedged Daily UCITS,,
AIGAP,47344,ETFS Agriculture,,
C73,47480,Amundi ETF Govt Bond EuroMTS Broad Investment Grade 7-10 UCITS,,
LYXACWI,38862,Lyxor UCITS MSCI All Country World C-EUR,,
LYWAT,38861,Lyxor UCITS World Water D-EUR,,
100H,997720,Lyxor FTSE 100 UCITS Monthly Hedged C-EUR,,
STW,47556,SPDR MSCI Europe Health Care UCITS,,
PUST,997058,Lyxor PEA Nasdaq 100 UCITS C,,
AASU,47470,Amundi ETF MSCI Emerging Asia UCITS,,
LYMTH,956382,Lyxor Ultra Long Duration Euro Govt FTSE MTS 25+Y UCITS,,
MCEU,1024456,Amundi MSCI Europe Momentum Factor UCITS,,
PAEJ,997052,Lyxor PEA MSCI AC Asia-Pacific ex Japan UCITS C,,
CC4,942311,Amundi Euro Corporates UCITS,,
RS2K,949532,Amundi ETF Russell 2000 UCITS,,
MTI,47522,Lyxor UCITS EuroMTS Inflation Linked Investment Grade DR,,
ETZD,997023,BNP Paribas Easy Stoxx Europe 600 UCITS H,,
CSH2,956381,Lyxor Smart Cash UCITS,,
JPXH,956377,Lyxor JPX-Nikkei 400 DR Daily Hedged UCITS,,
CG1,38804,Amundi MSCI Germany UCITS,,
SPY5,997078,SPDR S&P 500 UCITS,,
PRIO,997037,Lyxor PEA Brazil Ibovespa UCITS C,,
HHH,47396,HSBC S&P 500 UCITS,,
SU7,47612,Amundi ETF ShortUS Treasury 7-10 Daily UCITS,,
LYELLE,1055114,Lyxor Global Gender Equality DR UCITS C,,
AWAT,997063,Lyxor PEA World Water UCITS C,,
CI1,38806,Amundi ETF MSCI Italy UCITS,,
EWLD,997057,Lyxor PEA MSCI World UCITS C,,
CB3,38793,Amundi ETF Govt Bond EuroMTS Broad Investment Grade UCITS,,
ESM,38842,Amundi ETF Euro Stoxx Small Cap UCITS,,
SB0,47489,Amundi ETF Short Govt Bond EuroMTS Broad Investment Grade Daily UCITS,,
YIEL,47524,Lyxor UCITS iBoxx EUR Liquid High Yield 30 Ex-Financial,,
LYTWN,47597,Lyxor UCITS MSCI Taiwan D-EUR,,
PRUS,997042,Lyxor PEA Dow Jones Russia GDR UCITS C,,
STK,47558,SPDR MSCI Europe Technology UCITS,,
HSCEI,37478,Lyxor UCITS China Enterprise,,
MFE,38870,Lyxor UCITS MSCI EMU,,
CT5,47483,Amundi ETF MSCI Europe Telecom Services UCITS,,
ESDD,997022,BNP Paribas Easy S&P 500 UCITS H,,
AFIN,38773,Amundi Euro Corporate Financials IBOXX UCITS,,
LYYQ,47544,Lyxor UCITS Stoxx Europe 600 Insurance,,
SEL,47546,Lyxor UCITS Stoxx Europe Select Dividend 30,,
500H,38769,Amundi S&P 500 EUR Hedged Daily UCITS,,
C5HU,1009410,Amundi Euro Stoxx 50 UCITS DR Daily Hedged,,
C5L,38790,Amundi ETF Leveraged Euro Stoxx 50 Daily UCITS,,
CRP,47510,Lyxor UCITS Corporate Bond C-EUR,,
TELE,38887,Lyxor UCITS Stoxx Europe 600 Telecommunications,,
ETDD,38844,BNP Paribas Easy EURO STOXX 50 UCITS C,,
AUTP,47548,Lyxor UCITS Stoxx Europe 600 Automobiles & Parts,,
C5E,47469,Amundi ETF Stoxx Europe 50 UCITS,,
500D,1024449,Amundi S&P 500 UCITS EUR C/D,,
CU9,38827,Amundi ETF MSCI Europe Ex EMU UCITS,,
INDO,47587,Lyxor UCITS MSCI Indonesia C-EUR,,
MVAU,1024448,Lyxor FTSE USA Minimum Variance UCITS C-USD,,
WIG,1073299,Lyxor WIG 20 UCITS,,
FLOT,956374,Lyxor UCITS Barclays Floating Rate Euro 0-7Y ,,
LMTD,997076,Lyxor EuroMTS 7-10 Investment Grade DR UCITS C,,
LYFOO,47549,Lyxor UCITS Stoxx Europe 600 Food & Beverage,,
GBS,47432,ETFS Gold Bullion Securities,,
EPRA,1024663,Amundi Index Solutions FTSE EPRA NAREIT Global UCITS DR,,
EUCO,47410,SPDR Barclays Euro Corporate Bond UCITS,,
CU2,47604,Amundi MSCI USA UCITS,,
PDJE,997041,Lyxor PEA Dow Jones Industrial Average UCITS C,,
MWO,38875,Lyxor UCITS FTSE EPRA/NAREIT Global Developed D-EUR,,
PJPN,997050,Lyxor PEA Japan Topix UCITS C,,
GLDM,997032,Lyxor MSCI ACWI Gold UCITS C EUR,,
LMTC,997075,Lyxor EuroMTS 5-7Y Investment Grade UCITS C,,
Topix,38852,Lyxor UCITS Japan,,
CV9,47472,Amundi ETF MSCI Europe Value UCITS,,
MEUD,997066,Lyxor STOXX Europe 600 DR UCITS C,,
AGEB,38774,Amundi ETF Global Emerging Bond Markit iBoxx UCITS,,
EMAE,47462,SPDR MSCI EM Asia UCITS,,
MEH,47528,Lyxor UCITS FTSE EPRA/NAREIT Developed Europe D-EUR,,
INDG,47537,Lyxor UCITS Stoxx Europe 600 Industrial Goods & Services,,
CM9,38816,Amundi ETF MSCI World Ex EMU UCITS,,
ELOW,997093,SPDR Euro Stoxx Low Volatility UCITS,,
MGT,47508,Lyxor UCITS DJ Global Titans 50,,
PEAP,997060,Lyxor PEA PME DR UCITS D,,
LYCST,47538,Lyxor UCITS Stoxx Europe 600 Construction & Materials,,
MFED,997026,Lyxor Euro Stoxx 300 DR UCITS C,,
CD6,38797,Amundi ETF MSCI Europe Consumer Discretionary UCITS,,
PINR,997054,Lyxor PEA MSCI India UCITS C,,
MTE,47514,Lyxor UCITS EuroMTS 10-15Y Investment Grade DR,,
CP9,47485,Amundi ETF MSCI Pacific Ex Japan UCITS,,
LYNRJ,47533,Lyxor UCITS New Energy D-EUR,,
FINS,47539,Lyxor UCITS Stoxx Europe 600 Financial Services,,
DJE,47613,Lyxor UCITS Dow Jones Industrial Average D-EUR,,
PKRW,997055,Lyxor PEA MSCI Korea UCITS C,,
HLTW,38849,Lyxor UCITS MSCI World Health Care TR C-EUR,,
ANXU,47605,Amundi ETF Nasdaq-100 UCITS USD,,
IMIE,47363,SPDR MSCI ACWI IMI,,
SMC,47560,SPDR MSCI Europe Small Cap UCITS,,
PJPH,997051,Lyxor PEA Japan Topix Daily Hedged UCITS C,,
CL4,47571,Amundi ETF Leveraged CAC 40 Daily UCITS,,
STN,47554,SPDR MSCI Europe Energy UCITS,,
LYXUTI,38868,Lyxor UCITS Stoxx Europe 600 Utilities,,
CE9,47481,Amundi MSCI Eastern Europe Ex Russia UCITS,,
CH5,38805,Amundi ETF MSCI Europe Healthcare UCITS,,
KRW,47594,Lyxor UCITS MSCI Korea C-EUR,,
TNOW,47531,Lyxor MSCI World Information Technology TR UCITS C-EUR,,
LYXTNO,38867,Lyxor UCITS Stoxx Europe 600 Technology,,
CU1,47601,Amundi ETF MSCI UK UCITS,,
TPHU,1024450,Amundi Japan Topix UCITS Daily Hedged,,
QCEU,1024457,Amundi MSCI Europe Quality Factor UCITS,,
CHM,47542,Lyxor UCITS Stoxx Europe 600 Chemicals,,
PSPWD,47399,PowerShares FTSE RAFI Europe Mid-Small UCITS,,
CBBB,1024452,Amundi BBB Euro Corporate Investment Grade UCITS,,
EPRE,47475,Amundi ETF FTSE EPRA Europe Real Estate UCITS,,
C50U,1009411,Amundi Euro Stoxx 50 UCITS DR NR,,
JPX4,997095,Lyxor JPX-Nikkei 400 UCITS,,
USAC,997035,Lyxor MSCI USA UCITS C,,
EAGG,47408,SPDR Barclays Euro Aggregate Bond UCITS,,
EAEU,47502,Stoxx Europe 600 Oil & Gas THEAM Easy UCITS,,
CWE,38828,Amundi ETF MSCI World Energy UCITS,,
DSUS,949531,Lyxor UCITS Daily Double Short 10Y US Treasury C-USD,,
HYBB,956385,MU Lux Lyxor IBOXX EUR Liquid High Y BB UCITS,,
CACM,47578,Lyxor UCITS CAC Mid 60 D-EUR,,
X13G,949534,Amundi ETF Govt Bond Lowest Rated EuroMTS Investment Grade 1-3 UCITS,,
MSED,997028,Lyxor Euro Stoxx 50 DR UCITS C,,
MA57,47518,Lyxor UCITS EuroMTS Highest Rated Macro-Weighted Govt Bond 5-7Y DR,,
AIGPP,37571,ETFS Precious Metals,,
CD5,997011,Amundi Euro Stoxx 50 UCITS DR,,
JPNY,997014,Amundi JPX-Nikkei 400 UCITS JPY,,
50E,47433,HSBC EURO STOXX 50 UCITS,,
LYEE,942309,Lyxor UCITS Eastern Europe CECE NTR EUR C-EUR,,
MTF,997074,Lyxor EuroMTS 15+Y Investment Grade UCITS C,,
C8M,47471,Amundi ETF MSCI Europe Materials UCITS,,
MIVO,38811,Amundi ETF MSCI Europe Minimum Volatility UCITS,,
CS1,38824,Amundi ETF MSCI Spain UCITS,,
RTA,38880,Lyxor UCITS Stoxx Europe 600 Retail,,
EUHD,1009413,PowerShares EURO STOXX High Dividend Low Volatility UCITS,,
LEMU,1052201,Lyxor MSCI EMU Value DR UCITS C EUR,,
GINF,1013335,Amundi Index Solutions Global Infrastructure UCITS,,
CC1,38795,Amundi MSCI China UCITS,,
INDW,38851,Lyxor UCITS MSCI World Industrials TR C-EUR,,
FTSE JSE Top 40,37530,Lyxor UCITS South Africa,,
SYU,47505,Stoxx Europe 600 Utilities THEAM Easy UCITS,,
STU,47562,SPDR MSCI Europe Utilities UCITS,,
PSQQQ,47381,PowerShares EQQQ Nasdaq-100 UCITS,,
JPNH,997092,Lyxor UCITS Japan Topix Daily Hedged D-EUR,,
LWCR,956389,Amundi MSCI World Low Carbon EUR UCITS,,
MAA,997077,Lyxor EuroMTS Highest Rated Macro-Weighted Government Bond DR UCITS C,,
S10,38882,Amundi ETF Short Govt Bond EuroMTS Broad Investment Grade 10-15 Daily UCITS,,
C3M,38787,Amundi ETF Cash 3 Months EuroMTS Investment Grade UCITS,,
PAFS,997062,Lyxor PEA South Africa UCITS FTSE JSE Top 40 C,,
ETUR,997043,Lyxor PEA DJ Turkey Titans 20 UCITS C,,
EEA,997020,BNP Paribas Easy FTSE EPRA/NAREIT Eurozone Capped UCITS Cap,,
CJ1Y,1067163,Amundi Solutions - Amundi MSCI Japan,,
JPHG,956392,Amundi JPX-Nikkei 400 GBP Daily Hedged UCITS,,
CE8,47487,Amundi ETF MSCI World Ex Europe UCITS,,
CSW,47595,Amundi ETF MSCI Switzerland UCITS,,
SPSTS,47553,SPDR MSCI Europe Consumer Staples UCITS,,
RU2K,956380,Lyxor UCITS Russell 2000,,
CN1,47473,Amundi ETF MSCI Nordic UCITS,,
THA,38889,Lyxor UCITS Thailand Set 50 Net TR C-EUR,,
LYXHEA,47543,Lyxor UCITS Stoxx Europe 600 Health Care,,
SPSTT,47561,SPDR MSCI Europe Telecom UCITS,,
PHSI,997049,Lyxor PEA Hong Kong HSI UCITS C,,
MATW,38869,Lyxor UCITS MSCI World Materials TR C-EUR,,
SYM1,47501,Stoxx Europe 600 Media THEAM Easy UCITS,,
AHYE,997012,Amundi Euro High Yield Liquid Bond IBOXX UCITS,,
MJP,47391,HSBC MSCI Japan UCITS,,
LEMB,47570,Lyxor UCITS iBoxx USD Liquid Emerging Markets Sovereigns,,
STQ,47557,SPDR MSCI Europe Industrials UCITS,,
PSPFT,47440,PowerShares FTSE RAFI US 1000 UCITS,,
CODW,47530,Lyxor MSCI World Consumer Discretionary TR UCITS C-EUR,,
SPSTP,47559,SPDR MSCI Europe Materials UCITS,,
BULLP,997070,ETFS Gold,,
CI2,38807,Amundi MSCI India UCITS,,
ACWE,47425,SSgA SPDR MSCI ACWI,,
US3,47609,Amundi ETF US Treasury 3-7 UCITS,,
R2US,997091,SPDR Russell 2000 U.S. Small Cap UCITS,,
JPNK,997094,Amundi JPX-Nikkei 400 UCITS,,
CNRG,38820,Lyxor UCITS Commodities Thomson Reuters/Corecommodity CRB ex-Energy TR C-EUR,,
LYMAL,37488,Lyxor UCITS MSCI Malaysia C-EUR,,
SLVRP,47356,ETFS Silver,,
ANRJ,38778,Amundi ETF MSCI Europe Energy UCITS,,
TSYE,47466,SPDR Barclays Cap US Treasury Bond,,
SYI,47500,Stoxx Europe 600 Insurance THEAM Easy UCITS,,
APX,38779,Lyxor UCITS MSCI Asia Ex Japan C-EUR,,
US57,47616,Lyxor UCITS iBoxx USD Treasuries 5-7Y DR,,
FINW,38846,Lyxor UCITS MSCI World Financials TR C-EUR,,
EMRG,47379,SSgA SPDR MSCI Emerging Markets UCITS,,
EAEB,47499,Stoxx Europe 600 Banks THEAM Easy UCITS,,
US7,47610,Amundi ETF US Treasury 7-10 UCITS,,
MSGW,1052203,Lyxor MSCI EMU Growth DR UCITS C EUR,,
SYA,47506,Stoxx Europe 600 Automobiles & Parts THEAM Easy UCITS,,
SYC,47507,Stoxx Europe 600 Construction & Materials THEAM Easy UCITS,,
SMRTA,949535,Amundi ETF Global Equity Multi Smart Allocation Scientific Beta UCITS,,
UTLW,47532,Lyxor UCITS MSCI World Utilities TR C-EUR,,
S&P ASX 200,38780,Lyxor UCITS Australia,,
CF1,38803,Amundi ETF MSCI France UCITS,,
SYQ,47503,Stoxx Europe 600 Technology THEAM Easy UCITS,,
ES10,997072,Lyxor UCITS Bono 10 MTS Spain Government Bond DR C,,
PNRJ,997059,Lyxor PEA New Energy UCITS C,,
S6EW,997085,Ossiam Stoxx Europe 600 Equal Weight NR UCITS 1C,,
CU5,38826,Amundi ETF MSCI Europe Utilities UCITS,,
EMLD,47343,SSgA SPDR Barclays Emerging Markets Local Bond UCITS,,
GOVY,47341,SPDR Barclays Cap Euro Government Bond,,
CLIM,1011924,Lyxor Green Bond DR UCITS C-EUR,,
CS5,38825,Amundi ETF MSCI Europe Consumer Staples UCITS,,
CJ1,38813,Amundi ETF MSCI Japan UCITS,,
CAPE,956375,Ossiam Shiller Barclays Cape Europe Sector Value TR UCITS,,
UKX,47435,HSBC FTSE 100 UCITS,,
LYSGQI,47535,Lyxor UCITS SG Global Quality Income NTR D-EUR,,
U11S,47568,FCP BNPP Next 11 Emerging THEAM UCITS USD,,
E11E,47567,FCP BNPP Next 11 Emerging THEAM UCITS,,
FTSE,997719,Amundi Index Solutions - Amundi ETF FTSE 100 UCITS GBP Cap,,
BYBE,956379,Amundi S&P 500 Buyback EUR UCITS,,
ETCC,1009412,BNP Paribas Easy Euro Stoxx 50 UCITS C/D,,
CI2U,38808,Amundi ETF MSCI India UCITS,,
S&P TSX 60,47563,Lyxor UCITS Canada,,
SMRU,997013,Amundi Global Equity Multi Smart Allocation Scientific Beta UCITS,,
Z40,47574,ComStage CAC 40 UCITS,,
SPMV,997089,Ossiam US Minimum Variance NR UCITS 1C,,
CIN,38812,Amundi ETF MSCI Europe Industrials UCITS,,
GOVS,997087,SPDR Barclays Capital 1-3 Yr Euro Govt Bond,,
SEUC,997086,SPDR Barclays 0-3 Year Euro Corp Bond UCITS,,
BUYB,997090,Powershares Global Buyback Achievers UCITS,,
CG9,47492,Amundi ETF MSCI Europe Growth UCITS,,
ECN,47497,Low Carbon 100 Europe THEAM Easy UCITS,,
SMTU,1013258,Amundi Index Solutions USA Equity Multi Smart Allocation Scientific Beta UCITS,,
CACEM,47493,Amundi ETF MSCI Europe Mid Cap UCITS,,
SYH,47498,Stoxx Europe 600 Health Care THEAM Easy UCITS,,
CD9,38799,Amundi ETF MSCI Europe High Dividend UCITS,,
EMSP,47380,SSgA SPDR MSCI Emerging Markets Small Cap,,
CNB,47509,Lyxor UCITS Euro Corporate Bond ex Financials C-EUR,,
MDA,47545,Lyxor UCITS Stoxx Europe 600 Media,,
JPHU,956391,Amundi JPX-Nikkei 400 USD Daily Hedged UCITS,,
GOMA,1024759,BNP Paribas Easy Barclays Euro Government Inflation Linked All Maturities UCITS Cap,,
PAXJ,956387,Lyxor MSCI Pacific Ex Japan UCITS,,
AEXK,38772,Amundi ETF MSCI Europe Ex UK UCITS,,
ECB,47520,Lyxor UCITS EuroMTS Covered Bond Aggregate,,
CWFU,1062618,Amundi MSCI World Financials UCITS,,
COUK,37435,Lyxor UCITS iBoxx GBP Liquid Corp Long Dated,,
MA13,47516,Lyxor UCITS EuroMTS Highest Rated Macro-Weighted Govt Bond 1-3Y DR,,
CAPU,1024730,Ossiam Shiller Barclays Cape US Sector Value Tr 1C EUR Cap,,
AXFI,38783,Amundi ETF Euro Corporate Ex Financials iBoxx UCITS,,
WOMV,47551,Ossiam World Minimum Variance NR UCITS 1C,,
LYXTRV,47550,Lyxor UCITS Stoxx Europe 600 Travel & Leisure,,
CC1U,38796,Amundi ETF MSCI China UCITS,,
CE9U,38801,Amundi ETF MSCI Eastern Europe Ex Russia UCITS,,
MEM,47390,HSBC MSCI EM Far East UCITS,,
SYT,47504,StoxxEurope 600 Telecomm THEAM Easy UCITS,,
X1GD,1024453,Amundi Govt Bond Lowest Rated EuroMTS Investment Grade UCITS D,,
HCAN,47385,HSBC MSCI Canada UCITS,,
C33,38786,Amundi ETF Govt Bond EuroMTS Broad Investment Grade 3-5 UCITS,,
LYXPER,47547,Lyxor UCITS Stoxx Europe 600 Personal & Household Goods,,
C53,38789,Amundi ETF Govt Bond EuroMTS Broad Investment Grade 5-7 UCITS,,
MIVU,1013333,Amundi Index Solutions MSCI USA Minimum Volatility Factor UCITS,,
MVUS,997079,OSSIAM US Minimum Variance NR UCITS 1C USD,,
PASI,997038,Lyxor PEA China Enterprise HSCEI UCITS C,,
OILWP,47398,ETFS WTI 2Mth,,
TELW,38888,Lyxor UCITS MSCI World Telecom Services TR C-EUR,,
WLDH,997036,Lyxor MSCI World UCITS Monthly Hedged D,,
HTR,47397,HSBC MSCI Turkey UCITS,,
BOT,949528,Lyxor UCITS BOT MTS Ex-Bank of Italy C-EUR,,
PSPEF,47403,PowerShares FTSE RAFI Europe UCITS,,
MTB,38873,Lyxor UCITS EuroMTS 3-5Y Investment Grade DR,,
PSPEH,47404,PowerShares FTSE RAFI Emerging Markets UCITS,,
NRGW,38878,Lyxor UCITS MSCI World Energy TR C-EUR,,
PCEC,997044,Lyxor PEA Eastern Europe CECE NTR UCITS C,,
LEMO,997034,Lyxor UCITS MSCI Select OECD Emerging Markets GDP C,,
LTMP,997033,Lyxor UCITS MSCI Emerging Markets Latin America PEA C,,
HMLA,47392,HSBC MSCI EM Latin America UCITS,,
HDLV,956376,PowerShares S&P 500 High Dividend Low Volatility UCITS,,
LUXU,997019,Amundi S&P Global Luxury UCITS,,
CW8U,997018,Amundi MSCI World UCITS USD,,
HZAR,997024,HSBC MSCI South Africa UCITS,,
CSIA,997025,Lyxor UCITS CSI 300 A-Share C,,
CP9U,997016,Amundi MSCI Pacific ex Japan UCITS DR,,
CNAA,997030,Lyxor Fortune SG UCITS MSCI China A DR C,,
MUS,47393,HSBC MSCI USA UCITS,,
MFDD,997027,Lyxor Euro Stoxx 300 DR UCITS D,,
PSPWC,47405,PowerShares Dynamic US Market UCITS,,
MUA,47618,Lyxor UCITS FTSE EPRA/NAREIT United States D-EUR,,
C1U,47599,Amundi ETF FTSE 100 UCITS,,
LWCU,956388,Amundi MSCI World Low Carbon USD UCITS,,
MXJ,47434,HSBC MSCI Pacific ex Japan UCITS,,
EMUE,997069,SPDR MSCI EMU UCITS,,
COSW,38823,Lyxor MSCI World Consumer Staples TR UCITS C-EUR,,
AA13,47477,Amundi ETF Govt Bond Highest Rated EuroMTS Investment Grade 1-3 UCITS,,
CRWE,997083,Ossiam Risk Weighted Enhanced Commodity Ex Grains TR UCITS 1C,,
PSRW,997081,PowerShares FTSE RAFI All-World 3000 UCITS,,
CU2U,997017,Amundi MSCI USA UCITS USD,,
CS9,47484,Amundi ETF MSCI Europe Ex Switzerland UCITS,,
SGVB,997065,Lyxor SG Global Value Beta UCITS C,,
SGQE,997064,Lyxor SG European Quality Income NTR UCITS D,,
EENG,47409,BNPP EasyNMX 30 Infrastructure Global UCITS,,
US10,47614,Lyxor UCITS iBoxx USD Treasuries 10Y+ DR,,
US13,47615,Lyxor UCITS iBoxx USD Treasuries 1-3Y DR,,
USAG,47407,SSgA SPDR Barclays Cap US Aggregate Bond,,
BYBU,956378,Amundi S&P 500 Buyback USD UCITS,,
GILI,38847,Lyxor UCITS iBoxx GBP Gilt Inflation Linked DR,,
PEU,47424,PowerShares EuroMTS Cash 3 Months UCITS,,
ETBB,38843,BNP Paribas Easy EURO STOXX 50 UCITS D,,
EMMV,47423,Ossiam Emerging Markets Minimum Variance NR UCITS 1C,,
EUMV,997084,Ossiam iSTOXX Europe Minimum Variance NR UCITS 1C,,
