NZDCZK,80,New Zealand Dollar Czech Koruna,Forex,CZK
DKKCZK,81,Danish Krone Czech Koruna,Forex,CZK
PLNCZK,85,Polish Zloty Czech Koruna,Forex,CZK
USDCZK,103,US Dollar Czech Koruna,Forex,CZK
CZKHUF,115,Czech Koruna Hungarian Forint,Forex,HUF
GBPCZK,116,British Pound Czech Koruna,Forex,CZK
AUDCZK,139,Australian Dollar Czech Koruna,Forex,CZK
CHFCZK,140,Swiss Franc Czech Koruna,Forex,CZK
CZKJPY,143,Czech Koruna Japanese Yen,Forex,JPY
EURCZK,156,Euro Czech Koruna,Forex,CZK
CZKSEK,1575,Czech Koruna Swedish Krona,Forex,SEK
SEKCZK,2016,Swedish Krona Czech Koruna,Forex,CZK
AEDCZK,9282,UAE Dirham Czech Koruna,Forex,CZK
ARSCZK,9336,Argentinian Peso Czech Koruna,Forex,CZK
BRLCZK,9416,Brazil Real Czech Koruna,Forex,CZK
CADCZK,9461,Canadian Dollar Czech Koruna,Forex,CZK
CNYCZK,9498,Chinese Yuan Czech Koruna,Forex,CZK
HKDCZK,9621,Hong Kong Dollar Czech Koruna,Forex,CZK
ILSCZK,9683,Israeli Shekel Czech Koruna,Forex,CZK
INRCZK,9730,Indian Rupee Czech Koruna,Forex,CZK
ISKCZK,9757,Icelandic Kr Czech Koruna,Forex,CZK
JPYCZK,9775,Japanese Yen Czech Koruna,Forex,CZK
MXNCZK,9797,Mexican Peso Czech Koruna,Forex,CZK
NOKCZK,9845,Norwegian Krone Czech Koruna,Forex,CZK
PHPCZK,9924,Philippine Peso Czech Koruna,Forex,CZK
PKRCZK,9954,Pakistani Rupee Czech Koruna,Forex,CZK
RUBCZK,10028,Russian Ruble Czech Koruna,Forex,CZK
SARCZK,10079,Saudi Riyal Czech Koruna,Forex,CZK
SGDCZK,10178,Singapore Dollar Czech Koruna,Forex,CZK
THBCZK,10214,Thai Baht Czech Koruna,Forex,CZK
TRYCZK,10250,Turkish Lira Czech Koruna,Forex,CZK
TWDCZK,10304,Taiwan Dollar Czech Koruna,Forex,CZK
VEFCZK,10355,Venezuelan Bolivar Czech Koruna,Forex,CZK
ZARCZK,10411,South African Rand Czech Koruna,Forex,CZK
CZKILS,1031403,Czech Koruna Israeli Shekel,Forex,ILS
CZKPLN,1057238,Czech Koruna Polish Zloty,Forex,PLN
CZKRUB,1079235,Czech Koruna Russian Ruble,Forex,RUB
