BTCIDR,1036879,Bitcoin Indonesian Rupiah,BTC Indonesia,IDR
ETHIDR,1036882,Ethereum Indonesian Rupiah,BTC Indonesia,IDR
ETHBTC,1037052,Ethereum Bitcoin,BTC Indonesia,BTC
BCHIDR,1036883,Bitcoin Cash Indonesian Rupiah,BTC Indonesia,IDR
XRPIDR,1052930,Ripple Indonesian Rupiah,BTC Indonesia,IDR
XRPBTC,1037054,Ripple Bitcoin,BTC Indonesia,BTC
LTCIDR,1054838,Litecoin Indonesian Rupiah,BTC Indonesia,IDR
LTCBTC,1037055,Litecoin Bitcoin,BTC Indonesia,BTC
ETCIDR,1054836,Ethereum Classic Indonesian Rupiah,BTC Indonesia,IDR
XLMIDR,1056514,Stellar Lumens Indonesian Rupiah,BTC Indonesia,IDR
XLMBTC,1037057,Stellar Lumens Bitcoin,BTC Indonesia,BTC
XEMBTC,1037053,NEM Bitcoin,BTC Indonesia,BTC
