TGIF,978593,1933 Industries,CSE,CAD,http://www.investing.com/equities/quikflo-health
TGIF_t,1097610,1933 Industries Warrant Exp 14 Sep 2021,CSE,CAD,http://www.investing.com/equities/1933-industries-warrant-exp-14sep21
BULL,978907,21C Metals,CSE,CAD,http://www.investing.com/equities/declan-resources
SAFE,25097,3 Sixty Risk,CSE,CAD,http://www.investing.com/equities/petro-vista-energy-corp
SXX,1118175,66 Resources,CSE,CAD,http://www.investing.com/equities/66-resources
ABCS,1130831,Abacus Health,CSE,CAD,http://www.investing.com/equities/abacus-health?cid=1130831
ATT,978820,Abattis Bioceuticals,CSE,CAD,http://www.investing.com/equities/abattis-bioceuticals?cid=978820
ACRGu,1099015,Acreage Holdings,CSE,CAD,http://www.investing.com/equities/acreage-holdings-inc
AOC,1118151,Advantagewon Oil,CSE,CAD,http://www.investing.com/equities/advantagewon-oil?cid=1118151
ADX,978807,Advantex Marketing International Inc,CSE,CAD,http://www.investing.com/equities/advantex-marketing-international-in
AFI,978810,Affinor Growers,CSE,CAD,http://www.investing.com/equities/affinor-growers-inc?cid=978810
AGRA,978952,Agraflora Organics,CSE,CAD,http://www.investing.com/equities/puf-ventures-inc
AGRO,1111728,Agrios Global,CSE,CAD,http://www.investing.com/equities/agrios-global
AJN,1093874,Ajn Resources,CSE,CAD,http://www.investing.com/equities/ajn-resources
AMS,978817,Alchemist Mining Inc,CSE,CAD,http://www.investing.com/equities/alchemist-mining-inc
AGN,978835,Algernon Pharma,CSE,CAD,http://www.investing.com/equities/breathtec-biomedical
ACG,978805,Alliance Growers Corp,CSE,CAD,http://www.investing.com/equities/alliance-growers-corp
AHG,995734,Alternate Health,CSE,CAD,http://www.investing.com/equities/alternate-health-corp
ABC,1118158,American Battery,CSE,CAD,http://www.investing.com/equities/first-division-ventures
USGD,1072978,American Pacific Mining,CSE,CAD,http://www.investing.com/equities/american-pacific-mining
XCX,978731,AMP German Cannabis,CSE,CAD,http://www.investing.com/equities/chinook-tyee-industry-ltd
AFD,978809,Ansar Financial And Development Corp,CSE,CAD,http://www.investing.com/equities/ansar-financial-and-development-cor
API,978818,Appia Energy Corp,CSE,CAD,http://www.investing.com/equities/appia-energy-corp
AG_u,978811,Arctic Glacier Income Fund,CSE,CAD,http://www.investing.com/equities/arctic-glacier-income-fund
AREV,1118152,AREV Brands,CSE,CAD,http://www.investing.com/equities/arev-brands
ARQ,978808,Argo Gold Inc,CSE,CAD,http://www.investing.com/equities/arbitrage-exploration-inc
ARM,978819,Armada Mercantile Ltd,CSE,CAD,http://www.investing.com/equities/armada-mercantile-ltd
ASE,49012,Asante Gold,CSE,CAD,http://www.investing.com/equities/asante-gold-corporation
ASNT,978569,Ascent Industries,CSE,CAD,http://www.investing.com/equities/paget-minerals-corp
ASIA,1118153,Asia Cannabis,CSE,CAD,http://www.investing.com/equities/asia-cannabis
BUZZ,978482,Aura Health Inc,CSE,CAD,http://www.investing.com/equities/lamelee-iron-ore-ltd
AUSA,1096059,Australis Capital,CSE,CAD,http://www.investing.com/equities/australis-capital
AUSA_t,1097611,Australis Capital Warrants Exp 19 Sep 2019,CSE,CAD,http://www.investing.com/equities/australis-capital-wts-exp-19sep19
AUAG,1054785,Auxico Resources,CSE,CAD,http://www.investing.com/equities/auxico-resources
AVM,24744,Avarone Metals,CSE,CAD,http://www.investing.com/equities/remstar-resources-ltd?cid=24744
AYL,978822,Aylen Capital Inc,CSE,CAD,http://www.investing.com/equities/aylen-capital-inc
BAC,978823,BacTech Environmental Corp,CSE,CAD,http://www.investing.com/equities/bactech-environmental
BE,978827,Beleave Inc,CSE,CAD,http://www.investing.com/equities/beleave-inc
BLGV,42903,Belgravia Capital,CSE,CAD,http://www.investing.com/equities/ic-potash-corp.
BKS,978830,Berkley Renewables Inc,CSE,CAD,http://www.investing.com/equities/berkley-renewables-inc
BETR,1057209,BetterLife Pharma Inc,CSE,CAD,http://www.investing.com/equities/pivot-pharma
BXV,1073365,Bexar Ventures,CSE,CAD,http://www.investing.com/equities/bexar-ventures
BIGG,978806,BIG Blockchain,CSE,CAD,http://www.investing.com/equities/acana-capital-corp
CURE,1118156,Biocure Tech,CSE,CAD,http://www.investing.com/equities/biocure-tech
BUX,978836,BioMark Diagnostics Inc,CSE,CAD,http://www.investing.com/equities/biomark-diagnostics
BIO,978941,Biome Grow,CSE,CAD,http://www.investing.com/equities/orca-touchscreen-technologies-ltd
ZRO,979013,Biosenta Inc,CSE,CAD,http://www.investing.com/equities/biosenta-inc
BDR,978826,Bird River Resources Inc,CSE,CAD,http://www.investing.com/equities/bird-river-resources-inc
BRH,978834,BitRush Corp,CSE,CAD,http://www.investing.com/equities/bitrush-corp
TUSK,1090525,Black Tusk,CSE,CAD,http://www.investing.com/equities/black-tusk
BLR,978287,Blackhawk Resource,CSE,CAD,http://www.investing.com/equities/blackhawk-resource-corp
BLIS,1072242,BlissCo Cannabis,CSE,CAD,http://www.investing.com/equities/blissco-cannabis
BXXX,978910,Block X Capital,CSE,CAD,http://www.investing.com/equities/lions-gate-metals
BCFN,1084830,Blockchain Foundry,CSE,CAD,http://www.investing.com/equities/blockchain-foundry
BCX,978903,Blockchain Holdings,CSE,CAD,http://www.investing.com/equities/khot-infrastructure-holdings-ltd
PLAY,978833,Blocplay Entertainment,CSE,CAD,http://www.investing.com/equities/stompy-bot-corporation
BLK,978815,BLOK Tech,CSE,CAD,http://www.investing.com/equities/aida-minerals-corp
BBM,1122741,Blueberries Medical,CSE,CAD,http://www.investing.com/equities/blueberries-medical
BAMM,1096649,Body Mind,CSE,CAD,http://www.investing.com/equities/body-mind
BJB,1131237,Bond Resources,CSE,CAD,http://www.investing.com/equities/bond-resources
BGRDx,1117877,Braingrid Ltd,CSE,CAD,http://www.investing.com/equities/match-capital
QBOT,978838,Bravura Ventures,CSE,CAD,http://www.investing.com/equities/bravura-ventures-corp
BCA,978824,Bucephalus Capital,CSE,CAD,http://www.investing.com/equities/bradstone-capital-corp
BNKR,1010865,Bunker Hill Mining,CSE,CAD,http://www.investing.com/equities/liberty-silver-corp.-otc?cid=1010865
CXXI,1093876,C21 Invest,CSE,CAD,http://www.investing.com/equities/c21-invest
CGM,48721,California Gold,CSE,CAD,http://www.investing.com/equities/california-gold-mining-inc.
LILY,978926,Callitas Health,CSE,CAD,http://www.investing.com/equities/m-pharmaceutical
CIG,49270,Camarico Investment Group,CSE,CAD,http://www.investing.com/equities/petrostar-petroleum-corporation
CHV,978803,Canada House Wellness,CSE,CAD,http://www.investing.com/equities/abba-medix-group-inc
CME,978851,Canadian Metals Inc,CSE,CAD,http://www.investing.com/equities/canadian-metals-inc
XOP,49054,Canadian Overseas Petroleum,CSE,CAD,http://www.investing.com/equities/canadian-overseas-petroleum-limited
CSQ,49057,Canamex Gold,CSE,CAD,http://www.investing.com/equities/canamex-resources-corp.
CNVC,978977,Canna-V-Cell,CSE,CAD,http://www.investing.com/equities/midnight-star-ventures-corp
CGOC,1061756,Cannabis Growth Opportunity,CSE,CAD,http://www.investing.com/equities/cannabis-growth-opportunity
CBIS,1131209,Cannabis One,CSE,CAD,http://www.investing.com/equities/cannabis-one?cid=1131209
BLO,978832,Cannabix Technologies Inc,CSE,CAD,http://www.investing.com/equities/cannabix-technologies
CANA,1097385,Cannamerica Brands,CSE,CAD,http://www.investing.com/equities/cannamerica-brands
CNNA,1117808,Cannaone Tech,CSE,CAD,http://www.investing.com/equities/cannaone-tech
LOVE,1117990,Cannara Biotech,CSE,CAD,http://www.investing.com/equities/cannara-biotech
OH,994469,CannaRoyalty,CSE,CAD,http://www.investing.com/equities/cannaroyalty-corp
OH_t,1097606,CannaRoyalty Warrant Exp 13 Apr 2021,CSE,CAD,http://www.investing.com/equities/cannaroyalty-warrant-13-apr-2021
FFNT,978262,Cannex Capital,CSE,CAD,http://www.investing.com/equities/arco-resources-corp
PILL,978984,Canntab Therapeutics,CSE,CAD,http://www.investing.com/equities/telferscot-resources-inc
TIUMu,1123863,Cansortium,CSE,CAD,http://www.investing.com/equities/cansortium-inc
PWR,1097388,Captiva Verde Land,CSE,CAD,http://www.investing.com/equities/captiva-verde-land
CPTR,1055261,Captor Capital,CSE,CAD,http://www.investing.com/equities/captor-capital
CRL,978853,Carl Data Solutions Inc,CSE,CAD,http://www.investing.com/equities/carl-data-solutions-inc
CFE,978845,Cartier Iron Corp,CSE,CAD,http://www.investing.com/equities/cartier-iron-co
CAT,1093875,CAT Strategic,CSE,CAD,http://www.investing.com/equities/chimata-gold
CBII,1127187,CB2 Insights,CSE,CAD,http://www.investing.com/equities/cb2-insights
CUBE,978974,CellCube Energy,CSE,CAD,http://www.investing.com/equities/stina-resources-ltd
CDPR,978877,Cerro De Pasco Resources,CSE,CAD,http://www.investing.com/equities/genius-properties
CEG,978844,Cerro Grande Mining Corp,CSE,CAD,http://www.investing.com/equities/cerro-grande-mining-corp
CBP,978843,Certive Solutions Inc,CSE,CAD,http://www.investing.com/equities/certive-solutions-inc
CSI,1089469,Chemesis,CSE,CAD,http://www.investing.com/equities/chemesis
CHM,49030,Chemistree Tech,CSE,CAD,http://www.investing.com/equities/bama-gold-corp
CHOO,48947,Choom,CSE,CAD,http://www.investing.com/equities/standard-graphite-corporation
CMC,978850,Cielo Waste Solutions Corp,CSE,CAD,http://www.investing.com/equities/cielo-waste-solutions-corp
CIM,978849,CIM International Group Inc,CSE,CAD,http://www.investing.com/equities/cim-international-group-inc
CGRO,978917,Citation Growth,CSE,CAD,http://www.investing.com/equities/marapharm-ventures-inc
CNI,994080,Cloud Nine,CSE,CAD,http://www.investing.com/equities/cloud-nine-education-group-ltd
CXC,978854,CMX Gold and Silver Corp,CSE,CAD,http://www.investing.com/equities/cmx-gold-and-silver-corp
CODE,978990,Codebase Ventures,CSE,CAD,http://www.investing.com/equities/360-capital-financial-services
CGN,1118155,Cognetivity Neurosciences,CSE,CAD,http://www.investing.com/equities/cognetivity-neurosciences
CZC,978855,Copper Reef Mining Corp,CSE,CAD,http://www.investing.com/equities/copper-reef-mining-corp
CBK,978842,Copperbank Resources Corp,CSE,CAD,http://www.investing.com/equities/copperbank-resources-corp
CDVA,1096018,CordovaCann,CSE,CAD,http://www.investing.com/equities/cordovacann
CL,1115770,Cresco Labs,CSE,CAD,http://www.investing.com/equities/cresco-labs
CRES,1117879,Crest Resources,CSE,CAD,http://www.investing.com/equities/crest-resources
VVV,1072327,Crop Infrastructure,CSE,CAD,http://www.investing.com/equities/crop-infrastructure
CRUZ,48716,Cruz Cobalt,CSE,CAD,http://www.investing.com/equities/brookemont-capital-inc
CURA,1097607,Curaleaf,CSE,CAD,http://www.investing.com/equities/curaleaf
HODL,978904,CYPHERPUNK,CSE,CAD,http://www.investing.com/equities/khan-resources
DDB,978856,Data Deposit Box Inc,CSE,CAD,http://www.investing.com/equities/data-deposit-box-inc
DDI,978857,Debut Diamonds Inc,CSE,CAD,http://www.investing.com/equities/debut-diamonds-inc
DEEP,1117880,DeepRock Minerals,CSE,CAD,http://www.investing.com/equities/deeprock-minerals
DHC,978858,Deer Horn,CSE,CAD,http://www.investing.com/equities/deer-horn-capital-inc
CCC,1097765,Delrey Metals,CSE,CAD,http://www.investing.com/equities/delrey-metals
DVR,986072,Deveron UAS,CSE,CAD,http://www.investing.com/equities/deveron-uas-corp
DIGI,1131236,Digicrypts Blockchain,CSE,CAD,http://www.investing.com/equities/digicrypts-blockchain
DYME,1117882,DionyMed,CSE,CAD,http://www.investing.com/equities/dionymed
DIXIu,1123488,Dixie Brands USA,CSE,CAD,http://www.investing.com/equities/dixie-brands-usa
DNI,49087,DNI Metals,CSE,CAD,http://www.investing.com/equities/dni-metals-inc
DST,978859,Dundee Sustainable Technologies Inc,CSE,CAD,http://www.investing.com/equities/dundee-sustainable-technologies-inc
ERTH,49411,EarthRenew,CSE,CAD,http://www.investing.com/equities/valencia-ventu
EZNC,1123267,Eastern Zinc,CSE,CAD,http://www.investing.com/equities/eastern-zinc
EOM,24873,Eco Oro Minerals,CSE,CAD,http://www.investing.com/equities/eco-oro-minerals-corp
TMED,978813,EGF Theramed Health Corp,CSE,CAD,http://www.investing.com/equities/auxellence-health-corp
EMER,1118157,Emergia,CSE,CAD,http://www.investing.com/equities/delma
CBDT,1080118,Empower Clinics,CSE,CAD,http://www.investing.com/equities/empower-clinics
TOP,978988,Enertopia Corporatio,CSE,CAD,http://www.investing.com/equities/enertopia-corporatio?cid=978988
ETI,1052604,Enviroleach Tech,CSE,CAD,http://www.investing.com/equities/enviroleach-tech
EPY,978936,ePlay Digital,CSE,CAD,http://www.investing.com/equities/network-life-sciences-inc
OPI,997159,Esi Energy Services,CSE,CAD,http://www.investing.com/equities/esi-energy-services-inc
ETR,1130830,Etruscus Resources,CSE,CAD,http://www.investing.com/equities/etruscus-resources
ERKA,1095926,Eureka 93,CSE,CAD,http://www.investing.com/equities/livewell
EURO,1093878,EuroLife Brands,CSE,CAD,http://www.investing.com/equities/cannvas-medtech
EHC,1093873,Eviana Health,CSE,CAD,http://www.investing.com/equities/eviana-health
EVG,42848,Evolving Gold,CSE,CAD,http://www.investing.com/equities/evolving-gold-corp.
XBLK,1055262,eXeBlock,CSE,CAD,http://www.investing.com/equities/exeblock
EXM,1127192,Exmceuticals,CSE,CAD,http://www.investing.com/equities/exmceuticals
EX,978863,Explorex Resources Inc,CSE,CAD,http://www.investing.com/equities/explorex-resources-inc
XRO,1043358,Exro Tech,CSE,CAD,http://www.investing.com/equities/exro-tech
FDM,978882,Fandom Sports Media,CSE,CAD,http://www.investing.com/equities/hatch-interactive-technologies-corp
FAT,978865,Far Resources Ltd,CSE,CAD,http://www.investing.com/equities/far-resources-ltd
CALI,1057242,Fincanna,CSE,CAD,http://www.investing.com/equities/fincanna
FNQ,974366,Fineqia,CSE,CAD,http://www.investing.com/equities/nanostruck-tech?cid=974366
FE,48675,First Energy Metals,CSE,CAD,http://www.investing.com/equities/agave-silver-corp.
FONE,978675,Flower One,CSE,CAD,http://www.investing.com/equities/theia-resources-ltd
FOG,1118159,FogChain,CSE,CAD,http://www.investing.com/equities/fogchain
FNAU,1043356,Four Nines Gold,CSE,CAD,http://www.investing.com/equities/four-nines-gold
FOX,978867,Fox River Resources Corp,CSE,CAD,http://www.investing.com/equities/fox-river-resources-corp
HUGE,1080075,FSD Pharma B,CSE,CAD,http://www.investing.com/equities/fsd-pharma-b
FFT,978812,Future Farm Tech,CSE,CAD,http://www.investing.com/equities/arcturus-growthstar-technologies-in
GABY,1097386,Gaby Inc,CSE,CAD,http://www.investing.com/equities/gabriellas-kitchen
GCA,1118160,Gencan Capital,CSE,CAD,http://www.investing.com/equities/gencan-capital
GENM,1118161,Generation Mining,CSE,CAD,http://www.investing.com/equities/generation-mining
GENI,1117884,Genius Metals,CSE,CAD,http://www.investing.com/equities/genius-metals
GTCH,979003,Getchell Gold,CSE,CAD,http://www.investing.com/equities/wabi-exploration-inc
GTIx,978880,Glenbriar Tech,CSE,CAD,http://www.investing.com/equities/glenbriar-technologies-inc
FORK,1089748,Global Blockchain Mining,CSE,CAD,http://www.investing.com/equities/global-blockchain-mining
APP,978868,Global Cannabis Apps,CSE,CAD,http://www.investing.com/equities/fundamental-applications-corp
GECC,25115,Global Elsimate Capital Corp,CSE,CAD,http://www.investing.com/equities/rockgate-capital-corp
GGAMu,49063,Global Gaming,CSE,CAD,http://www.investing.com/equities/carrus-capital-corporation
MJRX,978909,Global Health Clinics,CSE,CAD,http://www.investing.com/equities/leo-resources-inc
GHG,978873,Global Hemp Group,CSE,CAD,http://www.investing.com/equities/global-hemp-group
LION,1118164,Global Li-Ion Graphite,CSE,CAD,http://www.investing.com/equities/global-li-ion-graphite?cid=1118164
UAV,978821,Global UAV Tech,CSE,CAD,http://www.investing.com/equities/alta-vista-ventures-ltd
GOCO,1057355,Go Metals,CSE,CAD,http://www.investing.com/equities/gorilla-minerals
GLH,978875,Golden Leaf Holdings Ltd,CSE,CAD,http://www.investing.com/equities/golden-leaf-holdings
GOR,48798,Goldrea Resources,CSE,CAD,http://www.investing.com/equities/goldrea-resources-corp.
MPLS,1072244,Govermedia Plus,CSE,CAD,http://www.investing.com/equities/govermedia-plus
GPK,1072274,Grand Peak,CSE,CAD,http://www.investing.com/equities/grand-peak
GBLC,1117883,Graph Blockchain,CSE,CAD,http://www.investing.com/equities/graph-blockchain
GRE,1073012,Graphite Energy,CSE,CAD,http://www.investing.com/equities/graphite-energy
GFI,978872,Gravitas Financial Inc,CSE,CAD,http://www.investing.com/equities/gravitas-financial-inc
GTBE,1057268,Green 2 Blue Energy,CSE,CAD,http://www.investing.com/equities/green-2-blue-energy
GGB,1080120,Green Growth,CSE,CAD,http://www.investing.com/equities/xanthic-biopharma
CCR,1118154,Green River Gold,CSE,CAD,http://www.investing.com/equities/green-river-gold
GTII,48703,Green Thumb,CSE,CAD,http://www.investing.com/equities/bayswater-uranium-corporation
GBC,978870,GreenBank Capital Inc,CSE,CAD,http://www.investing.com/equities/greenbank-capital-inc
GSTR,994005,Greenstar Biosciences,CSE,CAD,http://www.investing.com/equities/bethpage-capital-corp
GRIN,994007,Grown Rogue,CSE,CAD,http://www.investing.com/equities/intelligent-content-enterprises-inc
BTC,978878,Gunpowder Capital Corp,CSE,CAD,http://www.investing.com/equities/gunpowder-capital-corp
HBOR,1072171,Harborside,CSE,CAD,http://www.investing.com/equities/lineage-grow
HARY,986235,Harrys Manufacturing,CSE,CAD,http://www.investing.com/equities/westridge-resources-inc
HARV,49301,Harvest Health,CSE,CAD,http://www.investing.com/equities/rockbridge-resources-inc
HS,978887,HealthSpace Data Systems Ltd,CSE,CAD,http://www.investing.com/equities/healthspace-data-systems-ltd
HP,978886,Hello Pal International Inc,CSE,CAD,http://www.investing.com/equities/hello-pal-international-inc
CANN,49374,Heritage Cannabis,CSE,CAD,http://www.investing.com/equities/umbral-energy-corp.
HGP,978883,Heritage Global,CSE,CAD,http://www.investing.com/equities/heritage-global-inc
HHS,1055291,Hi Ho Silver,CSE,CAD,http://www.investing.com/equities/hi-ho-silver
JANE,1118162,High Hampton,CSE,CAD,http://www.investing.com/equities/high-hampton?cid=1118162
HITI,1117885,High Tide,CSE,CAD,http://www.investing.com/equities/high-tide
GLL,978839,Hilltop Cybersecurity,CSE,CAD,http://www.investing.com/equities/big-wind-capital-inc
SIX,1093880,Hydro66,CSE,CAD,http://www.investing.com/equities/hydro66
HYPR,1093877,Hyperblock,CSE,CAD,http://www.investing.com/equities/hyperblock
IAN,1054765,iAnthus,CSE,CAD,http://www.investing.com/equities/ianthus
WRLDu,978901,ICC Cannabis,CSE,CAD,http://www.investing.com/equities/kaneh-bosm-biotechnology-inc
CVGR,49161,Icon Exploration,CSE,CAD,http://www.investing.com/equities/icon-exploration-inc.
ITV,978896,ICTV Brands Inc,CSE,CAD,http://www.investing.com/equities/intl-commercial-tv?cid=978896
ITKO,978879,Idaho Champion Gold,CSE,CAD,http://www.investing.com/equities/goldtrain-resources-inc
IGN,978889,IGEN Networks,CSE,CAD,http://www.investing.com/equities/igen-networks-corp
BILZ,978248,Ignite Brands,CSE,CAD,http://www.investing.com/equities/alq-gold-corp
IMCC,1155976,Im Cannabis,CSE,CAD,http://www.investing.com/equities/im-cannabis-corp
IME,978890,Imagin Medical Inc,CSE,CAD,http://www.investing.com/equities/imagin-medical-inc
IP,978894,Imagination Park Tech,CSE,CAD,http://www.investing.com/equities/imagination-park-entertainment-inc
INDS,993942,Indus Inc,CSE,CAD,http://www.investing.com/equities/mezzotin-minerals-inc
ISH,1091139,Inner Spirit,CSE,CAD,http://www.investing.com/equities/inner-spirit
INNO,1153092,InnoCan Pharma,CSE,CAD,http://www.investing.com/equities/innocan-pharma-corp
ISM,42911,Inspiration Mining,CSE,CAD,http://www.investing.com/equities/inspiration-mining-corporation
ICAN,978852,Integrated Cannabis,CSE,CAD,http://www.investing.com/equities/cnrp-mining-inc
INTL,1073366,Intellabridge Technology Corp,CSE,CAD,http://www.investing.com/equities/cryptanite-blockchain
CO,978837,International Cobalt,CSE,CAD,http://www.investing.com/equities/brakpan-ventures-corp
IC,48914,International Corona Capital,CSE,CAD,http://www.investing.com/equities/rockland-minerals-corp
INCB,48794,Intl Cannabrands,CSE,CAD,http://www.investing.com/equities/gold-ridge-exploration-corp
IRV,978895,Irving Resources Inc,CSE,CAD,http://www.investing.com/equities/irving-resources-inc
ISOL,978905,Isodiol,CSE,CAD,http://www.investing.com/equities/laguna-blends-inc
IPOT,978814,Isracann Biosciences Inc,CSE,CAD,http://www.investing.com/equities/atlas-cloud-enterprises-inc
IZO,1118163,Izotropic,CSE,CAD,http://www.investing.com/equities/izotropic
JEM,978900,Jagercor Energy,CSE,CAD,http://www.investing.com/equities/jagercor-energy-corp
JBR,978899,James Bay Resources Ltd,CSE,CAD,http://www.investing.com/equities/james-bay-resources-ltd
BBT,978477,Kaiyue International,CSE,CAD,http://www.investing.com/equities/kaiyue-international-inc
KBEV,978972,Koios Beverage,CSE,CAD,http://www.investing.com/equities/super-nova-petroleum-corp
KNR,1054766,Kontrol Energy,CSE,CAD,http://www.investing.com/equities/kontrol-energy
ZNK,992718,Kootenay Zinc,CSE,CAD,http://www.investing.com/equities/kootenay-zinc-corp
BBR,1118168,KORP Point Ventures,CSE,CAD,http://www.investing.com/equities/new-point-exploration
KWG,49179,KWG Resources,CSE,CAD,http://www.investing.com/equities/kwg-resources-inc.
LAI,978906,La Imperial Resources Inc,CSE,CAD,http://www.investing.com/equities/la-imperial-resources-inc
LLP,978911,LeenLife Pharma,CSE,CAD,http://www.investing.com/equities/leenlife-pharma-international-inc
LXX,978914,Lexaria Bioscience,CSE,CAD,http://www.investing.com/equities/lexaria-bioscience-corp
LNB,1010652,Lexington BioSciences,CSE,CAD,http://www.investing.com/equities/lexington-biosciences-inc
LHS,978967,Liberty Health,CSE,CAD,http://www.investing.com/equities/securecom-mobile
LIB,979005,Liberty Leaf,CSE,CAD,http://www.investing.com/equities/weststar-resources-co
COOL,978908,LIFESTYLE DELIVERY SYSTEMS INC.,CSE,CAD,http://www.investing.com/equities/lifestyle-delivery-systems-inc
LIHT_t,1097618,Liht Cannabis Warrants Exp 31 Jan 2021,CSE,CAD,http://www.investing.com/equities/liht-cannabis-warrants-exp-31jan21
LLT,1118165,Litelink Tech,CSE,CAD,http://www.investing.com/equities/litelink-tech
LOTO,1010864,LottoGopher,CSE,CAD,http://www.investing.com/equities/lottogopher-holdings-inc
J,978898,Lotus Ventures Inc,CSE,CAD,http://www.investing.com/equities/lotus-ventures-inc
LUXX,1131238,Luxxfolio,CSE,CAD,http://www.investing.com/equities/luxxfolio
MDD,978916,Mag One Products Inc,CSE,CAD,http://www.investing.com/equities/mag-one-products-inc
MHY_u,978037,Marret High Yield Strategies,CSE,CAD,http://www.investing.com/equities/marret-high-yield-strategies-fund
MMF_u,978045,Marret Multi Strategy,CSE,CAD,http://www.investing.com/equities/marret-multi-strategy-income-fund
MMJ,978924,Matica Enterprises Inc,CSE,CAD,http://www.investing.com/equities/matica-enterprises-inc
MCL,1118167,McLaren Resources,CSE,CAD,http://www.investing.com/equities/mclaren-resources
MEC,978918,ME Resource Corp,CSE,CAD,http://www.investing.com/equities/me-resource-corp
MMEN_t,1097554,MedMen Ent Warrant Exp 21 Sep 2021,CSE,CAD,http://www.investing.com/equities/medmen-enterprises-warrant-21sep21
MMEN,1080041,Medmen Enterprises B,CSE,CAD,http://www.investing.com/equities/medmen-enterprises
NSAU,49082,Megumagold,CSE,CAD,http://www.investing.com/equities/coronet-metals-inc.
MYR,978930,Meryllion Resources Corporation,CSE,CAD,http://www.investing.com/equities/meryllion-resources-corporation
MMI,978923,Metalo Manufacturing Inc.,CSE,CAD,http://www.investing.com/equities/metalo-manufacturing-inc
XMG,979011,MGX Minerals,CSE,CAD,http://www.investing.com/equities/mgx-minerals-inc
MRM,978927,Micromem Technologies Inc,CSE,CAD,http://www.investing.com/equities/micromem-technologies-inc
MWM,978866,Micron Waste,CSE,CAD,http://www.investing.com/equities/finore-mining
MIRL,28521,Minera IRL,CSE,CAD,http://www.investing.com/equities/minera-irl-ltd
MONT,1008700,Miramont Resources,CSE,CAD,http://www.investing.com/equities/miramont-resources-corp
MIS,978921,MIstango River Resources Inc,CSE,CAD,http://www.investing.com/equities/mistango-river-resources-inc
MJAR,1117886,Mjardin,CSE,CAD,http://www.investing.com/equities/mjardin
MRBL,1131232,MLI Marble,CSE,CAD,http://www.investing.com/equities/mli-marble
PMC,978919,Montana Gold Mining Company Inc,CSE,CAD,http://www.investing.com/equities/montana-gold-mining-company-inc
MY,1057265,Montego Resources,CSE,CAD,http://www.investing.com/equities/montego-resources
MREY,1121782,Monterey Minerals,CSE,CAD,http://www.investing.com/equities/monterey-minerals
EPIC,978508,Morgan Resources,CSE,CAD,http://www.investing.com/equities/morgan-resources-corp
MOTA,1118173,Mota Ventures Corp,CSE,CAD,http://www.investing.com/equities/primary-energy-metals
MVMD,42966,Mountain Valley MD Holdings,CSE,CAD,http://www.investing.com/equities/meadow-bay-gold-corporation
MPXI,1121780,MPX Intl,CSE,CAD,http://www.investing.com/equities/mpx-intl
MYM,978929,MYM Nutraceuticals Inc,CSE,CAD,http://www.investing.com/equities/mym-nutraceuticals-inc
NAB,978893,Nabis Holdings,CSE,CAD,http://www.investing.com/equities/innovative-properties-inc
URL,978841,NameSilo,CSE,CAD,http://www.investing.com/equities/brisio-innovations-inc
NSHS,1056240,Nanosphere Health,CSE,CAD,http://www.investing.com/equities/nanosphere-health
SUV,978980,Navis Resources,CSE,CAD,http://www.investing.com/equities/navis-resources-corp
NERD,1115733,Nerds On Site,CSE,CAD,http://www.investing.com/equities/nerds-on-site
NC,978932,Netcents Technology Inc,CSE,CAD,http://www.investing.com/equities/netcents-technology-inc
NETCx,978874,Netcoins,CSE,CAD,http://www.investing.com/equities/gar-ltd
NTM,978816,New Tech Minerals,CSE,CAD,http://www.investing.com/equities/american-potash-corp
NLB,978933,NewLeaf Brands,CSE,CAD,http://www.investing.com/equities/new-age-farm-inc
LUX,978913,Newlox Gold Ventures Corp,CSE,CAD,http://www.investing.com/equities/newlox-gold-ventures-corp
NXU,1118169,Nexco Resources,CSE,CAD,http://www.investing.com/equities/nexco-resources
NGW,1097381,Next Green Wave,CSE,CAD,http://www.investing.com/equities/next-green-wave
NTAR,1097902,Nextech Ar,CSE,CAD,http://www.investing.com/equities/nextech-ar
OILS,1123960,Nextleaf,CSE,CAD,http://www.investing.com/equities/nextleaf
NOM,978937,Norsemont Capital Inc,CSE,CAD,http://www.investing.com/equities/norsemont-capital-inc
NBUD,1097387,North Bud Farms,CSE,CAD,http://www.investing.com/equities/north-bud-farms
NLR,1117887,Northern Lights,CSE,CAD,http://www.investing.com/equities/northern-lights
NSM,978939,Northern Sphere Mining Corp,CSE,CAD,http://www.investing.com/equities/northern-sphere-mining-corp
NWI,1131229,Nuinsco Resources,CSE,CAD,http://www.investing.com/equities/nuinsco-resources
NUR,978940,Nuran Wireless Inc,CSE,CAD,http://www.investing.com/equities/nuran-wireless-inc
EAT,978862,Nutritional High International Inc,CSE,CAD,http://www.investing.com/equities/nutritional-high-international-inc
OWLI,997160,One World Minerals,CSE,CAD,http://www.investing.com/equities/one-world-minerals-inc
ORCD,1131231,Orchid Ventures,CSE,CAD,http://www.investing.com/equities/orchid-ventures?cid=1131231
SOW,978595,Organic Flower,CSE,CAD,http://www.investing.com/equities/q-investments-ltd
OPC,978942,Organic Potash Corp,CSE,CAD,http://www.investing.com/equities/organic-potash-corp
URG,978995,Oriental Non Ferrous Resources Development Inc,CSE,CAD,http://www.investing.com/equities/oriental-non-ferrous-resources
ORI,1117888,Orion Nutraceuticals,CSE,CAD,http://www.investing.com/equities/orion-nutraceuticals
OVAT,1118170,Ovation Science,CSE,CAD,http://www.investing.com/equities/ovation-science
BOLT,1054769,Pacific Rim Cobalt,CSE,CAD,http://www.investing.com/equities/pacific-rim-cobalt
PKG,978949,ParcelPal Technology Inc,CSE,CAD,http://www.investing.com/equities/parcelpal-technology-inc
CRFT,1153613,Pasha Brands,CSE,CAD,http://www.investing.com/equities/pasha-brands-ltd
PSE,978950,Pasinex Resources,CSE,CAD,http://www.investing.com/equities/pasinex-resources-ltd?cid=978950
PKK,49263,Peak Positioning Tech,CSE,CAD,http://www.investing.com/equities/peak-positioning-technologies-inc.
BEAN,1072046,Peekaboo Beans,CSE,CAD,http://www.investing.com/equities/peekaboo-beans
PERK,31176,Perk Labs,CSE,CAD,http://www.investing.com/equities/glance-technologies-inc?cid=31176
OIL,1082072,Permex Petroleum,CSE,CAD,http://www.investing.com/equities/permex-petroleum
PCE_u,978946,Petrocapita,CSE,CAD,http://www.investing.com/equities/petrocapita-income-trust
VIDA,1057014,Phivida,CSE,CAD,http://www.investing.com/equities/phivida
VIDA_t,1097620,Phivida Holdings Warrants Exp 19 Apr 2020,CSE,CAD,http://www.investing.com/equities/phivida-holdings-warrantsexp19apr20
NPT,978938,Plaintree Systems Inc,CSE,CAD,http://www.investing.com/equities/plaintree-systems-inc
PLTH,1093879,Planet 13,CSE,CAD,http://www.investing.com/equities/planet-13?cid=1093879
PTX,978587,Platinex,CSE,CAD,http://www.investing.com/equities/platinex-inc
PLUS,1097733,Plus Products A,CSE,CAD,http://www.investing.com/equities/plus-products-a
PRT,1076783,Plymouth Rock,CSE,CAD,http://www.investing.com/equities/alexandra-capital
PBTu,978945,Portage Biotech,CSE,CAD,http://www.investing.com/equities/portage-biotech-inc.?cid=978945
PBIT,1129168,POSaBIT Systems,CSE,CAD,http://www.investing.com/equities/posabit-systems
DOC,1118172,Premier Health,CSE,CAD,http://www.investing.com/equities/premier-health?cid=1118172
PREV,995193,PreveCeutical Medical,CSE,CAD,http://www.investing.com/equities/carrara-exploration-corp
PRMO,1096019,Primo Nutraceuticals Inc,CSE,CAD,http://www.investing.com/equities/bougainville-ventures
PAU,1118171,Provenance Gold,CSE,CAD,http://www.investing.com/equities/provenance-gold
PDO,978948,Pudo Inc,CSE,CAD,http://www.investing.com/equities/pudo-inc
PUSH,1097384,Pushfor Invest,CSE,CAD,http://www.investing.com/equities/pushfor-invest
QCC,997161,Quadron Cannatech,CSE,CAD,http://www.investing.com/equities/quadron-capital-corp
QSC,49077,QuestCap,CSE,CAD,http://www.investing.com/equities/copper-one-inc
QCA,978954,Quinsam Capital Corp,CSE,CAD,http://www.investing.com/equities/quinsam-capital-corp
QQ,48905,Quizam Media,CSE,CAD,http://www.investing.com/equities/quizam-media-corporation
RAIN,1131233,Rain City Resources,CSE,CAD,http://www.investing.com/equities/rain-city-resources
RGOx,978958,Range Energy Resources Inc,CSE,CAD,http://www.investing.com/equities/range-energy-resources-inc
DOSE,1117881,Rapid Dose,CSE,CAD,http://www.investing.com/equities/rapid-dose
RQB,1056377,Ravenquest Biomed,CSE,CAD,http://www.investing.com/equities/ravenquest-biomed
RQB_t,1097621,RavenQuest BioMed Warrants Exp 28 Feb 2020,CSE,CAD,http://www.investing.com/equities/ravenquest-biomed-wts-exp-28-feb-20
RZR,978965,Razore Rock,CSE,CAD,http://www.investing.com/equities/razore-rock-resources-inc
RGLD,1097496,Red Lake Gold,CSE,CAD,http://www.investing.com/equities/pivit-exploration
LOAN,1118166,Redfund Capital,CSE,CAD,http://www.investing.com/equities/redfund-capital
RELA,978848,Relay Medical,CSE,CAD,http://www.investing.com/equities/chromedx-co
RNG,978603,Reliant Gold,CSE,CAD,http://www.investing.com/equities/reliant-gold-corp
RFR,978956,Renforth Resources Inc,CSE,CAD,http://www.investing.com/equities/renforth-resources-inc
REO,25112,Reservoir Capital,CSE,CAD,http://www.investing.com/equities/reservoir-capital-corp
RIN,993957,Resinco Capital,CSE,CAD,http://www.investing.com/equities/resinco-capital-partners-inc?cid=993957
RVV,951629,Revive Therapeutics,CSE,CAD,http://www.investing.com/equities/revive-therapeutics-ltd
IBAT,978957,Rheingold Exploration,CSE,CAD,http://www.investing.com/equities/rheingold-exploration-corp
RVR,978963,Rift Valley,CSE,CAD,http://www.investing.com/equities/rift-valley-resources-corp
RISE,978994,Rise Gold,CSE,CAD,http://www.investing.com/equities/rise-resources-inc
RLSC,49212,Rise Life Science,CSE,CAD,http://www.investing.com/equities/miraculins-inc.
RIW,978959,Riwi Corp,CSE,CAD,http://www.investing.com/equities/riwi-corp
RZX,978966,Robix Environmental Technologies Inc,CSE,CAD,http://www.investing.com/equities/robix-environmental-tech
RCLF,978602,Rockcliff Metals,CSE,CAD,http://www.investing.com/equities/rockcliff-copper-corp
RXM,978964,Rockex Mining Corp,CSE,CAD,http://www.investing.com/equities/rockex-mining-corp
RKS,978960,Rockshield Capital Corp,CSE,CAD,http://www.investing.com/equities/rockshield-capital-co
ROMJ,1097389,Rubicon Organics,CSE,CAD,http://www.investing.com/equities/rubicon-organics
SHV,978970,Seahawk Ventures Inc.,CSE,CAD,http://www.investing.com/equities/seahawk-ventures-inc
BYRN,48928,Security Devices,CSE,CAD,http://www.investing.com/equities/security-devices-international-inc.
SENS,978507,Sensor Tech,CSE,CAD,http://www.investing.com/equities/mooncor-oil---gas-corp
AWR,978976,Shamrock Enterprises Inc,CSE,CAD,http://www.investing.com/equities/shamrock-enterprises-inc
SHRC,978897,Sharc,CSE,CAD,http://www.investing.com/equities/international-wastewater-systems-in
SHP,978969,Shoal Point Energy,CSE,CAD,http://www.investing.com/equities/shoal-point-energy-ltd
SGRO,978429,Sierra Growth,CSE,CAD,http://www.investing.com/equities/grenville-gold-corp
SIRE,978831,Sire Bioscience,CSE,CAD,http://www.investing.com/equities/big-rock-labs
SIG,1062568,Sitka Gold,CSE,CAD,http://www.investing.com/equities/sitka-gold
SLNG,1121774,Slang Worldwide,CSE,CAD,http://www.investing.com/equities/slang-worldwide
SLZ,1118174,Slave Lake Zinc,CSE,CAD,http://www.investing.com/equities/slave-lake-zinc
SOFT,1114550,Softlab9 Software Solutions,CSE,CAD,http://www.investing.com/equities/appx-group
SOL,978470,SOL Global,CSE,CAD,http://www.investing.com/equities/kitrinor-metals-inc
SONA,1097390,Sona Nanotech,CSE,CAD,http://www.investing.com/equities/sona-nanotech
SPFY,1116245,Spacefy,CSE,CAD,http://www.investing.com/equities/spacefy
EASY,978884,Speakeasy Cannabis Club,CSE,CAD,http://www.investing.com/equities/hadley-mining-inc
SPMT,48944,Spearmint,CSE,CAD,http://www.investing.com/equities/spearmint-resources-inc
SPO,978973,SponsorsOne Inc,CSE,CAD,http://www.investing.com/equities/sponsorsone-inc
SPR,40468,Sproutly,CSE,CAD,http://www.investing.com/equities/softchoice-corp
SQX,1006223,Squatex Energy,CSE,CAD,http://www.investing.com/equities/squatex-energy-and-ressources-inc
TAAL,978975,Squire Mining Ltd,CSE,CAD,http://www.investing.com/equities/squire-mining-ltd
SX,978981,St-Georges Eco-Mining,CSE,CAD,http://www.investing.com/equities/st-georges-platinum-and-base-metals
SNA,48949,Star Navigation Systems,CSE,CAD,http://www.investing.com/equities/star-navigation-systems-group-ltd.
STX,978978,Starrex International Ltd,CSE,CAD,http://www.investing.com/equities/starrex-international-ltd
JOB,992953,StartMonday Tech,CSE,CAD,http://www.investing.com/equities/startmonday-technology-corp
STEM,1093881,Stem,CSE,CAD,http://www.investing.com/equities/stem?cid=1093881
STIL,978825,StillCanna,CSE,CAD,http://www.investing.com/equities/blackeagle-development-corp
SNN,1057639,Sunniva,CSE,CAD,http://www.investing.com/equities/sunniva
ABJ,1052086,Supreme Metals,CSE,CAD,http://www.investing.com/equities/supreme-metals
TGC,1080119,Taiga Gold,CSE,CAD,http://www.investing.com/equities/taiga-gold
TAK,978983,Taku Gold Corp,CSE,CAD,http://www.investing.com/equities/taku-gold-corp
TSK,49113,Talisker Resources,CSE,CAD,http://www.investing.com/equities/eurocontrol-technics-group-inc
TAI,978982,Talmora Diamond Inc,CSE,CAD,http://www.investing.com/equities/talmora-diamond-inc
TTX,978992,Tantalex Resources Corp,CSE,CAD,http://www.investing.com/equities/tantalex-resources-corp
TN,978991,Tartisan Nickel,CSE,CAD,http://www.investing.com/equities/tartisan-resources-corp
TEMP,1131230,Tempus Capital,CSE,CAD,http://www.investing.com/equities/tempus-capital
TENO,1097391,Terra Nova,CSE,CAD,http://www.investing.com/equities/terra-nova
TEQ,1117889,Terranueva,CSE,CAD,http://www.investing.com/equities/terranueva
TER,1009389,Terrascend,CSE,CAD,http://www.investing.com/equities/terrascend-corp
THC,978985,THC Biomed Intl Ltd,CSE,CAD,http://www.investing.com/equities/thc-biomed-intl-ltd
THCT,51765,Thc Therapeutics,CSE,CAD,http://www.investing.com/equities/harmonic-energy
IDK,978840,ThreeD Capital,CSE,CAD,http://www.investing.com/equities/brownstone-energy-inc?cid=978840
RLTYu,1091197,Tidal Royalty,CSE,CAD,http://www.investing.com/equities/tidal-royalty
TLP_u,978986,Tier One Capital LP,CSE,CAD,http://www.investing.com/equities/tier-one-capital-lp
TILT,1116350,TILT Holdings,CSE,CAD,http://www.investing.com/equities/tilt-holdings
TNY,978987,Tinley Beverage Company Inc,CSE,CAD,http://www.investing.com/equities/tinley-beverage-company-inc
TOC,1131235,Tocvan Ventures,CSE,CAD,http://www.investing.com/equities/tocvan-ventures
VENI,1097392,Top Strike,CSE,CAD,http://www.investing.com/equities/top-strike
TPS,978989,Torino Power Solutions Inc,CSE,CAD,http://www.investing.com/equities/torino-power-solutions-inc
TO,978951,Tower One Wireless,CSE,CAD,http://www.investing.com/equities/pacific-therapeutics
TKR,978829,Trackloop Analytics Corp,CSE,CAD,http://www.investing.com/equities/blackice-enterprise-risk-management
TCAN,1118027,Transcanna,CSE,CAD,http://www.investing.com/equities/transcanna
TOKI,1093882,Tree Knowledge,CSE,CAD,http://www.investing.com/equities/courtland-capital-inc?cid=1093882
MJ,978922,True Leaf Medicine,CSE,CAD,http://www.investing.com/equities/true-leaf-medicine-international?cid=978922
NWES,49370,Trueclaim Exploration,CSE,CAD,http://www.investing.com/equities/trueclaim-exploration-inc
TRUL,1096202,Trulieve Cannabis,CSE,CAD,http://www.investing.com/equities/trulieve-cannabis
TTT,1079914,TruTrace Tech,CSE,CAD,http://www.investing.com/equities/blockstrain-tech
TWX,978860,TWX Group Holding Ltd,CSE,CAD,http://www.investing.com/equities/ea-education-group-inc
UBM,1057356,United Battery Metals,CSE,CAD,http://www.investing.com/equities/united-lithium
UPCO,1055292,Upco,CSE,CAD,http://www.investing.com/equities/upco
UP,978993,UpSnap Inc,CSE,CAD,http://www.investing.com/equities/upsnap-inc
VGW_t,1097623,Valens Groworks Warrants Exp 10 Oct 2020,CSE,CAD,http://www.investing.com/equities/valens-groworks-wts-exp-10-oct-2020
VPH,1131234,Valeo Pharma,CSE,CAD,http://www.investing.com/equities/valeo-pharma
VCTx,978997,Velocity Data,CSE,CAD,http://www.investing.com/equities/velocity-data-inc?cid=978997
VCAN,960791,Ventura Cannabis,CSE,CAD,http://www.investing.com/equities/convalo-health-international-corp
VRT,979001,Veritas Pharma,CSE,CAD,http://www.investing.com/equities/veritas-pharma-inc
VS,985939,Versus Systems,CSE,CAD,http://www.investing.com/equities/versus-systems-inc
VIBE,978245,Vibe Bioscience,CSE,CAD,http://www.investing.com/equities/altitude-resources-inc
NI,978934,Victory Nickel,CSE,CAD,http://www.investing.com/equities/victory-nickel
VR,49384,Victory Resources,CSE,CAD,http://www.investing.com/equities/victory-resources-corporation
VST,978869,Victory Square Tech,CSE,CAD,http://www.investing.com/equities/fantasy-6-sports-inc
VREO,1123958,Vireo Health,CSE,CAD,http://www.investing.com/equities/vireo-health
VAI,978996,VirtualArmor International Inc,CSE,CAD,http://www.investing.com/equities/virtualarmor-international-inc
VP,979000,Vodis Pharma,CSE,CAD,http://www.investing.com/equities/vodis-pharmaceuticals
CRY,945717,Vogogo,CSE,CAD,http://www.investing.com/equities/vogogo-inc
VYGR,49372,Voyager Digital,CSE,CAD,http://www.investing.com/equities/uc-resources-ltd.
VSBY,1123219,VSBLTY Groupe,CSE,CAD,http://www.investing.com/equities/vsblty-groupe
WAYL,1009013,Wayland,CSE,CAD,http://www.investing.com/equities/maricann-group-inc
POT,978943,Weekend Unlimited,CSE,CAD,http://www.investing.com/equities/open-source-health-inc
RLG,978961,West Red Lake Gold Mines Inc,CSE,CAD,http://www.investing.com/equities/west-red-lake-gold-mines
WUC,979009,Western Uranium,CSE,CAD,http://www.investing.com/equities/western-uranium-corp
SUN,978979,Wildflower Brands,CSE,CAD,http://www.investing.com/equities/wildflower-marijuana-inc
WGC,979006,Winston Gold,CSE,CAD,http://www.investing.com/equities/winston-gold-mining-corp
WRW,979007,Winston Resources,CSE,CAD,http://www.investing.com/equities/winston-resources-inc
PUMP,1123862,World Class Extractions,CSE,CAD,http://www.investing.com/equities/world-class-extractions-inc
WSM,979008,World Mahjong,CSE,CAD,http://www.investing.com/equities/world-mahjong-ltd
WBIO,1156726,WPD Pharma,CSE,CAD,http://www.investing.com/equities/wpd-pharmaceuticals-inc
XRX,1118176,XORTX Therapeutics,CSE,CAD,http://www.investing.com/equities/xortx-therapeutics
BOSS,1117878,Yield Growth,CSE,CAD,http://www.investing.com/equities/yield-growth
ZBR,1159074,Zanzibar Gold,CSE,CAD,http://www.investing.com/equities/zanzibar-gold-inc
IONC,979012,Zara Resources,CSE,CAD,http://www.investing.com/equities/zara-resources-inc
ZTE,979014,ZTEST Electronics Inc,CSE,CAD,http://www.investing.com/equities/ztest-electronics-inc
