MMM,277,3M Company,DJI,USD
AXP,8182,American Express Company,DJI,USD
AAPL,6408,Apple Inc,DJI,USD
BA,238,Boeing Company,DJI,USD
CAT,247,Caterpillar Inc,DJI,USD
CVX,240,Chevron Corporation,DJI,USD
CSCO,260,Cisco Systems Inc,DJI,USD
KO,271,Coca-Cola Company,DJI,USD
DD,7981,EI du Pont de Nemours and Company,DJI,USD
XOM,7888,Exxon Mobil Corporation,DJI,USD
GE,8193,General Electric Company,DJI,USD
GS,266,Goldman Sachs Group Inc,DJI,USD
HD,8064,Home Depot Inc,DJI,USD
IBM,8082,International Business Machines,DJI,USD
INTC,251,Intel Corporation,DJI,USD
JNJ,8177,Johnson & Johnson,DJI,USD
JPM,267,JPMorgan Chase & Co,DJI,USD
MCD,272,McDonald's Corporation,DJI,USD
MRK,275,Merck & Company Inc,DJI,USD
MSFT,252,Microsoft Corporation,DJI,USD
NKE,8948,Nike Inc,DJI,USD
PFE,7989,Pfizer Inc,DJI,USD
PG,8952,Procter & Gamble Company,DJI,USD
TRV,8159,The Travelers Companies Inc,DJI,USD
UTX,8235,United Technologies Corporation,DJI,USD
UNH,8359,UnitedHealth Group Incorporated,DJI,USD
VZ,8127,Verizon Communications Inc,DJI,USD
V,8318,Visa Inc,DJI,USD
WMT,7997,Wal-Mart Stores Inc,DJI,USD
DIS,258,Walt Disney Company,DJI,USD
