BTCUSD,1054862,Bitcoin US Dollar,CEX.IO,USD
BTCEUR,1054868,Bitcoin Euro,CEX.IO,EUR
BTCRUB,1054875,Bitcoin Russian Ruble,CEX.IO,RUB
ETHUSD,1054866,Ethereum US Dollar,CEX.IO,USD
ETHBTC,1054867,Ethereum Bitcoin,CEX.IO,BTC
ETHEUR,1054870,Ethereum Euro,CEX.IO,EUR
BCHUSD,1054864,Bitcoin Cash US Dollar,CEX.IO,USD
BCHBTC,1054865,Bitcoin Cash Bitcoin,CEX.IO,BTC
BCHEUR,1054869,Bitcoin Cash Euro,CEX.IO,EUR
XRPUSD,1056985,Ripple US Dollar,CEX.IO,USD
XRPBTC,1056986,Ripple Bitcoin,CEX.IO,BTC
XRPEUR,1056988,Ripple Euro,CEX.IO,EUR
DASHUSD,1054872,Dash US Dollar,CEX.IO,USD
DASHBTC,1054873,Dash Bitcoin,CEX.IO,BTC
DASHEUR,1056990,Dash Euro,CEX.IO,EUR
XLMUSD,1072236,Stellar Lumens US Dollar,CEX.IO,USD
ZECUSD,1054871,Zcash US Dollar,CEX.IO,USD
ZECBTC,1054874,Zcash Bitcoin,CEX.IO,BTC
ZECEUR,1056992,Zcash Euro,CEX.IO,EUR
BTGUSD,1056987,Bitcoin Gold US Dollar,CEX.IO,USD
BTGBTC,1056989,Bitcoin Gold Bitcoin,CEX.IO,BTC
BTGEUR,1056991,Bitcoin Gold Euro,CEX.IO,EUR
