AUDUSD,5,Australian Dollar US Dollar,Forex,USD
EURAUD,15,Euro Australian Dollar,Forex,AUD
AUDCAD,47,Australian Dollar Canadian Dollar,Forex,CAD
AUDCHF,48,Australian Dollar Swiss Franc,Forex,CHF
AUDJPY,49,Australian Dollar Japanese Yen,Forex,JPY
AUDNZD,50,Australian Dollar New Zealand Dollar,Forex,NZD
GBPAUD,53,British Pound Australian Dollar,Forex,AUD
AUDPLN,84,Australian Dollar Polish Zloty,Forex,PLN
AUDNOK,109,Australian Dollar Norwegian Krone,Forex,NOK
AUDZAR,122,Australian Dollar South African Rand,Forex,ZAR
AUDSGD,125,Australian Dollar Singapore Dollar,Forex,SGD
AUDTHB,130,Australian Dollar Thai Baht,Forex,THB
AUDSEK,137,Australian Dollar Swedish Krona,Forex,SEK
AUDCZK,139,Australian Dollar Czech Koruna,Forex,CZK
AUDDKK,144,Australian Dollar Danish Krone,Forex,DKK
AUDHKD,146,Australian Dollar Hong Kong Dollar,Forex,HKD
AUDARS,1484,Australian Dollar Argentinian Peso,Forex,ARS
AUDBRL,1485,Australian Dollar Brazil Real,Forex,BRL
AUDCNY,1486,Australian Dollar Chinese Yuan,Forex,CNY
AUDEUR,1487,Australian Dollar Euro,Forex,EUR
AUDFJD,1488,Australian Dollar Fiji Dollar,Forex,FJD
AUDGBP,1489,Australian Dollar British Pound,Forex,GBP
AUDHUF,1490,Australian Dollar Hungarian Forint,Forex,HUF
AUDIDR,1491,Australian Dollar Indonesian Rupiah,Forex,IDR
AUDILS,1492,Australian Dollar Israeli Shekel,Forex,ILS
AUDINR,1493,Australian Dollar Indian Rupee,Forex,INR
AUDKRW,1494,Australian Dollar Korean Won,Forex,KRW
AUDMXN,1495,Australian Dollar Mexican Peso,Forex,MXN
AUDMYR,1496,Australian Dollar Malaysian Ringgit,Forex,MYR
AUDPKR,1497,Australian Dollar Pakistani Rupee,Forex,PKR
AUDTWD,1498,Australian Dollar Taiwan Dollar,Forex,TWD
BRLAUD,1506,Brazil Real Australian Dollar,Forex,AUD
CADAUD,1522,Canadian Dollar Australian Dollar,Forex,AUD
CHFAUD,1542,Swiss Franc Australian Dollar,Forex,AUD
JPYAUD,1889,Japanese Yen Australian Dollar,Forex,AUD
NZDAUD,1980,New Zealand Dollar Australian Dollar,Forex,AUD
SGDAUD,2026,Singapore Dollar Australian Dollar,Forex,AUD
USDAUD,2091,US Dollar Australian Dollar,Forex,AUD
AEDAUD,9276,UAE Dirham Australian Dollar,Forex,AUD
ARSAUD,9331,Argentinian Peso Australian Dollar,Forex,AUD
AUDAED,9383,Australian Dollar UAE Dirham,Forex,AED
AUDCLP,9384,Australian Dollar Chilean Peso,Forex,CLP
AUDISK,9385,Australian Dollar Icelandic Kr,Forex,ISK
AUDMAD,9386,Australian Dollar Moroccan Dirham,Forex,MAD
AUDPHP,9387,Australian Dollar Philippine Peso,Forex,PHP
AUDRUB,9388,Australian Dollar Russian Ruble,Forex,RUB
AUDSAR,9389,Australian Dollar Saudi Riyal,Forex,SAR
AUDTRY,9390,Australian Dollar Turkish Lira,Forex,TRY
AUDVEF,9391,Australian Dollar Venezuelan Bolivar,Forex,VEF
AUDXAF,9392,Australian Dollar Central African Franc,Forex,XAF
AUDXCD,9393,Australian Dollar East Caribbean Dollar,Forex,XCD
AUDBBD,9394,Australian Dollar Barbadian Dollar,Forex,BBD
AUDBHD,9395,Australian Dollar Baharain Dinar,Forex,BHD
AUDJOD,9397,Australian Dollar Jordan Dinar,Forex,JOD
AUDNAD,9398,Australian Dollar Namibian Dollar,Forex,NAD
AUDOMR,9399,Australian Dollar Omani Rial,Forex,OMR
AUDQAR,9400,Australian Dollar Qatari Riyal,Forex,QAR
AUDJMD,9401,Australian Dollar Jamaican Dollar,Forex,JMD
AUDKES,9402,Australian Dollar Kenyan Shilling,Forex,KES
AUDLKR,9403,Australian Dollar Sri Lankan Rupee,Forex,LKR
AUDRON,9405,Australian Dollar Romanian Leu,Forex,RON
AUDLBP,9406,Australian Dollar Lebanese Pound,Forex,LBP
AUDNPR,9408,Australian Dollar Nepalese Rupee,Forex,NPR
AUDPAB,9409,Australian Dollar Panamanian Balboa,Forex,PAB
AUDEGP,9410,Australian Dollar Egyptian Pound,Forex,EGP
AUDXOF,9411,Australian Dollar West African CFA franc,Forex,XOF
CNYAUD,9490,Chinese Yuan Australian Dollar,Forex,AUD
DKKAUD,9572,Danish Krone Australian Dollar,Forex,AUD
HKDAUD,9614,Hong Kong Dollar Australian Dollar,Forex,AUD
ILSAUD,9675,Israeli Shekel Australian Dollar,Forex,AUD
MXNAUD,9790,Mexican Peso Australian Dollar,Forex,AUD
NOKAUD,9838,Norwegian Krone Australian Dollar,Forex,AUD
PLNAUD,9973,Polish Zloty Australian Dollar,Forex,AUD
SARAUD,10071,Saudi Riyal Australian Dollar,Forex,AUD
SEKAUD,10127,Swedish Krona Australian Dollar,Forex,AUD
THBAUD,10210,Thai Baht Australian Dollar,Forex,AUD
TRYAUD,10243,Turkish Lira Australian Dollar,Forex,AUD
TWDAUD,10297,Taiwan Dollar Australian Dollar,Forex,AUD
VEFAUD,10347,Venezuelan Bolivar Australian Dollar,Forex,AUD
ZARAUD,10404,South African Rand Australian Dollar,Forex,AUD
RUBAUD,13920,Russian Ruble Australian Dollar,Forex,AUD
KRWAUD,13926,Korean Won Australian Dollar,Forex,AUD
AUDHRK,25316,Australian Dollar Croatian Kuna,Forex,HRK
AUDBYN,53089,Australian Dollar Belarusian Ruble,Forex,BYN
AUDUAH,940804,Australian Dollar Ukrainian Hryvnia,Forex,UAH
IDRAUD,1031293,Indonesian Rupiah Australian Dollar,Forex,AUD
