USDZAR,17,US Dollar South African Rand,Forex,ZAR
ZARJPY,78,South African Rand Japanese Yen,Forex,JPY
GBPZAR,96,British Pound South African Rand,Forex,ZAR
EURZAR,100,Euro South African Rand,Forex,ZAR
NZDZAR,121,New Zealand Dollar South African Rand,Forex,ZAR
AUDZAR,122,Australian Dollar South African Rand,Forex,ZAR
CHFZAR,123,Swiss Franc South African Rand,Forex,ZAR
DKKZAR,124,Danish Krone South African Rand,Forex,ZAR
BWPZAR,1519,Botswana Pula South African Rand,Forex,ZAR
CADZAR,1539,Canadian Dollar South African Rand,Forex,ZAR
CNYZAR,1566,Chinese Yuan South African Rand,Forex,ZAR
HKDZAR,1833,Hong Kong Dollar South African Rand,Forex,ZAR
JPYZAR,1911,Japanese Yen South African Rand,Forex,ZAR
KRWZAR,1928,Korean Won South African Rand,Forex,ZAR
MXNZAR,1951,Mexican Peso South African Rand,Forex,ZAR
MYRZAR,1970,Malaysian Ringgit South African Rand,Forex,ZAR
SGDZAR,2045,Singapore Dollar South African Rand,Forex,ZAR
TRYZAR,2064,Turkish Lira South African Rand,Forex,ZAR
ZARBWP,2232,South African Rand Botswana Pula,Forex,BWP
ZARCNY,2235,South African Rand Chinese Yuan,Forex,CNY
ZARDKK,2237,South African Rand Danish Krone,Forex,DKK
ZARHKD,2240,South African Rand Hong Kong Dollar,Forex,HKD
ZARIDR,2241,South African Rand Indonesian Rupiah,Forex,IDR
ZARINR,2242,South African Rand Indian Rupee,Forex,INR
ZARKRW,2243,South African Rand Korean Won,Forex,KRW
ZARMYR,2245,South African Rand Malaysian Ringgit,Forex,MYR
ZARNOK,2246,South African Rand Norwegian Krone,Forex,NOK
ZARPHP,2248,South African Rand Philippine Peso,Forex,PHP
ZARPKR,2249,South African Rand Pakistani Rupee,Forex,PKR
ZARTHB,2251,South African Rand Thai Baht,Forex,THB
ZARTWD,2253,South African Rand Taiwan Dollar,Forex,TWD
AEDZAR,9308,UAE Dirham South African Rand,Forex,ZAR
ARSZAR,9361,Argentinian Peso South African Rand,Forex,ZAR
BRLZAR,9456,Brazil Real South African Rand,Forex,ZAR
ILSZAR,9728,Israeli Shekel South African Rand,Forex,ZAR
INRZAR,9754,Indian Rupee South African Rand,Forex,ZAR
NOKZAR,9887,Norwegian Krone South African Rand,Forex,ZAR
PHPZAR,9952,Philippine Peso South African Rand,Forex,ZAR
PLNZAR,10023,Polish Zloty South African Rand,Forex,ZAR
RUBZAR,10068,Russian Ruble South African Rand,Forex,ZAR
SARZAR,10124,Saudi Riyal South African Rand,Forex,ZAR
SEKZAR,10173,Swedish Krona South African Rand,Forex,ZAR
THBZAR,10240,Thai Baht South African Rand,Forex,ZAR
TWDZAR,10344,Taiwan Dollar South African Rand,Forex,ZAR
VEFZAR,10401,Venezuelan Bolivar South African Rand,Forex,ZAR
ZARAED,10402,South African Rand UAE Dirham,Forex,AED
ZARARS,10403,South African Rand Argentinian Peso,Forex,ARS
ZARAUD,10404,South African Rand Australian Dollar,Forex,AUD
ZARBBD,10405,South African Rand Barbadian Dollar,Forex,BBD
ZARBHD,10406,South African Rand Baharain Dinar,Forex,BHD
ZARBRL,10407,South African Rand Brazil Real,Forex,BRL
ZARCAD,10408,South African Rand Canadian Dollar,Forex,CAD
ZARCHF,10409,South African Rand Swiss Franc,Forex,CHF
ZARCLP,10410,South African Rand Chilean Peso,Forex,CLP
ZARCZK,10411,South African Rand Czech Koruna,Forex,CZK
ZAREGP,10413,South African Rand Egyptian Pound,Forex,EGP
ZAREUR,10414,South African Rand Euro,Forex,EUR
ZARGBP,10415,South African Rand British Pound,Forex,GBP
ZARHUF,10416,South African Rand Hungarian Forint,Forex,HUF
ZARILS,10417,South African Rand Israeli Shekel,Forex,ILS
ZARISK,10418,South African Rand Icelandic Kr,Forex,ISK
ZARJMD,10419,South African Rand Jamaican Dollar,Forex,JMD
ZARJOD,10420,South African Rand Jordan Dinar,Forex,JOD
ZARKES,10421,South African Rand Kenyan Shilling,Forex,KES
ZARLBP,10422,South African Rand Lebanese Pound,Forex,LBP
ZARLKR,10423,South African Rand Sri Lankan Rupee,Forex,LKR
ZARMAD,10426,South African Rand Moroccan Dirham,Forex,MAD
ZARMXN,10427,South African Rand Mexican Peso,Forex,MXN
ZARNAD,10428,South African Rand Namibian Dollar,Forex,NAD
ZARNPR,10429,South African Rand Nepalese Rupee,Forex,NPR
ZARNZD,10430,South African Rand New Zealand Dollar,Forex,NZD
ZAROMR,10431,South African Rand Omani Rial,Forex,OMR
ZARPAB,10432,South African Rand Panamanian Balboa,Forex,PAB
ZARPLN,10433,South African Rand Polish Zloty,Forex,PLN
ZARQAR,10434,South African Rand Qatari Riyal,Forex,QAR
ZARRON,10435,South African Rand Romanian Leu,Forex,RON
ZARRUB,10436,South African Rand Russian Ruble,Forex,RUB
ZARSAR,10437,South African Rand Saudi Riyal,Forex,SAR
ZARSEK,10438,South African Rand Swedish Krona,Forex,SEK
ZARSGD,10439,South African Rand Singapore Dollar,Forex,SGD
ZARTRY,10440,South African Rand Turkish Lira,Forex,TRY
ZARUSD,10441,South African Rand US Dollar,Forex,USD
ZARVEF,10442,South African Rand Venezuelan Bolivar,Forex,VEF
ZARXAF,10443,South African Rand Central African Franc,Forex,XAF
ZARXCD,10444,South African Rand East Caribbean Dollar,Forex,XCD
ZARXOF,10445,South African Rand West African CFA franc,Forex,XOF
