0P0000THX8,1036668,Templeton Global Total Return Fund I Mdis JPY,,
0P0000RX5F,1042590,Templeton Global Bond Fund I Mdis JPY,,
0P00000RSO,1040454,JPMorgan Funds - Japan Equity Fund A dist - USD,,
0P00005U0K,1040459,JPMorgan Funds - Japan Equity Fund D acc - EUR,,
0P000067J2,1035398,JPMorgan Funds - Japan Equity Fund A acc - EUR,,
0P0000ZAE8,1040455,JPMorgan Funds - Japan Equity Fund C acc - EUR,,
0P00001RO9,1040456,JPMorgan Funds - Japan Equity Fund C acc - USD,,
0P000019JB,1040463,JPMorgan Funds - Japan Equity Fund X acc - USD,,
0P000019CD,1040452,JPMorgan Funds - Japan Equity Fund A acc - USD,,
0P0000XWDG,1040458,JPMorgan Funds - Japan Equity Fund C dist - USD,,
0P00001RLJ,1040451,JPMorgan Funds - Japan Equity Fund A acc - JPY,,
0P00000LV1,1040462,JPMorgan Funds - Japan Equity Fund J dist - USD,,
0P000064KM,1040461,JPMorgan Funds - Japan Equity Fund I acc - USD,,
0P00000ME7,1040460,JPMorgan Funds - Japan Equity Fund D acc - USD,,
0P0000WIVN,1035966,Eastspring Investments - Japan Dynamic Fund Class C,,
0P00008FGF,1035965,Eastspring Investments - Japan Dynamic Fund Class D USD,,
0P0000XR1X,1038911,Eastspring Investments - Japan Dynamic Fund Class B USD,,
0P0000XR1Y,1038912,Eastspring Investments - Japan Dynamic Fund Class R USD,,
0P0000SNBH,1035967,Eastspring Investments - Japan Dynamic Fund Class A,,
0P00007XX9,1041741,Pictet-Japanese Equity Opportunities R EUR,,
0P00007XWX,1041739,Pictet-Japanese Equity Opportunities P EUR,,
0P00012DZM,1041743,Pictet-Japanese Equity Opportunities Z JPY,,
0P00000NGK,1041742,Pictet-Japanese Equity Opportunities R JPY,,
0P00007XWW,1041736,Pictet-Japanese Equity Opportunities I EUR,,
0P00000BKS,1041740,Pictet-Japanese Equity Opportunities PJPY,,
0P00007XX6,1041738,Pictet-Japanese Equity Opportunities P dy JPY,,
0P000013YU,1041737,Pictet-Japanese Equity Opportunities I JPY,,
0P000016UX,1041511,Parvest Equity Japan Small Cap Classic-Capitalisation,,
0P00011QVV,1041516,Parvest Equity Japan Small Cap Classic-Distribution,,
0P0000V02U,1041521,Parvest Equity Japan Small Cap N-Capitalisation,,
0P00011RHC,1041524,Parvest Equity Japan Small Cap Privilege-Capitalisation,,
0P00011RHD,1041522,Parvest Equity Japan Small Cap Privilege-Capitalisation,,
0P00011QVX,1041519,Parvest Equity Japan Small Cap I-Capitalisation,,
0P00000BUL,1041520,Parvest Equity Japan Small Cap N-Capitalisation,,
0P00000BUM,1041515,Parvest Equity Japan Small Cap Classic-Distribution,,
0P00011QVY,1041517,Parvest Equity Japan Small Cap I-Capitalisation,,
0P00011QVW,1041514,Parvest Equity Japan Small Cap Classic-Distribution,,
0P00000MJ1,1041518,Parvest Equity Japan Small Cap I-Capitalisation,,
0P0000TPVV,1041513,Parvest Equity Japan Small Cap Classic-Capitalisation,,
0P00000BUK,1041512,Parvest Equity Japan Small Cap Classic-Capitalisation,,
0P00000MLL,1041523,Parvest Equity Japan Small Cap Privilege-Capitalisation,,
0P000162FS,1036507,Parvest Equity Japan Small Cap Classic EUR Capitalisation,,
0P000168HA,1035408,Julius Baer Multistock - Japan Stock Fund R JPY Acc,,
0P00000IFJ,1040604,Julius Baer Multistock - Japan Stock Fund C JPY Acc,,
0P0000N54F,1035702,Templeton Global Bond Fund A Mdis HKD,,
0P0000N54C,1035699,Templeton Global Bond Fund A acc HKD,,
0P0000UIFJ,1042231,Schroder International Selection Fund Global Dividend Maximiser J JPY,,
0P0000O3H8,1037354,Aberdeen Global - Japanese Equity Fund I-2 JPY Acc,,
0P0000XZS9,1038140,BL-Equities Japan A JPY Inc,,
0P0000TKQM,1038141,BL-Equities Japan B JPY Acc,,
0P00000XYE,1042286,Schroder International Selection Fund Japanese Equity I Acc,,
0P0000U1Z2,1040191,Invesco Funds - Invesco Japanese Equity Advantage Fund C Accumulation JPY,,
0P00000B5V,1037353,Aberdeen Global - Japanese Equity Fund A-2 JPY Acc,,
0P0000PVYW,1045376,M&G Optimal Income Fund USD A-H Acc,,
0P0000PVYX,1045377,M&G Optimal Income Fund USD C-H Acc,,
0P000029DL,1034839,AB FCP I - Japan Strategic Value Portfolio S1 Acc,,
0P00009T6D,1034838,AB FCP I - Japan Strategic Value Portfolio S1 Acc,,
0P00009T6E,1034840,AB FCP I - Japan Strategic Value Portfolio S1 Acc,,
0P00009T6I,1034843,AB FCP I - Japan Strategic Value Portfolio S Acc,,
0P00009T6H,1034841,AB FCP I - Japan Strategic Value Portfolio S Acc,,
0P00006CXV,1034842,AB FCP I - Japan Strategic Value Portfolio S Acc,,
0P0000Z5I7,1035735,Uni-Global - Equities Japan RA-JPY,,
0P00006BMI,1035736,Uni-Global - Equities Japan SA-JPY,,
0P0000K94R,1036254,Handelsbanken Global Index Criteria AI,,
0P0000K94P,1036251,Handelsbanken Global Index Criteria A,,
0P00001R07,1041744,Pictet-Japanese Equity Selection Z,,
0P0000VOBI,1035334,JPMorgan Investment Funds - Global Income Fund D div - USD hedged,,
0P0000WB2J,1040548,JPMorgan Investment Funds - Global Income Fund A acc - USD hedged,,
0P00011IE4,1035333,JPMorgan Investment Funds - Global Income Fund C div - USD hedged,,
0P0000V47Q,1040549,JPMorgan Investment Funds - Global Income Fund A div - USD hedged,,
0P0000X5GO,1040553,JPMorgan Investment Funds - Global Income Fund C mth - USD hedged,,
0P0000WB2K,1040554,JPMorgan Investment Funds - Global Income Fund D acc - USD hedged,,
0P00011FMT,1040552,JPMorgan Investment Funds - Global Income Fund C dist - USD hedged,,
0P0000X5GN,1040555,JPMorgan Investment Funds - Global Income Fund D mth - USD hedged,,
0P0000WB2L,1040551,JPMorgan Investment Funds - Global Income Fund C acc - USD hedged,,
0P0000X071,1040550,JPMorgan Investment Funds - Global Income Fund A mth - USD hedged,,
0P00011WVU,1037469,Allianz Global Investors Fund - Allianz Income and Growth P EUR,,
0P0000X7WR,1037467,Allianz Global Investors Fund - Allianz Income and Growth AM USD,,
0P0000ZFCY,1037468,Allianz Global Investors Fund - Allianz Income and Growth IT USD,,
0P0000ZPD3,1037465,Allianz Global Investors Fund - Allianz Income and Growth A USD,,
0P0000UQW0,1034939,Allianz Global Investors Fund - Allianz Income and Growth AT USD,,
0P000019VR,1037184,AB FCP I - Global High Yield Portfolio I Inc,,
0P0000TG17,1037188,AB FCP I - Global High Yield Portfolio IQD USD Inc,,
0P0000TFV2,1037187,AB FCP I - Global High Yield Portfolio IQD EUR Inc,,
0P00000I2Z,1037186,AB FCP I - Global High Yield Portfolio I Inc,,
0P0000Z2CA,1037192,AB FCP I - Global High Yield Portfolio S1D EUR Inc,,
0P0000YRL4,1037189,AB FCP I - Global High Yield Portfolio IT USD Inc,,
0P0000J1SY,1037190,AB FCP I - Global High Yield Portfolio S1 EUR Acc,,
0P00009T76,1034836,AB FCP I - Global High Yield Portfolio I2 Acc,,
0P00006SZ7,1034837,AB FCP I - Global High Yield Portfolio I2 Acc,,
0P0000J1SX,1037191,AB FCP I - Global High Yield Portfolio S1 USD Acc,,
0P0000S1SD,1037194,AB FCP I - Global High Yield Portfolio SK USD Acc,,
0P0000W4UG,1037193,AB FCP I - Global High Yield Portfolio S1D USD Inc,,
0P00000YQH,1042606,Templeton Global Total Return Fund I acc USD,,
0P00000HPE,1042604,Templeton Global Total Return Fund A Mdis USD,,
0P00000HPA,1042601,Templeton Global Total Return Fund A acc USD,,
0P00000HPK,1042609,Templeton Global Total Return Fund N acc USD,,
0P0000RX54,1036669,Templeton Global Total Return Fund Z Mdis USD,,
0P0000UNR0,1036665,Templeton Global Total Return Fund X Ydis USD,,
0P0000YWJO,1042610,Templeton Global Total Return Fund N Mdis USD,,
