BTCUSD,1057744,Bitcoin US Dollar,Gate.io,USD
ETHUSD,1057742,Ethereum US Dollar,Gate.io,USD
ETHBTC,1057747,Ethereum Bitcoin,Gate.io,BTC
EOSUSD,1057761,EOS US Dollar,Gate.io,USD
EOSBTC,1057763,EOS Bitcoin,Gate.io,BTC
EOSETH,1057762,EOS Ethereum,Gate.io,ETH
BCHUSD,1057773,Bitcoin Cash US Dollar,Gate.io,USD
BCHBTC,1057774,Bitcoin Cash Bitcoin,Gate.io,BTC
XRPUSD,1057748,Ripple US Dollar,Gate.io,USD
XRPBTC,1057749,Ripple Bitcoin,Gate.io,BTC
LTCUSD,1057745,Litecoin US Dollar,Gate.io,USD
LTCBTC,1057746,Litecoin Bitcoin,Gate.io,BTC
TRXUSD,1057827,TRON US Dollar,Gate.io,USD
TRXETH,1057828,TRON Ethereum,Gate.io,ETH
ETCUSD,1057752,Ethereum Classic US Dollar,Gate.io,USD
ETCBTC,1057753,Ethereum Classic Bitcoin,Gate.io,BTC
ETCETH,1057754,Ethereum Classic Ethereum,Gate.io,ETH
IOTUSD,1057764,IOTA US Dollar,Gate.io,USD
IOTBTC,1057765,IOTA Bitcoin,Gate.io,BTC
ADAUSD,1057832,Cardano US Dollar,Gate.io,USD
ADABTC,1057833,Cardano Bitcoin,Gate.io,BTC
QTUMUSD,1057770,Qtum US Dollar,Gate.io,USD
QTUMETH,1057772,Qtum Ethereum,Gate.io,ETH
QTUMBTC,1057771,Qtum Bitcoin,Gate.io,BTC
ANSUSD,1057766,NEO US Dollar,Gate.io,USD
ANSBTC,1057767,NEO Bitcoin,Gate.io,BTC
DASHUSD,1057750,Dash US Dollar,Gate.io,USD
DASHBTC,1057751,Dash Bitcoin,Gate.io,BTC
VENUSD,1057843,VeChain US Dollar,Gate.io,USD
VENETH,1057844,VeChain Ethereum,Gate.io,ETH
ICXUSD,1057895,ICON US Dollar,Gate.io,USD
ICXETH,1057896,ICON Ethereum,Gate.io,ETH
ZECUSD,1057759,Zcash US Dollar,Gate.io,USD
ZECBTC,1057760,Zcash Bitcoin,Gate.io,BTC
OMGUSD,1057777,Omisego US Dollar,Gate.io,USD
OMGETH,1057779,Omisego Ethereum,Gate.io,ETH
OMGBTC,1057778,Omisego Bitcoin,Gate.io,BTC
AEUSD,1057845,Aeternity US Dollar,Gate.io,USD
AEETH,1057846,Aeternity Ethereum,Gate.io,ETH
XMRUSD,1057758,Monero US Dollar,Gate.io,USD
XMRBTC,1057757,Monero Bitcoin,Gate.io,BTC
BTGBTC,1057825,Bitcoin Gold Bitcoin,Gate.io,BTC
BTGUSD,1057826,Bitcoin Gold US Dollar,Gate.io,USD
LSKUSD,1057776,Lisk US Dollar,Gate.io,USD
LSKBTC,1057775,Lisk Bitcoin,Gate.io,BTC
