EURBOB,1616,Euro Bolivian Boliviano,Forex,BOB
USDBOB,2102,US Dollar Bolivian Boliviano,Forex,BOB
ARSBOB,10450,Argentinian Peso Bolivian Boliviano,Forex,BOB
BOBARS,10456,Bolivian Boliviano Argentinian Peso,Forex,ARS
BRLBOB,10461,Brazil Real Bolivian Boliviano,Forex,BOB
BOBBRL,10467,Bolivian Boliviano Brazil Real,Forex,BRL
CLPBOB,10472,Chilean Peso Bolivian Boliviano,Forex,BOB
BOBCLP,10477,Bolivian Boliviano Chilean Peso,Forex,CLP
PYGBOB,10481,Paraguayan Guarani Bolivian Boliviano,Forex,BOB
BOBPYG,10485,Bolivian Boliviano Paraguayan Guarani,Forex,PYG
BOBUYU,10490,Bolivian Boliviano Uruguayan Peso,Forex,UYU
COPBOB,10492,Colombian Peso Bolivian Boliviano,Forex,BOB
BOBCOP,10494,Bolivian Boliviano Colombian Peso,Forex,COP
PENBOB,10495,Peru Sol Bolivian Boliviano,Forex,BOB
BOBPEN,10496,Bolivian Boliviano Peru Sol,Forex,PEN
UYUBOB,10497,Uruguayan Peso Bolivian Boliviano,Forex,BOB
BOBMXN,10503,Bolivian Boliviano Mexican Peso,Forex,MXN
MXNBOB,10512,Mexican Peso Bolivian Boliviano,Forex,BOB
VEFBOB,10513,Venezuelan Bolivar Bolivian Boliviano,Forex,BOB
BOBVEF,10519,Bolivian Boliviano Venezuelan Bolivar,Forex,VEF
BOBUSD,11762,Bolivian Boliviano US Dollar,Forex,USD
