Hedged,1032693,PIMCO Funds: Global Investors Series plc Income Fund E Inc CHF,,
Hedged,1032692,PIMCO Funds: Global Investors Series plc Income Fund E Acc CHF,,
0P0000A2DP,1025370,CSIF CH Bond JPY Index Blue ZA,,
0P0000A2D6,1025363,CSIF CH Bond JPY Index Blue DA,,
0P0000Q7VH,1025525,UBS CH Institutional Fund - JPY Bonds Passive U-X,,
0P0000X0PC,1045374,M&G Optimal Income Fund CHF A-H Acc,,
0P0000X0PD,1045375,M&G Optimal Income Fund CHF C-H Acc,,
Hedged,1032689,PIMCO Funds: Global Investors Series plc Global Investment Grade Credit Fund Inst Acc CHF,,
Hedged,1032690,PIMCO Funds: Global Investors Series plc Global Investment Grade Credit Fund Inv Acc CHF,,
Hedged,1032688,PIMCO Funds: Global Investors Series plc Global Investment Grade Credit Fund Adm Acc CHF,,
Hedged,1032691,PIMCO Funds: Global Investors Series plc Global Investment Grade Credit Fund Inv Inc CHF,,
Hedged,1032684,PIMCO Funds: Global Investors Series plc Global Bond Fund Institutional Inc CHF,,
Hedged,1032685,PIMCO Funds: Global Investors Series plc Global Bond Fund Investor Acc CHF,,
Hedged,1032683,PIMCO Funds: Global Investors Series plc Global Bond Fund Institutional Acc CHF,,
0P0000TICN,1025576,UBS CH Institutional Fund 2 - Equities USA Passive II I-X,,
0P0000Z8JO,1040619,Jupiter Global Fund - Jupiter Dynamic Bond Class L CHF Acc HSC,,
0P0000W1LC,1040620,Jupiter Global Fund - Jupiter Dynamic Bond Class L CHF Q Inc HSC,,
0P0000ZWYO,1041993,Robeco High Yield Bonds 0IH CHF,,
0P0000VH8N,1041998,Robeco High Yield Bonds DH CHF,,
Hedged,1032682,PIMCO Funds: Global Investors Series plc Diversified Income Fund Institutional Inc CHF,,
Hedged,1032681,PIMCO Funds: Global Investors Series plc Diversified Income Fund Institutional Acc CHF,,
0P0000TCYA,1025566,CSIF CH Switzerland Bond Index AAA-BBB Blue FA,,
3900305,1011092,CSIF CH Switzerland Bond Index AAA-BBB Blue ZA,,
0P0000TCY8,1025565,CSIF CH Switzerland Bond Index AAA-BBB Blue FA,,
3894352,1011091,CSIF CH Switzerland Bond Index AAA-BBB Blue DA,,
EUR,1032675,GAM Star Fund plc - GAM Star Credit Opportunities,,
EUR,1032673,GAM Star Fund plc - GAM Star Credit Opportunities,,
EUR,1032674,GAM Star Fund plc - GAM Star Credit Opportunities,,
0P0000A2DM,1025368,Credit Suisse Institutional Fund III - World ex CH Index Pension Fund DA,,
0P0000A2EC,1025379,Credit Suisse Institutional Fund III - World ex CH Index Pension Fund ZA,,
0P0000WLOA,1025627,Credit Suisse Institutional Fund III - World ex CH Index Pension Fund QA,,
CH,1031969,CSIF,,
0P00011UKK,1025732,Credit Suisse Institutional Fund III - World ex CH Index Blue Pension Fund DA,,
0P0000ZAR5,1025696,Credit Suisse Institutional Fund III - World ex CH Index Blue Pension Fund ZA,,
0P00011UKZ,1025733,Credit Suisse Institutional Fund III - World ex CH Index Blue Pension Fund ZA,,
0P00011UKJ,1025731,Credit Suisse Institutional Fund III - World ex CH Index Blue Pension Fund DA,,
0P0000ZAR4,1025695,Credit Suisse Institutional Fund III - World ex CH Index Blue Pension Fund DA,,
0P00011UL0,1025734,Credit Suisse Institutional Fund III - World ex CH Index Blue Pension Fund ZA,,
0P0000IOZ4,1025444,UBS CH Institutional Fund 2 - Equities Global Passive II I-X,,
0P0000IOZ3,1025443,UBS CH Institutional Fund 2 - Equities Global Passive II I-B,,
0P0000SO5F,1042670,UBAM - Global High Yield Solution IH CHF Acc,,
0P0000SO5I,1042662,UBAM - Global High Yield Solution AH CHF Acc,,
0P0000YLFX,1042663,UBAM - Global High Yield Solution AH CHF Inc,,
Hdg,1032687,PIMCO Funds: Global Investors Series plc Global High Yield Bond Fund Inst Inc CHF,,
Hdg,1032686,PIMCO Funds: Global Investors Series plc Global High Yield Bond Fund Inst Acc CHF,,
0P0000VA7I,1037656,Aviva Investors - Global High Yield Bond Fund Ah CHF Acc,,
0P0000ZQ0O,1037665,Aviva Investors - Global High Yield Bond Fund Mh CHF Acc,,
0P0000V1HF,1037661,Aviva Investors - Global High Yield Bond Fund Iah CHF Inc,,
0P00012KK7,1040688,LO Funds - Convertible Bond Syst Hdg CHF SA,,
0P00012KK6,1040692,LO Funds - Convertible Bond  Syst. Hdg  CHF ND,,
0P00011IJ1,1040686,LO Funds - Convertible Bond Syst Hdg CHF MA,,
0P00012KK8,1040687,LO Funds - Convertible Bond Syst Hdg CHF MD,,
0P0000U2AS,1025583,Piguet Fund Actions Japon,,
0P00001QKP,1025264,UBS CH Investment Fund - Bonds CHF Inland Passive I-X,,
0P00001QKO,1025263,UBS CH Investment Fund - Bonds CHF Inland Passive I-B,,
0P00001PCH,1025235,UBS CH Investment Fund - Bonds CHF Inland Passive I-A1,,
0P0000UNKY,1025585,UBS CH Investment Fund - Bonds CHF Inland Passive I-A2,,
0P0000NPGG,1042723,UBS Lux Bond SICAV - Convert Global EUR CHF hedged P-acc,,
0P0000SX6F,1042721,UBS Lux Bond SICAV - Convert Global EUR CHF hedged I-A3-acc,,
0P00016JDJ,1042724,UBS Lux Bond SICAV - Convert Global EUR CHF hedged Q-acc,,
0P0000SX6I,1042722,UBS Lux Bond SICAV - Convert Global EUR CHF hedged I-X-acc,,
0P0000ITZM,1025450,UBS CH Institutional Fund - Bonds CHF Inland Passive II I-X,,
0P0000ITZI,1025449,UBS CH Institutional Fund - Bonds CHF Inland Passive II I-B,,
0P0000IWQ4,1025452,UBS CH Institutional Fund - Bonds CHF Inland Passive II I-A1,,
0P0000W9ZH,1025613,UBS CH Institutional Fund - Global Aggregate Bonds Passive II I-X,,
0P0000WB51,1025615,UBS CH Institutional Fund - Global Aggregate Bonds Passive II I-B,,
0P0000O8ZB,1025500,UBS CH Institutional Fund - Equities Emerging Markets Global Passive II U-X,,
0P0000OQ9O,1025507,UBS CH Institutional Fund - Equities Emerging Markets Global Passive II I-X,,
0P0000O8ZA,1025499,UBS CH Institutional Fund - Equities Emerging Markets Global Passive II I-B,,
0P0000WZLV,1025633,Credit Suisse Institutional Fund III - US Index Blue Pension Fund QA,,
0P0000FTEV,1025417,Credit Suisse Institutional Fund III - US Index Blue Pension Fund DA,,
0P0000A2E9,1025377,Credit Suisse Institutional Fund III - US Index Blue Pension Fund ZA,,
0P0000X0KL,1025634,Credit Suisse Institutional Fund III - US Index Blue Pension Fund QA,,
0P000019FT,1025208,Credit Suisse Institutional Fund III - US Index Blue Pension Fund DA,,
0P0000FYA4,1025418,Swisscanto CH Pension Bond Fund Domestic CHF DA,,
2128397,1011080,Swisscanto CH Pension Bond Fund Domestic CHF AST,,
0P0000A2BF,1025360,Credit Suisse Institutional Fund CSIF Bond Global Aggregate ex CHF Index ZA,,
0P0000KXPL,1025476,Credit Suisse Institutional Fund CSIF Bond Global Aggregate ex CHF Index DA,,
0P0000TH82,1025572,Credit Suisse Institutional Fund CSIF Bond Global Aggregate ex CHF Index QA,,
0P00001EYU,1042032,Robeco QI Global Dynamic Duration IEHCHF,,
0P0000X65Y,1042029,Robeco QI Global Dynamic Duration FH CHF,,
0P00016RQM,1035904,Capital Group New Perspective Fund LUX Zd,,
0P00016RPM,1035916,Capital Group New Perspective Fund LUX B,,
0P00016RQG,1035898,Capital Group New Perspective Fund LUX Z,,
0P0000HNJO,1025429,UBS CH Institutional Fund - Global Bonds Passive II CHF hedged I-X,,
0P00016RQS,1035910,Capital Group New Perspective Fund LUX Zgd,,
0P00016RPR,1035889,Capital Group New Perspective Fund LUX Bd,,
0P00017AB2,1035885,Capital Group New Perspective Fund LUX A4,,
0P00011D1A,1025725,Julius Baer Institutional BVG/LPP Flexible A1,,
0P00016RPX,1035921,Capital Group New Perspective Fund LUX Bgd,,
0P00001QJ4,1025244,Julius Baer Institutional BVG/LPP Flexible B2,,
0P00001QJ3,1025243,Julius Baer Institutional BVG/LPP Flexible B1,,
0P00001O4E,1025220,Julius Baer Institutional BVG/LPP Flexible A2,,
0P00012IB5,1038171,BlueBay Funds - BlueBay Investment Grade Bond Fund S - CHF,,
0P0000S1R0,1025542,Swisscanto CH Index Bond Fund Total Market AAA-BBB Domestic NT CHF Klasse,,
0P0000S1R1,1025543,Swisscanto CH Index Bond Fund Total Market AAA-BBB Domestic DT CHF Klasse,,
0P0000A2DL,1025367,CSIF CH US Index Blue DA,,
0P0000A2E8,1025376,CSIF CH US Index Blue ZA,,
0P0000Z6U6,1025693,CSIF CH US Index Blue QA,,
0P0000X5FY,1025637,CSIF CH US Index Blue QA,,
