EURQAR,1687,Euro Qatari Riyal,Forex,QAR
GBPQAR,1787,British Pound Qatari Riyal,Forex,QAR
QARPKR,2005,Qatari Riyal Pakistani Rupee,Forex,PKR
USDQAR,2182,US Dollar Qatari Riyal,Forex,QAR
AEDQAR,9315,UAE Dirham Qatari Riyal,Forex,QAR
ARSQAR,9368,Argentinian Peso Qatari Riyal,Forex,QAR
AUDQAR,9400,Australian Dollar Qatari Riyal,Forex,QAR
BRLQAR,9445,Brazil Real Qatari Riyal,Forex,QAR
CADQAR,9479,Canadian Dollar Qatari Riyal,Forex,QAR
CNYQAR,9528,Chinese Yuan Qatari Riyal,Forex,QAR
CHFQAR,9562,Swiss Franc Qatari Riyal,Forex,QAR
DKKQAR,9599,Danish Krone Qatari Riyal,Forex,QAR
HKDQAR,9644,Hong Kong Dollar Qatari Riyal,Forex,QAR
ILSQAR,9714,Israeli Shekel Qatari Riyal,Forex,QAR
MXNQAR,9822,Mexican Peso Qatari Riyal,Forex,QAR
NOKQAR,9874,Norwegian Krone Qatari Riyal,Forex,QAR
NZDQAR,9913,New Zealand Dollar Qatari Riyal,Forex,QAR
PLNQAR,10009,Polish Zloty Qatari Riyal,Forex,QAR
RUBQAR,10058,Russian Ruble Qatari Riyal,Forex,QAR
SARQAR,10111,Saudi Riyal Qatari Riyal,Forex,QAR
SEKQAR,10160,Swedish Krona Qatari Riyal,Forex,QAR
SGDQAR,10198,Singapore Dollar Qatari Riyal,Forex,QAR
THBQAR,10233,Thai Baht Qatari Riyal,Forex,QAR
TRYQAR,10282,Turkish Lira Qatari Riyal,Forex,QAR
TWDQAR,10332,Taiwan Dollar Qatari Riyal,Forex,QAR
VEFQAR,10388,Venezuelan Bolivar Qatari Riyal,Forex,QAR
ZARQAR,10434,South African Rand Qatari Riyal,Forex,QAR
