MMM,30029,3M DRC,Buenos Aires,ARS,http://www.investing.com/equities/3m-co-drc
ABT,1156894,Abbott Laboratories,Buenos Aires,ARS,http://www.investing.com/equities/abbott-laboratories-ar
ADGO,1156895,Adecoagro,Buenos Aires,ARS,http://www.investing.com/equities/adecoagro-sa-ar
ADBE,1156893,Adobe,Buenos Aires,ARS,http://www.investing.com/equities/adobe-inc
AMD,1156890,Advanced Micro Devices,Buenos Aires,ARS,http://www.investing.com/equities/advanced-micro-devices-inc
AGRO,13318,Agrometal,Buenos Aires,ARS,http://www.investing.com/equities/agrometal
AIG,962553,AIG,Buenos Aires,ARS,http://www.investing.com/equities/american-international-group-inc
BABA,1131135,Alibaba Cedear,Buenos Aires,ARS,http://www.investing.com/equities/alibaba-cedear
GOOGL,962559,Alphabet A,Buenos Aires,ARS,http://www.investing.com/equities/google-inc?cid=962559
ALUA,13309,Aluar,Buenos Aires,ARS,http://www.investing.com/equities/aluar
AMZN,1129359,Amazon.com,Buenos Aires,ARS,http://www.investing.com/equities/amazon.com-ba
ABEV,1156892,Ambev,Buenos Aires,ARS,http://www.investing.com/equities/ambev-sa
AMX,1156891,America Movil,Buenos Aires,ARS,http://www.investing.com/equities/america-movil-sab-ar
AXP,962555,American Express DRC,Buenos Aires,ARS,http://www.investing.com/equities/american-express-co-ba
AAPL,30128,Apple DRC,Buenos Aires,ARS,http://www.investing.com/equities/apple-inc.
ARNC,29996,Arconic CEDEAR,Buenos Aires,ARS,http://www.investing.com/equities/alcoa-inc.
ARCO,1129360,Arcos Dorados,Buenos Aires,ARS,http://www.investing.com/equities/arcos-dorados-holdings-inc?cid=1129360
DOME,962557,Artefactos Domesticos,Buenos Aires,ARS,http://www.investing.com/equities/domec-compania-de-artefactos-domest
T,29981,AT&T DRC,Buenos Aires,ARS,http://www.investing.com/equities/at-t-inc.
AUSO,13320,Autopistas del Sol,Buenos Aires,ARS,http://www.investing.com/equities/autopistas-sol
BIDU,1156897,Baidu,Buenos Aires,ARS,http://www.investing.com/equities/baidu-inc
BBV,30081,Banco Bilbao Vizcaya DRC,Buenos Aires,ARS,http://www.investing.com/equities/banco-bilbao-vizcaya-argentaria
BBD,30418,Banco Bradesco DRC,Buenos Aires,ARS,http://www.investing.com/equities/banco-bradesco
BHIP,13316,Banco Hipotecario,Buenos Aires,ARS,http://www.investing.com/equities/bco-hipotecari
BMA,13311,Banco Macro,Buenos Aires,ARS,http://www.investing.com/equities/macro
BPAT,13308,Banco Patagonia,Buenos Aires,ARS,http://www.investing.com/equities/bco-patagonia
BRIO,13362,Banco Santander Rio,Buenos Aires,ARS,http://www.investing.com/equities/b-santander-ri
BSBR,962556,Bancontander Brasil,Buenos Aires,ARS,http://www.investing.com/equities/banco-santander-brasil-sa-ba
BRIO6,962566,Bancontander Rio Pref,Buenos Aires,ARS,http://www.investing.com/equities/banco-santander-rio-sa
BAC,29979,Bank of America DRC,Buenos Aires,ARS,http://www.investing.com/equities/bank-of-america-corp
BCS,1156899,Barclays,Buenos Aires,ARS,http://www.investing.com/equities/barclays-plc-ar
GOLD,30374,Barrick Gold DRC,Buenos Aires,ARS,http://www.investing.com/equities/barrick-gold
BBAR,13310,BBVA Banco Frances,Buenos Aires,ARS,http://www.investing.com/equities/frances
BHP,30091,BHP Billiton Ltd CEDEAR,Buenos Aires,ARS,http://www.investing.com/equities/bhp-ltd
BIIB,1156898,Biogen,Buenos Aires,ARS,http://www.investing.com/equities/biogen-inc
ESME,955693,Bodegas Esmeralda,Buenos Aires,ARS,http://www.investing.com/equities/bodegas-esmeralda-sa
BOLT,13322,Boldt,Buenos Aires,ARS,http://www.investing.com/equities/boldt
BRFS,1131137,BRF,Buenos Aires,ARS,http://www.investing.com/equities/brf
BMY,30237,Bristol-Myers Squibb DRC,Buenos Aires,ARS,http://www.investing.com/equities/bristol-myers-squibb-co.
BNG,1156896,Bunge,Buenos Aires,ARS,http://www.investing.com/equities/bunge-ltd
BYMA,1010847,BYMA,Buenos Aires,ARS,http://www.investing.com/equities/bolsas-y-mercados-argentinos-sa
CVH,1037060,Cablevision,Buenos Aires,ARS,http://www.investing.com/equities/cablevision
CGPA2,13323,Camuzzi Gas Pampeana,Buenos Aires,ARS,http://www.investing.com/equities/camuzzi
CAPX,13334,Capex,Buenos Aires,ARS,http://www.investing.com/equities/capex
CAPU,13326,Caputo,Buenos Aires,ARS,http://www.investing.com/equities/caputo
CARC,13325,Carboclor,Buenos Aires,ARS,http://www.investing.com/equities/carboclor
CADO,13324,Carlos Casado,Buenos Aires,ARS,http://www.investing.com/equities/carlos-casado
CAT,29984,Caterpillar DRC,Buenos Aires,ARS,http://www.investing.com/equities/caterpillar-inc-ar
CELU,13328,Celulosa Argentina,Buenos Aires,ARS,http://www.investing.com/equities/celulosa
CX,1156900,Cemex,Buenos Aires,ARS,http://www.investing.com/equities/cemex-sab-de-cv
CEPU,13329,Central Puerto,Buenos Aires,ARS,http://www.investing.com/equities/central-puerto
CVX,29974,Chevron DRC,Buenos Aires,ARS,http://www.investing.com/equities/chevron-corp-ar
CHL,30301,China Mobile CEDEAR,Buenos Aires,ARS,http://www.investing.com/equities/china-mobile-ar
CSCO,30012,Cisco Systems DRC,Buenos Aires,ARS,http://www.investing.com/equities/cisco-systems
C,29977,Citigroup DRC,Buenos Aires,ARS,http://www.investing.com/equities/citigroup-incorporated
KO,962562,Coca-Cola DRC,Buenos Aires,ARS,http://www.investing.com/equities/coca-cola-co-ba
CL,30202,Colgate-Palmolive DRC,Buenos Aires,ARS,http://www.investing.com/equities/colgate-palmolive-company
COLO,13331,Colorin,Buenos Aires,ARS,http://www.investing.com/equities/colorin
COME,13332,Comercial del Plata,Buenos Aires,ARS,http://www.investing.com/equities/comer-del-plat
INTR,962561,Compania Introductora de BA,Buenos Aires,ARS,http://www.investing.com/equities/compania-introductora-buenos-aires
CTIO,13333,Consultatio,Buenos Aires,ARS,http://www.investing.com/equities/consultatio-s.
CS,1156902,Credit Suisse Group AG,Buenos Aires,ARS,http://www.investing.com/equities/credit-suisse-group-ag
CRES,13335,Cresud,Buenos Aires,ARS,http://www.investing.com/equities/cresud
DE,1156903,Deere & Co,Buenos Aires,ARS,http://www.investing.com/equities/deere-co-ar
DGCU2,13337,Distribuidora de Gas Cuyana,Buenos Aires,ARS,http://www.investing.com/equities/ecogas
DD,30208,DowDuPont,Buenos Aires,ARS,http://www.investing.com/equities/du-pont-de-nemours---company
DYCA,13336,Dycasa,Buenos Aires,ARS,http://www.investing.com/equities/dycasa
EDN,13313,Edenor,Buenos Aires,ARS,http://www.investing.com/equities/edenor
EDSH,1073218,Edesa,Buenos Aires,ARS,http://www.investing.com/equities/edesa
EDLH,1073217,EDESAL,Buenos Aires,ARS,http://www.investing.com/equities/edesal
EMDE,992999,Emdersa,Buenos Aires,ARS,http://www.investing.com/equities/empresa-distribuidora-electrica
CECO2,13327,Enel Generacion Costanera,Buenos Aires,ARS,http://www.investing.com/equities/central-costan
XOMN,1156932,Exxon Mobil,Buenos Aires,ARS,http://www.investing.com/equities/exxon-mobil-corp-ar
DXOM2,962558,Exxon Mobil DRC,Buenos Aires,ARS,http://www.investing.com/equities/exxon-mobil-corp
FDX,1156907,FedEx,Buenos Aires,ARS,http://www.investing.com/equities/fedex-corp-ar
FERR,13339,Ferrum,Buenos Aires,ARS,http://www.investing.com/equities/ferrum
FIPL,13340,Fiplasto SA,Buenos Aires,ARS,http://www.investing.com/equities/fiplasto
FMX,1156905,Fomento Economico Mexicano,Buenos Aires,ARS,http://www.investing.com/equities/fomento-economico-mexicano-ar
FCX,1156906,Freeport McMoRan,Buenos Aires,ARS,http://www.investing.com/equities/freeport-mcmoran-inc
GARO,13342,Garovaglio y Zorroaquin,Buenos Aires,ARS,http://www.investing.com/equities/garovaglio
GBAN,13343,Gas Natural BAN,Buenos Aires,ARS,http://www.investing.com/equities/gas-natural
OGZD,30359,Gazprom OAO DRC,Buenos Aires,ARS,http://www.investing.com/equities/gazprom-oao
OEST,13354,GCO,Buenos Aires,ARS,http://www.investing.com/equities/con-del-oeste
GE,30255,General Electric DRC,Buenos Aires,ARS,http://www.investing.com/equities/general-electric-co.
GGB,1131136,Gerdau DRC,Buenos Aires,ARS,http://www.investing.com/equities/gerdau-drc
GILD,1156908,Gilead Sciences,Buenos Aires,ARS,http://www.investing.com/equities/gilead-sciences-inc-ar
GSK,1156909,GlaxoSmithKline,Buenos Aires,ARS,http://www.investing.com/equities/glaxosmithkline-plc
GS,1156910,Goldman Sachs Group,Buenos Aires,ARS,http://www.investing.com/equities/goldman-sachs-group-inc
GRIM,13344,Grimoldi,Buenos Aires,ARS,http://www.investing.com/equities/grimoldi
GCLA,13330,Grupo clarin,Buenos Aires,ARS,http://www.investing.com/equities/grupo-clarin
GGAL,13304,Grupo Financiero Galicia,Buenos Aires,ARS,http://www.investing.com/equities/gp-fin-galicia
SUPV,978761,Grupo Supervielle,Buenos Aires,ARS,http://www.investing.com/equities/grupo-supervielle-sa
VALO,1052113,Grupo Valores,Buenos Aires,ARS,http://www.investing.com/equities/grupo-financiero-valores
HMY,1156911,Harmony Gold Mining Company,Buenos Aires,ARS,http://www.investing.com/equities/harmony-gold-mining-company-ltd
HAVA,985733,Havanna,Buenos Aires,ARS,http://www.investing.com/equities/havanna-sa
HARG,13348,Holcim,Buenos Aires,ARS,http://www.investing.com/equities/juan-minetti
HD,30223,Home Depot DRC,Buenos Aires,ARS,http://www.investing.com/equities/home-depot-inc.
HMC,962560,Honda Motor Co DRC,Buenos Aires,ARS,http://www.investing.com/equities/honda-motor-co-ltd-ba
HPQ,30276,HP DRC,Buenos Aires,ARS,http://www.investing.com/equities/hewlett-packard
IBM,30226,IBM DRC,Buenos Aires,ARS,http://www.investing.com/equities/international-business-machines
ROSE,13363,Instituto Rosenbusch,Buenos Aires,ARS,http://www.investing.com/equities/inst-rosembusc
INAG,993000,Insumos Agroquimicos,Buenos Aires,ARS,http://www.investing.com/equities/insumos-agroquimicos-sa
INTC,29987,Intel DRC,Buenos Aires,ARS,http://www.investing.com/equities/intel-ar
INVJ,19022,Inversora Juramento,Buenos Aires,ARS,http://www.investing.com/equities/inversora-juramento
IRSA,13347,IRSA,Buenos Aires,ARS,http://www.investing.com/equities/irsa
IRCP,13365,IRSA Propiedades,Buenos Aires,ARS,http://www.investing.com/equities/alto-palermo
DJNJ2,1156904,Johnson & Johnson,Buenos Aires,ARS,http://www.investing.com/equities/johnson-johnson-ar
JNJ,30246,Johnson & Johnson DRC,Buenos Aires,ARS,http://www.investing.com/equities/johnson---johnson-co
JPM,30017,JPMorgan Chase DRC,Buenos Aires,ARS,http://www.investing.com/equities/jpmorgan-chase---co.
KMB,30019,Kimberly-Clark DRC,Buenos Aires,ARS,http://www.investing.com/equities/kimberly-clark-corp.
PHG,30044,Koninklijke Philips DRC,Buenos Aires,ARS,http://www.investing.com/equities/koninklijke-philips-electronics
RICH,1057300,Laboratorios Richmond,Buenos Aires,ARS,http://www.investing.com/equities/laboratorios-richmond
LVS,1156912,Las Vegas Sands,Buenos Aires,ARS,http://www.investing.com/equities/las-vegas-sands-corp
LEDE,13349,Ledesma,Buenos Aires,ARS,http://www.investing.com/equities/ledesma
LMT,962563,Lockheed Martin DRC,Buenos Aires,ARS,http://www.investing.com/equities/lockheed-martin-corp
LOMAh,1055994,Loma Negra,Buenos Aires,ARS,http://www.investing.com/equities/loma-negra-ba?cid=1055994
LOMA,1055132,Loma Negra,Buenos Aires,ARS,http://www.investing.com/equities/loma-negra-ba
LONG,13350,Longvie,Buenos Aires,ARS,http://www.investing.com/equities/longvie
MCD,30023,McDonald DRC,Buenos Aires,ARS,http://www.investing.com/equities/mcdonald-corp
MDT,1156913,Medtronic,Buenos Aires,ARS,http://www.investing.com/equities/medtronic-plc-ar
MERA,993001,Meranol,Buenos Aires,ARS,http://www.investing.com/equities/meranol-saci
MELI,962564,MercadoLibre DRC,Buenos Aires,ARS,http://www.investing.com/equities/mercadolibre-inc
MRK,30026,Merck & Co DRC,Buenos Aires,ARS,http://www.investing.com/equities/merck---co-inc.
METR,13351,Metrogas SA,Buenos Aires,ARS,http://www.investing.com/equities/metrogas
MSFT,29991,Microsoft DRC,Buenos Aires,ARS,http://www.investing.com/equities/microsoft-corp-ar
MIRG,13315,Mirgor,Buenos Aires,ARS,http://www.investing.com/equities/mirgor
MOLI,13352,Molinos,Buenos Aires,ARS,http://www.investing.com/equities/molinos
MOLA,1024827,Molinos Agro,Buenos Aires,ARS,http://www.investing.com/equities/molinos-agro
SEMI,13366,Molinos Juan Semino,Buenos Aires,ARS,http://www.investing.com/equities/moli-juan-semi
MORI,13353,Morixe Hermanos,Buenos Aires,ARS,http://www.investing.com/equities/morixe
NGG,30179,National Grid DRC,Buenos Aires,ARS,http://www.investing.com/equities/national-grid-ar
NFLX,1156915,Netflix,Buenos Aires,ARS,http://www.investing.com/equities/netflix-inc-ar
NEM,30240,Newmont Mining DRC,Buenos Aires,ARS,http://www.investing.com/equities/newmont-mining-drc
NKE,30308,Nike DRC,Buenos Aires,ARS,http://www.investing.com/equities/nike-inc
NOKA,30087,Nokia CEDEAR,Buenos Aires,ARS,http://www.investing.com/equities/nokia
NVS,30054,Novartis DRC,Buenos Aires,ARS,http://www.investing.com/equities/novartis-drc
NVDA,1156914,NVIDIA,Buenos Aires,ARS,http://www.investing.com/equities/nvidia-corp-ar
ORCL,1156916,Oracle,Buenos Aires,ARS,http://www.investing.com/equities/oracle-corp-ar
OVOP,40419,Ovoprot Int SA,Buenos Aires,ARS,http://www.investing.com/equities/ovoprot-international-sa
PAMP,13306,Pampa Energia,Buenos Aires,ARS,http://www.investing.com/equities/pampa-energia
PYPL,1156917,PayPal Holdings,Buenos Aires,ARS,http://www.investing.com/equities/paypal-ar
PSUR,13358,PDVSur,Buenos Aires,ARS,http://www.investing.com/equities/pet.del-conosu
PEP,30289,PepsiCo DRC,Buenos Aires,ARS,http://www.investing.com/equities/pepsico-inc
APBR,13303,PETROBRAS ON,Buenos Aires,ARS,http://www.investing.com/equities/petrobras-on?cid=13303
APBRA,962554,PETROBRAS PN,Buenos Aires,ARS,http://www.investing.com/equities/petrobras-pn?cid=962554
PTR,30297,PetroChina Co DRC,Buenos Aires,ARS,http://www.investing.com/equities/petrochina-co
PBR,1156918,Petroleo Brasileiro,Buenos Aires,ARS,http://www.investing.com/equities/petroleo-brasileiro-sa-petrobras
PFE,30213,Pfizer DRC,Buenos Aires,ARS,http://www.investing.com/equities/pfizer-inc.-ar
PGR,992998,Phoenix Resources,Buenos Aires,ARS,http://www.investing.com/equities/andes-energia-plc?cid=992998
POLL,13357,Polledo,Buenos Aires,ARS,http://www.investing.com/equities/polledo
PG,30311,Procter & Gamble DRC,Buenos Aires,ARS,http://www.investing.com/equities/procter---gamble
QCOM,1156919,Qualcomm,Buenos Aires,ARS,http://www.investing.com/equities/qualcomm-inc-ar
PATY,13359,Quickfood,Buenos Aires,ARS,http://www.investing.com/equities/quickfood
RIGO,13361,Rigolleau,Buenos Aires,ARS,http://www.investing.com/equities/rigolleau
RIO,1156920,Rio Tinto,Buenos Aires,ARS,http://www.investing.com/equities/rio-tinto-plc
RDS,30040,Royal Dutch Shell A DRC,Buenos Aires,ARS,http://www.investing.com/equities/royal-dutch-shell-a-ar
PATA,13355,SAIEP,Buenos Aires,ARS,http://www.investing.com/equities/i-y-e-de-la-pa
CRM,1156901,Salesforce.Com,Buenos Aires,ARS,http://www.investing.com/equities/salesforce.com-inc
SAMI,13367,San Miguel,Buenos Aires,ARS,http://www.investing.com/equities/san-miguel
SAP,30096,SAP AG DRC,Buenos Aires,ARS,http://www.investing.com/equities/sap-ag-drc
SLB,1156921,Schlumberger NV,Buenos Aires,ARS,http://www.investing.com/equities/schlumberger-nv
SIEGY,30064,Siemens CEDEAR,Buenos Aires,ARS,http://www.investing.com/equities/siemens-a.g.
SNAP,1156922,Snap,Buenos Aires,ARS,http://www.investing.com/equities/snap-inc-ar
INDU,13346,Solvay Indupa,Buenos Aires,ARS,http://www.investing.com/equities/indupa
SNE,30229,Sony Corp DRC,Buenos Aires,ARS,http://www.investing.com/equities/sony-corp-ar
SBUX,1156923,Starbucks,Buenos Aires,ARS,http://www.investing.com/equities/starbucks-corp-ar
SYY,1156924,Sysco,Buenos Aires,ARS,http://www.investing.com/equities/sysco-corp-ar
TGT,1156925,Target,Buenos Aires,ARS,http://www.investing.com/equities/target-corp
TECO2,13307,Telecom Argentina,Buenos Aires,ARS,http://www.investing.com/equities/telecom
TEF,13370,Telefonica,Buenos Aires,ARS,http://www.investing.com/equities/telefonica?cid=13370
TEN,13302,Tenaris ADR,Buenos Aires,ARS,http://www.investing.com/equities/tenaris-sa?cid=13302
TXAR,13305,Ternium Argentina,Buenos Aires,ARS,http://www.investing.com/equities/siderar
SID,1131138,Ternium Argentina,Buenos Aires,ARS,http://www.investing.com/equities/ternium-argentina
TXR,962568,Ternium DRC,Buenos Aires,ARS,http://www.investing.com/equities/ternium-sa-ba
TGLT,962567,TGLT,Buenos Aires,ARS,http://www.investing.com/equities/tglt-sa
TOT,30075,Total CEDEAR DRC,Buenos Aires,ARS,http://www.investing.com/equities/total-cedear
TM,30284,Toyota DRC,Buenos Aires,ARS,http://www.investing.com/equities/toyota-motor
TGSU2,13372,Trans Gas Sur,Buenos Aires,ARS,http://www.investing.com/equities/tran-gas-del-s
TGNO4,13371,Trans. Gas Norte,Buenos Aires,ARS,http://www.investing.com/equities/tran-gas-norte
TRAN,13314,Transener,Buenos Aires,ARS,http://www.investing.com/equities/transener
TRIP,1156926,TripAdvisor,Buenos Aires,ARS,http://www.investing.com/equities/tripadvisor-inc
UGP,1156927,Ultrapar Participacoes,Buenos Aires,ARS,http://www.investing.com/equities/ultrapar-participacoes-sa
UN,30183,Unilever NV CEDEAR,Buenos Aires,ARS,http://www.investing.com/equities/unilever-nv-cedear
X,1156933,United States Steel,Buenos Aires,ARS,http://www.investing.com/equities/united-states-steel-ar
VALE,30353,Vale DRC,Buenos Aires,ARS,http://www.investing.com/equities/vale
VZ,30234,Verizon DRC,Buenos Aires,ARS,http://www.investing.com/equities/verizon-communications-inc.
V,1156929,Visa,Buenos Aires,ARS,http://www.investing.com/equities/visa-inc-ar
VIST,1156930,Vista Oil & Gas Argentina,Buenos Aires,ARS,http://www.investing.com/equities/vista-oil-gas-argentina-sa
VOD,1156928,Vodafone Group,Buenos Aires,ARS,http://www.investing.com/equities/vodafone-group-plc
WMT,30215,Wal Mart Stores DRC,Buenos Aires,ARS,http://www.investing.com/equities/wal-mart-stores-inc
DISN,30006,Walt Disney DRC,Buenos Aires,ARS,http://www.investing.com/equities/walt-disney-company
WFC,1156931,Wells Fargo & Co,Buenos Aires,ARS,http://www.investing.com/equities/wells-fargo-co
AUY,30259,Yamana Gold DRC,Buenos Aires,ARS,http://www.investing.com/equities/yamana-gold-drc
YPFD,13373,YPF,Buenos Aires,ARS,http://www.investing.com/equities/ypf-sociedad
