ABB,482,ABB Ltd,OMXS30,SEK
ALFA,481,Alfa Laval AB,OMXS30,SEK
ASSAb,483,ASSA ABLOY AB ser. B,OMXS30,SEK
AZN,478,AstraZeneca PLC,OMXS30,SEK
ATCOa,476,Atlas Copco AB ser. A,OMXS30,SEK
ATCOb,484,Atlas Copco AB ser. B,OMXS30,SEK
BOL,477,Boliden AB,OMXS30,SEK
ELUXb,475,Electrolux AB ser. B,OMXS30,SEK
FINGb,26097,Fingerprint Cards AB ser. B,OMXS30,SEK
GETIBs,18981,Getinge AB ser. B,OMXS30,SEK
HMb,490,Hennes & Mauritz AB H & M ser. B,OMXS30,SEK
INVEb,487,Investor AB ser. B,OMXS30,SEK
KINVBs,18993,Kinnevik Investment AB ser. B,OMXS30,SEK
ERICb,480,Telefonaktiebolaget L M Ericsson B,OMXS30,SEK
LUPE,489,Lundin Petroleum AB,OMXS30,SEK
NOKIA,488,Nokia Oyj,OMXS30,SEK
NDA,9013,Nordea Bank AB,OMXS30,SEK
SAND,486,Sandvik AB,OMXS30,SEK
SCAb,491,Svenska Cellulosa AB SCA ser. B,OMXS30,SEK
SEBa,485,Skandinaviska Enskilda Banken A,OMXS30,SEK
SECUb,492,Securitas AB ser. B,OMXS30,SEK
SKAb,495,Skanska AB ser. B,OMXS30,SEK
SKFb,500,SKF AB ser. B,OMXS30,SEK
SSABa,502,SSAB AB ser. A,OMXS30,SEK
SHBa,496,Svenska Handelsbanken ser. A,OMXS30,SEK
SWEDa,494,Swedbank AB ser A,OMXS30,SEK
SWMA,501,Swedish Match AB,OMXS30,SEK
TEL2b,498,Tele2 AB,OMXS30,SEK
TELIA,499,Telia Company AB,OMXS30,SEK
VOLVb,497,Volvo AB ser. B,OMXS30,SEK
