0P00000LLH,1033553,Comgest Growth Japan JPY Acc,,
0P000024Y8,1033576,SPARX Japan Inst,,
0P0000VCHL,1022940,BlackRock Active Selection Fund Global Aggregate ex-Japan Institutional Distributing JPY,,
0P0000VFD2,1023004,Tokio Marine Japanese Equity Focus Fund E,,
0P0000VFCY,1034425,Tokio Marine Japanese Equity Focus Fund A,,
0P0000VFCZ,1033143,Tokio Marine Japanese Equity Focus Fund B,,
0P0000VFD1,1033578,Tokio Marine Japanese Equity Focus Fund D,,
0P0000VGGD,1034426,Tokio Marine Japanese Equity Focus Fund G,,
0P0000XAMN,1034204,PIMCO Funds: Global Investors Series plc Income Fund E Acc USD,,
0P0000XMS5,1034203,PIMCO Funds: Global Investors Series plc Income Fund Adm Inc USD,,
0P0000X9O0,1034206,PIMCO Funds: Global Investors Series plc Income Fund Institutional Acc USD,,
0P0000X83M,1034205,PIMCO Funds: Global Investors Series plc Income Fund E Inc USD,,
0P0000X83N,1034207,PIMCO Funds: Global Investors Series plc Income Fund Institutional Inc USD,,
0P0000YG4T,1034208,PIMCO Funds: Global Investors Series plc Income Fund Investor Inc USD,,
Hedged,1033070,PIMCO Funds: Global Investors Series plc Income Fund Institutional Inc EUR,,
Hedged,1033066,PIMCO Funds: Global Investors Series plc Income Fund E Acc EUR,,
Hedged,1033067,PIMCO Funds: Global Investors Series plc Income Fund E Inc EUR,,
Hedged,1033068,PIMCO Funds: Global Investors Series plc Income Fund Institutional Acc EUR,,
Hedged,1033069,PIMCO Funds: Global Investors Series plc Income Fund Institutional G Inc EUR,,
0P0000Z28K,1033577,SuMi TRUST Japan Small Cap Fund Class B JPY Acc,,
0P00001239,1033574,Russell Investment Company plc - Russell Investments Japan Equity Fund A,,
0P000027ZR,1033575,Russell Investment Company plc - Russell Investments Japan Equity Fund B,,
0P000019Y4,1033132,Russell Investment Company plc - Russell Investments Japan Equity Fund E,,
0P000019Y3,1034334,Russell Investment Company plc - Russell Investments Japan Equity Fund J,,
Hedged,1033545,PIMCO Funds: Global Investors Series plc Global Bond Fund Institutional Acc ILS,,
0P0000G6AA,1033560,Lindsell Train Japanese Equity B Yen,,
0P0000G6A9,1033561,Lindsell Train Japanese Equity B Yen Inc,,
0P00000FM7,1033559,Lindsell Train Japanese Equity A Yen,,
0P0000Q37R,1033551,Barclays Multi-Manager Fund - GlobalAccess Japan Fund M JPY Accumulation,,
0P000025RM,1033552,Barclays Multi-Manager Fund - GlobalAccess Japan Fund M JPY Distribution,,
0P000014VY,1032711,AXA Rosenberg Equity Alpha Trust - AXA Rosenberg Japan Equity Alpha Fund E EUR Acc,,
0P00000SH2,1032710,AXA Rosenberg Equity Alpha Trust - AXA Rosenberg Japan Equity Alpha Fund B EUR Acc,,
0P00000RNK,1033548,AXA Rosenberg Equity Alpha Trust - AXA Rosenberg Japan Equity Alpha Fund A JPY Acc,,
0P00000C24,1033549,AXA Rosenberg Equity Alpha Trust - AXA Rosenberg Japan Equity Alpha Fund B JPY Acc,,
0P0000Y0JS,1033554,Coupland Cardiff Japan Income & Growth Fund JPY Founder Acc,,
0P0000J4CL,1034189,PIMCO Funds: Global Investors Series plc Global Investment Grade Credit Fund E Acc USD,,
0P0000HOIQ,1034190,PIMCO Funds: Global Investors Series plc Global Investment Grade Credit Fund H Inst Acc USD,,
0P0000J4CO,1034187,PIMCO Funds: Global Investors Series plc Global Investment Grade Credit Fund Adm Acc USD,,
0P0000F8J8,1034191,PIMCO Funds: Global Investors Series plc Global Investment Grade Credit Fund Inst Acc USD,,
0P0000J4CN,1034188,PIMCO Funds: Global Investors Series plc Global Investment Grade Credit Fund Adm Inc USD,,
0P00005XMV,1034194,PIMCO Funds: Global Investors Series plc Global Investment Grade Credit Fund Inv Acc USD,,
0P0000XN7W,1034196,PIMCO Funds: Global Investors Series plc Global Investment Grade Credit Fund R Acc USD,,
Ccy Exp,1034192,PIMCO Funds: Global Investors Series plc Global Investment Grade Credit Fund Inst Acc USD,,
0P0000J4CG,1034195,PIMCO Funds: Global Investors Series plc Global Investment Grade Credit Fund Inv Inc USD,,
0P0000XN80,1034197,PIMCO Funds: Global Investors Series plc Global Investment Grade Credit Fund R Inc USD,,
0P00000WBD,1034193,PIMCO Funds: Global Investors Series plc Global Investment Grade Credit Fund Inst Inc USD,,
0P0000K8ZI,1023007,Yuki Japan Rebounding Growth Fd JPY Inc,,
0P00006PA7,1033546,AXA Rosenberg Equity Alpha Trust - AXA Rosenberg Japan Enhanced Index Equity Alpha Fund A JPY Acc,,
0P0000J4BT,1033547,AXA Rosenberg Equity Alpha Trust - AXA Rosenberg Japan Enhanced Index Equity Alpha Fund B JPY Acc,,
Hedged,1033054,PIMCO Funds: Global Investors Series plc Global Investment Grade Credit Fund E Inc EUR,,
Hedged,1033053,PIMCO Funds: Global Investors Series plc Global Investment Grade Credit Fund E Acc EUR,,
Hedged,1033051,PIMCO Funds: Global Investors Series plc Global Investment Grade Credit Fund Adm Acc EUR,,
Ccy Exp,1033055,PIMCO Funds: Global Investors Series plc Global Investment Grade Credit Fund Inst Acc EUR,,
Hedged,1033052,PIMCO Funds: Global Investors Series plc Global Investment Grade Credit Fund Adm Inc EUR,,
Hedged,1033058,PIMCO Funds: Global Investors Series plc Global Investment Grade Credit Fund Inv Acc EUR,,
Hedged,1033060,PIMCO Funds: Global Investors Series plc Global Investment Grade Credit Fund R Inc EUR,,
Hedged,1033056,PIMCO Funds: Global Investors Series plc Global Investment Grade Credit Fund Inst Acc EUR,,
Hedged,1033059,PIMCO Funds: Global Investors Series plc Global Investment Grade Credit Fund Inv Inc EUR,,
Hedged,1033057,PIMCO Funds: Global Investors Series plc Global Investment Grade Credit Fund Inst Inc EUR,,
0P0000SWHI,1032749,BlackRock Index Selection Fund Developed World Index Sub Fund Institutional Acc EUR,,
0P0000SPWP,1032748,BlackRock Index Selection Fund Developed World Index Sub Fund EUR Flex Acc,,
0P0000SWHJ,1032750,BlackRock Index Selection Fund Developed World Index Sub Fund Institutional Inc EUR,,
0P0000X3W5,1033671,BlackRock Index Selection Fund Developed World Index Sub Fund USD Institutional Acc,,
0P0000SWHK,1033669,BlackRock Index Selection Fund Developed World Index Sub Fund Flexible Acc USD,,
0P0000X73E,1033670,BlackRock Index Selection Fund Developed World Index Sub Fund Institutional Distributing,,
0P00000O8I,1033747,Findlay Park American USD,,
0P00011HBM,1033160,Vanguard Global Stock Index Institutional Plus EUR Accumulation,,
0P00000RQC,1033161,Vanguard Global Stock Index Inv EUR,,
0P00000WLG,1033159,Vanguard Global Stock Index Ins EUR,,
0P00000RQB,1034448,Vanguard Global Stock Index Inv USD,,
0P00011OE3,1034447,Vanguard Global Stock Index Institutional Plus USD Accumulation,,
0P00000RQD,1034446,Vanguard Global Stock Index Ins USD,,
0P00001NLV,1034165,PIMCO Funds: Global Investors Series plc Global Bond Fund E Inc USD,,
Currency Exposure,1034166,PIMCO Funds: Global Investors Series plc Global Bond Fund E Inc USD,,
Currency Exposure,1034164,PIMCO Funds: Global Investors Series plc Global Bond Fund E Acc USD,,
0P000013D8,1034162,PIMCO Funds: Global Investors Series plc Global Bond Fund Administrative Acc USD,,
0P000010HA,1034167,PIMCO Funds: Global Investors Series plc Global Bond Fund H Institutional Acc USD,,
0P00005XLR,1034163,PIMCO Funds: Global Investors Series plc Global Bond Fund E Acc USD,,
Currency Exposure,1034171,PIMCO Funds: Global Investors Series plc Global Bond Fund Institutional Inc USD,,
Currency Exposure,1034173,PIMCO Funds: Global Investors Series plc Global Bond Fund Investor Acc USD,,
0P00000WC4,1034174,PIMCO Funds: Global Investors Series plc Global Bond Fund Investor Inc USD,,
0P0000XN3R,1034175,PIMCO Funds: Global Investors Series plc Global Bond Fund R Acc USD,,
0P00000VK8,1034168,PIMCO Funds: Global Investors Series plc Global Bond Fund Institutional Acc USD,,
0P00000UJA,1034172,PIMCO Funds: Global Investors Series plc Global Bond Fund Investor Acc USD,,
Currency Exposure,1034169,PIMCO Funds: Global Investors Series plc Global Bond Fund Institutional Acc USD,,
0P00000WC3,1034170,PIMCO Funds: Global Investors Series plc Global Bond Fund Institutional Inc USD,,
Currency Exposure,1034176,PIMCO Funds: Global Investors Series plc Global Bond Fund R Acc USD,,
0P000060MS,1057212,Vanguard Emerging Markets Stock Index Fund Investor EUR Accumulation,,
0P00012I6E,1033158,Vanguard Global Bond Index Fund Institutional Plus Euro Hedged Shares,,
0P00012I69,1033157,Vanguard Global Bond Index Fund Institutional Euro Hedged Shares,,
0P0000CV2L,1034444,Vanguard Global Bond Index Fund Institutional USD Hedged Shares,,
Hedged,1033046,PIMCO Funds: Global Investors Series plc Global Bond Fund R Acc EUR,,
Hedged,1033045,PIMCO Funds: Global Investors Series plc Global Bond Fund Investor Acc EUR,,
Hedged,1033040,PIMCO Funds: Global Investors Series plc Global Bond Fund E Acc EUR,,
Hedged,1033041,PIMCO Funds: Global Investors Series plc Global Bond Fund G Ret Inc EUR,,
Hedged,1033044,PIMCO Funds: Global Investors Series plc Global Bond Fund Institutional Inc EUR,,
Hedged,1033043,PIMCO Funds: Global Investors Series plc Global Bond Fund Institutional Acc EUR,,
Currency Exposure,1033042,PIMCO Funds: Global Investors Series plc Global Bond Fund Institutional Acc EUR,,
0P00012L7B,1060765,Legg Mason Western Asset Macro Opportunities Bond Fund Class A Euro Accumulating Hedged,,
0P00011IJ4,1060762,Legg Mason Western Asset Macro Opportunities Bond Fund Class A US$ Accumulating,,
