NAFTRAC,39099,iShares NAFTRAC,,
DLRTC15,956453,Actinver Casa de Bolsa Dlr Trac,,
MEXTRAC09,39098,MEXTRAC 09,,
SHV,48329,iShares Short Treasury Bond,,
IJR,48301,iShares Core S&P Small-Cap,,
VOO,980472,Vanguard S&P 500,,
IVV,48302,ishares S&P 500,,
SHY,48326,iShares 1-3 Year Treasury Bond,,
FLOT,980388,iShares Floating Rate Bond,,
MEXRISK,980412,iShares MSCI Mexico Risk TRAC,,
ACWI,48335,iShares MSCI ACWI,,
CORPTRC,37618,iShares Mexico Corporate Bond TRAC,,
EDZ,48308,Direxion Daily Emerging Markets Bear 3X Shares,,
MEXMTUM,980411,iShares MSCI Mexico Momentum TRAC,,
M5TRAC,39097,iShares S&P/Valmer Mexico M5TRAC,,
EDC,48307,Direxion Daily Emerging Markets Bull 3X Shares,,
EWJ,48318,iShares MSCI Japan,,
VGK,48350,Vanguard FTSE Europe,,
ANGELD10,39086,Smartshares - ANGELD,,
UUP,37648,PowerShares DB US Dollar Bullish,,
IEV,48300,iShares Europe,,
EEM,48293,iShares MSCI Emerging Markets,,
MTUM,980424,iShares Edge MSCI USA Momentum Factor,,
SPY,959578,SPDR S&P 500,,
VWO,48323,Vanguard FTSE Emerging Markets,,
EMHY,980386,iShares Emerging Markets High Yield Bond,,
BIL,980455,SPDR Barclays 1-3 Month T-Bill,,
IEMG,980382,iShares Core MSCI Emerging Markets,,
UDITRAC,39100,iShares S&P/VALMER Mexico UDITRAC,,
HYG,48346,iShares iBoxx $ High Yield Corporate Bond,,
IMCTRAC,39096,iShares IPC MidCap Total Return TRAC,,
IEI,994224,iShares 3-7 Year Treasury Bond,,
FEZ,48331,SPDR Euro Stoxx 50,,
DIABLOI10,39091,Smartshares - DIABLOI,,
MBB,994210,iShares MBS,,
XLF,48353,Financial Select Sector SPDR,,
HACK,956456,PureFunds ISE Cyber Security,,
MCHI,980402,iShares MSCI China,,
SX7EEXN,48348,iShares EURO STOXX Banks 30-15 UCITS,,
IEF,994217,iShares 7-10 Year Treasury Bond,,
QQQ,48304,PowerShares QQQ Trust Series 1,,
PFF,980441,iShares US Preferred Stock,,
SLV,48305,iShares Silver,,
FAZ,48311,Direxion Daily Financial Bear 3X Shares,,
EPP,48295,iShares MSCI Pacific ex Japan,,
FDN,980367,First Trust Dow Jones Internet,,
ICLN,994225,iShares Global Clean Energy,,
VNQ,48320,Vanguard REIT,,
DBA,37552,PowerShares DB Agriculture,,
GLD,37598,SPDR Gold Shares,,
FAS,48310,Direxion Daily Financial Bull 3X Shares,,
IYF,980436,iShares US Financials,,
HEZU,956450,iShares Currency Hedged MSCI Eurozone,,
VEU,48317,Vanguard FTSE All World ex US,,
XLK,48355,Technology Select Sector SPDR,,
EZU,48345,iShares MSCI Eurozone,,
QUAL,980425,iShares Edge MSCI USA Quality Factor,,
EWU,48344,iShares MSCI United Kingdom,,
EWA,48309,iShares MSCI Australia,,
REM,994223,iShares Mortgage Real Estate Capped,,
VGT,980470,Vanguard Information Technology,,
EWT,48294,iShares MSCI Taiwan Capped,,
EWG,48341,iShares MSCI Germany,,
DGRO,997314,iShares Core Dividend Growth,,
INDA,980407,iShares MSCI India,,
EWQ,980404,iShares MSCI France,,
VPL,48321,Vanguard FTSE Pacific,,
EWY,48298,iShares MSCI South Korea Capped,,
ILF,980397,iShares Latin America 40,,
AAXJ,48334,iShares MSCI All Country Asia ex Japan,,
CETETRC,37620,S&P/Valmer Mexico CETETRC,,
DXJ,980479,WisdomTree Japan Hedged Equity,,
EWC,48325,iShares MSCI Canada,,
EWZ,48296,iShares MSCI Brazil Capped,,
KRE,980463,SPDR S&P Regional Banking,,
EMB,980396,iShares JPMorgan USD Emerging Markets Bond,,
DBB,997335,PowerShares DB Base Metals,,
TWM,48315,ProShares UltraShort Russell2000,,
M10TRAC,37619,S&P/Valmer Mexico M10TRAC,,
CIU,980394,iShares Intermediate Credit Bond,,
FXE,980373,Guggenheim CurrencyShares Euro,,
LEMB,997318,iShares Emerging Markets Local Currency Bond,,
DBEF,997098,Deutsche X-trackers MSCI EAFE Hedged Equity,,
DDM,48306,ProShares Ultra Dow30,,
LQD,980392,iShares iBoxx $ Investment Grade Corporate Bond,,
XLI,48354,Industrial Select Sector SPDR,,
USO,980466,United States Oil,,
IWF,980428,iShares Russell 1000 Growth,,
SCZ,994221,iShares MSCI EAFE Small-Cap,,
USMV,980423,iShares Edge MSCI Minimum Volatility,,
VCR,980467,Vanguard Consumer Discretionary,,
VEA,48349,Vanguard FTSE Developed Markets,,
IVVPESO,980431,iShares S&P 500 Peso Hedged TRAC,,
THD,980421,iShares MSCI Thailand Capped,,
FXB,997313,Guggenheim CurrencyShares British Pound Sterling,,
DIA,37645,SPDR Dow Jones Industrial Average,,
IBB,980427,iShares Nasdaq Biotechnology,,
CSJ,980379,iShares 1-3 Year Credit Bond,,
IXG,997320,iShares Global Financials,,
TIP,997327,iShares TIPS Bond,,
VT,980474,Vanguard Total World Stock,,
IWM,48313,iShares Russell 2000,,
HEDJ,956451,WisdomTree Europe Hedged Equity,,
EWP,48343,iShares MSCI Spain Capped,,
DVY,48340,iShares Select Dividend,,
EWH,980406,iShares MSCI Hong Kong,,
SMARTRC14,980454,Smartshares SMARTRC 14,,
ERUS,980416,iShares MSCI Russia Capped,,
ITOT,994216,iShares Core S&P Total US Stock Market,,
XBI,980461,SPDR S&P Biotech,,
XLY,980458,Consumer Discretionary Select Sector SPDR,,
IJH,48312,iShares S&P Midcap 400,,
VWOB,987071,Vanguard Emerging Markets Government Bond,,
IWN,997324,iShares Russell 2000 Value,,
PSOTC15,956454,Actinver Casa de Bolsa Pso Trac,,
EEMV,980385,iShares Edge MSCI Minimum Volatility Emerging Markets,,
XOP,980462,SPDR S&P Oil & Gas Exploration & Production,,
FXI,48299,iShares China Large-Cap,,
EWM,980410,iShares MSCI Malaysia,,
GDX,48336,VanEck Vectors Gold Miners,,
CSPXN,994214,iShares Core S&P 500 UCITS,,
XLE,48352,Energy Select Sector SPDR,,
BND,997350,Vanguard Total Bond Market,,
UWM,980450,ProShares Ultra Russell2000,,
IWO,980429,iShares Russell 2000 Growth,,
IVE,48347,iShares S&P 500 Value,,
IYH,980437,iShares US Healthcare,,
IAU,48324,iShares Gold,,
IYW,48327,iShares US Technology,,
ILCTRAC,39095,iShares IRT LargeCap Total Return TRAC,,
IYZ,994222,iShares US Telecommunications,,
IBTSN,994211,iShares Treasury Bond 1-3 UCITS,,
VDE,987072,Vanguard Energy,,
IWRDN,994219,iShares MSCI World UCITS,,
IEO,994218,iShares US Oil & Gas Exploration & Production,,
IGF,994213,iShares Global Infrastructure,,
DFJ,980480,WisdomTree Japan SmallCap Dividend,,
QLTA,994228,iShares Aaa - A Rated Corporate Bond,,
IHI,994212,iShares US Medical Devices,,
DFE,980478,WisdomTree Europe SmallCap Dividend,,
VYM,987074,Vanguard High Dividend Yield,,
IYC,994207,iShares US Consumer Services,,
BIV,987075,Vanguard Intermediate-Term Bond,,
RING,994208,iShares MSCI Global Gold Miners,,
IEZ,994220,iShares US Oil Equipment & Services,,
EUFN,994215,iShares MSCI Europe Financials,,
JPXN,994209,Shares JPX-Nikkei 400,,
VFH,987073,Vanguard Financials,,
VOX,987077,Vanguard Telecommunication Services,,
IYJ,997330,iShares US Industrials,,
PPH,997343,VanEck Vectors Pharmaceutical,,
OIH,997342,VanEck Vectors Oil Services,,
RSXJ,997344,VanEck Vectors Russia Small-Cap,,
SLX,997345,VanEck Vectors Steel,,
VUG,997346,Vanguard Growth,,
EMLC,997341,VanEck Vectors JP Morgan EM Local Currency Bd,,
UNG,997340,United States Natural Gas,,
DBC,997336,PowerShares DB Commodity Tracking,,
PCY,997337,PowerShares Emerging Markets Sovereign Debt,,
SDY,997338,SPDR S&P Dividend,,
XME,997339,SPDR S&P Metals & Mining,,
VIS,997347,Vanguard Industrials,,
VAW,997348,Vanguard Materials,,
USAUSWN,1057367,UBS Irl plc MSCI USA UCITS A-acc,,
AUHUSAN,1057368,UBS Irl plc MSCI Australia UCITS hedged USD A-acc,,
CAHUSAN,1057369,UBS MSCI Canada UCITS USD,,
UWT,1075598,VelocityShares 3x Long Crude linked to S&P GSCI Crude Oil Excess Return,,
IMEAN,1057366,iShares MSCIope UCITS,,
IUESN,1057365,iShares S&P 500 USD Energy Sector UCITS,,
VGSH,997349,Vanguard Short-Term Government Bond,,
DEM,997351,WisdomTree Emerging Markets High Dividend,,
DGS,997352,WisdomTree Emerging Markets SmallCap Dividend,,
EPI,997353,WisdomTree India Earnings,,
CORP,997334,PIMCO Investment Grade Corporate Bond,,
STPZ,997333,PIMCO 1-5 Year US TIPS Exchange-Traded,,
FVD,997311,First Trust Value Line Dividend,,
FDL,997310,First Trust Morningstar Dividend Leaders,,
SIL,997312,Global X Silver Miners,,
EFAV,997315,iShares Edge MSCI Minimum Volatility EAFE,,
ACWV,997316,iShares Edge MSCI Minimum Volatility Global,,
FTA,997309,First Trust Large Cap Value AlphaDEX,,
FCG,997308,First Trust ISE-Revere Natural Gas,,
GLTR,997304,ETFS Physical Precious Metal Basket Shares,,
FEMS,997305,First Trust Emerging Markets Small Cap AlphaDEX,,
FXO,997306,First Trust Financial AlphaDEX,,
FXR,997307,First Trust Industrials/Producer Durables AlphaDEX,,
VLUE,997317,iShares Edge MSCI USA Value Factor,,
IYK,997329,iShares US Consumer Goods,,
AXJL,980477,WisdomTree Asia-Pacific ex-Japan,,
IAT,997331,iShares US Regional Banks,,
IDU,997332,iShares US Utilities,,
ITA,997328,iShares US Aerospace & Defense,,
IJS,997326,iShares S&P Small-Cap 600 Value,,
IXN,997321,iShares Global Tech,,
IGOV,997322,iShares International Treasury Bond,,
BKF,997323,iShares MSCI BRIC,,
GSG,997325,iShares S&P GSCI Commodity-Indexed,,
PPLT,997303,ETFS Physical Platinum Shares,,
EWD,980419,iShares MSCI Sweden Capped,,
FDD,980371,First Trust STOXX European Select Dividend,,
GXG,980372,Global X MSCI Colombia,,
RSP,980374,Guggenheim Invest S&P 500 Equal Weight,,
TAN,980375,Guggenheim Solar,,
FEX,980370,First Trust Large Cap Core AlphaDEX,,
FXH,980369,First Trust Health Care AlphaDEX,,
DBGR,980363,Deutsche X-trackers MSCI Germany Hedged Equity,,
DBJP,980364,Deutsche X-trackers MSCI Japan Hedged Equity,,
FXD,980366,First Trust Consumer Discretionary AlphaDEX,,
FEP,980368,First Trust Europe AlphaDEX,,
SHYG,980376,iShares 0-5 Year High Yield Corporate Bond,,
CLY,980377,iShares 10+ Year Credit Bond,,
RXI,980389,iShares Global Consumer Discretionary,,
IXC,980390,iShares Global Energy,,
IXJ,980391,iShares Global Healthcare,,
INDY,980393,iShares India 50,,
HEWJ,980384,iShares Currency Hedged MSCI Japan,,
AGG,980383,iShares Core US Aggregate Bond,,
TLH,980378,iShares 10-20 Year Treasury Bond,,
TLT,980380,iShares 20+ Year Treasury Bond,,
HDV,980381,iShares Core High Dividend,,
DBEU,980362,Deutsche X-trackers MSCI Europe Hedged Equity,,
HEWG,956455,iShares Currency Hedged MSCI Germany,,
QLD,48314,ProShares Ultra QQQ,,
URE,48316,ProShares Ultra Real Estate,,
EPOL,48319,iShares MSCI Poland Capped,,
RSX,48322,VanEck Vectors Russia,,
VTI,48303,Vanguard Total Stock Market,,
EFA,48297,iShares MSCI EAFE,,
BRTRAC10,39088,BRTRAC 10,,
CONSUMO10,39090,BBVA-BMV Mexico Consumo Frecuente RT TRAC,,
ENLACE10,39092,BBVA-BMV Mexico Enlace RT TRAC,,
IYY,48328,iShares Dow Jones US,,
GXC,48332,SPDR S&P China,,
VNQI,48351,Vanguard Global ex-US Real Estate,,
XLP,48356,Consumer Staples Select Sector SPDR,,
VIG,48357,Vanguard Dividend Appreciation,,
DBEM,956452,Deutsche X-trackers MSCI Emerging Markets Hedged Equity,,
EWI,48342,iShares MSCI Italy Capped,,
DOG,48339,ProShares Short Dow30,,
KBE,48333,SPDR S&P Bank,,
GDXJ,48337,VanEck Vectors Junior Gold Miners,,
BRF,48338,VanEck Vectors Brazil Small-Cap,,
IDV,980395,iShares International Select Dividend,,
ACWX,980398,iShares MSCI ACWI ex US,,
UYG,980448,ProShares Ultra Financials,,
DIG,980449,ProShares Ultra Oil & Gas,,
DXD,980451,ProShares UltraShort Dow30,,
DUG,980453,ProShares UltraShort Oil and Gas,,
PSQ,980447,ProShares Short QQQ,,
PRF,980446,PowerShares FTSE RAFI US 1000 Portfolio,,
HYS,980443,PIMCO 0-5 Year High Yield Corporate Bond,,
DBO,980444,PowerShares DB Oil,,
PBE,980445,PowerShares Dynamic Biotechnology & Genome,,
JNK,980456,SPDR Barclays High Yield Bond,,
WIP,980457,SPDR Citi International Government Inflation-Protected Bond,,
VHT,980469,Vanguard Health Care,,
VOE,980471,Vanguard Mid-Cap Value,,
VCSH,980473,Vanguard Short-Term Corporate Bond,,
VPU,980475,Vanguard Utilities,,
VDC,980468,Vanguard Consumer Staples,,
XLU,980465,Utilities Select Sector SPDR,,
XLV,980459,Health Care Select Sector SPDR,,
XLB,980460,Materials Select Sector SPDR,,
XRT,980464,SPDR S&P Retail,,
IYR,980442,iShares US Real Estate,,
IHE,980440,iShares US Pharmaceuticals,,
EWN,980413,iShares MSCI Netherlands,,
ENZL,980414,iShares MSCI New Zealand Capped,,
EPHE,980415,iShares MSCI Philippines,,
EWS,980417,iShares MSCI Singapore Capped,,
EIDO,980408,iShares MSCI Indonesia,,
FM,980405,MSCI Frontier 100,,
EPU,980399,iShares MSCI All Peru Capped,,
EWK,980400,iShares MSCI Belgium Capped,,
ECH,980401,iShares MSCI Chile Capped,,
EZA,980418,iShares MSCI South Africa,,
EWL,980420,iShares MSCI Switzerland Capped,,
IYE,980434,iShares US Energy,,
IYG,980435,iShares US Financial Services,,
IHF,980438,iShares US Healthcare Providers,,
ITB,980439,iShares US Home Construction,,
IYT,980433,iShares Transportation Average,,
IJK,980432,iShares S&P Mid-Cap 400 Growth,,
TUR,980422,iShares MSCI Turkey,,
URTH,980426,iShares MSCI World,,
OEF,980430,iShares S&P 100,,
VTV,980476,Vanguard Value,,
