ABSB,945228,Abs Banka,Bosnia,BAM,http://www.investing.com/equities/abs-banka
BHTS,945217,Bh Telecom,Bosnia,BAM,http://www.investing.com/equities/bh-telecom
BRSP,992937,Bors Invest Fond,Bosnia,BAM,http://www.investing.com/equities/zif-bors-invest-fond-ad-banja-luka
BOAT,993218,Bosna Auto,Bosnia,BAM,http://www.investing.com/equities/bosna-auto-dd-sarajevo
BSNL,945209,Bosnalijek Sa,Bosnia,BAM,http://www.investing.com/equities/bosnalijek-sa
CTRT,992938,Centrotrans Tranzit,Bosnia,BAM,http://www.investing.com/equities/centrotrans-tranzit-dd-sarajevo
CIST,945226,Cistoca ad Banja,Bosnia,BAM,http://www.investing.com/equities/cistoca-ad-ban
ELDO,945227,Elektro Doboj,Bosnia,BAM,http://www.investing.com/equities/elektro-doboj
ELBJ,945221,Elektro-Bijelj,Bosnia,BAM,http://www.investing.com/equities/elektro-bijelj
EDPL,992939,Elektrodistribucija ad Pale,Bosnia,BAM,http://www.investing.com/equities/elektrodistribucija-ad-pale
EKBL,945203,Elektrokrajina,Bosnia,BAM,http://www.investing.com/equities/elektrokrajina
JPES,945210,Elektropriv Bi,Bosnia,BAM,http://www.investing.com/equities/elektropriv-bi
JPEM,945222,Elektropriv Hz,Bosnia,BAM,http://www.investing.com/equities/elektropriv-hz
ENIS,950739,Energoinvest dd Sarajevo,Bosnia,BAM,http://www.investing.com/equities/energoinvest-dd-sarajevo
EGNS,991151,Energonova dd Sarajevo,Bosnia,BAM,http://www.investing.com/equities/energonova-dd-sarajevo
ENPS,993219,Energopetrol,Bosnia,BAM,http://www.investing.com/equities/energopetrol-dd-sarajevo
EFNF,992940,Eurofond 1 Tuzla,Bosnia,BAM,http://www.investing.com/equities/if-eurofond-1-tuzla
FDSS,945218,Fabrika Duhana,Bosnia,BAM,http://www.investing.com/equities/fabrika-duhana
FRTF,992941,Fortuna fond Bihac,Bosnia,BAM,http://www.investing.com/equities/if-fortuna-fond-bihac
ZGPS,993226,GP ZGP,Bosnia,BAM,http://www.investing.com/equities/gp-zgp-dd-sarajevo
HETR,945215,Hidroelek Na T,Bosnia,BAM,http://www.investing.com/equities/hidroelek-na-t
HEDR,945204,Hidroelektrane Na Drini,Bosnia,BAM,http://www.investing.com/equities/hidroelektrane-na-drini
HELV,950740,Hidroelektrane Vrbasu Mrkonjic,Bosnia,BAM,http://www.investing.com/equities/hidroelektrane-vrbasu-mrkonjic
HDGS,945211,Hidrogradnja D,Bosnia,BAM,http://www.investing.com/equities/hidrogradnja-d
BIGF,992704,IF BIG Investiciona grupa Sarajevo,Bosnia,BAM,http://www.investing.com/equities/if-big-investiciona-grupa-sarajevo
BSNF,992705,IF Bosfin Sarajevo,Bosnia,BAM,http://www.investing.com/equities/if-bosfin-sarajevo
PRPF,992712,IF Prof Plus Sarajevo,Bosnia,BAM,http://www.investing.com/equities/if-prof-plus-sarajevo
IKBZ,945212,Ik Banka Zenic,Bosnia,BAM,http://www.investing.com/equities/ik-banka-zenic
INGM,993221,Ingram,Bosnia,BAM,http://www.investing.com/equities/ingram-dd-srebrenik
UPIB,945213,Intesa Sanpaol,Bosnia,BAM,http://www.investing.com/equities/intesa-sanpaol
PVNF,992943,INVEST Sarajevo,Bosnia,BAM,http://www.investing.com/equities/if-prevent-invest-sarajevo
JABL,945219,Jkp Jablanica,Bosnia,BAM,http://www.investing.com/equities/jkp-jablanica
VKNK,992715,JKP Vodovod i Kanalizacija dd Konjic,Bosnia,BAM,http://www.investing.com/equities/jkp-vodovod-i-kanalizacija-dd-konji
MMTS,953760,Magros Metal dd Sarajevo,Bosnia,BAM,http://www.investing.com/equities/magros-metal-dd-sarajevo
UNFT,992944,Mann+Hummel,Bosnia,BAM,http://www.investing.com/equities/mann-hummel-ba-dd-tesanj
NPRF,992942,Naprijed Sarajevo,Bosnia,BAM,http://www.investing.com/equities/if-naprijed-sarajevo
NTRN,993222,Natron,Bosnia,BAM,http://www.investing.com/equities/natron-dd-maglaj
NOVB,945205,Nova Banka,Bosnia,BAM,http://www.investing.com/equities/nova-banka
PBJT,992710,Pobjeda dd Tesanj,Bosnia,BAM,http://www.investing.com/equities/pobjeda-dd-tesanj
PROJ,1050052,Projekt ad Banja Luka,Bosnia,BAM,http://www.investing.com/equities/projekt-ad-banja-luka
RNAF,950742,Rafinerija Nafte ad Brod,Bosnia,BAM,http://www.investing.com/equities/rafinerija-nafte-ad-brod
RFUM,953761,Rafinerija Ulja ad Modrica,Bosnia,BAM,http://www.investing.com/equities/rafinerija-ulja-ad-modrica
RITE,945207,Rite Gacko,Bosnia,BAM,http://www.investing.com/equities/rite-gacko
RTEU,945206,Rite Ugljevik,Bosnia,BAM,http://www.investing.com/equities/rite-ugljevik
RMUB,950741,RMU Banovici dd Banovici,Bosnia,BAM,http://www.investing.com/equities/rmu-banovici-dd-banovici
STVK,992713,Saniteks dd Velika Kladusa,Bosnia,BAM,http://www.investing.com/equities/saniteks-dd-velika-kladusa
SOSO,945216,Sarajevo Osig,Bosnia,BAM,http://www.investing.com/equities/sarajevo-osig
GINX,993220,Sindikat Metalaca BIH,Bosnia,BAM,http://www.investing.com/equities/sindikat-metalaca-bih-sarajevo-sind
SPKM,945229,Sipad Komerc,Bosnia,BAM,http://www.investing.com/equities/sipad-komerc
SOLT,950743,Solana dd Tuzla,Bosnia,BAM,http://www.investing.com/equities/solana-dd-tuzla
SMPJ,993223,Sumaprojekt,Bosnia,BAM,http://www.investing.com/equities/sumaprojekt-dd-sarajevo
TLKM,945208,Telekom Srpske,Bosnia,BAM,http://www.investing.com/equities/telekom-srpske
TBOR,993224,Trgovina Borac,Bosnia,BAM,http://www.investing.com/equities/trgovina-borac-dd-travnik
TCMK,945220,Tvornica Cemen,Bosnia,BAM,http://www.investing.com/equities/tvornica-cemen
UNPL,993225,Unioninvestplastika,Bosnia,BAM,http://www.investing.com/equities/unioninvestplastika-dd-sarajevo
ZERS,945223,Zeljeznice Rs,Bosnia,BAM,http://www.investing.com/equities/zeljeznice-rs
EKVP,992707,ZIF Aktiva Invest Fond,Bosnia,BAM,http://www.investing.com/equities/zif-aktiva-invest-fond
EINP,992706,Zif Euroinvestment Fond Ad Banja Luka,Bosnia,BAM,http://www.investing.com/equities/zif-euroinvestment-fond-ad-banja-lu
INVP,992708,ZIF Invest Nova Fond Ad Bijeljina,Bosnia,BAM,http://www.investing.com/equities/zif-invest-nova-fond-ad-bijeljina
KRIP,992709,ZIF Kristal Invest Fond Ad Banja Luka,Bosnia,BAM,http://www.investing.com/equities/zif-kristal-invest-fond-ad-banja-lu
PLRP,992711,ZIF Polara Invest Fond Ad Banja Luka,Bosnia,BAM,http://www.investing.com/equities/zif-polara-invest-fond-ad-banja-luk
VBIP,992714,ZIF Vb Fond Ad Banja Luka,Bosnia,BAM,http://www.investing.com/equities/zif-vb-fond-ad-banja-luka
BVRU,945224,Ztc Banja Vruc,Bosnia,BAM,http://www.investing.com/equities/ztc-banja-vruc
