BOVA11,39004,Ishares Ibovespa,,
BOVV11,998470,It Now Ibovespa Fundo De Indice,,
IVVB11,956435,Fundo de Investimento Ishares S&P 500,,
SMAL11,39013,iShares BM&FBOVESPA Small Cap,,
PIBB11,39012,It Now PIBB IBrX-50,,
XPML11,1057399,XP MALLS FDO INV IMOB FII,,
ISUS11,37518,It Now ISE,,
GOVE11,39009,It Now IGCT,,
DIVO11,39007,It Now IDIV,,
MALL11,1057398,Malls Brasil Plural Fundo De Investimento Imobiliario,,
SPXI11,956434,It Now S&P500 TRN,,
BRAX11,39005,iShares IBrX Brasil,,
MATB11,39010,It Now IMAT,,
BBSD11,976601,BB S&P Dividendos,,
FIND11,37519,It Now IFNC,,
ICO2,39008,iShares Carbono Eficiente,,
UBSR11,1057218,Fundo de Investimento Imobiliario FII UBS BR Recebiveis Imobiliarios,,
XBOV11,976602,CAIXA Ibovespa,,
BZLI11,1057217,Brazil Realty Fundo de Investimento Imobiliario FII,,
