ABRD,945998,Abrau Durso OAO,Moscow,RUB,http://www.investing.com/equities/abrau-durso-oao
AFLT,13679,Aeroflot,Moscow,RUB,http://www.investing.com/equities/aeroflot
AFKS,13678,AFK Sistema,Moscow,RUB,http://www.investing.com/equities/afk-sistema_rts
TRNF_p,13720,AK Transneft Pref,Moscow,RUB,http://www.investing.com/equities/transneft-p_rts
AVAN,962404,AKB Avangard OAO,Moscow,RUB,http://www.investing.com/equities/akb-avangard-oao
PRMB,945984,Akb Primorye OAO,Moscow,RUB,http://www.investing.com/equities/akb-primorye-oao
ROSB,21417,AKB Rosbank,Moscow,RUB,http://www.investing.com/equities/rosbank
AKRN,13680,Akron,Moscow,RUB,http://www.investing.com/equities/akron_rts
ALRS,40423,ALROSA ao,Moscow,RUB,http://www.investing.com/equities/alrosa-ao
ALNU,21261,ALROSA-Nurba ao,Moscow,RUB,http://www.investing.com/equities/alrosa-nyurba
BANE_p,21281,ANK Bashneft Pref,Moscow,RUB,http://www.investing.com/equities/bashneft-(pref)
APTK,13728,Apteki 36,Moscow,RUB,http://www.investing.com/equities/apteka-36-6_rts
ARMD,21266,ARMADA,Moscow,RUB,http://www.investing.com/equities/armada
AMEZ,21268,Ashinckyi metzavod,Moscow,RUB,http://www.investing.com/equities/ashinskiy-metallurgical-works
ASSB,21269,Astrakhanskaya energosbytovaya OAO,Moscow,RUB,http://www.investing.com/equities/astrakhan-power-sale-comp
KUZB,945994,Bank Kuznetskiy OAO,Moscow,RUB,http://www.investing.com/equities/bank-kuznetskiy-oao
USBN,21276,Bank Uralsib,Moscow,RUB,http://www.investing.com/equities/bank-uralsib
VZRZ_p,962419,Bank Vozrozhdeniye PAO,Moscow,RUB,http://www.investing.com/equities/bank-vozrozhdeniye-pao
BISV,21277,BashInformSvyaz ao,Moscow,RUB,http://www.investing.com/equities/bashinformsvyaz
BISV_p,21278,Bashinformsvyaz Pref,Moscow,RUB,http://www.investing.com/equities/bashinformsvyaz-(pref)
BANE,13681,Bashneft ANK ao,Moscow,RUB,http://www.investing.com/equities/bashneft_rts
BLNG,13735,Belon ao,Moscow,RUB,http://www.investing.com/equities/belon_rts
BELU,13733,Beluga,Moscow,RUB,http://www.investing.com/equities/synergy_rts
ALBK,945981,Best Efforts Bank,Moscow,RUB,http://www.investing.com/equities/alor-bank-oao
BSPB,13785,BSP,Moscow,RUB,http://www.investing.com/equities/bank-st-petersbr_rts
BRZL,21284,Buryatzoloto ao,Moscow,RUB,http://www.investing.com/equities/buryatzoloto
CNTL_p,21286,Centrlnyi Telegraf ap,Moscow,RUB,http://www.investing.com/equities/central-telegraph-(pref)
CLSB_p,21288,Chelyab EnergoSbyt ap,Moscow,RUB,http://www.investing.com/equities/chelyab-energosbyt-ap
CLSB,21287,Chelyabenergosbyt,Moscow,RUB,http://www.investing.com/equities/chelyabenergosbyt
CHMK,21293,Chelyabinsk Metallurg,Moscow,RUB,http://www.investing.com/equities/chmk
CHKZ,945982,Chelyabinskiy Kuznechno Presso,Moscow,RUB,http://www.investing.com/equities/chelyabinskiy-kuznechno-presso
CHGZ,21290,Chernorgorneft,Moscow,RUB,http://www.investing.com/equities/chernorgorneft
CHEP,13736,CHTPZ,Moscow,RUB,http://www.investing.com/equities/chtpz
PRFN,945989,Chzpsn-Profnastil OAO,Moscow,RUB,http://www.investing.com/equities/chzpsn-profnastil-oao
WTCM,21493,CMT,Moscow,RUB,http://www.investing.com/equities/cmt
DASB,21295,Dagestanskaya Energ,Moscow,RUB,http://www.investing.com/equities/dagestan-sb
DVEC,21297,DEC,Moscow,RUB,http://www.investing.com/equities/dec
DSKY,996169,Detskiy Mir,Moscow,RUB,http://www.investing.com/equities/detskiy-mir-pao
DIOD,945999,Diod OAO,Moscow,RUB,http://www.investing.com/equities/diod-oao
DZRD,945993,Donskoy Zavod Radiodetaley OAO,Moscow,RUB,http://www.investing.com/equities/donskoy-zavod-radiodetaley-oao
DZRD_p,962405,Donskoy Zavod Radiodetaley OAO Pref,Moscow,RUB,http://www.investing.com/equities/donskoy-zavod-radiodetaley-oao-pref
FESH,21301,DVMP ao,Moscow,RUB,http://www.investing.com/equities/dvmp-oao
LEPSI,1138395,Elektromashinostoitelnyi Lepse,Moscow,RUB,http://www.investing.com/equities/elektromashinostoitelnyi-lepse
ELTZ,21303,Elektrotsink ao,Moscow,RUB,http://www.investing.com/equities/electrozinc
ENPLDR,1055954,En+ DRC,Moscow,RUB,http://www.investing.com/equities/en-drc
ENRU,21391,Enel Russia OAO,Moscow,RUB,http://www.investing.com/equities/ogk-5
RTSB_p,21422,Energosbyt Rostovenergo Pref,Moscow,RUB,http://www.investing.com/equities/rostov-sb-(pref)
ETLNDR,1156755,Etalon Group,Moscow,RUB,http://www.investing.com/equities/etalon-group?cid=1156755
LIFE,21405,Farmsintez,Moscow,RUB,http://www.investing.com/equities/pharmsynthez
FTRE,1010696,FG Budushcheye,Moscow,RUB,http://www.investing.com/equities/fg-budushcheye-pao
FEES,13682,FSK EES,Moscow,RUB,http://www.investing.com/equities/fsk-ees_rts
HALS,21312,Gals-Development,Moscow,RUB,http://www.investing.com/equities/gals-development
GAZA,21305,Gaz ao,Moscow,RUB,http://www.investing.com/equities/gaz-auto-plant
GAZA_p,21306,Gaz PAO,Moscow,RUB,http://www.investing.com/equities/gaz-auto-plant-(pref)
RTGZ,946018,Gazprom Gazoraspredeleniye,Moscow,RUB,http://www.investing.com/equities/gazprom-gazoraspredeleniye
SIBN,13786,Gazprom Neft,Moscow,RUB,http://www.investing.com/equities/gazprom-neft_rts
GAZP,13684,Gazprom PAO,Moscow,RUB,http://www.investing.com/equities/gazprom_rts
RLMN,946015,Gk Rollman OAO,Moscow,RUB,http://www.investing.com/equities/gk-rollman-oao
RLMN_p,955900,GK Rollman OAO Pref,Moscow,RUB,http://www.investing.com/equities/gk-rollman-oao-pref
TNSE,954948,GK TNS energo PAO,Moscow,RUB,http://www.investing.com/equities/gk-tns-energo-pao
GTRK,1055940,Globaltrak,Moscow,RUB,http://www.investing.com/equities/globaltrak
GRNT,969113,Gorodskiye Innovatsionnyye Tekhnologii,Moscow,RUB,http://www.investing.com/equities/gorodskiye-innovatsionnyye-tekhnolo
GCHE,21289,Gruppa Cherkizovo,Moscow,RUB,http://www.investing.com/equities/gruppa-cherkizovo
LSRG,13688,Gruppa LSR,Moscow,RUB,http://www.investing.com/equities/lsr-group_rts
GTLC,946000,Gtl OAO,Moscow,RUB,http://www.investing.com/equities/gtl-oao
HIMC,21335,Himprom ao,Moscow,RUB,http://www.investing.com/equities/khimprom
ISKJ,21314,HSCI ao,Moscow,RUB,http://www.investing.com/equities/human-stem-cells-institute
INGR,30636,Ingrad PAO,Moscow,RUB,http://www.investing.com/equities/otkrytye-investitsii-oao
IRAO,13744,Inter rao ees,Moscow,RUB,http://www.investing.com/equities/inter-rao-ees_mm
IDVP,946029,Invest-Development PAO,Moscow,RUB,http://www.investing.com/equities/invest-development-pao
IRGZ,21325,Irkutskenergo,Moscow,RUB,http://www.investing.com/equities/irkutskenergo
IGST,21328,Izhstal,Moscow,RUB,http://www.investing.com/equities/izhstal
IGST_p,21329,Izhstal Pref,Moscow,RUB,http://www.investing.com/equities/izhstal-(pref)
KLSB,21330,Kaluzhsk Sbytovaya,Moscow,RUB,http://www.investing.com/equities/kaluga-power-sale-comp
KMAZ,21331,KAMAZ,Moscow,RUB,http://www.investing.com/equities/kamaz
KCHE,21332,Kamchatskenergo,Moscow,RUB,http://www.investing.com/equities/kamchatskenergo
KCHE_p,21333,Kamchatskenergo Pref,Moscow,RUB,http://www.investing.com/equities/kamchatskenergo-(pref)
KZOS,21334,Kazanorgsintez,Moscow,RUB,http://www.investing.com/equities/kazanorgsintez
KPMOI,1138396,Kazanskoye Motoros,Moscow,RUB,http://www.investing.com/equities/kazanskoye-motoros-proizvod
KGKC,1010697,KGK,Moscow,RUB,http://www.investing.com/equities/kurganskaya-generiruyushchaya-komp
KGKC_p,1010698,KGK Pref,Moscow,RUB,http://www.investing.com/equities/kurganskaya-generiruyushchaya-pref
HIMC_p,21336,Khimprom Pref,Moscow,RUB,http://www.investing.com/equities/khimprom-(pref)
UNKL,946023,Kombinat Yuzhuralnikel' OAO,Moscow,RUB,http://www.investing.com/equities/kombinat-yuzhuralnikel-oao
KOGK,21342,Korshunovskii GOK,Moscow,RUB,http://www.investing.com/equities/korshynov-mining-plant
KTSB,21343,Kostromsk Sbytovaya,Moscow,RUB,http://www.investing.com/equities/kostroma-retail-company
KMEZ,946003,Kovrovskiy Mekhanicheskiy,Moscow,RUB,http://www.investing.com/equities/kovrovskiy-mekhanicheskiy
KRSB_p,21347,Krashojarskenergosbyt-pref,Moscow,RUB,http://www.investing.com/equities/krasnoyarskenergosbyt-(pref)
KRSB,21346,Krasnoyarskenergosbyt,Moscow,RUB,http://www.investing.com/equities/krasnoyarskenergosbyt
KROT,21350,Krasnyi Oktyabr,Moscow,RUB,http://www.investing.com/equities/krasnyj-octyabr-co.
KROT_p,21351,KrasnyiOctabr-1-pref,Moscow,RUB,http://www.investing.com/equities/krasnyj-octyabr-co.-(pref)
KTSB_p,21344,KSB ap,Moscow,RUB,http://www.investing.com/equities/kostroma-retail-company-(pref)
KBSB,946002,Kubanenergosbyt OAO,Moscow,RUB,http://www.investing.com/equities/kubanenergosbyt-oao
KUBE,21352,KubanEnrg,Moscow,RUB,http://www.investing.com/equities/kubanenergo-oao
KAZT,21354,Kuib.Azot ao,Moscow,RUB,http://www.investing.com/equities/kuibyshevazot
KAZT_p,21355,Kuibishevazot ap,Moscow,RUB,http://www.investing.com/equities/kuibyshevazot-(pref)
KBTK,21361,Kuzbas.Topl. Kompaniya,Moscow,RUB,http://www.investing.com/equities/kuzbasskaya-toplivnaya
TGKD,21411,Kvadra,Moscow,RUB,http://www.investing.com/equities/quadra---power-generation
TGKD_p,21412,Kvadra Pref,Moscow,RUB,http://www.investing.com/equities/quadra---power-generation-(pref)
LSNG_p,21364,Lenenergo Pref,Moscow,RUB,http://www.investing.com/equities/lenenergo-(pref)
LSNG,21363,LenEnrg,Moscow,RUB,http://www.investing.com/equities/lenenergo
LNTADR,962408,Lenta Ltd,Moscow,RUB,http://www.investing.com/equities/lenta-ltd?cid=962408
LNZL_p,962409,Lenzoloto OAO Pref,Moscow,RUB,http://www.investing.com/equities/lenzoloto-oao-pref
LNZL,44466,Lenzoloto PAO,Moscow,RUB,http://www.investing.com/equities/lenzoloto-oao
LVHK,946004,Levenguk OAO,Moscow,RUB,http://www.investing.com/equities/levenguk-oao
LPSB,21365,Lipetskaya energosbytovaya,Moscow,RUB,http://www.investing.com/equities/lipetsk-power-sale-comp
LKOH,13689,Lukoil,Moscow,RUB,http://www.investing.com/equities/lukoil_rts
MAGE,21368,Magadanenergo ao,Moscow,RUB,http://www.investing.com/equities/magadanenergo
MAGE_p,21369,Magadanenergo Pref,Moscow,RUB,http://www.investing.com/equities/magadanenergo-(pref)
MGNT,13693,Magnit,Moscow,RUB,http://www.investing.com/equities/magnit_rts
MISB,21370,Marienergosbyt,Moscow,RUB,http://www.investing.com/equities/marienergosbyt
MISB_p,21371,Marienergosbyt Pref,Moscow,RUB,http://www.investing.com/equities/marienergosbyt-(pref)
MTLR_p,21373,Mechel Pref,Moscow,RUB,http://www.investing.com/equities/mechel-(pref)
MGVM,946006,Media Gruppa Voyna I Mir OAO,Moscow,RUB,http://www.investing.com/equities/media-gruppa-voyna-i-mir-oao
ODVA,21390,Mediaholding,Moscow,RUB,http://www.investing.com/equities/o2-tv
MFON,44462,MegaFon OAO,Moscow,RUB,http://www.investing.com/equities/megafon-oao
MFGS,21443,Megion,Moscow,RUB,http://www.investing.com/equities/slavneft-megionneftegaz
MGTS_p,21374,MGTS-4,Moscow,RUB,http://www.investing.com/equities/mgts-(pref)
RTKM_p,21420,MiMES Rostelekom Pref,Moscow,RUB,http://www.investing.com/equities/rostelecom-(pref)
GMKN,13683,MMC Norilsk Nickel,Moscow,RUB,http://www.investing.com/equities/gmk-noril-nickel_rts
MAGN,13690,MMK,Moscow,RUB,http://www.investing.com/equities/mmk_rts
GEMA,1152804,MMTsB,Moscow,RUB,http://www.investing.com/equities/mmtsb-pao
MRSB,945991,Mordovskaya Energosbytovaya,Moscow,RUB,http://www.investing.com/equities/mordovskaya-energosbytovaya
MORI,946007,Morion OAO,Moscow,RUB,http://www.investing.com/equities/morion-oao
MSRS,13788,Mos obl sb,Moscow,RUB,http://www.investing.com/equities/mos-obl-sb_rts
MSNG,13694,MosEnrg,Moscow,RUB,http://www.investing.com/equities/mosenergo_rts
MOEX,44464,Moskovskaya Birzha OAO,Moscow,RUB,http://www.investing.com/equities/moskovskaya-birzha-oao
MGTS,21376,Moskovskaya Telefonnaya Set,Moscow,RUB,http://www.investing.com/equities/moscow-city-telephone-network
CBOM,955694,Moskovskiy Kreditnyi Bank OAO,Moscow,RUB,http://www.investing.com/equities/moskovskiy-kreditnyi-bank-oao
MOBB,943632,Mosoblbank,Moscow,RUB,http://www.investing.com/equities/mosoblbank
MSTT,13787,Mostotrest,Moscow,RUB,http://www.investing.com/equities/mostotrest_rts
MRKC,21318,MRSK Centra,Moscow,RUB,http://www.investing.com/equities/mrsk-centra
MRKP,21317,MRSK CiP,Moscow,RUB,http://www.investing.com/equities/mrsk-cip
MRKK,21298,MRSK Severnogo Kavkaza,Moscow,RUB,http://www.investing.com/equities/mrsk-severnogo-kavkaza
MRKZ,21319,MRSK Severo-Zapada,Moscow,RUB,http://www.investing.com/equities/mrsk-severo-zapada
MRKS,21320,MRSK Sibiri,Moscow,RUB,http://www.investing.com/equities/mrsk-sibiri
MRKU,21322,MRSK Urala ao,Moscow,RUB,http://www.investing.com/equities/mrsk-urala-ao
MRKV,21323,MRSK Volgi,Moscow,RUB,http://www.investing.com/equities/mrsk-volgi
MRKY,21321,MRSK Yuga,Moscow,RUB,http://www.investing.com/equities/mrsk-yuga
MTSS,13691,MTS,Moscow,RUB,http://www.investing.com/equities/mts_rts
MSST,946008,MulTisistema OAO,Moscow,RUB,http://www.investing.com/equities/multisistema-oao
MVID,13692,MVideo,Moscow,RUB,http://www.investing.com/equities/mvideo_rts
MVZMI_p,1138397,MVZ im Milya,Moscow,RUB,http://www.investing.com/equities/mvz-im-milya
NSVZ,21381,Nauka-Svyaz OAO ao,Moscow,RUB,http://www.investing.com/equities/nauka-svyaz
NFAZ,21382,NefAZ,Moscow,RUB,http://www.investing.com/equities/nefaz
NNSB,946009,Nizhegorodskaya Sbytovaya Komp,Moscow,RUB,http://www.investing.com/equities/nizhegorodskaya-sbytovaya-komp
NKNC_p,21384,Nizhnekamskneftekhim Pref,Moscow,RUB,http://www.investing.com/equities/nizhnekamskneftekhim-(pref)
NKSH,21385,Nizhnekamskshina,Moscow,RUB,http://www.investing.com/equities/nizhnekamskshina
NKNC,21383,Niznekamskneftekhim,Moscow,RUB,http://www.investing.com/equities/nizhnekamskneftekhim
ROSN,13707,NK Rosneft,Moscow,RUB,http://www.investing.com/equities/rosneft_rts
RNFT,32553,NK RussNeft,Moscow,RUB,http://www.investing.com/equities/ruspetro
NKHP,962412,NKHP PAO,Moscow,RUB,http://www.investing.com/equities/nkhp-pao
NLMK,13695,NLMK ao,Moscow,RUB,http://www.investing.com/equities/nlmk_rts
NMTP,13696,NMTP,Moscow,RUB,http://www.investing.com/equities/nmtp_rts
NVTK,13697,NOVATEK,Moscow,RUB,http://www.investing.com/equities/novatek_rts
IRKT,21324,Np Korp Irkut,Moscow,RUB,http://www.investing.com/equities/irkut-corp
UWGN,953112,NPK OVK PAO,Moscow,RUB,http://www.investing.com/equities/npk-ovk-pao
NAUK,21380,Npo Nauka,Moscow,RUB,http://www.investing.com/equities/nauka
UCSS,945990,Obyedinennye Kreditnye Sist,Moscow,RUB,http://www.investing.com/equities/obyedinennye-kreditnye-sist
OGKB,13700,OGK-2,Moscow,RUB,http://www.investing.com/equities/ogk-2_rts
OMZZ_p,21395,OMZ Pref,Moscow,RUB,http://www.investing.com/equities/omz-(pref)
OBUV,1057204,OR PAO,Moscow,RUB,http://www.investing.com/equities/or-pao
KZOS_p,962407,Organicheskiy Sintez KPAO,Moscow,RUB,http://www.investing.com/equities/organicheskiy-sintez-kpao
PAZA,945992,Pavlovskiy Avtobus OAO,Moscow,RUB,http://www.investing.com/equities/pavlovskiy-avtobus-oao
PMSB,21401,Permskaya Energosbytovaya,Moscow,RUB,http://www.investing.com/equities/perm-sb
PMSB_p,21402,Permskaya Pref,Moscow,RUB,http://www.investing.com/equities/perm-energosbyt-pref
PHOR,21406,PhosAgro ao,Moscow,RUB,http://www.investing.com/equities/phosagro
MERF,945983,Pifn Meridian OAO,Moscow,RUB,http://www.investing.com/equities/pifn-meridian-oao
PIKK,13789,PIK,Moscow,RUB,http://www.investing.com/equities/pik_rts
PLSM,946013,Plazmek OAO,Moscow,RUB,http://www.investing.com/equities/plazmek-oao
POLY,44465,Polymetal,Moscow,RUB,http://www.investing.com/equities/polymetal?cid=44465
PLZL,13705,Polyus,Moscow,RUB,http://www.investing.com/equities/polyus-zoloto_rts
PRTK,13731,PROTEK ao,Moscow,RUB,http://www.investing.com/equities/protek_rts
QIWIDR,960754,QIWI,Moscow,RUB,http://www.investing.com/equities/qiwi-plc?cid=960754
RASP,21415,Raspadskaya,Moscow,RUB,http://www.investing.com/equities/raspadskaya
RBCM,21416,RBK ao,Moscow,RUB,http://www.investing.com/equities/rbk-tv-moskva
RKKE,21423,RKK Energia,Moscow,RUB,http://www.investing.com/equities/rsc-energia
AGRODR,962403,Ros Agro PLC,Moscow,RUB,http://www.investing.com/equities/ros-agro-plc
RDRB,962414,RosDorBank PAO,Moscow,RUB,http://www.investing.com/equities/rosdorbank-pao
RGSS,945988,Rosgosstrakh OAO,Moscow,RUB,http://www.investing.com/equities/rosgosstrakh-oao
ROST,21418,ROSINTER RESTAURANTS,Moscow,RUB,http://www.investing.com/equities/rosinter-restaurants-holding
RSTI,21316,Rosseti ao,Moscow,RUB,http://www.investing.com/equities/rosseti-ao
RSTI_p,21313,Rosseti Pref,Moscow,RUB,http://www.investing.com/equities/rosseti-ap-(pref)
RTKM,21419,Rostelecom,Moscow,RUB,http://www.investing.com/equities/rostelecom
RTSB,21421,Rostovenergosbyt,Moscow,RUB,http://www.investing.com/equities/rostov-sb
RUGR,946019,Rusgrain Holding OAO,Moscow,RUB,http://www.investing.com/equities/rusgrain-holding-oao
HYDR,13754,RusHydro JSC,Moscow,RUB,http://www.investing.com/equities/gidroogk-011d
ROLO,946017,Rusolovo OAO,Moscow,RUB,http://www.investing.com/equities/rusolovo-oao
RUSP,21424,Ruspolimet ao,Moscow,RUB,http://www.investing.com/equities/ruspolimet
RUSI,21315,RUSS-INVEST IC ao,Moscow,RUB,http://www.investing.com/equities/ic-russ-invest
AQUA,21426,Russkaya Akvakultura,Moscow,RUB,http://www.investing.com/equities/russian-sea-group
RZSB,21427,Ryazansk Energetich Sbytovaya,Moscow,RUB,http://www.investing.com/equities/ryazan-sb
SFIN,962406,Safmar Fin,Moscow,RUB,http://www.investing.com/equities/yevroplan-pao
SLEN,996051,Sakhalinenergo,Moscow,RUB,http://www.investing.com/equities/sakhalinenergo-oao
SAGO,21428,SamaraEnergo ao,Moscow,RUB,http://www.investing.com/equities/samaraenergo
SAGO_p,21429,Samaraenergo Pref,Moscow,RUB,http://www.investing.com/equities/samaraenergo(pref)
SARE,21432,Saratovenergo,Moscow,RUB,http://www.investing.com/equities/saratovenergo
SARE_p,21433,Saratovenergo Pref,Moscow,RUB,http://www.investing.com/equities/saratovenergo-(pref)
KRKN,21430,Saratovskiy NPZ ao,Moscow,RUB,http://www.investing.com/equities/saratov-oil-refenery
KRKN_p,21431,Saratovskiy NPZ ap,Moscow,RUB,http://www.investing.com/equities/saratov-oil-refenery-(pref)
SBER,13711,Sberbank Rossii,Moscow,RUB,http://www.investing.com/equities/sberbank_rts
SBER_p,13712,Sberbank Rossii Pref,Moscow,RUB,http://www.investing.com/equities/sberbank-p_rts
SELG,21436,Seligdar,Moscow,RUB,http://www.investing.com/equities/seligdar
SELG_p,962415,Seligdar PAO,Moscow,RUB,http://www.investing.com/equities/seligdar-pao
SZPR,21387,Severo-Zapadnoye Parokhod,Moscow,RUB,http://www.investing.com/equities/north-western-shipping-comp
CHMF,13713,Severstal - ao,Moscow,RUB,http://www.investing.com/equities/severstal_rts
MTLR,13709,SG mechel,Moscow,RUB,http://www.investing.com/equities/sg-mechel_rts
SIBG,958304,Sibirskiy Gostinets PAO,Moscow,RUB,http://www.investing.com/equities/sibirskiy-gostinets-pao
SNTZI,1138394,Sinarskiy Trubnyi,Moscow,RUB,http://www.investing.com/equities/sinarskiy-trubnyi
MFGS_p,21444,Slavneft Megionneft Pref,Moscow,RUB,http://www.investing.com/equities/slavneft-megionneftegaz-(pref)
JNOS_p,21442,Slavneft Yaroslavnef Pref,Moscow,RUB,http://www.investing.com/equities/slavneft-(pref)
JNOS,21441,Slavneft-JANOS,Moscow,RUB,http://www.investing.com/equities/slavneft
MGNZ,946005,Solikamskiy Magniyevyi Zavod,Moscow,RUB,http://www.investing.com/equities/solikamskiy-magniyevyi-zavod
SVAV,13714,Sollers,Moscow,RUB,http://www.investing.com/equities/sollers
STSB,21449,StavropolEnergoSbyt,Moscow,RUB,http://www.investing.com/equities/stavropolenergosbyt
STSB_p,21450,Stavropolenergosbyt Pref,Moscow,RUB,http://www.investing.com/equities/stavropolenergosbyt-(pref)
SNGS,13716,Surgut,Moscow,RUB,http://www.investing.com/equities/surgutneftegas_rts
SNGS_p,13717,Surgut-pref,Moscow,RUB,http://www.investing.com/equities/surgutneftegas-p_rts
TASB,21454,Tambovskaya Energ,Moscow,RUB,http://www.investing.com/equities/tambov-power-sale
TASB_p,21455,Tambovskaya Pref,Moscow,RUB,http://www.investing.com/equities/tambov-power-sale-(pref)
TANL,21456,Tantal,Moscow,RUB,http://www.investing.com/equities/tantal
TATN_p,13738,Tatneft Pref,Moscow,RUB,http://www.investing.com/equities/tatneft-p_rts
TATN,13718,Tatneft-3,Moscow,RUB,http://www.investing.com/equities/tatneft_rts
TTLK,21458,Tattelekom,Moscow,RUB,http://www.investing.com/equities/tattelecom
TCSGDR,1153662,TCS Group Holding PLC,Moscow,RUB,http://www.investing.com/equities/tcs-group-holding-plc?cid=1153662
TGKA,21461,TGK-1,Moscow,RUB,http://www.investing.com/equities/tgk-1
TGKN,21460,TGK-14,Moscow,RUB,http://www.investing.com/equities/tgc-14
TGKB,21463,TGK-2,Moscow,RUB,http://www.investing.com/equities/tgk-2
TGKB_p,21464,TGK-2 pref,Moscow,RUB,http://www.investing.com/equities/tgk-2-(pref)
TGKO,1010660,TKZ,Moscow,RUB,http://www.investing.com/equities/taganrogskiy-kombaynovyi-zavod-oao
KRKO,21348,TKZ Krasny Kotelshchik,Moscow,RUB,http://www.investing.com/equities/krasny-kotelshchik
KRKO_p,21349,TKZ Krasny Kotelshchik ap,Moscow,RUB,http://www.investing.com/equities/krasny-kotelshchik-(pref)
NNSB_p,962413,TNS Energo Nizhniy Novgorod PAO,Moscow,RUB,http://www.investing.com/equities/tns-energo-nizhniy-novgorod-pao
TORS_p,21470,Tomsk raspredelit. komp ap,Moscow,RUB,http://www.investing.com/equities/tomsk-distribution-(pref)
TORS,21469,Tomskaya Raspredelit,Moscow,RUB,http://www.investing.com/equities/tomsk-distribution
TRCN,21473,TransKonteiner ao,Moscow,RUB,http://www.investing.com/equities/transcontainer
TRMK,21468,Trubnaya Metallurgicheskaya,Moscow,RUB,http://www.investing.com/equities/tmk
WTCM_p,21494,Tsentr mezhdunarodnoy torgovli Pref,Moscow,RUB,http://www.investing.com/equities/cmt-(pref)
CNTL,21285,Tsentralnyi Telegraf,Moscow,RUB,http://www.investing.com/equities/central-telegraph
TUCH,946022,Tuchkovskiy Kombinat Stroiteln,Moscow,RUB,http://www.investing.com/equities/tuchkovskiy-kombinat-stroiteln
TUZA,962416,TZA OAO,Moscow,RUB,http://www.investing.com/equities/tza-oao
UNAC,21482,UAC OAO,Moscow,RUB,http://www.investing.com/equities/united-aircraft-corporation
ARSA,21267,UK Arsagera,Moscow,RUB,http://www.investing.com/equities/arsagera
UPRO,21302,Unipro,Moscow,RUB,http://www.investing.com/equities/e.on-russia
RUAL,950026,United Company Rusal,Moscow,RUB,http://www.investing.com/equities/united-company-rusal-plc`
URKA,13722,Uralkaliy,Moscow,RUB,http://www.investing.com/equities/uralkaliy_rts
URKZ,946024,Uralskaya Kuznitsa OAO,Moscow,RUB,http://www.investing.com/equities/uralskaya-kuznitsa-oao
UTAR,44467,UTair Aviakompaniya OAO,Moscow,RUB,http://www.investing.com/equities/utair-aviakompaniya-oao
UKUZ,21448,Uzhnyi Kuzbass,Moscow,RUB,http://www.investing.com/equities/south-kuzbass
VJGZ,21484,Var'eganneftegaz,Moscow,RUB,http://www.investing.com/equities/varyeganneftegaz
VJGZ_p,21485,Var'eganneftegaz ap,Moscow,RUB,http://www.investing.com/equities/varyeganneftegaz-(pref)
VSMO,13724,Verhnesald MPO,Moscow,RUB,http://www.investing.com/equities/vsmpo-avisma-crp_rts
VDSB,946025,Vladimirenergosbyt OAO,Moscow,RUB,http://www.investing.com/equities/vladimirenergosbyt-oao
VLHZ,945997,Vladimirskiy Khimicheskiy,Moscow,RUB,http://www.investing.com/equities/vladimirskiy-khimicheskiy
VGSB,21487,Volgogradenergosbyt,Moscow,RUB,http://www.investing.com/equities/volgogradenergosbyt
VGSB_p,21488,Volgogradenergosbyt Pref,Moscow,RUB,http://www.investing.com/equities/volgogradenergosbyt-(pref)
VRSB,21491,Voronezh SB,Moscow,RUB,http://www.investing.com/equities/voronezh-sb
VRSB_p,21492,Voronezhskaya Pref,Moscow,RUB,http://www.investing.com/equities/voronezh-sb-(pref)
VZRZ,13723,Vozrojdenie,Moscow,RUB,http://www.investing.com/equities/vozrozhdenie_rts
VTBR,13725,VTB,Moscow,RUB,http://www.investing.com/equities/vtb_rts
VSYD_p,962418,Vyborgskiy Sudostroitelnyi PAO,Moscow,RUB,http://www.investing.com/equities/vyborgskiy-sudostroitelnyi-pao
VSYD,958305,Vyborgskiy sudostroitelnyi zavod,Moscow,RUB,http://www.investing.com/equities/vyborgskiy-sudostroitelnyi-zavod
FIVEDR,1061926,X5 Retail Group,Moscow,RUB,http://www.investing.com/equities/x5-retail-grp?cid=1061926
YKEN,21495,YakutskEnergo,Moscow,RUB,http://www.investing.com/equities/yakutskenergo
YKEN_p,21496,YakutskEnergo ap,Moscow,RUB,http://www.investing.com/equities/yakutskenergo-(pref)
YNDX,102063,Yandex,Moscow,RUB,http://www.investing.com/equities/yandex?cid=102063
YRSB_p,21498,Yaroslavskaya Pref,Moscow,RUB,http://www.investing.com/equities/yaroslav-sbyt-pref
YRSB,21497,Yaroslavskaya Sbytovaya,Moscow,RUB,http://www.investing.com/equities/yask
YAKG,21499,Yatek,Moscow,RUB,http://www.investing.com/equities/yatek
EELT,1052432,Yevropeyskaya Elektrotekhnika,Moscow,RUB,http://www.investing.com/equities/yevropeyskaya-elektrotekhnika
ACKO,1024810,Yuzhural-Asko,Moscow,RUB,http://www.investing.com/equities/yuzhural-asko
ZILL,21262,Zavod Imeni Ia Likhacheva,Moscow,RUB,http://www.investing.com/equities/amo-zil
ZMZN_p,962420,Zavolzhskiy motornyi,Moscow,RUB,http://www.investing.com/equities/zavolzhskiy-motornyi-zavod-oao
ZVEZ,21502,Zvezda,Moscow,RUB,http://www.investing.com/equities/zvezda
