ABBN,1008653,ABB,Dusseldorf,EUR,http://www.investing.com/equities/abb-ltd?cid=1008653
ABOG,994883,ABO Invest,Dusseldorf,EUR,http://www.investing.com/equities/abo-invest-ag
ADSGn,1025064,Adidas,Dusseldorf,EUR,http://www.investing.com/equities/adidas-salomon?cid=1025064
BWQ,1057700,Advanced Blockchain,Dusseldorf,EUR,http://www.investing.com/equities/advanced-blockchain
A62,1034482,Advantag,Dusseldorf,EUR,http://www.investing.com/equities/advantag
AEE1,1034483,AEE Ahaus Enscheder,Dusseldorf,EUR,http://www.investing.com/equities/aee-ahaus-enscheder
AGEG,22832,Agfa Gevaert,Dusseldorf,EUR,http://www.investing.com/equities/agfa-gevaert?cid=22832
AIXGn,997154,Aixtron,Dusseldorf,EUR,http://www.investing.com/equities/aixtron?cid=997154
NMIG,994918,Aladdin Blockchain,Dusseldorf,EUR,http://www.investing.com/equities/ae-new-media-innovations-se
A60,21890,Allergan,Dusseldorf,EUR,http://www.investing.com/equities/actavis?cid=21890
ALVG,1025057,Allianz,Dusseldorf,EUR,http://www.investing.com/equities/allianz-ag?cid=1025057
ANOG,48493,Alno,Dusseldorf,EUR,http://www.investing.com/equities/alno-ag
AODCq,22535,AngloGold Ashanti DRC,Dusseldorf,EUR,http://www.investing.com/equities/anglo-gold-cdi?cid=22535
APQG,994886,Aquamondi,Dusseldorf,EUR,http://www.investing.com/equities/aquamondi-ag
AKE,994778,Arkema,Dusseldorf,EUR,http://www.investing.com/equities/arkema?cid=994778
ARNG,994887,Arn Georg,Dusseldorf,EUR,http://www.investing.com/equities/arn-georg-ag
AR4G,1073411,Aurelius,Dusseldorf,EUR,http://www.investing.com/equities/aurelius-ag?cid=1073411
AXAF,1052072,AXA,Dusseldorf,EUR,http://www.investing.com/equities/axa?cid=1052072
BPSI,21692,Banca Popolare Sondrio,Dusseldorf,EUR,http://www.investing.com/equities/banca-popolare-di-sondrio?cid=21692
BIRG,52449,Bank Ireland,Dusseldorf,EUR,http://www.investing.com/equities/bank-ireland?cid=52449
BAC,949025,Bank of America,Dusseldorf,EUR,http://www.investing.com/equities/bank-of-america?cid=949025
BNS,977825,Bank of Nova Scotia,Dusseldorf,EUR,http://www.investing.com/equities/scotiabank?cid=977825
BARC,959678,Barclays,Dusseldorf,EUR,http://www.investing.com/equities/barclays?cid=959678
BASFn,1025058,BASF,Dusseldorf,EUR,http://www.investing.com/equities/basf-ag?cid=1025058
BAYGn,1025061,Bayer,Dusseldorf,EUR,http://www.investing.com/equities/bayer-ag?cid=1025061
BLGGgi,994890,Bayerische Landesbank Participation,Dusseldorf,EUR,http://www.investing.com/equities/bayerische-landesbank-part?cid=994890
BTGGg,994891,Bertelsmann,Dusseldorf,EUR,http://www.investing.com/equities/bertelsmann?cid=994891
BTGGga,994892,Bertelsmann GA,Dusseldorf,EUR,http://www.investing.com/equities/bertelsmann-se---co-kgaa-ga-d
ARTG,1013797,bet at homem,Dusseldorf,EUR,http://www.investing.com/equities/bet-at-home-com-ag?cid=1013797
BILG,1025068,BHP Group,Dusseldorf,EUR,http://www.investing.com/equities/bhp-billiton?cid=1025068
ADE,1032323,Bitcoin Group,Dusseldorf,EUR,http://www.investing.com/equities/bitcoin-group-se?cid=1032323
VRL,994935,Black Pearl,Dusseldorf,EUR,http://www.investing.com/equities/black-pearl-digital?cid=994935
BNPP,1053853,BNP Paribas,Dusseldorf,EUR,http://www.investing.com/equities/bnp-paribas?cid=1053853
1114,963653,Brilliance China Automotive,Dusseldorf,EUR,http://www.investing.com/equities/brilliance-chi?cid=963653
BLND,1025069,British Land Company,Dusseldorf,EUR,http://www.investing.com/equities/british-land?cid=1025069
CISg,994894,Calvatis GmbH,Dusseldorf,EUR,http://www.investing.com/equities/calvatis-gmbh
8CA,994881,Capital One,Dusseldorf,EUR,http://www.investing.com/equities/capital-one-ag
SGSG,994927,Cash Life,Dusseldorf,EUR,http://www.investing.com/equities/cash-life-ag
CTNGk,19729,Centrotherm,Dusseldorf,EUR,http://www.investing.com/equities/centrotherm-pho?cid=19729
0941,8927,China Mobile,Dusseldorf,EUR,http://www.investing.com/equities/china-mobile?cid=8927
CDE,31113,Coeur Mining,Dusseldorf,EUR,http://www.investing.com/equities/coeur-dalene-mines-corp?cid=31113
DTSGg,994901,Commerzbank G,Dusseldorf,EUR,http://www.investing.com/equities/commerzbank-ag-g-d
DSFGgc,994900,Commerzbank GC,Dusseldorf,EUR,http://www.investing.com/equities/commerzbank-ag-gc?cid=994900
CBAX,29484,Commonwealth Bank Australia,Dusseldorf,EUR,http://www.investing.com/equities/commonwealth-bank-of-australia?cid=29484
CONG,1025065,Continental AG,Dusseldorf,EUR,http://www.investing.com/equities/continental-ag?cid=1025065
CVK,994895,ConValue,Dusseldorf,EUR,http://www.investing.com/equities/convalue-ag
CEPD,22221,CTi Biopharma,Dusseldorf,EUR,http://www.investing.com/equities/cell-therapeutics?cid=22221
CYR,1073457,Cyan,Dusseldorf,EUR,http://www.investing.com/equities/cyan-ag?cid=1073457
DAIGn,1025059,Daimler,Dusseldorf,EUR,http://www.investing.com/equities/daimler?cid=1025059
DEF,1073458,Defama Deutsche Fachmarkt,Dusseldorf,EUR,http://www.investing.com/equities/defama-deutsche-fachmarkt?cid=1073458
DHER,1055013,Delivery Hero,Dusseldorf,EUR,http://www.investing.com/equities/delivery-hero-ag?cid=1055013
DMPG,1072075,Dermapharm,Dusseldorf,EUR,http://www.investing.com/equities/dermapharm-holding-se?cid=1072075
DBKGn,1025060,Deutsche Bank AG,Dusseldorf,EUR,http://www.investing.com/equities/deutsche-bank?cid=1025060
VUAG,994936,Deutsche Biotech,Dusseldorf,EUR,http://www.investing.com/equities/deutsche-biotech-innovativ-ag
ETPGg,994903,Deutsche Etp G,Dusseldorf,EUR,http://www.investing.com/equities/deutsche-etp-gmbh---co-kg
SZ5,994930,Deutsche Geothermische,Dusseldorf,EUR,http://www.investing.com/equities/deutsche-geothermische-immobilien
DPWGn,1025063,Deutsche Post,Dusseldorf,EUR,http://www.investing.com/equities/deutsche-post?cid=1025063
DORG,994896,Dorstener Maschinenfabrik,Dusseldorf,EUR,http://www.investing.com/equities/dorstener-maschinenfabrik-ag
DRWGg,994897,Draegerwerk G,Dusseldorf,EUR,http://www.investing.com/equities/draegerwerk-ag---co-kgaa-g-d
DRWGga,994898,Draegerwerk GA,Dusseldorf,EUR,http://www.investing.com/equities/draegerwerk-ag---co-kgaa-ga?cid=994898
DRWGgb,994899,Draegerwerk GB,Dusseldorf,EUR,http://www.investing.com/equities/draegerwerk-ag---co-kgaa-gb-d
DWSG,1073459,DWS Group,Dusseldorf,EUR,http://www.investing.com/equities/dws-group-gmbh-co.-kgaa?cid=1073459
9AU,1013798,Edgesearch,Dusseldorf,EUR,http://www.investing.com/equities/edgesearch
0EK2,994878,Ekotechnika,Dusseldorf,EUR,http://www.investing.com/equities/ekotechnika?cid=994878
ELO1,10539,Eldorado Gold,Dusseldorf,EUR,http://www.investing.com/equities/eldorado-gold-corp.?cid=10539
DNQ,976849,Equinor,Dusseldorf,EUR,http://www.investing.com/equities/statoil?cid=976849
EUFI,994722,Eurofins Scientific,Dusseldorf,EUR,http://www.investing.com/equities/euro-scientific?cid=994722
PF8,994921,European Lithium,Dusseldorf,EUR,http://www.investing.com/equities/european-lithium-ltd?cid=994921
FM,21849,First Quantum Minerals,Dusseldorf,EUR,http://www.investing.com/equities/first-quantum-minerals?cid=21849
PPB,23051,Flutter Entertainment,Dusseldorf,EUR,http://www.investing.com/equities/paddy-power?cid=23051
F,29403,Ford Motor,Dusseldorf,EUR,http://www.investing.com/equities/ford-motor-co?cid=29403
OFLGg,994920,Four Gates,Dusseldorf,EUR,http://www.investing.com/equities/four-gates-ag
FEWG,1019681,Funkwerk AG,Dusseldorf,EUR,http://www.investing.com/equities/funkwerk-ag?cid=1019681
GNRG,994907,Ganaria,Dusseldorf,EUR,http://www.investing.com/equities/ganaria-ag
GWD,1081651,Godewind Immobilien,Dusseldorf,EUR,http://www.investing.com/equities/godewind-immobilien-ag?cid=1081651
0GM,994879,graceNT,Dusseldorf,EUR,http://www.investing.com/equities/gracent-ag
AMMn,994885,Grounds Real Estate,Dusseldorf,EUR,http://www.investing.com/equities/grounds-real-estate?cid=994885
BTUG,1036824,GTG Dienstleistungsgruppe,Dusseldorf,EUR,http://www.investing.com/equities/gtg-dienstleistungsgruppe?cid=1036824
G8WGg,994904,GWB fuer Geschaefts,Dusseldorf,EUR,http://www.investing.com/equities/gwb-fuer-geschaefts?cid=994904
HEIG,48564,Heidelbergcement,Dusseldorf,EUR,http://www.investing.com/equities/heidelbergcement-ag-exch?cid=48564
H2Fn,964708,Heliocentris Energy Solutions,Dusseldorf,EUR,http://www.investing.com/equities/heliocentris-energy-solutions-ag
HFGG,1056063,HelloFresh,Dusseldorf,EUR,http://www.investing.com/equities/hellofresh-se?cid=1056063
B7V,1057358,Heroes,Dusseldorf,EUR,http://www.investing.com/equities/riskdirect
T34,994932,HSBC Trinkaus Burkhardt,Dusseldorf,EUR,http://www.investing.com/equities/hsbc-trinkaus---burkhardt-ag
TUBG,1036839,HSBC Trinkaus Burkhardt,Dusseldorf,EUR,http://www.investing.com/equities/hsbc-trinkaus-burkhardt?cid=1036839
HBYG,994909,Hsbc Us Buy Out,Dusseldorf,EUR,http://www.investing.com/equities/hsbc-us-buy-out-gmbh---co-kgaa
HUM,23151,Humana,Dusseldorf,EUR,http://www.investing.com/equities/humana-inc?cid=23151
IMO1,948742,Immofinanz,Dusseldorf,EUR,http://www.investing.com/equities/immofinanz?cid=948742
IMO,967292,Imperial Oil,Dusseldorf,EUR,http://www.investing.com/equities/imperial-oil-ltd?cid=967292
INVP,8776,Investec,Dusseldorf,EUR,http://www.investing.com/equities/investec?cid=8776
LWDG,994913,Ivestos,Dusseldorf,EUR,http://www.investing.com/equities/ivestos-ag
HDJA,22461,Janus Henderson,Dusseldorf,EUR,http://www.investing.com/equities/henderson-group?cid=22461
TYIA,23322,Johnson Controls,Dusseldorf,EUR,http://www.investing.com/equities/johnson-controls?cid=23322
JSTG,1031263,JOST Werke,Dusseldorf,EUR,http://www.investing.com/equities/jost-werke-f?cid=1031263
KEY,960092,KeyCorp,Dusseldorf,EUR,http://www.investing.com/equities/keycorp-new?cid=960092
KGC,22898,Kinross Gold,Dusseldorf,EUR,http://www.investing.com/equities/kinross-gold?cid=22898
KHNZ,21997,Kraft Heinz,Dusseldorf,EUR,http://www.investing.com/equities/kraft-foods-inc?cid=21997
KSWG,1034496,KST Beteiligungs AG,Dusseldorf,EUR,http://www.investing.com/equities/kst-beteiligungs-ag?cid=1034496
LAGA,17810,Lagardere,Dusseldorf,EUR,http://www.investing.com/equities/lagardere-s.c.a.?cid=17810
LHAG,1025062,Lufthansa,Dusseldorf,EUR,http://www.investing.com/equities/dt-lufthansa?cid=1025062
MGUGg,994915,Magnum Par,Dusseldorf,EUR,http://www.investing.com/equities/magnum-ag-par
MGUGga,994916,Magnum Par A,Dusseldorf,EUR,http://www.investing.com/equities/magnum-ag-par-a
MPN,31197,Marathon Petroleum,Dusseldorf,EUR,http://www.investing.com/equities/marathon-petroleum-corp.?cid=31197
MRVL,21619,Marvell,Dusseldorf,EUR,http://www.investing.com/equities/marvell-technology-group-ltd?cid=21619
MS,22489,Mediaset,Dusseldorf,EUR,http://www.investing.com/equities/mediaset?cid=22489
2M6,22762,Medtronic,Dusseldorf,EUR,http://www.investing.com/equities/medtronic?cid=22762
MML,1024837,Medusa Mining,Dusseldorf,EUR,http://www.investing.com/equities/medusa-mining?cid=1024837
MDVG,1081652,Mendarion,Dusseldorf,EUR,http://www.investing.com/equities/mendarion
HWSAk,19835,METRIC Mobility Solutions,Dusseldorf,EUR,http://www.investing.com/equities/hoeft---wessel
B4B,1025067,Metro Wholesale,Dusseldorf,EUR,http://www.investing.com/equities/metro-wholesale-de?cid=1025067
B4B3_p,1025066,Metro Wholesale Pref,Dusseldorf,EUR,http://www.investing.com/equities/metro-wholesale-pref-de?cid=1025066
M7C,994914,Minaya Capital,Dusseldorf,EUR,http://www.investing.com/equities/minaya-capital-ag
PNDG,963283,Mowi,Dusseldorf,EUR,http://www.investing.com/equities/marine-harvest?cid=963283
MUSGn,994917,Murphy & Spitz Green Capital,Dusseldorf,EUR,http://www.investing.com/equities/murphy---spitz-green-capital-ag
MUXG,1073462,Mutares,Dusseldorf,EUR,http://www.investing.com/equities/mutares-ag?cid=1073462
M0Y,1056056,Mynaric,Dusseldorf,EUR,http://www.investing.com/equities/mynaric?cid=1056056
N4G,1031274,NAGA,Dusseldorf,EUR,http://www.investing.com/equities/the-naga-group-ag?cid=1031274
1NT,1057357,NameProtect,Dusseldorf,EUR,http://www.investing.com/equities/nameprotect
NN6G,1073463,NanoRepro,Dusseldorf,EUR,http://www.investing.com/equities/nanorepro-a?cid=1073463
NFN,1081653,NFON,Dusseldorf,EUR,http://www.investing.com/equities/nfon-ag?cid=1081653
NIIGn,1036834,Niiio Finance,Dusseldorf,EUR,http://www.investing.com/equities/niiio-finance-group-ag?cid=1036834
NUVG,1055021,Noratis,Dusseldorf,EUR,http://www.investing.com/equities/noratis-ag?cid=1055021
NWXG,965052,Nordwest Handel,Dusseldorf,EUR,http://www.investing.com/equities/nordwest-handel-ag-f?cid=965052
5NB,994880,Novetum,Dusseldorf,EUR,http://www.investing.com/equities/novetum-ag
NOVCb,22507,Novo Nordisk B,Dusseldorf,EUR,http://www.investing.com/equities/novo-nordisk?cid=22507
MSTAR,23387,Orange Belgium,Dusseldorf,EUR,http://www.investing.com/equities/mobistar?cid=23387
ORK,963285,Orkla,Dusseldorf,EUR,http://www.investing.com/equities/orkla-a?cid=963285
NSAK,994919,OTI Greentech,Dusseldorf,EUR,http://www.investing.com/equities/oti-greentech-ag
PAA,963393,Pan American Silver,Dusseldorf,EUR,http://www.investing.com/equities/pan-american-silver-corp?cid=963393
MCa,8121,Panasonic,Dusseldorf,EUR,http://www.investing.com/equities/panasonic-corp.?cid=8121
PALG,1073464,Pantaleon Entertainment,Dusseldorf,EUR,http://www.investing.com/equities/pantaleon-entertainment-ag?cid=1073464
PSON,23478,Pearson,Dusseldorf,EUR,http://www.investing.com/equities/pearson?cid=23478
PEHG,953065,PEH Wertpapier,Dusseldorf,EUR,http://www.investing.com/equities/peh-wertpapier-ag
PEP,29574,PepsiCo,Dusseldorf,EUR,http://www.investing.com/equities/pepsico?cid=29574
4I1,21639,Philip Morris,Dusseldorf,EUR,http://www.investing.com/equities/philip-morris-intl?cid=21639
PMAG,963673,PIERER Mobility AG,Dusseldorf,EUR,http://www.investing.com/equities/bf-holding-ag?cid=963673
PNW,43009,Pinnacle West,Dusseldorf,EUR,http://www.investing.com/equities/pinnacle-west?cid=43009
PLTG,994922,Plettac,Dusseldorf,EUR,http://www.investing.com/equities/plettac-ag
PM6,969105,Polymetal,Dusseldorf,EUR,http://www.investing.com/equities/polymetal?cid=969105
PUZGg,994923,Pongs & Zahn Par,Dusseldorf,EUR,http://www.investing.com/equities/pongs---zahn-ag-par-d
WDLGge,994937,Portigon,Dusseldorf,EUR,http://www.investing.com/equities/portigon?cid=994937
TNTC,942109,PostNL,Dusseldorf,EUR,http://www.investing.com/equities/postnl?cid=942109
PCZ,1013796,ProCredit Holding,Dusseldorf,EUR,http://www.investing.com/equities/procredit-holding-ag---co-kgaa?cid=1013796
LB3A,31229,Qurate Retail A,Dusseldorf,EUR,http://www.investing.com/equities/liberty-media-inter?cid=31229
T0C,1034486,RA Micro,Dusseldorf,EUR,http://www.investing.com/equities/ra-micro
RRC,31222,Range Resources,Dusseldorf,EUR,http://www.investing.com/equities/range-resources-corp?cid=31222
REL,970882,Relx,Dusseldorf,EUR,http://www.investing.com/equities/reed-elsevier?cid=970882
RLVG,994925,Rheinland Holding,Dusseldorf,EUR,http://www.investing.com/equities/rheinland-holding-ag
RMOG,994926,RM Rheiner Manage,Dusseldorf,EUR,http://www.investing.com/equities/rm-rheiner-management-ag
RY8,953066,Roy Ceramics,Dusseldorf,EUR,http://www.investing.com/equities/roy-ceramics-ag-de
RDSb,22092,Royal Dutch Shell B,Dusseldorf,EUR,http://www.investing.com/equities/royal-dutch-shell-b-shr?cid=22092
RGLD,31102,Royal Gold,Dusseldorf,EUR,http://www.investing.com/equities/royal-gold-inc.?cid=31102
SGOB,29455,Saint Gobain,Dusseldorf,EUR,http://www.investing.com/equities/saint-gobain?cid=29455
GBGGg,994905,Salvator Vermoegen Par,Dusseldorf,EUR,http://www.investing.com/equities/salvator-vermoegensverwaltungs-par
GBGGga,994906,Salvator Vermoegen Par GA,Dusseldorf,EUR,http://www.investing.com/equities/salvator-vermoegensverwaltun-par-ga
SAN,15174,Santander,Dusseldorf,EUR,http://www.investing.com/equities/banco-santander?cid=15174
SHB3,1036838,Schnigge Wertpapierhandelsbank,Dusseldorf,EUR,http://www.investing.com/equities/schnigge-wertpapierhandelsbank?cid=1036838
SSSG,994928,Schulte Schlagbaum,Dusseldorf,EUR,http://www.investing.com/equities/schulte-schlagbaum-ag
SJJG,1081654,Serviceware,Dusseldorf,EUR,http://www.investing.com/equities/serviceware-se?cid=1081654
SHSGk,964891,SHS Viveon,Dusseldorf,EUR,http://www.investing.com/equities/shs-viveon-ag
SIy,16664,Siemens ADR,Dusseldorf,EUR,http://www.investing.com/equities/siemens-ag-adr?cid=16664
SIEGn,21746,Siemens AG,Dusseldorf,EUR,http://www.investing.com/equities/siemens?cid=21746
SHLG,1073465,Siemens Healthineers,Dusseldorf,EUR,http://www.investing.com/equities/siemens-healthineers-ag?cid=1073465
XTPG,1036842,sino,Dusseldorf,EUR,http://www.investing.com/equities/sino?cid=1036842
CB7,994893,Solvesta,Dusseldorf,EUR,http://www.investing.com/equities/solvesta-ag
SNC,15179,Sonaecom,Dusseldorf,EUR,http://www.investing.com/equities/sonaecom?cid=15179
NZT,43318,Spark New Zealand,Dusseldorf,EUR,http://www.investing.com/equities/telecom-corp-of-new-zealand-ltd?cid=43318
SPBG,1034498,Spobag,Dusseldorf,EUR,http://www.investing.com/equities/spobag-ag?cid=1034498
ZSV,30316,SSR Mining,Dusseldorf,EUR,http://www.investing.com/equities/silver-standard-resources?cid=30316
SWHGg,994929,Stadtwerke Hannover Par,Dusseldorf,EUR,http://www.investing.com/equities/stadtwerke-hannover-ag-par-d
STEM,960691,Steilmann,Dusseldorf,EUR,http://www.investing.com/equities/steilmann-se
S9I,1072071,Stemmer Imaging,Dusseldorf,EUR,http://www.investing.com/equities/stemmer-imaging-ag?cid=1072071
SVAB,964930,Stockholm IT Ventures,Dusseldorf,EUR,http://www.investing.com/equities/trig-social-media-publ-ab
TEKb,30206,Teck Resources B,Dusseldorf,EUR,http://www.investing.com/equities/teck-cominco?cid=30206
TBXG,1034487,Tick Trading Software,Dusseldorf,EUR,http://www.investing.com/equities/tick-trading-software
GTK,1073413,Tonkens Agrar,Dusseldorf,EUR,http://www.investing.com/equities/tonkens-agrar-ag?cid=1073413
T2RG,994931,Trinkaus Secondary,Dusseldorf,EUR,http://www.investing.com/equities/trinkaus-secondary-zweitausendsechs
U1D,994934,Uhr.de,Dusseldorf,EUR,http://www.investing.com/equities/uhr.de?cid=994934
UBKG,1073466,Umweltbank,Dusseldorf,EUR,http://www.investing.com/equities/umweltbank?cid=1073466
VAO,1055029,Vapiano,Dusseldorf,EUR,http://www.investing.com/equities/vapiano-se?cid=1055029
VOPA,15280,Vopak,Dusseldorf,EUR,http://www.investing.com/equities/vopak?cid=15280
HCW,959989,Welltower,Dusseldorf,EUR,http://www.investing.com/equities/health-care-reit?cid=959989
1BR1,25430,WFD Unibail Rodamco,Dusseldorf,EUR,http://www.investing.com/equities/uniball?cid=25430
WKMG,1034489,WKM Terrain,Dusseldorf,EUR,http://www.investing.com/equities/wkm-terrain
YRI,22979,Yamana Gold,Dusseldorf,EUR,http://www.investing.com/equities/yamana-gold?cid=22979
YAR,963289,Yara International,Dusseldorf,EUR,http://www.investing.com/equities/yara-internat?cid=963289
