ALRR,37712,Alior Bank SA,WIG20,PLN
ACPP,9209,Asseco Poland SA,WIG20,PLN
PEO,8759,Bank Polska Kasa Opieki SA,WIG20,PLN
BZW,8733,Bank Zachodni WBK SA,WIG20,PLN
CPS,8813,Cyfrowy Polsat SA,WIG20,PLN
ENAE,13799,Enea SA,WIG20,PLN
ENGP,48634,Energa SA,WIG20,PLN
EUR,13801,Eurocash SA,WIG20,PLN
PGN,8768,Gornictwo Naftowe i Gazownictwo SA,WIG20,PLN
KGH,8777,KGHM Polska Miedz SA,WIG20,PLN
LPPP,37875,LPP SA,WIG20,PLN
LWBP,37877,Lubelski Wegiel Bogdanka SA,WIG20,PLN
MBK,8743,mBank SA,WIG20,PLN
OPL,8747,OrangePL,WIG20,PLN
PKN,8785,Polski Koncern Naftowy ORLEN SA,WIG20,PLN
PGE,13804,PGE Polska Grupa Energetyczna SA,WIG20,PLN
PKO,8737,PKO Bank Polski SA,WIG20,PLN
PZU,13805,Powszechny Zaklad Ubezpieczen SA,WIG20,PLN
SNS,13798,Synthos SA,WIG20,PLN
TPE,37978,Tauron Polska Energia SA,WIG20,PLN
