202B,1156837,2020 Bulkers Ltd,Oslo,NOK,http://www.investing.com/equities/2020-bulkers-ltd
FIVEPG,955664,5Th Planet Games,Oslo,NOK,http://www.investing.com/equities/hugo-games-as
AASB-ME,962515,Aasen Sparebank,Oslo,NOK,http://www.investing.com/equities/aasen-sparebank
ASC,40252,ABG Sundal Collier,Oslo,NOK,http://www.investing.com/equities/abg-sundal-collier-holding-asa
ADEA,1128664,Adevinta A,Oslo,NOK,http://www.investing.com/equities/adevinta-asa
ADEV,1128943,Adevinta B,Oslo,NOK,http://www.investing.com/equities/adevinta-b
ADSC-ME,1095116,ADS Crude Carriers,Oslo,NOK,http://www.investing.com/equities/ads-crude-carriers
AFGRA,49866,Af Gruppen,Oslo,NOK,http://www.investing.com/equities/af-gruppen
AKAS,8999,Akastor ASA,Oslo,NOK,http://www.investing.com/equities/aker-solutions
AKER,40248,Aker,Oslo,NOK,http://www.investing.com/equities/aker-asa
AKERBP,40260,Aker BP,Oslo,NOK,http://www.investing.com/equities/det-norske-oljeselskap
AKSOL,949736,Aker Solutions OL,Oslo,NOK,http://www.investing.com/equities/aker-solutions-ol
AKVA,49870,Akva Group,Oslo,NOK,http://www.investing.com/equities/akva-group
AMSCA,44449,American Shipping,Oslo,NOK,http://www.investing.com/equities/american-ship
CARAS,49895,Apptix,Oslo,NOK,http://www.investing.com/equities/apptix
ATBT,993642,Aqua Bio Tech,Oslo,NOK,http://www.investing.com/equities/aqua-bio-technology-asa
AQUA,949737,Aqualis,Oslo,NOK,http://www.investing.com/equities/aqualis
ARCHER,40251,Archer,Oslo,NOK,http://www.investing.com/equities/archer
ARCUS,994028,Arcus,Oslo,NOK,http://www.investing.com/equities/arcus-asa
AFK,49882,Arendals F.Kom,Oslo,NOK,http://www.investing.com/equities/arendals-f.kom
ASETEK,49850,Asetek,Oslo,NOK,http://www.investing.com/equities/asetek
ATEA,40253,Atea,Oslo,NOK,http://www.investing.com/equities/atea-asa
ATLA,50689,Atla Petroleum,Oslo,NOK,http://www.investing.com/equities/atla-petroleum
ATLU-ME,962517,Atlantic Lumpus,Oslo,NOK,http://www.investing.com/equities/atlantic-lumpus-as
ASA-ME,1155593,Atlantic Sapphire,Oslo,NOK,http://www.investing.com/equities/atlantic-sapphire-as
AURG,993643,Aurskog Sparebank,Oslo,NOK,http://www.investing.com/equities/aurskog-sparebank
AUSS,40254,Austevoll,Oslo,NOK,http://www.investing.com/equities/austevoll-seafood-asa
AVANCE,949738,Avance Gas Holding Ltd,Oslo,NOK,http://www.investing.com/equities/avance-gas-holding-ltd
AVM,49851,Avocet Mining,Oslo,NOK,http://www.investing.com/equities/avocet-mining?cid=49851
AWDR,993645,Awilco Drilling,Oslo,NOK,http://www.investing.com/equities/awilco?cid=993645
ALNG,993641,Awilco LNG,Oslo,NOK,http://www.investing.com/equities/awilco-lng-asa
AXAC,49926,Axactor,Oslo,NOK,http://www.investing.com/equities/nickel-mountai
B2H,985166,B2holding,Oslo,NOK,http://www.investing.com/equities/b2holding-asa
BALT-ME,1156836,Baltic Sea Properties,Oslo,NOK,http://www.investing.com/equities/baltic-sea-properties-as
BELS,49868,Belships,Oslo,NOK,http://www.investing.com/equities/belships
ENDUR,49914,Bergen,Oslo,NOK,http://www.investing.com/equities/bergen-group
BGBIO,1008652,Bergenbio,Oslo,NOK,http://www.investing.com/equities/bergenbio-asa
BIOTEC,49891,Biotec Pharmacon,Oslo,NOK,http://www.investing.com/equities/biotec-pharmac
BSP-ME,962518,Black Sea Property,Oslo,NOK,http://www.investing.com/equities/black-sea-property-as
BON,49873,Bonheur,Oslo,NOK,http://www.investing.com/equities/bonheur
BOR,50688,Borgestad A,Oslo,NOK,http://www.investing.com/equities/borgestad-a
BDRILL,1036848,Borr Drilling,Oslo,NOK,http://www.investing.com/equities/borr-drilling
BRGD,49922,Borregaard,Oslo,NOK,http://www.investing.com/equities/borregaard
BOUVET,49911,Bouvet,Oslo,NOK,http://www.investing.com/equities/bouvet
BRABNK-ME,1095992,Brabank,Oslo,NOK,http://www.investing.com/equities/brabank
BWEE,1156936,Bw Energy,Oslo,NOK,http://www.investing.com/equities/bw-energy-ltd
BWLPG,49841,BW LPG,Oslo,NOK,http://www.investing.com/equities/bw-lpg
BWO,49840,BW Offshore,Oslo,NOK,http://www.investing.com/equities/bw-offshore
BYGG,50686,Byggma,Oslo,NOK,http://www.investing.com/equities/byggma
COVI,49924,Contextvision,Oslo,NOK,http://www.investing.com/equities/contextvision
CRAYON,1054857,Crayon,Oslo,NOK,http://www.investing.com/equities/crayon
CXEN,986625,Cxense,Oslo,NOK,http://www.investing.com/equities/cxense-asa
DAT,49862,Data Respons,Oslo,NOK,http://www.investing.com/equities/data-respons
DNB,13140,DnB,Oslo,NOK,http://www.investing.com/equities/dnb-nor
DNO,363,DNO International,Oslo,NOK,http://www.investing.com/equities/dno
DOF,49892,Dof,Oslo,NOK,http://www.investing.com/equities/district-offsh
DDASA,368,Dolphin Drilling,Oslo,NOK,http://www.investing.com/equities/fred-olsen-energ
EAM,993647,EAM Solar,Oslo,NOK,http://www.investing.com/equities/eam-solar-asa-be?cid=993647
EIOF,49902,Eidesvik Offshore,Oslo,NOK,http://www.investing.com/equities/eidesvik-offsh
EMGS,40264,Electromagnetic Geoservices,Oslo,NOK,http://www.investing.com/equities/electromagnetic-geoservices-asa
ELK,1073021,Elkem,Oslo,NOK,http://www.investing.com/equities/elkem
EMASL,49927,Emas Offshore Construction Pte,Oslo,NOK,http://www.investing.com/equities/emas-offshore-construction-pte-ltd?cid=49927
ENTRA,942516,Entra ASA,Oslo,NOK,http://www.investing.com/equities/entra-asa
EPIC-ME,994261,Epic Gas,Oslo,NOK,http://www.investing.com/equities/epic-gas-ltd
EQNR,376,Equinor,Oslo,NOK,http://www.investing.com/equities/statoil
EPRI,954901,Europris ASA,Oslo,NOK,http://www.investing.com/equities/europris-asa
FJORD,1043087,Fjord1,Oslo,NOK,http://www.investing.com/equities/fjord1
FKRAFT,1072992,Fjordkraft,Oslo,NOK,http://www.investing.com/equities/fjordkraft
FLNG,993648,FLEX LNG,Oslo,NOK,http://www.investing.com/equities/flex-lng-ltd
FRO,370,Frontline,Oslo,NOK,http://www.investing.com/equities/frontline-ltd
FUNCOM,49857,Funcom,Oslo,NOK,http://www.investing.com/equities/funcom
GAMIG,49928,Gaming Innovation,Oslo,NOK,http://www.investing.com/equities/nio
RISH,49901,Gc Rieber Ship,Oslo,NOK,http://www.investing.com/equities/gc-rieber-ship
GENT-ME,994262,Gentian Diagnostics,Oslo,NOK,http://www.investing.com/equities/gentian-diagnostics-as
GJFS,40266,Gjensidige Forsikring,Oslo,NOK,http://www.investing.com/equities/gjensidige-forsikring-asa
GEOS-ME,1156838,Golden Energy Offshore Services,Oslo,NOK,http://www.investing.com/equities/golden-energy-offshore-services-as
GOGLT,366,Golden Ocean,Oslo,NOK,http://www.investing.com/equities/knightsbridge-tankers-ltd?cid=366
GOD,49886,Goodtech,Oslo,NOK,http://www.investing.com/equities/goodtech
GSFO,49912,Grieg Seafood,Oslo,NOK,http://www.investing.com/equities/grieg-seafood
GRONG-ME,1031112,Grong Sparebank,Oslo,NOK,http://www.investing.com/equities/grong-sparebank
GYL,50691,Gyldendal,Oslo,NOK,http://www.investing.com/equities/gyldendal
HAFNIA,1155094,Hafnia,Oslo,NOK,http://www.investing.com/equities/hafnia-ltd
HAVI,49900,Havila Shipping,Oslo,NOK,http://www.investing.com/equities/havila-shippin
HYARD,949739,Havyard Group ASA,Oslo,NOK,http://www.investing.com/equities/havyard-group-asa
HELG,993649,Helgeland Sparebank,Oslo,NOK,http://www.investing.com/equities/helgeland-sparebank
HEX,49863,Hexagon Composites,Oslo,NOK,http://www.investing.com/equities/hexagon-compos
HIDDNS,49871,Hiddn Solutions,Oslo,NOK,http://www.investing.com/equities/agasti-holding
HLNGH,49842,Hoegh LNG,Oslo,NOK,http://www.investing.com/equities/hoegh-lng
HOFBC,993650,Hofseth Biocare,Oslo,NOK,http://www.investing.com/equities/hofseth-biocare-asa
HSPG,993651,Holand og Setskog Sparebank,Oslo,NOK,http://www.investing.com/equities/holand-og-setskog-sparebank
HUNE,993646,Hunter Group,Oslo,NOK,http://www.investing.com/equities/badger-explorer-asa?cid=993646
ICEG,1131228,Ice Group,Oslo,NOK,http://www.investing.com/equities/ice-group
IDEX,953537,Idex ASA,Oslo,NOK,http://www.investing.com/equities/idex-asa
INCU,49860,Incus Investor,Oslo,NOK,http://www.investing.com/equities/scana-industri
INDUCT-ME,962519,Induct,Oslo,NOK,http://www.investing.com/equities/induct-as
INFRNT,1050759,Infront,Oslo,NOK,http://www.investing.com/equities/infront
INSRI,949742,Insr Insurance,Oslo,NOK,http://www.investing.com/equities/vardia-insurance-group-asa
IOX,49905,Interoil,Oslo,NOK,http://www.investing.com/equities/interoil
ELEM,49861,Intex,Oslo,NOK,http://www.investing.com/equities/intex-resource
ITER,49890,Itera,Oslo,NOK,http://www.investing.com/equities/itera
JAEREN,993653,Jaeren Sparebank,Oslo,NOK,http://www.investing.com/equities/jaeren-sparebank
JINH,49843,Jinhui Shipping,Oslo,NOK,http://www.investing.com/equities/jinhui-shippin
JPK-ME,1156839,JP Kenny Petroleum,Oslo,NOK,http://www.investing.com/equities/jp-kenny-petroleum-ltd
KAHOOT-ME,1153146,Kahoot,Oslo,NOK,http://www.investing.com/equities/kahoot-as
KID,960703,Kid ASA,Oslo,NOK,http://www.investing.com/equities/kid-asa
KP5,50682,Kitron,Oslo,NOK,http://www.investing.com/equities/kitron
KLAV,1131251,Klaveness Combination Carriers,Oslo,NOK,http://www.investing.com/equities/klaveness-combination-carriers-asa
KOMA,1054981,Komplett Bank,Oslo,NOK,http://www.investing.com/equities/komplett-bank
KOG,40243,Kongsberg,Oslo,NOK,http://www.investing.com/equities/kongsberg-gruppen-asa
KOA,40269,Kongsberg Automotive,Oslo,NOK,http://www.investing.com/equities/kongsberg-automotive-asa
KVAER,40270,Kv�rner,Oslo,NOK,http://www.investing.com/equities/kvaerner-asa
LAVO-ME,1156841,LavoTv,Oslo,NOK,http://www.investing.com/equities/lavotv-as
LSG,40271,Leroy Seafood,Oslo,NOK,http://www.investing.com/equities/leroy-seafood-group-asa
LIFE-ME,1156840,Lifecare,Oslo,NOK,http://www.investing.com/equities/lifecare-as
LSTSB-ME,1156842,Lillestrom Sparebank,Oslo,NOK,http://www.investing.com/equities/lillestrom-sparebank
MSEIS,993657,Magseis,Oslo,NOK,http://www.investing.com/equities/magseis-asa
MEDS,50684,Medistim,Oslo,NOK,http://www.investing.com/equities/medistim
MELG,993656,Melhus Sparebank,Oslo,NOK,http://www.investing.com/equities/melhus-sparebank
BRA-ME,997806,Monobank,Oslo,NOK,http://www.investing.com/equities/monobank-asa
MOWI,369,Mowi,Oslo,NOK,http://www.investing.com/equities/marine-harvest
MPCC,1099584,MPC Container,Oslo,NOK,http://www.investing.com/equities/mpc-container
MULTIC,953846,Multiconsult AS SE,Oslo,NOK,http://www.investing.com/equities/multiconsult-as-se
NAPAT,50687,Napatech,Oslo,NOK,http://www.investing.com/equities/napatech
NATTO,993658,Nattopharma,Oslo,NOK,http://www.investing.com/equities/nattopharma-asa
NAVA,49898,Navamedic,Oslo,NOK,http://www.investing.com/equities/navamedic
NKR,49859,Nekkar Asa,Oslo,NOK,http://www.investing.com/equities/tts-group-asa
NEL,49893,Nel ASA,Oslo,NOK,http://www.investing.com/equities/diagenic
NEXT,976467,Next Biometrics,Oslo,NOK,http://www.investing.com/equities/next-biometrics-group-asa
NISB-ME,1137434,Nidaros Sparebank,Oslo,NOK,http://www.investing.com/equities/nidaros-sparebank
NORBIT,1137587,Norbit,Oslo,NOK,http://www.investing.com/equities/norbit-asa
AEGA,962516,Nordic Financials,Oslo,NOK,http://www.investing.com/equities/nordic-financials-asa
NOMIN,993659,Nordic Mining,Oslo,NOK,http://www.investing.com/equities/nordic-mining-asa-be?cid=993659
NANOV,948354,Nordic Nanovector ASA,Oslo,NOK,http://www.investing.com/equities/nordic-nanovector-asa
NOD,40274,Nordic Semiconductor,Oslo,NOK,http://www.investing.com/equities/nordic-semiconductor-asa
NHY,367,Norsk Hydro,Oslo,NOK,http://www.investing.com/equities/nosk-hydro
NSKOG,1153250,Norske Skog,Oslo,NOK,http://www.investing.com/equities/norske-skog-asa
NORTH,993660,North Energy,Oslo,NOK,http://www.investing.com/equities/north-energy-asa-be?cid=993660
NODL,1099585,Northern Drilling,Oslo,NOK,http://www.investing.com/equities/northern-drilling
NOL,1158867,Northern Ocean,Oslo,NOK,http://www.investing.com/equities/northern-ocean-ltd
NRSM,49908,Norway Royal Salmon,Oslo,NOK,http://www.investing.com/equities/norway-royal-s
NWC,40277,Norwegian Air Shuttle,Oslo,NOK,http://www.investing.com/equities/norwegian-air-shuttle-asa
NOR,49913,Norwegian Ener,Oslo,NOK,http://www.investing.com/equities/norwegian-ener
NOFI,985792,Norwegian Finans,Oslo,NOK,http://www.investing.com/equities/norwegian-finans-holding-asa-ol
NPRO,40275,Norwegian Property,Oslo,NOK,http://www.investing.com/equities/norwegian-property-asa
NRC,49883,NRC Group,Oslo,NOK,http://www.investing.com/equities/blom-(ol)
NTSAS,50690,NTS ASA,Oslo,NOK,http://www.investing.com/equities/namsos-trafik
OBSERV,1155095,Observe Medical,Oslo,NOK,http://www.investing.com/equities/observe-medical-asa
OCY,49921,Ocean Yield,Oslo,NOK,http://www.investing.com/equities/ocean-yield
OTS,49906,Oceanteam,Oslo,NOK,http://www.investing.com/equities/oceanteam-ship
ODF,40278,Odfjell,Oslo,NOK,http://www.investing.com/equities/odfjell-se
ODFB,49881,Odfjell B,Oslo,NOK,http://www.investing.com/equities/odfjell-b
ODLL,49845,Odfjell Drilli,Oslo,NOK,http://www.investing.com/equities/odfjell-drilli
OKEA,1137588,Okea,Oslo,NOK,http://www.investing.com/equities/okea-asa
OET,1095154,Okeanis Eco Tankers,Oslo,NOK,http://www.investing.com/equities/okeanis-eco-tankers
OLT,49888,Olav Thon Eien,Oslo,NOK,http://www.investing.com/equities/olav-thon-eien
OTELLO,40279,Opera Software,Oslo,NOK,http://www.investing.com/equities/opera-software-asa
ORK,373,Orkla,Oslo,NOK,http://www.investing.com/equities/orkla-a
BAKKA,40255,P/f Bakkafrost,Oslo,NOK,http://www.investing.com/equities/bakkafrost-p-f
PENO,49918,Panoro Energy,Oslo,NOK,http://www.investing.com/equities/panoro-energy
PARB,994263,Pareto Bank,Oslo,NOK,http://www.investing.com/equities/pareto-bank-asa
PCIB,993662,PCI Biotech,Oslo,NOK,http://www.investing.com/equities/pci-biotech-holding
PGS,375,Petroleum Geo - Services,Oslo,NOK,http://www.investing.com/equities/petrol-geo-serv
PSET,49849,Petrolia,Oslo,NOK,http://www.investing.com/equities/petrolia
PNOR,990003,Petronor E&P,Oslo,NOK,http://www.investing.com/equities/african-petroleum-corporation-ltd
PHLYS,961770,Philly Shipyard ASA,Oslo,NOK,http://www.investing.com/equities/philly-shipyard-asa
PHO,49889,Photocure,Oslo,NOK,http://www.investing.com/equities/photocure
PIOPGpref,994264,Pioneer Property Pref,Oslo,NOK,http://www.investing.com/equities/pioneer-property-group-asa-pref
PLCS,44448,Polarcus,Oslo,NOK,http://www.investing.com/equities/polarcus-ltd
POLME,50685,Polaris Media,Oslo,NOK,http://www.investing.com/equities/polaris-media
PLTO,1096510,Polight,Oslo,NOK,http://www.investing.com/equities/polight
PRSO,372,Prosafe,Oslo,NOK,http://www.investing.com/equities/prosafe
PROTCT,49899,Protector Forsikring,Oslo,NOK,http://www.investing.com/equities/protector-fors
QFR,40283,Q-Free,Oslo,NOK,http://www.investing.com/equities/q-free-asa
QFUEL-ME,1156935,Quantafuel,Oslo,NOK,http://www.investing.com/equities/quantafuel-as
QEC,40282,Questerre Energy Corporation,Oslo,NOK,http://www.investing.com/equities/questerre-energy-corporation?cid=40282
RAKP,942714,RAK Petroleum PLC,Oslo,NOK,http://www.investing.com/equities/rak-petroleum-plc
REACH,49874,Reach Subsea,Oslo,NOK,http://www.investing.com/equities/reach-subsea
REC,374,REC Silicon,Oslo,NOK,http://www.investing.com/equities/renewable-energy
RIVER-ME,1156843,River iGaming,Oslo,NOK,http://www.investing.com/equities/river-igaming-plc
ROMR,993665,RomReal,Oslo,NOK,http://www.investing.com/equities/romreal-ltd
SAGT,993667,Saga Tankers,Oslo,NOK,http://www.investing.com/equities/saga-tankers-asa
SALM,40285,SalMar,Oslo,NOK,http://www.investing.com/equities/salmar-asa
SALMON,1062593,Salmones Camanchaca,Oslo,NOK,http://www.investing.com/equities/salmones-camanchaca?cid=1062593
SADG,993666,Sandnes Sparebank,Oslo,NOK,http://www.investing.com/equities/sandnes-sparebank
SASNOK,49925,SAS,Oslo,NOK,http://www.investing.com/equities/sas-ab?cid=49925
SATSA,1153448,Sats,Oslo,NOK,http://www.investing.com/equities/sats-asa
VOW,993675,Scanship,Oslo,NOK,http://www.investing.com/equities/scanship-holding-asa
SSOL,942434,Scatec Solar OL,Oslo,NOK,http://www.investing.com/equities/scatec-solar-ol
SBSTA,40286,Schibsted A,Oslo,NOK,http://www.investing.com/equities/schibsted-asa
SBSTB,953847,Schibsted ASA B,Oslo,NOK,http://www.investing.com/equities/schibsted-asa-b
SSCOM,49853,Scottish Salmon,Oslo,NOK,http://www.investing.com/equities/scottish-salmo
SDSD,993669,SD Standard Drilling,Oslo,NOK,http://www.investing.com/equities/sd-standard-drilling-plc
SBX,49848,Seabird Explor,Oslo,NOK,http://www.investing.com/equities/seabird-explor
SBX-ME,1136082,SeaBird Exploration,Oslo,NOK,http://www.investing.com/equities/seabird-exploration
SDRL,382,Seadrill Ltd,Oslo,NOK,http://www.investing.com/equities/seadrill
SSG,1091138,Self Storage,Oslo,NOK,http://www.investing.com/equities/self-storage
SBOO,49919,Selvaag Bolig,Oslo,NOK,http://www.investing.com/equities/selvaag-bolig
MGNR,40287,Sevan Marine,Oslo,NOK,http://www.investing.com/equities/sevan-marine-asa
SHLF,1084247,Shelf Drilling,Oslo,NOK,http://www.investing.com/equities/shelf-drilling
SIOFF,49854,Siem Offshore,Oslo,NOK,http://www.investing.com/equities/siem-offshore
SIAF-ME,962521,Sino Agro Food,Oslo,NOK,http://www.investing.com/equities/sino-agro-food-inc?cid=962521
SBANK,960704,Skandiabanken,Oslo,NOK,http://www.investing.com/equities/skandiabanken-asa
SKUE,993671,Skue Sparebank,Oslo,NOK,http://www.investing.com/equities/skue-sparebank
SOFTOX-ME,1156844,SoftOx Solutions,Oslo,NOK,http://www.investing.com/equities/softox-solutions-as
SOGNS,993652,Sogn Sparebank,Oslo,NOK,http://www.investing.com/equities/indre-sogn-sparebank
SOLON,40256,Solon Eiendom,Oslo,NOK,http://www.investing.com/equities/bionor-pharma-asa
SOFF,49867,Solstad Offsho,Oslo,NOK,http://www.investing.com/equities/solstad-offsho
AGSOL,994265,Songa Bulk,Oslo,NOK,http://www.investing.com/equities/songa-bulk-as
SPOLT,1031111,Sparebank 1,Oslo,NOK,http://www.investing.com/equities/sparebank-1
SBVGV,993668,Sparebank 1 BV,Oslo,NOK,http://www.investing.com/equities/sparebank-1-bv
NONG,990004,Sparebank 1 Nord-Norge,Oslo,NOK,http://www.investing.com/equities/sparebank-1-nord-norge
SNORD,1056135,Sparebank 1 Nordvest,Oslo,NOK,http://www.investing.com/equities/sparebank-1-nordvest
SOAG,993672,Sparebank 1 Ostfold Akershus,Oslo,NOK,http://www.investing.com/equities/sparebank-1-ostfold-akershus
RING,993664,Sparebank 1 Ringerike Hadeland,Oslo,NOK,http://www.investing.com/equities/sparebank-1-ringerike-hadeland
MING,989454,Sparebank 1 SMN,Oslo,NOK,http://www.investing.com/equities/sparebank-1-smn
SRBANK,49920,Sparebank 1Sr,Oslo,NOK,http://www.investing.com/equities/sparebank-1sr
SPMO,993674,Sparebanken More,Oslo,NOK,http://www.investing.com/equities/sparebanken-more
SPOG,990005,Sparebanken Ost,Oslo,NOK,http://www.investing.com/equities/sparebanken-ost
SORR,993673,Sparebanken Sor,Oslo,NOK,http://www.investing.com/equities/sparebanken-sor
SBTE,1117824,Sparebanken Telemark,Oslo,NOK,http://www.investing.com/equities/sparebanken-telemark
SVEG,990006,Sparebanken Vest,Oslo,NOK,http://www.investing.com/equities/sparebanken-vest
SPU,49916,Spectrum,Oslo,NOK,http://www.investing.com/equities/spectrum
SBLK,1089227,Star Bulk Carriers,Oslo,NOK,http://www.investing.com/equities/star-bulk-carrier?cid=1089227
SNI,40244,Stolt-Nielsen,Oslo,NOK,http://www.investing.com/equities/stolt-nielsen-ltd
STB,379,Storebrand,Oslo,NOK,http://www.investing.com/equities/storebrand
STORM,49910,Storm Real,Oslo,NOK,http://www.investing.com/equities/storm-real
STRONG,49894,Strongpoint,Oslo,NOK,http://www.investing.com/equities/psi-group
SUBC,383,Subsea 7,Oslo,NOK,http://www.investing.com/equities/subsea
SUNSB-ME,1156845,Sunndal Sparebank,Oslo,NOK,http://www.investing.com/equities/sunndal-sparebank
SUSB-ME,1156846,Surnadal Sparebank,Oslo,NOK,http://www.investing.com/equities/surnadal-sparebank
SPONE-ME,1156848,TargetEveryOne,Oslo,NOK,http://www.investing.com/equities/targeteveryone?cid=1156848
TRVX,985890,Targovax,Oslo,NOK,http://www.investing.com/equities/targovax-asa-ol
TEAM,946352,Team Tankers International Ltd,Oslo,NOK,http://www.investing.com/equities/team-tankers-international-ltd
TECHS,49869,Techstep,Oslo,NOK,http://www.investing.com/equities/birdstep-techn
TEL,380,Telenor,Oslo,NOK,http://www.investing.com/equities/telenor
TGS,384,TGS-NOPEC Geophysical,Oslo,NOK,http://www.investing.com/equities/tgs-nopec-geo
THIN,949741,Thin Film Electronics ASA,Oslo,NOK,http://www.investing.com/equities/thin-film-electronics-asa
TIETOO,1156847,TietoEVRY,Oslo,NOK,http://www.investing.com/equities/tietoenator?cid=1156847
TOM,378,Tomra Systems,Oslo,NOK,http://www.investing.com/equities/tomra-systems
TOTG,993677,Totens Sparebank,Oslo,NOK,http://www.investing.com/equities/totens-sparebank
TREAS,985168,Treasure,Oslo,NOK,http://www.investing.com/equities/treasure-asa
TYSB-ME,1057226,Tysnes Sparebank,Oslo,NOK,http://www.investing.com/equities/tysnes-sparebank
ULTIMO,1136083,Ultimovacs,Oslo,NOK,http://www.investing.com/equities/ultimovacs
VEI,40292,Veidekke,Oslo,NOK,http://www.investing.com/equities/veidekke-asa
VISTIN,954902,Vistin Pharma ASA,Oslo,NOK,http://www.investing.com/equities/vistin-pharma-asa
VVL,49858,Voss Veksel La,Oslo,NOK,http://www.investing.com/equities/voss-veksel-la
WALWIL,40293,Wallenius Wilhelmsen,Oslo,NOK,http://www.investing.com/equities/wilh-wilhelmsen-asa
WSTEP,1052379,Webstep,Oslo,NOK,http://www.investing.com/equities/webstep
WWI,40294,Wilh Wilhelmsen Holding,Oslo,NOK,http://www.investing.com/equities/wilh-wilhelmsen-holding-asa
WWIB,40295,Wilhelm Wilhelmsen B,Oslo,NOK,http://www.investing.com/equities/wilhelm-wilhelmsen-holding-asa-b
WILS,994267,Wilson,Oslo,NOK,http://www.investing.com/equities/wilson-asa
WRE-ME,962522,WR Entertainment,Oslo,NOK,http://www.investing.com/equities/wr-entertainment-asa
XXLA,942435,XXL ASA,Oslo,NOK,http://www.investing.com/equities/xxl-asa
YAR,381,Yara International,Oslo,NOK,http://www.investing.com/equities/yara-internat
ZAL,949743,Zalaris ASA,Oslo,NOK,http://www.investing.com/equities/zalaris-asa
ZENA-ME,1117817,Zenith Energy,Oslo,NOK,http://www.investing.com/equities/zenith-energy-ltd?cid=1117817
ZWIPE-ME,1121707,Zwipe,Oslo,NOK,http://www.investing.com/equities/zwipe
