Hedged,1033584,PIMCO Funds: Global Investors Series plc Global Bond Fund Investor Acc NOK,,
Hedged,1033583,PIMCO Funds: Global Investors Series plc Global Bond Fund Institutional Acc NOK,,
0P000018EO,1025984,KLP AksjeGlobal indeks 1 A,,
0P0000K94Q,1036255,Handelsbanken Global Index Criteria AI,,
0P0000K94O,1036252,Handelsbanken Global Index Criteria A,,
0P000015GL,1025983,DNB Global IV,,
0P000111DB,1026015,KLP AksjeGlobal LavBeta I,,
0P0000TEPM,1025996,DNB Global Credit,,
0P0000PS3V,1032649,DNB Global Indeks,,
0P00007ZI2,1032646,Storebrand Global Multifaktor,,
0P00000MVB,1032651,DNB Teknologi,,
0P00000O9D,1025976,DNB Obligasjon III,,
KF-LIKRE,1011148,Nordea Kreditt,,
DK-HGYLD,1011130,DNB High Yield,,
0P00013BK5,1026016,DNB High Yield,,
KF-SAGE,1011144,Nordea Stabile Aksjer Global Etisk,,
DK-KROBL,1011149,DNB Kredittobligasjon,,
0P00016XAN,1032629,ODIN Norge A,,
0P00000SVG,1032619,ODIN Norge C,,
0P00016XAO,1032632,ODIN Norge B,,
0P00016XAP,1032635,ODIN Norge D,,
0P0000HPD0,1036034,Fidelity Funds - European Growth Fund A-DIST-EUR,,
KL-STOBL,1011137,KLP Statsobligasjon,,
Prtlly Hdg,1033582,PIMCO Funds: Global Investors Series plc Global Advantage Fund Insitutional NOK,,
0P00000HCU,1032606,Delphi Nordic,,
0P00013KZ4,1032607,Delphi Nordic,,
0P0000PX3H,1025991,DNB Aktiv 30,,
0P00016XAW,1032638,ODIN Europa A,,
0P00016XAY,1032641,ODIN Europa D,,
0P00016XAX,1032644,ODIN Europa B,,
0P0000ZFD3,1026010,DNB Aktiv Rente II,,
SP-GLINI,1011136,Storebrand Global Indeks I,,
0P00001BVI,1025985,DNB Aktiv 80,,
0P00000MVR,1032658,Alfred Berg Gambak,,
0P0000URJ3,1032608,Holberg Kreditt,,
0P0000ZSR8,1026013,Danske Invest Norsk Kort Obligasjon Klasse NOK I,,
0P00000MT3,1032657,Alfred Berg Norge Classic,,
0P00000O6B,1025973,DNB Aktiv 50,,
0P00000MWG,1025970,Nordea Avkastning,,
0P000161CN,1032622,ODIN Global D,,
0P000161CM,1032625,ODIN Global B,,
0P000161CL,1032616,ODIN Global A,,
0P00001RZG,1041337,Nordea 1 - European High Yield Bond Fund BP NOK,,
KF-KREOB,1011133,Nordea Europeisk Kredittobligasjon,,
0P0000YK7J,1041305,Nordea 1 - Emerging Stars Equity Fund BP NOK,,
DK-S5-70,1011145,DNB Private Banking Premium 80,,
0P0000TJ54,1025997,KLP AksjeVerden Indeks,,
0P00001BVJ,1025986,DNB Aktiv Rente,,
0P000084GO,1025988,Nordea Plan 30,,
OR-INVFC,1011140,Pareto Investment Fund C,,
OR-INVFB,1011139,Pareto Investment Fund B,,
0P00000O8L,1025974,Pareto Investment Fund A,,
0P0000TM31,1025999,ODIN Kreditt C,,
0P00018CRC,1026018,ODIN Kreditt B,,
0P00018CRB,1026017,ODIN Kreditt A,,
0P00018CRD,1026019,ODIN Kreditt D,,
0P0000X401,1026002,Storebrand Trippel Smart,,
0P00001S9W,1041364,Nordea 1 - Global Stable Equity Fund BP NOK,,
0P0000TJH9,1025998,Storebrand Indeks - Alle Markeder,,
0P00000OCX,1032659,Holberg Global A,,
KL-OBLIG,1011138,KLP Kredittobligasjon,,
0P0000TZHO,1026000,Eika Pensjon,,
0P000084GP,1025989,Nordea Plan 50,,
0P00000MSP,1032656,Alfred Berg Aktiv,,
0P00000MUY,1032653,DNB Health Care,,
0P0000SUKR,1032627,FIRST Høyrente,,
0P0001AB96,1032662,SKAGEN Avkastning,,
0P0001AB93,1032665,SKAGEN Avkastning,,
0P0001AB95,1032663,SKAGEN Avkastning,,
0P0000WVZ3,1026001,Borea European Credit,,
0P00000O99,1032655,DNB Obligasjon,,
0P0000SVU6,1036500,Parvest Equity Europe Small Cap Classic-Capitalisation,,
0P0000SNVK,1025995,FORTE Obligasjon,,
0P00000OCT,1025980,Storebrand Stat A,,
OR-NORDI,1011142,Pareto Nordic Return B,,
0P00000O8N,1025975,Pareto Nordic Return A,,
OR-NORDB,1011141,Pareto Nordic Return C,,
DK-S5-50,1011146,DNB Private Banking Premium 50,,
LP65023056,1011143,PLUSS Obligasjon,,
0P00000MY9,1032660,KLP Obligasjon 5 år,,
0P0000YWFG,1041536,Parvest Equity Russia Classic-Capitalisation,,
0P0000Q5U1,1025992,FIRST Generator,,
0P0000YK9B,1041382,Nordea 1 - Stable Emerging Markets Equity Fund BI NOK,,
0P0000YK9F,1041387,Nordea 1 - Stable Emerging Markets Equity Fund BP NOK,,
0P0000RUOT,1033581,Arctic Return Class I,,
0P0000Y66P,1026007,Landkreditt Utbytte,,
0P000084GL,1025987,Nordea Plan 80,,
0P00000DZF,1036248,Handelsbanken America Small Cap,,
0P00000HCV,1025967,Delphi Kombinasjon,,
KL-AAII,1011131,KLP AksjeAsia Indeks I,,
0P00000HCS,1025966,Delphi Norge,,
KF-NOPLS,1011132,Nordea Norge Pluss,,
0P0000YG8B,1026008,Eika Kreditt,,
0P00001BOS,1041315,Nordea 1 - European Covered Bond Fund BP NOK,,
0P00000H7O,1025965,Nordea Global Statsobligasjon,,
0P00000HI6,1025968,Danske Invest Norge Vekst,,
I,1032647,DNB High Yield,,
0P0000ZFD9,1026011,DNB Global High Grade,,
0P0000F210,1036259,Handelsbanken Russia Shares,,
0P0000XD9M,1026003,C WorldWide Asia 2A,,
