EURUYU,1711,Euro Uruguayan Peso,Forex,UYU
USDUYU,2210,US Dollar Uruguayan Peso,Forex,UYU
ARSUYU,10447,Argentinian Peso Uruguayan Peso,Forex,UYU
UYUARS,10453,Uruguayan Peso Argentinian Peso,Forex,ARS
BRLUYU,10458,Brazil Real Uruguayan Peso,Forex,UYU
UYUBRL,10464,Uruguayan Peso Brazil Real,Forex,BRL
CLPUYU,10469,Chilean Peso Uruguayan Peso,Forex,UYU
UYUCLP,10474,Uruguayan Peso Chilean Peso,Forex,CLP
PYGUYU,10478,Paraguayan Guarani Uruguayan Peso,Forex,UYU
UYUPYG,10482,Uruguayan Peso Paraguayan Guarani,Forex,PYG
UYUCOP,10486,Uruguayan Peso Colombian Peso,Forex,COP
UYUPEN,10487,Uruguayan Peso Peru Sol,Forex,PEN
COPUYU,10488,Colombian Peso Uruguayan Peso,Forex,UYU
PENUYU,10489,Peru Sol Uruguayan Peso,Forex,UYU
BOBUYU,10490,Bolivian Boliviano Uruguayan Peso,Forex,UYU
UYUBOB,10497,Uruguayan Peso Bolivian Boliviano,Forex,BOB
UYUMXN,10500,Uruguayan Peso Mexican Peso,Forex,MXN
MXNUYU,10506,Mexican Peso Uruguayan Peso,Forex,UYU
VEFUYU,10507,Venezuelan Bolivar Uruguayan Peso,Forex,UYU
UYUVEF,10514,Uruguayan Peso Venezuelan Bolivar,Forex,VEF
UYUUSD,11756,Uruguayan Peso US Dollar,Forex,USD
ILSUYU,1031408,Israeli Shekel Uruguayan Peso,Forex,UYU
