STX40J,976591,Satrix 40,,
STXDIVJ,976592,Satrix Divi Plus,,
SYGUSJ,959573,Sygnia Itrix MSCI US,,
SYGEUJ,976573,Sygnia ITRIX EuroSTOXX 50,,
STXFINJ,976593,Satrix Fini,,
STXRAFJ,976595,Satrix RAFI 40,,
STXPROJ,997418,Satrix Property,,
STXQUAJ,1052303,Satrix Quality South Africa Portfolio,,
NGPLDJ,976589,NewGold Palladium,,
STXWDMJ,1032325,Satrix MSCI World Feeder,,
SYGWDJ,976576,Sygnia ITRIX MSCI World,,
STXINDJ,976594,Satrix Indi,,
STXSWXJ,976597,Satrix Swix Top 40,,
STXRESJ,976596,Satrix Resi,,
GLDJ,976588,NewGold Debentures,,
GLODIVJ,1072059,CoreShares S&P Global Dividend Aristocrats,,
STXEMGJ,1032326,Satrix MSCI Emerging Markets Feeder,,
ASHINFJ,976567,Ashburton Government Inflation Linked Bond,,
ASHMIDJ,994201,Ashburton MidCap,,
SYGPJ,1072985,Sygnia Itrix Global Property Portfolio,,
ETF5ITJ,1072342,STANLIB S&P500 Info Tech Index Feeder,,
NFSH40J,976585,NewFunds Shariah Top 40,,
ASHT40J,976568,Ashburton Top 40,,
STX500J,1032327,Satrix S&P 500 Feeder,,
PTXTENJ,976570,CoreShares Property Top Ten,,
CSP500J,994202,CoreShares S&P 500,,
SYG500J,1072986,Sygnia Itrix SP 500 Portfolio,,
SYG4IRJ,1056380,The Sygnia Itrix 4th Industrial Revolution Global,,
STXNDQJ,1073563,Satrix Nasdaq 100 Feeder Portfolio,,
DIVTRXJ,976571,CoreShares S&P SA Dividend Aristocrats ,,
SYGJPJ,976575,Sygnia ITRIX MSCI Japan,,
ETFPLDJ,976565,Africa Palladium,,
CSEW40J,997377,CoreShares Top 40 Equally Weighted,,
PREFTXJ,994203,CoreShares Preference Share,,
NEWUSDJ,997397,ABSA Capital NewWave USD,,
SBACIJ,997419,Standard Bank Africa Commodity,,
CTOP50J,997405,CoreShares S&P SA Top 50,,
NFGOVIJ,976580,NewFunds GOVI,,
SBAOILJ,997427,Standard Bank WTI Crude Oil,,
ASHGEQJ,1052398,Ashburton Global 1200 Equity ETF,,
GLPROPJ,997378,CoreShares S&P Global Property,,
DBCHINJ,997407,DB MSCI China TR,,
NFSWIXJ,976586,NewFunds SWIX 40,,
PTXSPYJ,976569,CoreShares Property SAPY,,
NGPLTJ,976590,NewGold Platinum,,
SYGSW4J,1072984,Sygnia Itrix SWIX 40 Portfolio,,
MAPPSGJ,976582,NewFunds MAPPS Growth,,
STPROPJ,976598,STANLIB SA Property,,
NFEMOMJ,976579,NewFunds Equity Momentum,,
NFTRCIJ,976587,NewFunds TRACI 3 Month,,
STXILBJ,997417,Satrix ILBI Portfolio,,
NEWSLVJ,997396,ABSA Capital NewWave Silver,,
SYGUKJ,976574,Sygnia ITRIX FTSE 100,,
NFILBIJ,976581,NewFunds ILBI,,
SBAEIJ,997420,Standard Bank Africa Total Return,,
GIVISAJ,997416,NewFunds S&P GIVI SA Top 50,,
GIVFINJ,997413,NewFunds S&P GIVI SA Financial 15,,
LVLTRXJ,976572,CoreShares S&P SA Low Volatility,,
GIVRESJ,997415,NewFunds S&P GIVI SA Resource 15,,
MAPPSPJ,976583,NewFunds MAPPS Protect,,
GIVINDJ,997414,NewFunds S&P GIVI SA Industrial 25,,
DBEMERJ,997408,DB MSCI Emerging Markets TR,,
ETFRHOJ,997399,AfricaRhodium,,
AMIB50J,1014044,AMI BIG50 EX-SA,,
SYGT40J,1072983,Sygnia Itrix Top 40 Portfolio,,
NEWGBPJ,997394,ABSA Capital NewWave GBP,,
ETFWLDJ,1073063,STANLIB MSCI World Index Feeder,,
SBAWHTJ,997426,Standard Bank Wheat,,
SBACOPJ,997421,Standard Bank Copper,,
NEWEURJ,997393,ABSA Capital NewWave EUR,,
DCCUSDJ,997409,Dollar Custodial Certificates,,
NEWFSAJ,976584,NewFunds New SA,,
ADEw,997398,Adcock BEE Asset Backed Security,,
ASHWGBJ,1073060,Ashburton World Government Bond,,
DBAFRIJ,997406,DB MSCI Africa TOP 50 Capped TR,,
SBAS1J,997425,Standard Bank Silver,,
NFEVALJ,1073391,NewFunds Value Equity,,
SBAG1J,997422,Standard Bank Gold,,
NEWPLTJ,997395,ABSA Capital NewWave Platinum,,
SBAPD1J,997423,Standard Bank Palladium,,
ETFGLDJ,976564,Africa Gold,,
ETFPLTJ,976566,Africa Platinum,,
SBAPL1J,997424,Standard Bank Platinum,,
ETF500J,1072343,STANLIB S&P500 Index Feeder,,
NFEVOLJ,1073392,NewFunds Low Volatility Equity,,
ETFGGBJ,1073061,STANLIB Government Bond Feeder,,
ETFGREJ,1073062,STANLIB Global REIT Index Feeder,,
IMPCBe,997410,Impala Platinum Convertible,,
