MMM,277,3M Company,SPX,USD
ABT,8192,Abbott Laboratories,SPX,USD
ABBV,40041,AbbVie Inc,SPX,USD
ACN,7884,Accenture plc,SPX,USD
ATVI,6464,Activision Blizzard Inc,SPX,USD
AYI,20846,Acuity Brands Inc,SPX,USD
ADBE,6373,Adobe Systems Incorporated,SPX,USD
ADP,9019,Automatic Data Processing Inc,SPX,USD
AAP,32509,Advance Auto Parts Inc,SPX,USD
AET,8164,Aetna Inc,SPX,USD
AMG,20280,Affiliated Managers Group Inc,SPX,USD
AFL,8256,Aflac Incorporated,SPX,USD
A,8942,Agilent Technologies Inc,SPX,USD
AIG,8021,American International Group Inc,SPX,USD
APD,8263,Air Products and Chemicals Inc,SPX,USD
AKAM,6460,Akamai Technologies Inc,SPX,USD
ALK,39218,Alaska Air Group Inc,SPX,USD
ALB,32524,Albemarle Corporation,SPX,USD
ALXN,13810,Alexion Pharmaceuticals Inc,SPX,USD
ALLE,48361,Allegion PLC,SPX,USD
AGN,7873,Allergan Plc,SPX,USD
ADS,32507,Alliance Data Systems Corporation,SPX,USD
LNT,39176,Alliant Energy Corporation,SPX,USD
ALL,8221,Allstate Corporation,SPX,USD
GOOGL,6369,Alphabet Inc,SPX,USD
GOOG,100160,Alphabet Inc C,SPX,USD
MO,8044,Altria Group,SPX,USD
AMZN,6435,Amazon.com Inc,SPX,USD
AEE,8288,Ameren Corporation,SPX,USD
AAL,44412,American Airlines Group,SPX,USD
AEP,8144,American Electric Power Company Inc,SPX,USD
AXP,8182,American Express Company,SPX,USD
AMT,8036,American Tower Corporation REIT,SPX,USD
AWK,39173,American Water Works,SPX,USD
AMP,8020,Ameriprise Financial Inc,SPX,USD
ABC,8060,AmerisourceBergen,SPX,USD
AME,39219,Ametek Inc,SPX,USD
AMGN,6466,Amgen Inc,SPX,USD
APH,13833,Amphenol Corporation,SPX,USD
APC,7977,Anadarko Petroleum Corp,SPX,USD
ADI,7869,Analog Devices Inc,SPX,USD
ANTM,8123,Anthem Inc,SPX,USD
AON,8350,Aon plc,SPX,USD
APA,8103,Apache Corporation,SPX,USD
AIV,8303,Apartment Investment & Management Co,SPX,USD
AAPL,6408,Apple Inc,SPX,USD
AMAT,6386,Applied Materials Inc,SPX,USD
ADM,8080,Archer-Daniels-Midland Company,SPX,USD
ARNC,992959,Arconic Inc,SPX,USD
AJG,39263,Arthur J Gallagher & Co,SPX,USD
AIZ,8061,Assurant Inc,SPX,USD
T,244,AT&T Inc,SPX,USD
ADSK,6363,Autodesk Inc,SPX,USD
AN,7865,AutoNation Inc,SPX,USD
AZO,8282,AutoZone Inc,SPX,USD
AVB,8135,AvalonBay Communities Inc,SPX,USD
AVY,8097,Avery Dennison Corporation,SPX,USD
BHI,8320,Baker Hughes Incorporated,SPX,USD
BLL,8048,Ball Corporation,SPX,USD
BAC,243,Bank of America Corporation,SPX,USD
BK,8352,Bank of New York Mellon,SPX,USD
BAX,7951,Baxter International Inc,SPX,USD
BBT,7918,BB&T Corporation,SPX,USD
BDX,8067,Becton Dickinson and Company,SPX,USD
BBBY,6389,Bed Bath & Beyond Inc,SPX,USD
BRKb,13834,Berkshire Hathaway B,SPX,USD
BBY,8077,Best Buy Co Inc,SPX,USD
BIIB,6487,Biogen Inc,SPX,USD
BLK,13078,BlackRock Inc,SPX,USD
BA,238,Boeing Co,SPX,USD
BWA,19693,BorgWarner Inc,SPX,USD
BXP,8116,Boston Properties Inc,SPX,USD
BSX,8248,Boston Scientific Corporation,SPX,USD
BMY,8142,Bristol-Myers Squibb Company,SPX,USD
AVGO,13969,Broadcom Ltd,SPX,USD
BFb,8081,Brown Forman,SPX,USD
CA,6514,CA Inc,SPX,USD
COG,13835,Cabot Oil & Gas Corporation,SPX,USD
CPB,7964,Campbell Soup Company,SPX,USD
COF,8250,Capital One Financial Corporation,SPX,USD
CAH,7874,Cardinal Health Inc,SPX,USD
KMX,13836,CarMax Inc,SPX,USD
CCL,22696,Carnival PLC,SPX,USD
CAT,247,Caterpillar Inc,SPX,USD
CBG,7980,CBRE Group Inc,SPX,USD
CBS,8047,CBS Corporation,SPX,USD
CELG,6504,Celgene Corporation,SPX,USD
CNC,32525,Centene Corporation,SPX,USD
CNP,7946,CenterPoint Energy Inc,SPX,USD
CTL,7965,CenturyLink Inc,SPX,USD
CERN,13068,Cerner Corporation,SPX,USD
CF,8102,CF Industries Holdings Inc,SPX,USD
CHRW,6426,CH Robinson Worldwide Inc,SPX,USD
CHTR,15722,Charter Communications Inc,SPX,USD
CHK,8258,Chesapeake Energy Corporation,SPX,USD
CVX,240,Chevron Corporation,SPX,USD
CMG,13837,Chipotle Mexican Grill Inc,SPX,USD
CB,8175,Chubb Ltd,SPX,USD
CHD,39264,Church & Dwight Company Inc,SPX,USD
CI,7889,Cigna Corporation,SPX,USD
XEC,32521,Cimarex Energy Co,SPX,USD
CINF,6507,Cincinnati Financial Corporation,SPX,USD
CTAS,6360,Cintas Corporation,SPX,USD
CSCO,260,Cisco Systems Inc,SPX,USD
C,241,Citigroup Inc,SPX,USD
CFG,941642,Citizens Financial Group Inc,SPX,USD
CTXS,6421,Citrix Systems Inc,SPX,USD
CLX,7933,Clorox Company,SPX,USD
CME,13080,CME Group Inc,SPX,USD
CMS,8016,CMS Energy Corporation,SPX,USD
COH,7959,Coach Inc,SPX,USD
KO,271,Coca-Cola Company,SPX,USD
CTSH,6454,Cognizant Technology Solutions,SPX,USD
CL,7938,Colgate-Palmolive Company,SPX,USD
CMCSA,6516,Comcast Corporation,SPX,USD
CMA,8313,Comerica Incorporated,SPX,USD
CAG,8225,ConAgra Foods Inc,SPX,USD
CXO,20683,Concho Resources Inc,SPX,USD
COP,7937,ConocoPhillips,SPX,USD
ED,8297,Consolidated Edison Inc,SPX,USD
STZ,8034,Constellation Brands Inc,SPX,USD
COO,20624,Cooper Companies Inc,SPX,USD
GLW,264,Corning Incorporated,SPX,USD
COST,6443,Costco Wholesale Corporation,SPX,USD
COTY,41258,Coty Inc,SPX,USD
BCR,8072,CR Bard Inc,SPX,USD
CCI,32337,Crown Castle International,SPX,USD
CSRA,961623,CSRA Inc,SPX,USD
CSX,7906,CSX Corporation,SPX,USD
CMI,8218,Cummins Inc,SPX,USD
CVS,8201,CVS Health Corp,SPX,USD
DHR,8931,Danaher Corporation,SPX,USD
DRI,7916,Darden Restaurants Inc,SPX,USD
DVA,13838,DaVita HealthCare Partners Inc,SPX,USD
DE,261,Deere & Company,SPX,USD
DLPH,32331,Delphi Automotive plc,SPX,USD
DAL,8944,Delta Air Lines Inc,SPX,USD
XRAY,6411,DENTSPLY International Inc,SPX,USD
DVN,8224,Devon Energy Corporation,SPX,USD
DLR,20486,Digital Realty Trust Inc,SPX,USD
DFS,8188,Discover Financial Services,SPX,USD
DISCA,6382,Discovery Communications Inc,SPX,USD
DISCK,15915,Discovery Communications C Inc,SPX,USD
DG,20744,Dollar General Corporation,SPX,USD
DLTR,14776,Dollar Tree Inc,SPX,USD
D,7887,Dominion Resources Inc,SPX,USD
DOV,7858,Dover Corporation,SPX,USD
DOW,259,Dow Chemical Company,SPX,USD
DHI,7876,DR Horton Inc,SPX,USD
DPS,10548,Dr Pepper Snapple Group Inc,SPX,USD
DTE,7868,DTE Energy Company,SPX,USD
DUK,8104,Duke Energy Corporation,SPX,USD
DNB,13840,Dun & Bradstreet Corporation,SPX,USD
DD,7981,E I du Pont de Nemours & Co,SPX,USD
ETFC,6441,E-TRADE Financial Corporation,SPX,USD
EMN,8126,Eastman Chemical Company,SPX,USD
ETN,8291,Eaton Corporation PLC,SPX,USD
EBAY,256,eBay Inc,SPX,USD
ECL,8339,Ecolab Inc,SPX,USD
EIX,7998,Edison International,SPX,USD
EW,13794,Edwards Lifesciences Corporation,SPX,USD
EA,6472,Electronic Arts Inc,SPX,USD
LLY,273,Eli Lilly and Company,SPX,USD
EMR,7931,Emerson Electric Company,SPX,USD
ENDP,16004,Endo International PLC,SPX,USD
ETR,8015,Entergy Corporation,SPX,USD
EVHC,41208,Envision Healthcare Corp,SPX,USD
EOG,8342,EOG Resources Inc,SPX,USD
EQT,13841,EQT Corporation,SPX,USD
EFX,8007,Equifax Inc,SPX,USD
EQIX,13067,Equinix Inc,SPX,USD
EQR,8260,Equity Residential,SPX,USD
ESS,20488,Essex Property Trust Inc,SPX,USD
EL,7929,Estee Lauder Companies Inc,SPX,USD
ES,13856,Eversource Energy,SPX,USD
EXC,7949,Exelon Corporation,SPX,USD
EXPE,6449,Expedia Inc,SPX,USD
EXPD,6468,Expeditors International Washington,SPX,USD
ESRX,6367,Express Scripts Holding Co,SPX,USD
EXR,39166,Extra Space Storage Inc,SPX,USD
XOM,7888,Exxon Mobil Corporation,SPX,USD
FFIV,13763,F5 Networks Inc,SPX,USD
FB,26490,Facebook Inc,SPX,USD
FAST,6409,Fastenal Company,SPX,USD
FRT,20230,Federal Realty Investment Trust,SPX,USD
FDX,262,FedEx Corporation,SPX,USD
FIS,8042,Fidelity National Information Services Inc,SPX,USD
FITB,6358,Fifth Third Bancorp,SPX,USD
FSLR,13569,First Solar Inc,SPX,USD
FE,8231,FirstEnergy Corporation,SPX,USD
FISV,6370,Fiserv Inc,SPX,USD
FLIR,8934,FLIR Systems Inc,SPX,USD
FLS,13844,Flowserve Corporation,SPX,USD
FLR,7866,Fluor Corporation,SPX,USD
FMC,13842,FMC Corporation,SPX,USD
FL,32358,Foot Locker Inc,SPX,USD
F,255,Ford Motor Company,SPX,USD
FTV,985775,Fortive Corp,SPX,USD
FBHS,39295,Fortune Brands Home & Security Inc,SPX,USD
FOX,7216,Twenty-First Century Fox Inc,SPX,USD
BEN,8167,Franklin Resources Inc,SPX,USD
FCX,8281,Freeport-McMoran Copper & Gold Inc,SPX,USD
FTR,8249,Frontier Communications Corporation,SPX,USD
GPS,7925,Gap Inc,SPX,USD
GRMN,6442,Garmin Ltd,SPX,USD
GD,7867,General Dynamics Corporation,SPX,USD
GE,8193,General Electric Company,SPX,USD
GIS,263,General Mills Inc,SPX,USD
GM,239,General Motors Company,SPX,USD
GPC,7979,Genuine Parts Company,SPX,USD
GGP,39162,GGP Inc,SPX,USD
GILD,6365,Gilead Sciences Inc,SPX,USD
GPN,39277,Global Payments Inc,SPX,USD
GS,266,Goldman Sachs Group Inc,SPX,USD
HRB,8170,H&R Block Inc,SPX,USD
HAL,7921,Halliburton Company,SPX,USD
HBI,39179,Hanesbrands Inc,SPX,USD
HOG,8259,Harley-Davidson Inc,SPX,USD
HAR,8041,Harman International Industries,SPX,USD
HRS,13846,Harris Corporation,SPX,USD
HIG,8050,Hartford Financial Services Group,SPX,USD
HAS,8351,Hasbro Inc,SPX,USD
HCA,20931,HCA Holdings Inc,SPX,USD
HCP,13847,HCP Inc,SPX,USD
HP,13849,Helmerich & Payne Inc,SPX,USD
HSIC,6405,Henry Schein Inc,SPX,USD
HSY,8052,Hershey Company,SPX,USD
HES,8326,Hess Corporation,SPX,USD
HPE,959998,Hewlett Packard Enterprise Co,SPX,USD
HOLX,6515,Hologic Inc,SPX,USD
HD,8064,Home Depot Inc,SPX,USD
HON,8272,Honeywell International Inc,SPX,USD
HRL,13850,Hormel Foods Corporation,SPX,USD
HST,7927,Host Hotels & Resorts Inc,SPX,USD
HPQ,8270,HP Inc,SPX,USD
HUM,8169,Humana Inc,SPX,USD
HBAN,6493,Huntington Bancshares Incorporated,SPX,USD
IBM,8082,International Business Machines,SPX,USD
ICE,7907,Intercontinental Exchange Inc,SPX,USD
ITW,7915,Illinois Tool Works Inc,SPX,USD
ILMN,13081,Illumina Inc,SPX,USD
IR,8137,Ingersoll-Rand PLC,SPX,USD
IFF,8026,International Flavors & Fragrances Inc,SPX,USD
INTC,251,Intel Corporation,SPX,USD
IP,7930,International Paper Company,SPX,USD
IPG,7877,Interpublic Group of Companies Inc,SPX,USD
INTU,6448,Intuit Inc,SPX,USD
ISRG,6393,Intuitive Surgical Inc,SPX,USD
IVZ,13851,Invesco Plc,SPX,USD
IRM,13852,Iron Mountain Incorporated,SPX,USD
JNJ,8177,Johnson & Johnson,SPX,USD
JEC,8125,Jacobs Engineering Group Inc,SPX,USD
JBHT,13082,JB Hunt Transport Services Inc,SPX,USD
SJM,8071,JM Smucker Company,SPX,USD
JCI,8217,Johnson Controls International PLC,SPX,USD
JPM,267,JPMorgan Chase & Co,SPX,USD
JNPR,6463,Juniper Networks Inc,SPX,USD
KSU,32512,Kansas City Southern,SPX,USD
K,8334,Kellogg Company,SPX,USD
KEY,8105,KeyCorp,SPX,USD
KMB,269,Kimberly-Clark Corporation,SPX,USD
KIM,8337,Kimco Realty Corporation,SPX,USD
KMI,32518,Kinder Morgan Inc,SPX,USD
KLAC,6462,KLA-Tencor Corporation,SPX,USD
KSS,8148,Kohl's Corporation,SPX,USD
KHC,270,Kraft Heinz Co,SPX,USD
KR,8062,Kroger Company,SPX,USD
LB,8024,L Brands Inc,SPX,USD
LLL,7909,L3 Technologies Inc,SPX,USD
LH,8113,Laboratory Corporation of America,SPX,USD
LRCX,6445,Lam Research Corp,SPX,USD
LEG,8023,Leggett & Platt Incorporated,SPX,USD
LEN,7961,Lennar Corporation,SPX,USD
LUK,8176,Leucadia National Corporation,SPX,USD
LVLT,6513,Level 3 Communications Inc,SPX,USD
LNC,8131,Lincoln National Corporation,SPX,USD
LLTC,6486,Linear Technology Corporation,SPX,USD
LKQ,39152,LKQ Corporation,SPX,USD
LMT,7880,Lockheed Martin Corporation,SPX,USD
L,13083,Loews Corporation,SPX,USD
LOW,10549,Lowe's Companies Inc,SPX,USD
LYB,39251,LyondellBasell Industries NV,SPX,USD
MTB,8275,M&T Bank Corporation,SPX,USD
MAC,32359,Macerich Company,SPX,USD
M,8945,Macy's Inc,SPX,USD
MNK,41186,Mallinckrodt,SPX,USD
MRO,8099,Marathon Oil Corporation,SPX,USD
MPC,13947,Marathon Petroleum Corporation,SPX,USD
MAR,8136,Marriott International Inc,SPX,USD
MMC,8328,Marsh & McLennan Companies Inc,SPX,USD
MLM,20299,Martin Marietta Materials Inc,SPX,USD
MAS,8184,Masco Corporation,SPX,USD
MA,7864,Mastercard Inc,SPX,USD
MAT,7917,Mattel Inc,SPX,USD
MKC,7924,McCormick & Company Incorporated,SPX,USD
MCD,272,McDonald's Corporation,SPX,USD
MCK,8014,McKesson Corporation,SPX,USD
MJN,13854,Mead Johnson Nutrition Company,SPX,USD
MDT,7857,Medtronic PLC,SPX,USD
MRK,275,Merck & Company Inc,SPX,USD
MET,7947,MetLife Inc,SPX,USD
MTD,20210,Mettler-Toledo International Inc,SPX,USD
KORS,32321,Michael Kors Holdings Limited,SPX,USD
MCHP,6391,Microchip Technology Incorporated,SPX,USD
MU,8092,Micron Technology Inc,SPX,USD
MSFT,252,Microsoft Corporation,SPX,USD
MAA,20151,Mid-America Apartment Communities,SPX,USD
MHK,39172,Mohawk Industries Inc,SPX,USD
TAP,8063,Molson Coors Brewing Company,SPX,USD
MDLZ,32372,Mondelez International Inc,SPX,USD
MON,8951,Monsanto Company,SPX,USD
MNST,6355,Monster Beverage 1990 Corp,SPX,USD
MCO,8946,Moodys Corporation,SPX,USD
MS,8056,Morgan Stanley,SPX,USD
MOS,8278,Mosaic Company,SPX,USD
MSI,276,Motorola Solutions Inc,SPX,USD
MUR,8363,Murphy Oil Corporation,SPX,USD
MYL,13570,Mylan Inc,SPX,USD
NDAQ,6395,Nasdaq Inc,SPX,USD
NOV,8134,National Oilwell Varco Inc,SPX,USD
NAVI,101919,Navient Cor,SPX,USD
NTAP,6440,NetApp Inc,SPX,USD
NFLX,13063,Netflix Inc,SPX,USD
NWL,8345,Newell Brands Inc,SPX,USD
NFX,13855,Newfield Exploration Company,SPX,USD
NEM,8150,Newmont Mining Corporation,SPX,USD
NWS,13065,News Corp B,SPX,USD
NWSA,13795,News Corp A,SPX,USD
NEE,13091,NextEra Energy Inc,SPX,USD
NLSN,20769,Nielsen Holdings,SPX,USD
NKE,8948,Nike Inc,SPX,USD
NI,7896,NiSource Inc,SPX,USD
NBL,8245,Noble Energy Inc,SPX,USD
JWN,8340,Nordstrom Inc,SPX,USD
NSC,8252,Norfolk Southern Corporation,SPX,USD
NTRS,6419,Northern Trust Corporation,SPX,USD
NOC,7861,Northrop Grumman Corporation,SPX,USD
NRG,13857,NRG Energy Inc,SPX,USD
NUE,8128,Nucor Corporation,SPX,USD
NVDA,6497,NVIDIA Corporation,SPX,USD
ORLY,13074,O'Reilly Automotive Inc,SPX,USD
OXY,7954,Occidental Petroleum Corporation,SPX,USD
OMC,8129,Omnicom Group Inc,SPX,USD
OKE,13858,ONEOK Inc,SPX,USD
ORCL,274,Oracle Corporation,SPX,USD
PCAR,6430,PACCAR Inc,SPX,USD
PCG,8251,Pacific Gas & Electric Co,SPX,USD
PH,7976,Parker-Hannifin Corporation,SPX,USD
PDCO,6477,Patterson Companies Inc,SPX,USD
PAYX,6406,Paychex Inc,SPX,USD
PYPL,956170,PayPal Holdings Inc,SPX,USD
PNR,32370,Pentair Ltd,SPX,USD
PBCT,32373,People's United Financial Inc,SPX,USD
PEP,8358,PepsiCo Inc,SPX,USD
PKI,8279,PerkinElmer Inc,SPX,USD
PRGO,32396,Perrigo Co,SPX,USD
PFE,7989,Pfizer Inc,SPX,USD
PM,8039,Philip Morris International Inc,SPX,USD
PSX,32531,Phillips 66,SPX,USD
PNW,7943,Pinnacle West Capital Corp,SPX,USD
PXD,13860,Pioneer Natural Resources Company,SPX,USD
PBI,8262,Pitney Bowes Inc,SPX,USD
PNC,8057,PNC Financial Services Group Inc,SPX,USD
PPG,8118,PPG Industries Inc,SPX,USD
PPL,8203,PPL Corporation,SPX,USD
PX,7912,Praxair Inc,SPX,USD
PCLN,13072,Priceline.com Incorporated,SPX,USD
PFG,8267,Principal Financial Group Inc,SPX,USD
PG,8952,Procter & Gamble Company,SPX,USD
PGR,7968,Progressive Corporation,SPX,USD
PLD,7923,ProLogis Inc,SPX,USD
PRU,8191,Prudential Financial Inc,SPX,USD
PEG,7893,Public Service Enterprise Group,SPX,USD
PSA,8158,Public Storage,SPX,USD
PHM,8237,PulteGroup Inc,SPX,USD
PVH,32533,PVH Corp,SPX,USD
QRVO,945074,Qorvo Inc,SPX,USD
QCOM,6376,Qualcomm Incorporated,SPX,USD
PWR,19695,Quanta Services Inc,SPX,USD
DGX,8198,Quest Diagnostics Incorporated,SPX,USD
RL,8022,Ralph Lauren Corporation,SPX,USD
RRC,8229,Range Resources Corporation,SPX,USD
RTN,7939,Raytheon Company,SPX,USD
O,39285,Realty Income Corporation,SPX,USD
RHT,9164,Red Hat Inc,SPX,USD
REGN,32391,Regeneron Pharmaceuticals Inc,SPX,USD
RF,7945,Regions Financial Corporation,SPX,USD
RSG,13862,Republic Services Inc,SPX,USD
RAI,8261,Reynolds American Inc,SPX,USD
RHI,8207,Robert Half International Inc,SPX,USD
ROK,8356,Rockwell Automation Inc,SPX,USD
COL,8168,Rockwell Collins Inc,SPX,USD
ROP,13863,Roper Technologies Inc,SPX,USD
ROST,6437,Ross Stores Inc,SPX,USD
RCL,39254,Royal Caribbean Cruises Ltd,SPX,USD
R,8087,Ryder System Inc,SPX,USD
SPGI,8119,S&P Global Inc,SPX,USD
CRM,8294,Salesforce.com Inc,SPX,USD
SCG,13864,Scana Corporation,SPX,USD
SLB,8354,Schlumberger NV,SPX,USD
SNI,13865,Scripps Networks Interactive Inc,SPX,USD
STX,8940,Seagate Technology PLC,SPX,USD
SEE,8076,Sealed Air Corporation,SPX,USD
SRE,8222,Sempra Energy,SPX,USD
SHW,7986,Sherwin-Williams Company,SPX,USD
SIG,39114,Signet Jewelers Ltd,SPX,USD
SPG,8210,Simon Property Group Inc,SPX,USD
SWKS,32378,Skyworks Solutions Inc,SPX,USD
SLG,32515,SL Green Realty Corporation,SPX,USD
SNA,8001,Snap-On Incorporated,SPX,USD
SO,7956,Southern Company,SPX,USD
LUV,7914,Southwest Airlines Company,SPX,USD
SWN,9240,Southwestern Energy Company,SPX,USD
SE,8075,Spectra Energy Corp,SPX,USD
SWK,8160,Stanley Black & Decker Inc,SPX,USD
SPLS,6482,Staples Inc,SPX,USD
SBUX,6500,Starbucks Corporation,SPX,USD
STT,7967,State Street Corporation,SPX,USD
SRCL,6499,Stericycle Inc,SPX,USD
SYK,8186,Stryker Corporation,SPX,USD
STI,7878,SunTrust Banks Inc,SPX,USD
SYMC,6494,Symantec Corporation,SPX,USD
SYF,940815,Synchrony Financial,SPX,USD
SYY,8285,Sysco Corporation,SPX,USD
TROW,6480,T Rowe Price Group Inc,SPX,USD
TGT,8180,Target Corporation,SPX,USD
TEL,19701,TE Connectivity Ltd,SPX,USD
FTI,13843,TechnipFMC PLC,SPX,USD
TGNA,955553,Tegna Inc,SPX,USD
TDC,8106,Teradata Corporation,SPX,USD
TSO,8078,Tesoro Corporation,SPX,USD
TXN,8268,Texas Instruments Incorporated,SPX,USD
TXT,8305,Textron Inc,SPX,USD
AES,8299,The AES Corporation,SPX,USD
SCHW,6491,The Charles Schwab Corporation,SPX,USD
GT,265,The Goodyear Tire & Rubber Company,SPX,USD
TRV,8159,The Travelers Companies Inc,SPX,USD
TMO,8147,Thermo Fisher Scientific Inc,SPX,USD
TIF,8315,Tiffany & Co,SPX,USD
TWX,8178,Time Warner Inc,SPX,USD
TJX,8227,TJX Companies Inc,SPX,USD
TMK,8234,Torchmark Corporation,SPX,USD
TSS,8151,Total System Services Inc,SPX,USD
TSCO,32379,Tractor Supply Company,SPX,USD
TDG,20793,Transdigm Group Incorporated,SPX,USD
RIG,8300,Transocean Ltd,SPX,USD
TRIP,32539,TripAdvisor Inc,SPX,USD
FOXA,23180,Twenty-First Century Fox Inc A,SPX,USD
TSN,8179,Tyson Foods Inc,SPX,USD
ULTA,39338,Ulta Beauty Inc,SPX,USD
UA,976067,Under Armour Inc C,SPX,USD
UNP,8083,Union Pacific Corporation,SPX,USD
UAL,13061,United Continental Holdings Inc,SPX,USD
UDR,32535,United Dominion Realty Trust Inc,SPX,USD
UPS,8199,United Parcel Service Inc,SPX,USD
URI,32516,United Rentals Inc,SPX,USD
UTX,8235,United Technologies Corporation,SPX,USD
UNH,8359,UnitedHealth Group Incorporated,SPX,USD
UHS,39147,Universal Health Services Inc,SPX,USD
UNM,8174,Unum Group,SPX,USD
URBN,13087,Urban Outfitters Inc,SPX,USD
USB,8310,US Bancorp,SPX,USD
VLO,8241,Valero Energy Corporation,SPX,USD
VAR,8153,Varian Medical Systems Inc,SPX,USD
VTR,13866,Ventas Inc,SPX,USD
VRSN,6407,VeriSign Inc,SPX,USD
VRSK,39340,Verisk Analytics Inc,SPX,USD
VZ,8127,Verizon Communications Inc,SPX,USD
VRTX,6353,Vertex Pharmaceuticals Inc,SPX,USD
VFC,7870,VF Corporation,SPX,USD
VIAB,8171,Viacom B Inc,SPX,USD
V,8318,Visa Inc,SPX,USD
VNO,7863,Vornado Realty Trust,SPX,USD
VMC,7974,Vulcan Materials Company,SPX,USD
WMT,7997,Wal-Mart Stores Inc,SPX,USD
WBA,8355,Walgreens Boots Alliance Inc,SPX,USD
DIS,258,Walt Disney Company,SPX,USD
WM,8058,Waste Management Inc,SPX,USD
WAT,7881,Waters Corporation,SPX,USD
WEC,13867,WEC Energy Group Inc,SPX,USD
WFC,7992,Wells Fargo & Company,SPX,USD
HCN,13848,Welltower Inc,SPX,USD
WDC,8117,Western Digital Corporation,SPX,USD
WU,8323,Western Union Company,SPX,USD
WRK,955555,WestRock Co,SPX,USD
WY,8953,Weyerhaeuser Company,SPX,USD
WHR,8228,Whirlpool Corporation,SPX,USD
WFM,6459,Whole Foods Market Inc,SPX,USD
WMB,8122,Williams Companies Inc,SPX,USD
WLTW,29740,Willis Towers Watson PLC,SPX,USD
GWW,8030,WW Grainger Inc,SPX,USD
WYN,8239,Wyndham Worldwide Corp,SPX,USD
WYNN,6392,Wynn Resorts Limited,SPX,USD
XEL,7875,Xcel Energy Inc,SPX,USD
XRX,8003,Xerox Corporation,SPX,USD
XLNX,6467,Xilinx Inc,SPX,USD
XL,7886,XL Group Ltd,SPX,USD
XYL,32532,Xylem Inc,SPX,USD
YHOO,6402,Yahoo! Inc,SPX,USD
YUM,8327,Yum! Brands Inc,SPX,USD
ZBH,7902,Zimmer Biomet Holdings Inc,SPX,USD
ZION,6418,Zions Bancorporation,SPX,USD
ZTS,41176,Zoetis Inc,SPX,USD
