SUHL,955459,800 Super Holdings Ltd,Singapore,SGD,http://www.investing.com/equities/800-super-holdings-ltd
ETEL,954928,8Telecom International Holdings Co,Singapore,SGD,http://www.investing.com/equities/8telecom-international-holdings-co
ASMA,955526,A-Smart,Singapore,SGD,http://www.investing.com/equities/xpress-holdings-ltd
ASON,953086,A-Sonic Aerospace Ltd,Singapore,SGD,http://www.investing.com/equities/a-sonic-aerospace-ltd
AAGH,955016,AA Group Holdings Ltd,Singapore,SGD,http://www.investing.com/equities/aa-group-holdings-ltd
ABRH,991246,ABR,Singapore,SGD,http://www.investing.com/equities/abr-holdings-ltd
ABTR,955018,Abterra Ltd,Singapore,SGD,http://www.investing.com/equities/abterra-ltd
ABUN,955117,Abundance International,Singapore,SGD,http://www.investing.com/equities/craft-print-international-ltd
ACCO,991247,Accordia Golf Trust,Singapore,SGD,http://www.investing.com/equities/accordia-golf-trust
ACCR,955516,Accrelist,Singapore,SGD,http://www.investing.com/equities/we-holdings-ltd
ACEA,991248,Ace Achieve Infocom,Singapore,SGD,http://www.investing.com/equities/ace-achieve-infocom-ltd
ACES,960733,Acesian Partners Ltd,Singapore,SGD,http://www.investing.com/equities/acesian-partners-ltd
ACMA,953875,Acma Ltd,Singapore,SGD,http://www.investing.com/equities/acma-ltd
ACRO,976478,ACROMEC,Singapore,SGD,http://www.investing.com/equities/acromec-ltd
AVAU,955048,Addvalue Technologies Ltd,Singapore,SGD,http://www.investing.com/equities/addvalue-technologies-ltd
ADVA,955021,Advanced Holdings Ltd,Singapore,SGD,http://www.investing.com/equities/advanced-holdings-ltd
ADSA,955020,Advanced Systems Automation Ltd,Singapore,SGD,http://www.investing.com/equities/advanced-systems-automation-ltd
ADVN,985898,Advancer Global,Singapore,SGD,http://www.investing.com/equities/advancer-global-ltd
ADVE,955022,Adventus Holdings Ltd,Singapore,SGD,http://www.investing.com/equities/adventus-holdings-ltd
AEIC,953085,AEI Corporation Ltd,Singapore,SGD,http://www.investing.com/equities/aei-corporation-ltd
AEM,955024,Aem Holdings Ltd,Singapore,SGD,http://www.investing.com/equities/aem-holdings-ltd
AFGL,955281,AF Global,Singapore,SGD,http://www.investing.com/equities/lcd-global-investments-ltd
AGVG,986629,AGV Group,Singapore,SGD,http://www.investing.com/equities/agv-group-ltd
AIMA,989619,AIMS AMP Capital,Singapore,SGD,http://www.investing.com/equities/aims-amp-capital-industrial-reit
ALIB,991250,Alibaba Pictures,Singapore,SGD,http://www.investing.com/equities/alibaba-pictures-group-ltd?cid=991250
ALLA,1131575,Alliance Healthcare Group,Singapore,SGD,http://www.investing.com/equities/alliance-healthcare-group-ltd
ALIT,955026,Alliance Mineral,Singapore,SGD,http://www.investing.com/equities/alliance-mineral?cid=955026
ALLT,955027,Allied Technologies Ltd,Singapore,SGD,http://www.investing.com/equities/allied-technologies-ltd
ALPH,955028,Alpha Energy Holdings Ltd,Singapore,SGD,http://www.investing.com/equities/alpha-energy-holdings-ltd
AMRA,955030,Amara Holdings Ltd,Singapore,SGD,http://www.investing.com/equities/amara-holdings-ltd
AMOS,991272,Amos,Singapore,SGD,http://www.investing.com/equities/gaylin-holdings
AMPL,945703,Amplefield Ltd,Singapore,SGD,http://www.investing.com/equities/amplefield-ltd
ANAN,955074,AnAn,Singapore,SGD,http://www.investing.com/equities/cefc-international-ltd
ANCH,969025,Anchor Resources,Singapore,SGD,http://www.investing.com/equities/anchor-resources-ltd
ANIH,955032,Anchun International Holdings Ltd,Singapore,SGD,http://www.investing.com/equities/anchun-international-holdings-ltd
AAIK,991245,Annaik,Singapore,SGD,http://www.investing.com/equities/annaik-ltd
ANHL,955031,Annica Holdings Ltd,Singapore,SGD,http://www.investing.com/equities/annica-holdings-ltd
AOXI,1008989,Aoxin Q & M Dental,Singapore,SGD,http://www.investing.com/equities/aoxin-q---m-dental-group-ltd
AOIL,955033,AP Oil International Ltd,Singapore,SGD,http://www.investing.com/equities/ap-oil-international-ltd
APAC,1052694,APAC Realty,Singapore,SGD,http://www.investing.com/equities/apac-realty
ARAU,1130940,ARA US Hospitality,Singapore,SGD,http://www.investing.com/equities/ara-us-hospitality
ARIO,955146,Arion Entertainment,Singapore,SGD,http://www.investing.com/equities/elektromotive-group-ltd
ARTT,955037,Artivision Technologies Ltd,Singapore,SGD,http://www.investing.com/equities/artivision-technologies-ltd
ASHP,999072,Ascendas Hospitality,Singapore,SGD,http://www.investing.com/equities/ascendas-hospitality-trust
AINT,991249,Ascendas India Trust,Singapore,SGD,http://www.investing.com/equities/ascendas-india-trust
AEMN,1096548,Ascendas Real Estate Inv,Singapore,SGD,http://www.investing.com/equities/ascendas-real-estate-inv?cid=1096548
ASCO,991251,Ascott Residence Trust,Singapore,SGD,http://www.investing.com/equities/ascott-residence-trust
AEHL,955023,Asia Enterprises Holding Ltd,Singapore,SGD,http://www.investing.com/equities/asia-enterprises-holding-ltd
ASFN,955038,Asia Fashion Holdings Ltd,Singapore,SGD,http://www.investing.com/equities/asia-fashion-holdings-ltd
ASIV,955433,Asia Vets,Singapore,SGD,http://www.investing.com/equities/smartflex-holdings-ltd
ASIM,955039,AsiaMedic Ltd,Singapore,SGD,http://www.investing.com/equities/asiamedic-ltd
ASAI,1089253,Asian Healthcare Specialists,Singapore,SGD,http://www.investing.com/equities/asian-healthcare-specialists
AMHL,1122527,Asian Micro,Singapore,SGD,http://www.investing.com/equities/asian-micro
ASIA,969026,Asian Pay Television Trust,Singapore,SGD,http://www.investing.com/equities/asian-pay-television-trust
ASIP,955040,AsiaPhos Ltd,Singapore,SGD,http://www.investing.com/equities/asiaphos-ltd
ATIC,955043,Asiatic Group Holdings Ltd,Singapore,SGD,http://www.investing.com/equities/asiatic-group-holdings-ltd
ASLM,955041,ASL Marine Holdings Ltd,Singapore,SGD,http://www.investing.com/equities/asl-marine-holdings-ltd
ASPE,1031247,Aspen,Singapore,SGD,http://www.investing.com/equities/aspen
ASPA,955042,Aspial Corporation Ltd,Singapore,SGD,http://www.investing.com/equities/aspial-corporation-ltd
ASTA,955139,Astaka Holdings,Singapore,SGD,http://www.investing.com/equities/e2-capital-holdings-ltd
ATIH,955044,ASTI Holdings Ltd,Singapore,SGD,http://www.investing.com/equities/asti-holdings-ltd
ATLA,991252,Atlantic Navigation Singapore,Singapore,SGD,http://www.investing.com/equities/atlantic-navigation-holdings-singap
ATTI,953087,Attilan Group Ltd,Singapore,SGD,http://www.investing.com/equities/attilan-group-ltd
AUSG,955047,AusGroup Ltd,Singapore,SGD,http://www.investing.com/equities/ausgroup-ltd
AVTH,955050,Avi Tech Electronics Ltd,Singapore,SGD,http://www.investing.com/equities/avi-tech-electronics-ltd
AVIC,955049,Avic International Maritime,Singapore,SGD,http://www.investing.com/equities/avic-international-maritime
AVJH,991253,Avjennings,Singapore,SGD,http://www.investing.com/equities/avjennings?cid=991253
AXCE,991254,Axcelasia,Singapore,SGD,http://www.investing.com/equities/axcelasia-inc
AYON,1089649,Ayondo,Singapore,SGD,http://www.investing.com/equities/ayondo
AZEU,955051,Azeus Systems Holdings Ltd,Singapore,SGD,http://www.investing.com/equities/azeus-systems-holdings-ltd
BATE,955054,Baker Technology Ltd,Singapore,SGD,http://www.investing.com/equities/baker-technology-ltd
BANL,955052,Ban Leong Technologies Ltd,Singapore,SGD,http://www.investing.com/equities/ban-leong-technologies-ltd
BANY,955053,Banyan Tree Holdings Ltd,Singapore,SGD,http://www.investing.com/equities/banyan-tree-holdings-ltd
BBRS,955055,BBR Holdings S Ltd,Singapore,SGD,http://www.investing.com/equities/bbr-holdings-s-ltd
BENK,955057,Beng Kuang Marine Ltd,Singapore,SGD,http://www.investing.com/equities/beng-kuang-marine-ltd
BEST,955058,Best World International,Singapore,SGD,http://www.investing.com/equities/best-world-international-ltd
BHGC,955059,BH Global Corp Ltd,Singapore,SGD,http://www.investing.com/equities/bh-global-corp-ltd
BHGR,991255,BHG Retail REIT,Singapore,SGD,http://www.investing.com/equities/bhg-retail-reit
BIOL,1117816,Biolidics,Singapore,SGD,http://www.investing.com/equities/biolidics
BLAC,945923,Blackgold,Singapore,SGD,http://www.investing.com/equities/nh-ceramics-ltd
BLUM,955061,Blumont Group Ltd,Singapore,SGD,http://www.investing.com/equities/blumont-group-ltd
BRRM,991256,Boardroom,Singapore,SGD,http://www.investing.com/equities/boardroom-ltd
BOLD,1122528,Boldtek,Singapore,SGD,http://www.investing.com/equities/boldtek
BVHS,955068,Bonvests Holdings Ltd,Singapore,SGD,http://www.investing.com/equities/bonvests-holdings-ltd
BOUS,953088,Boustead Projects Ltd,Singapore,SGD,http://www.investing.com/equities/boustead-projects-ltd
BTSS,955066,Boustead Singapore Ltd,Singapore,SGD,http://www.investing.com/equities/boustead-singapore-ltd
BRCA,955062,BRC Asia Ltd,Singapore,SGD,http://www.investing.com/equities/brc-asia-ltd
BRET,955063,BreadTalk,Singapore,SGD,http://www.investing.com/equities/breadtalk-group-ltd
BRWY,955064,Broadway Industrial Group Ltd,Singapore,SGD,http://www.investing.com/equities/broadway-industrial-group-ltd
BROO,953099,Brook Crompton,Singapore,SGD,http://www.investing.com/equities/lindeteves-jacoberg
BSES,955065,Bukit Sembawang Estates Ltd,Singapore,SGD,http://www.investing.com/equities/bukit-sembawang-estates-ltd
BUMI,955067,Bumitama Agri Ltd,Singapore,SGD,http://www.investing.com/equities/bumitama-agri-ltd
BCIL,955056,Bund Center Investment Ltd,Singapore,SGD,http://www.investing.com/equities/bund-center-investment-ltd
CGEP,955078,C&G Environmental Protection,Singapore,SGD,http://www.investing.com/equities/c-g-environmental-protection
CALT,999073,Cache Logistics,Singapore,SGD,http://www.investing.com/equities/cache-logistics-trust
CACF,955069,Cacola Furniture International Ltd,Singapore,SGD,http://www.investing.com/equities/cacola-furniture-international-ltd
CAPI,955479,Capital World,Singapore,SGD,http://www.investing.com/equities/terratech-group-ltd
CATL,1055169,Capitaland,Singapore,SGD,http://www.investing.com/equities/capitaland?cid=1055169
CACT,1096552,CapitaLand Commercial Trust,Singapore,SGD,http://www.investing.com/equities/capitacommercial-trust?cid=1096552
CMLT,1096551,Capitaland Mall,Singapore,SGD,http://www.investing.com/equities/capitamall-trust?cid=1096551
CRCT,991264,CapitaLand Retail China Trust,Singapore,SGD,http://www.investing.com/equities/capitaland-retail-china-trust
CAPT,953089,Captii Ltd,Singapore,SGD,http://www.investing.com/equities/captii-ltd
CASA,955071,Casa Holdings Ltd,Singapore,SGD,http://www.investing.com/equities/casa-holdings-ltd
CDLT,991257,CDL Hospitality Trusts,Singapore,SGD,http://www.investing.com/equities/cdl-hospitality-trusts
CDWH,955073,CDW Holding,Singapore,SGD,http://www.investing.com/equities/cdw-holding-ltd
CEII,953090,CEI,Singapore,SGD,http://www.investing.com/equities/cei-contract-manufacturing
CNCL,955106,Centurion,Singapore,SGD,http://www.investing.com/equities/centurion-corporation-ltd
CHOF,955093,CH Offshore Ltd,Singapore,SGD,http://www.investing.com/equities/ch-offshore-ltd
CHAL,991259,Challenger Tech,Singapore,SGD,http://www.investing.com/equities/challenger-technologies-ltd
CHHL,955088,Chasen Holdings Ltd,Singapore,SGD,http://www.investing.com/equities/chasen-holdings-ltd
CHAS,955080,ChasWood Resources Holdings Ltd,Singapore,SGD,http://www.investing.com/equities/chaswood-resources-holdings-ltd
CHEM,955082,Chemical Industries Far East Ltd,Singapore,SGD,http://www.investing.com/equities/chemical-industries-far-east-ltd
CHWO,955096,Cheung Woh Technologies Ltd,Singapore,SGD,http://www.investing.com/equities/cheung-woh-technologies-ltd
CNAO,955105,China Aviation Oil Singapore Corp,Singapore,SGD,http://www.investing.com/equities/china-aviation-oil-singapore-corp
CHEN,955083,China Environment Ltd,Singapore,SGD,http://www.investing.com/equities/china-environment-ltd
CERG,955075,China Environmental Resources Group,Singapore,SGD,http://www.investing.com/equities/china-environmental-resources-group
CEWL,955077,China Everbright Water Ltd,Singapore,SGD,http://www.investing.com/equities/china-everbright-water-ltd
CGXF,954926,China Gaoxian Fibre Fabric Holdings,Singapore,SGD,http://www.investing.com/equities/china-gaoxian-fibre-fabric-holdings
CHIG,991261,China Great Land,Singapore,SGD,http://www.investing.com/equities/china-great-land-holdings-ltd
CHHA,955087,China Haida Ltd,Singapore,SGD,http://www.investing.com/equities/china-haida-ltd
CHNA,955092,China International,Singapore,SGD,http://www.investing.com/equities/china-international-holdings-ltd
CJIS,955100,China Jishan Holdings Ltd,Singapore,SGD,http://www.investing.com/equities/china-jishan-holdings-ltd
CKFC,955101,China Kangda Food Co Ltd,Singapore,SGD,http://www.investing.com/equities/china-kangda-food-co-ltd
CKUN,955102,China Kunda Technology Holdings Ltd,Singapore,SGD,http://www.investing.com/equities/china-kunda-technology-holdings-ltd
CMIL,955104,China Mining International Ltd,Singapore,SGD,http://www.investing.com/equities/china-mining-international-ltd
CHIR,955034,China Real Estate,Singapore,SGD,http://www.investing.com/equities/asia-pacific-strategic-investments
CSIL,955121,China Sports International Ltd,Singapore,SGD,http://www.investing.com/equities/china-sports-international-ltd
CHIA,985142,China Star Food,Singapore,SGD,http://www.investing.com/equities/china-star-food-group-ltd
CHSN,955095,China Sunsine Chemical Holdings Ltd,Singapore,SGD,http://www.investing.com/equities/china-sunsine-chemical-holdings-ltd
CYBP,955124,China Yuanbang Property Holdings,Singapore,SGD,http://www.investing.com/equities/china-yuanbang-property-holdings
CHGI,955086,Chinese Global Investors Group Ltd,Singapore,SGD,http://www.investing.com/equities/chinese-global-investors-group-ltd
CESE,955076,Chip Eng Seng Corporation Ltd,Singapore,SGD,http://www.investing.com/equities/chip-eng-seng-corporation-ltd
CHOO,958295,Choo Chiang Holdings Ltd,Singapore,SGD,http://www.investing.com/equities/choo-chiang-holdings-ltd
CHHS,955089,Chuan Hup Holdings Ltd,Singapore,SGD,http://www.investing.com/equities/chuan-hup-holdings-ltd
CITI,955500,CITIC Envirotech,Singapore,SGD,http://www.investing.com/equities/united-envirotech-ltd
CITC,1120704,Citicode,Singapore,SGD,http://www.investing.com/equities/advance-sct
CTDM,1096549,City Development,Singapore,SGD,http://www.investing.com/equities/city-developments?cid=1096549
CTDM_p,955122,City Developments Ltd Pref,Singapore,SGD,http://www.investing.com/equities/city-developments-ltd-pref
CIVM,955099,Civmec Ltd,Singapore,SGD,http://www.investing.com/equities/civmec-ltd
CLEA,1057286,Clearbridge Health,Singapore,SGD,http://www.investing.com/equities/clearbridge-health
CNGR,955108,CNA Group Ltd,Singapore,SGD,http://www.investing.com/equities/cna-group-ltd
CNMC,955109,CNMC Goldmine Holdings Ltd,Singapore,SGD,http://www.investing.com/equities/cnmc-goldmine-holdings-ltd
COLX,955112,Colex Holdings Ltd,Singapore,SGD,http://www.investing.com/equities/colex-holdings-ltd
CMDG,1055164,ComfortDelGro,Singapore,SGD,http://www.investing.com/equities/comfortdelgro-corporation?cid=1055164
INTN,955113,Compact Metal,Singapore,SGD,http://www.investing.com/equities/compact-metal-industries-ltd
CORD,955114,Cordlife Group Ltd,Singapore,SGD,http://www.investing.com/equities/cordlife-group-ltd
CORT,1120705,Cortina,Singapore,SGD,http://www.investing.com/equities/cortina
COSC,8976,COSCO Corp,Singapore,SGD,http://www.investing.com/equities/cosco-corporation
COSM,955115,CosmoSteel Holdings Ltd,Singapore,SGD,http://www.investing.com/equities/cosmosteel-holdings-ltd
COUA,953091,Courage Invest,Singapore,SGD,http://www.investing.com/equities/courage-marine-group
CIPH,955098,CPH Ltd,Singapore,SGD,http://www.investing.com/equities/cph-ltd
CREA,955118,Creative Technology Ltd,Singapore,SGD,http://www.investing.com/equities/creative-technology-ltd
CROM,1055964,Cromwell European RE,Singapore,SGD,http://www.investing.com/equities/cromwell-european-re
CSCH,955119,CSC Holdings Ltd,Singapore,SGD,http://www.investing.com/equities/csc-holdings-ltd
CSES,955120,CSE Global Ltd,Singapore,SGD,http://www.investing.com/equities/cse-global-ltd
DAIR,1096544,Dairy Farm Intl Holdings,Singapore,SGD,http://www.investing.com/equities/dairy-farm-intl-holdings?cid=1096544
DRWT,955136,Darco Water Technologies Ltd,Singapore,SGD,http://www.investing.com/equities/darco-water-technologies-ltd
DASI,995712,Dasin Retail,Singapore,SGD,http://www.investing.com/equities/dasin-retail-trust
DATA,955126,Datapulse Technology Ltd,Singapore,SGD,http://www.investing.com/equities/datapulse-technology-ltd
DBSM,1055167,DBS,Singapore,SGD,http://www.investing.com/equities/dbs-group-holdings?cid=1055167
DBSM_pc,955127,DBS Bank Ltd Pref,Singapore,SGD,http://www.investing.com/equities/dbs-bank-ltd-pref
DPDL,955134,Debao Property Development Ltd,Singapore,SGD,http://www.investing.com/equities/debao-property-development-ltd
DMPL,955133,Del Monte Pacific Ltd,Singapore,SGD,http://www.investing.com/equities/del-monte-pacific-ltd
DELF,955368,Delfi,Singapore,SGD,http://www.investing.com/equities/petra-foods-ltd
DELO,969027,Delong Holdings,Singapore,SGD,http://www.investing.com/equities/delong-holdings-ltd
DESS,955130,Design Studio Group Ltd,Singapore,SGD,http://www.investing.com/equities/design-studio-group-ltd
DISA,955149,DISA,Singapore,SGD,http://www.investing.com/equities/equation-summit-ltd
DLFH,1095120,DLF Holdings,Singapore,SGD,http://www.investing.com/equities/dlf-holdings
DONA,1156769,Don Agro Intl,Singapore,SGD,http://www.investing.com/equities/don-agro-international-ltd
DRGN,955135,Dragon Group International Ltd,Singapore,SGD,http://www.investing.com/equities/dragon-group-international-ltd
DDHL,955128,Dukang Distillers Holdings Ltd,Singapore,SGD,http://www.investing.com/equities/dukang-distillers-holdings-ltd
DTHL,955137,Dutech Holdings Ltd,Singapore,SGD,http://www.investing.com/equities/dutech-holdings-ltd
DUTY,955138,Duty Free International Ltd,Singapore,SGD,http://www.investing.com/equities/duty-free-international-ltd
DMHL,955132,Dyna Mac Holdings Ltd,Singapore,SGD,http://www.investing.com/equities/dyna-mac-holdings-ltd
DYCL,991266,Dynamic Colours,Singapore,SGD,http://www.investing.com/equities/dynamic-colours-ltd
EAGL,1131248,Eagle Hospitality Trust,Singapore,SGD,http://www.investing.com/equities/eagle-hospitality-trust
ECWO,986105,EC World REIT,Singapore,SGD,http://www.investing.com/equities/ec-world-reit
ECOW,955140,Ecowise Holdings Ltd,Singapore,SGD,http://www.investing.com/equities/ecowise-holdings-ltd
EDIT,955141,Edition Ltd,Singapore,SGD,http://www.investing.com/equities/edition-ltd
EIND,962541,Eindec,Singapore,SGD,http://www.investing.com/equities/eindec-corp-ltd
EELT,955142,Elec & Eltek International Company,Singapore,SGD,http://www.investing.com/equities/elec---eltek-international-company
ELIE,1156675,Elite Comm,Singapore,SGD,http://www.investing.com/equities/elite-commercial-reit
ELPZ,955145,Ellipsiz Ltd,Singapore,SGD,http://www.investing.com/equities/ellipsiz-ltd
EMAS,942441,Emas Offshore Construction Pte,Singapore,SGD,http://www.investing.com/equities/emas-offshore-construction-pte-ltd
EMER,991258,Emerging Towns Cities Singapore,Singapore,SGD,http://www.investing.com/equities/cedar-strategic-holdings-ltd
EMSE,955147,EMS Energy Ltd,Singapore,SGD,http://www.investing.com/equities/ems-energy-ltd
ENEC,955390,Eneco Energy,Singapore,SGD,http://www.investing.com/equities/ramba-energy-ltd
ENGR,955148,Engro Corporation Ltd,Singapore,SGD,http://www.investing.com/equities/engro-corporation-ltd
ETIK,955152,Envictus International Holdings Ltd,Singapore,SGD,http://www.investing.com/equities/envictus-international-holdings-ltd
EHHL,955144,Enviro Hub Holdings Ltd,Singapore,SGD,http://www.investing.com/equities/enviro-hub-holdings-ltd
EPHL,1120706,EpiCentre,Singapore,SGD,http://www.investing.com/equities/epicentre
ESRR,991262,ESR-REIT,Singapore,SGD,http://www.investing.com/equities/cambridge-industrial-trust
EURO,955154,EuroSports Global Ltd,Singapore,SGD,http://www.investing.com/equities/eurosports-global-ltd
EXCE,955155,Excelpoint Technology Ltd,Singapore,SGD,http://www.investing.com/equities/excelpoint-technology-ltd
EZHL,955157,Ezion Holdings,Singapore,SGD,http://www.investing.com/equities/ezion-holdings
EZRA,955158,Ezra Holdings Ltd,Singapore,SGD,http://www.investing.com/equities/ezra-holdings-ltd
FRNM,8964,F & N,Singapore,SGD,http://www.investing.com/equities/fraser-and-neave
FJBN,955168,F J Benjamin Holdings Ltd,Singapore,SGD,http://www.investing.com/equities/f-j-benjamin-holdings-ltd
FBCH,960734,Fabchem China Ltd,Singapore,SGD,http://www.investing.com/equities/fabchem-china-ltd
FEGL,955163,Falcon Energy Group Ltd,Singapore,SGD,http://www.investing.com/equities/falcon-energy-group-ltd
FAEA,955159,Far East Group Ltd,Singapore,SGD,http://www.investing.com/equities/far-east-group-ltd
FAEH,955160,Far East Hospitality Trust,Singapore,SGD,http://www.investing.com/equities/far-east-hospitality-trust
FARE,955161,Far East Orchard Ltd,Singapore,SGD,http://www.investing.com/equities/far-east-orchard-ltd
FEDL,955162,Federal International 2000 Ltd,Singapore,SGD,http://www.investing.com/equities/federal-international-2000-ltd
FIGT,955166,Figtree Holdings Ltd,Singapore,SGD,http://www.investing.com/equities/figtree-holdings-ltd
FRET,991270,First REIT,Singapore,SGD,http://www.investing.com/equities/first-real-estate-investment-trust
FRLD,955173,First Resources Ltd,Singapore,SGD,http://www.investing.com/equities/first-resources-ltd
FSLT,991271,First Ship Lease Trust,Singapore,SGD,http://www.investing.com/equities/first-ship-lease-trust
FSCA,955174,First Sponsor Group Ltd,Singapore,SGD,http://www.investing.com/equities/first-sponsor-group-ltd
FEMP,955164,Food Empire Holdings Ltd,Singapore,SGD,http://www.investing.com/equities/food-empire-holdings-ltd
FFHL,955165,Foreland Fabrictech Holdings Ltd,Singapore,SGD,http://www.investing.com/equities/foreland-fabrictech-holdings-ltd
FOIL,955190,Forise Int,Singapore,SGD,http://www.investing.com/equities/great-group-holdings-ltd
FORR,1123814,Fortress Minerals,Singapore,SGD,http://www.investing.com/equities/fortress-minerals-ltd
FORT,991268,Fortune REIT,Singapore,SGD,http://www.investing.com/equities/fortune-real-estate-investment-trus
FRAG,955169,Fragrance Group Ltd,Singapore,SGD,http://www.investing.com/equities/fragrance-group-ltd
FCRT,991267,Frasers Centrepoint Trust,Singapore,SGD,http://www.investing.com/equities/frasers-centrepoint-trust
FRCR,991269,Frasers Commercial Trust,Singapore,SGD,http://www.investing.com/equities/frasers-commercial-trust
FRHO,955172,Frasers Hospitality Trust,Singapore,SGD,http://www.investing.com/equities/frasers-hospitality-trust
FRAE,985814,Frasers Logistics,Singapore,SGD,http://www.investing.com/equities/frasers-logistics-and-industrial-tr
FRPL,1096559,Frasers Property,Singapore,SGD,http://www.investing.com/equities/frasers-centrepoint-ltd?cid=1096559
FREN,955171,Frencken Group Ltd,Singapore,SGD,http://www.investing.com/equities/frencken-group-ltd
FUYU,955175,Fu Yu Corporation Ltd,Singapore,SGD,http://www.investing.com/equities/fu-yu-corporation-ltd
FULL,980208,Full Apex,Singapore,SGD,http://www.investing.com/equities/full-apex-holdings
FXCG,953094,Fuxing China Group Ltd,Singapore,SGD,http://www.investing.com/equities/fuxing-china-group-ltd
GKHS,955181,G. K. Goh Holdings Ltd,Singapore,SGD,http://www.investing.com/equities/g.-k.-goh-holdings-ltd
GLVT,955185,Gallant Venture Ltd,Singapore,SGD,http://www.investing.com/equities/gallant-venture-ltd
GCCP,953095,GCCP Resources Ltd,Singapore,SGD,http://www.investing.com/equities/gccp-resources-ltd
GDSG,991273,GDS Global,Singapore,SGD,http://www.investing.com/equities/gds-global-ltd
GENS,1055171,Genting Singapore,Singapore,SGD,http://www.investing.com/equities/genting-international?cid=1055171
GEOE,955179,Geo Energy Resources Ltd,Singapore,SGD,http://www.investing.com/equities/geo-energy-resources-ltd
GKEC,955180,GKE Corporation Ltd,Singapore,SGD,http://www.investing.com/equities/gke-corporation-ltd
GLLI,955194,GL Ltd,Singapore,SGD,http://www.investing.com/equities/guocoleisure-ltd
GLOB,955184,Global Invacom Group Ltd,Singapore,SGD,http://www.investing.com/equities/global-invacom-group-ltd
GLNV,955183,Global Invest,Singapore,SGD,http://www.investing.com/equities/global-investments-ltd
GPRL,961972,Global Palm Resources Holdings Ltd,Singapore,SGD,http://www.investing.com/equities/global-palm-resources-holdings-ltd
GTCL,953880,Global Testing Corp Ltd,Singapore,SGD,http://www.investing.com/equities/global-testing-corp-ltd
GOLD,949822,Golden Energy,Singapore,SGD,http://www.investing.com/equities/united-fiber-system-ltd
GAGR,9093,GoldenAgr,Singapore,SGD,http://www.investing.com/equities/golden-agri-resources-ltd
GLGP,955182,Goodland Group Ltd,Singapore,SGD,http://www.investing.com/equities/goodland-group-ltd
GPEI,955187,GP Industries Ltd,Singapore,SGD,http://www.investing.com/equities/gp-industries-ltd
GBYL,955176,Grand Banks Yachts Ltd,Singapore,SGD,http://www.investing.com/equities/grand-banks-yachts-ltd
GRAN,1120707,Grand Venture,Singapore,SGD,http://www.investing.com/equities/grand-venture
GELA,955177,Great Eastern Holdings Ltd,Singapore,SGD,http://www.investing.com/equities/great-eastern-holdings-ltd
GREE,955189,Green Build Technology Ltd,Singapore,SGD,http://www.investing.com/equities/green-build-technology-ltd
GRPS,955191,GRP,Singapore,SGD,http://www.investing.com/equities/grp
GSHO,962542,GS Holdings,Singapore,SGD,http://www.investing.com/equities/gs-holdings-ltd
GSHC,955192,GSH Corporation Ltd,Singapore,SGD,http://www.investing.com/equities/gsh-corporation-ltd
GSSE,945704,Gss Energy Ltd,Singapore,SGD,http://www.investing.com/equities/gss-energy-ltd
GUOA,955193,Guoan International,Singapore,SGD,http://www.investing.com/equities/global-tech-holdings-ltd
GUOC,955195,GuocoLand Ltd,Singapore,SGD,http://www.investing.com/equities/guocoland-ltd
GYPP,953097,GYP Properties,Singapore,SGD,http://www.investing.com/equities/global-yellow-pages
HFRY,955201,Hafary Holdings Ltd,Singapore,SGD,http://www.investing.com/equities/hafary-holdings-ltd
HLHL,961675,Hai Leck Holdings Ltd,Singapore,SGD,http://www.investing.com/equities/hai-leck-holdings-ltd
HALC,955197,HALCYON Agri Corp Ltd,Singapore,SGD,http://www.investing.com/equities/halcyon-agri-corp-ltd
HANW,955198,Hanwell Holdings Ltd,Singapore,SGD,http://www.investing.com/equities/hanwell-holdings-ltd
HATT,955510,Hatten Land,Singapore,SGD,http://www.investing.com/equities/vgo-corporation-ltd
HPAR,955216,Haw Par Corporation Ltd,Singapore,SGD,http://www.investing.com/equities/haw-par-corporation-ltd
HCSU,992979,HC Surgical Specialists,Singapore,SGD,http://www.investing.com/equities/hc-surgical-specialists-ltd
HMIH,955212,Health Management International Ltd,Singapore,SGD,http://www.investing.com/equities/health-management-international-ltd
HEAL,955435,HealthBank,Singapore,SGD,http://www.investing.com/equities/smj-international-holdings-ltd
HEMC,955200,Healthway Medical Corp Ltd,Singapore,SGD,http://www.investing.com/equities/healthway-medical-corp-ltd
HTJT,991276,Heatec Jietong,Singapore,SGD,http://www.investing.com/equities/heatec-jietong-holdings-ltd
HEET,991274,Heeton,Singapore,SGD,http://www.investing.com/equities/heeton-holdings-ltd?cid=991274
HNYG,991275,Hengyang Petrochemical,Singapore,SGD,http://www.investing.com/equities/hengyang-petrochemical-logistics-lt?cid=991275
HGMM,955203,HG Metal Manufacturing Ltd,Singapore,SGD,http://www.investing.com/equities/hg-metal-manufacturing-ltd
HIPI,955205,Hi P International Ltd,Singapore,SGD,http://www.investing.com/equities/hi-p-international-ltd
HIAP,955204,Hiap Hoe Ltd,Singapore,SGD,http://www.investing.com/equities/hiap-hoe-ltd
HSEN,955218,Hiap Seng Engineering Ltd,Singapore,SGD,http://www.investing.com/equities/hiap-seng-engineering-ltd
HTCL,955220,Hiap Tong Corporation Ltd,Singapore,SGD,http://www.investing.com/equities/hiap-tong-corporation-ltd
HKLD,1096542,HK Land Holdings,Singapore,SGD,http://www.investing.com/equities/hongkong-land-holdings?cid=1096542
HLGE,953098,Hl Global Enterprises,Singapore,SGD,http://www.investing.com/equities/hl-global-enterprises
HONL,955209,HLH Group,Singapore,SGD,http://www.investing.com/equities/hlh-group-ltd
HBEE,955199,Ho Bee Land Ltd,Singapore,SGD,http://www.investing.com/equities/ho-bee-land-ltd
HLSG,955211,Hock Lian Seng Holdings Ltd,Singapore,SGD,http://www.investing.com/equities/hock-lian-seng-holdings-ltd
HLEC,955208,Hoe Leong Corporation Ltd,Singapore,SGD,http://www.investing.com/equities/hoe-leong-corporation-ltd
HONG,955214,Hong Fok Corporation Ltd,Singapore,SGD,http://www.investing.com/equities/hong-fok-corporation-ltd
HLAA,955207,Hong Leong Asia Ltd,Singapore,SGD,http://www.investing.com/equities/hong-leong-asia-ltd
HLSF,955210,Hong Leong Finance Ltd,Singapore,SGD,http://www.investing.com/equities/hong-leong-finance-ltd
HKEW,955206,Hor Kew Corporation Ltd,Singapore,SGD,http://www.investing.com/equities/hor-kew-corporation-ltd
HSNG,955219,Hosen Group Ltd,Singapore,SGD,http://www.investing.com/equities/hosen-group-ltd
HGCS,955202,Hotel Grand Central Ltd,Singapore,SGD,http://www.investing.com/equities/hotel-grand-central-ltd
HPPS,955217,Hotel Properties Ltd,Singapore,SGD,http://www.investing.com/equities/hotel-properties-ltd
HTRS,955222,Hotel Royal Ltd,Singapore,SGD,http://www.investing.com/equities/hotel-royal-ltd
HOTU,955215,Hotung Investment Holdings Ltd,Singapore,SGD,http://www.investing.com/equities/hotung-investment-holdings-ltd
HRGS,942742,Hour Glass,Singapore,SGD,http://www.investing.com/equities/hour-glass-ltd
HRNE,1031113,HRnetGroup,Singapore,SGD,http://www.investing.com/equities/hrnetgroup
HUAT,943422,Huationg Global,Singapore,SGD,http://www.investing.com/equities/huationg-global-ltd
HUPS,955224,HupSteel Ltd,Singapore,SGD,http://www.investing.com/equities/hupsteel-ltd
HPHT,41357,Hutchison Port Holdings Trust,Singapore,SGD,http://www.investing.com/equities/hutchison-port-holdings-trust
HWHS,955225,Hwa Hong Corporation Ltd,Singapore,SGD,http://www.investing.com/equities/hwa-hong-corporation-ltd
HYFL,955226,Hyflux,Singapore,SGD,http://www.investing.com/equities/hyflux
HYFL_p,955227,Hyflux Ltd Pref,Singapore,SGD,http://www.investing.com/equities/hyflux-ltd-pref
HYPH,1089252,Hyphens Pharma,Singapore,SGD,http://www.investing.com/equities/hyphens-pharma
ICPL,955228,ICP Ltd,Singapore,SGD,http://www.investing.com/equities/icp-ltd
IEVH,955229,IEV Holdings Ltd,Singapore,SGD,http://www.investing.com/equities/iev-holdings-ltd
IFAS,943424,iFAST Corporation,Singapore,SGD,http://www.investing.com/equities/ifast-corporation-ltd
IFAC,955230,IFS Capital Ltd,Singapore,SGD,http://www.investing.com/equities/ifs-capital-ltd
IHHH,955231,IHH Healthcare,Singapore,SGD,http://www.investing.com/equities/ihh-healthcare-bhd?cid=955231
IMPE,955688,Imperium Crown,Singapore,SGD,http://www.investing.com/equities/imperium-crown
IFAR,949817,Indofood Agri Resources Ltd,Singapore,SGD,http://www.investing.com/equities/indofood-agri-resources-ltd
INFO,955233,Informatics Education Ltd,Singapore,SGD,http://www.investing.com/equities/informatics-education-ltd
INPS,955235,Innopac Holdings Ltd,Singapore,SGD,http://www.investing.com/equities/innopac-holdings-ltd
INTK,955237,InnoTek Ltd,Singapore,SGD,http://www.investing.com/equities/innotek-ltd
IPSL,955240,International Press Softcom Ltd,Singapore,SGD,http://www.investing.com/equities/international-press-softcom-ltd
INTR,955238,Interra Resources Ltd,Singapore,SGD,http://www.investing.com/equities/interra-resources-ltd
ITRS,955246,Intraco Ltd,Singapore,SGD,http://www.investing.com/equities/intraco-ltd
IPCC,953881,IPC Corporation Ltd,Singapore,SGD,http://www.investing.com/equities/ipc-corporation-ltd
IPSS,945135,IPS Securex Holdings Ltd,Singapore,SGD,http://www.investing.com/equities/ips-securex-holdings-ltd
IREI,991277,IREIT Global,Singapore,SGD,http://www.investing.com/equities/ireit-global
ISDN,955241,ISDN Holdings Ltd,Singapore,SGD,http://www.investing.com/equities/isdn-holdings-ltd
ISEC,942525,ISEC Healthcare,Singapore,SGD,http://www.investing.com/equities/isec-healthcare-ltd
ISET,955242,Isetan Singapore Ltd,Singapore,SGD,http://www.investing.com/equities/isetan-singapore-ltd
ISOT,955243,ISOteam Ltd,Singapore,SGD,http://www.investing.com/equities/isoteam-ltd
IXBI,958297,IX Biopharma Ltd,Singapore,SGD,http://www.investing.com/equities/ix-biopharma-ltd
JACK,955247,Jackspeed Corporation Ltd,Singapore,SGD,http://www.investing.com/equities/jackspeed-corporation-ltd
JADA,991278,Jadason Enterprises,Singapore,SGD,http://www.investing.com/equities/jadason-enterprises-ltd
JPFD,955257,Japan Foods Holding Ltd,Singapore,SGD,http://www.investing.com/equities/japan-foods-holding-ltd
JAPF,955249,Japfa Ltd,Singapore,SGD,http://www.investing.com/equities/japfa-ltd
JCYC,1096545,Jardine C&C,Singapore,SGD,http://www.investing.com/equities/jardine-cycle---carriage?cid=1096545
JARD,1096539,Jardine Matheson,Singapore,SGD,http://www.investing.com/equities/jardine-matheson-holdings?cid=1096539
JMGL,955256,Jason Marine Group Ltd,Singapore,SGD,http://www.investing.com/equities/jason-marine-group-ltd
JASP,955250,Jasper Investments Ltd,Singapore,SGD,http://www.investing.com/equities/jasper-investments-ltd
JAWA,1123815,Jawala,Singapore,SGD,http://www.investing.com/equities/jawala-inc
JBFO,955252,JB Foods Ltd,Singapore,SGD,http://www.investing.com/equities/jb-foods-ltd
JCGI,955017,JCG Invest,Singapore,SGD,http://www.investing.com/equities/albedo-ltd
JEPH,955253,JEP,Singapore,SGD,http://www.investing.com/equities/jep-holdings-ltd
JUTN,955258,Jiutian Chemical Group Ltd,Singapore,SGD,http://www.investing.com/equities/jiutian-chemical-group-ltd
JIHL,955254,Joyas International Holdings Ltd,Singapore,SGD,http://www.investing.com/equities/joyas-international-holdings-ltd
JSH,1096541,JSH,Singapore,SGD,http://www.investing.com/equities/jardine-strategic-holdings?cid=1096541
JLJH,955255,Jubilee Industries Holdings Ltd,Singapore,SGD,http://www.investing.com/equities/jubilee-industries-holdings-ltd
JUMB,961676,JUMBO Group Ltd,Singapore,SGD,http://www.investing.com/equities/jumbo-group-ltd
KARI,955259,Karin Technology Holdings Ltd,Singapore,SGD,http://www.investing.com/equities/karin-technology-holdings-ltd
KATR,985997,Katrina Group,Singapore,SGD,http://www.investing.com/equities/katrina-group-ltd
KCAL,955262,Kencana Agri Ltd,Singapore,SGD,http://www.investing.com/equities/kencana-agri-ltd
KEHO,955265,Keong Hong Holdings Ltd,Singapore,SGD,http://www.investing.com/equities/keong-hong-holdings-ltd
KPLM,1096543,Keppel Corp,Singapore,SGD,http://www.investing.com/equities/keppel-corporation?cid=1096543
KEPE,991280,Keppel DC REIT,Singapore,SGD,http://www.investing.com/equities/keppel-dc-reit
KEPL,953882,Keppel Infra REIT,Singapore,SGD,http://www.investing.com/equities/keppel-infra-reit
KPEL,1073141,Keppel Pacific Oak,Singapore,SGD,http://www.investing.com/equities/keppel-kbs-us-reit
KASA,991279,Keppel REIT,Singapore,SGD,http://www.investing.com/equities/keppel-reit-si
KHON,955266,Khong Guan Flour,Singapore,SGD,http://www.investing.com/equities/khong-guan-flour-milling-ltd
KIMH,955267,Kim Heng Offshore & Marine Holdings,Singapore,SGD,http://www.investing.com/equities/kim-heng-offshore---marine-holdings
KIML,998059,Kimly,Singapore,SGD,http://www.investing.com/equities/kimly-ltd
KIWC,955268,King Wan Corporation Ltd,Singapore,SGD,http://www.investing.com/equities/king-wan-corporation-ltd
KCFH,955263,Kingboard Copper Foil Holdings Ltd,Singapore,SGD,http://www.investing.com/equities/kingboard-copper-foil-holdings-ltd
KMEN,955271,Kingsmen Creatives Ltd,Singapore,SGD,http://www.investing.com/equities/kingsmen-creatives-ltd
KCHL,955264,Kitchen Culture Holdings Ltd,Singapore,SGD,http://www.investing.com/equities/kitchen-culture-holdings-ltd
KLWH,955269,KLW Holdings Ltd,Singapore,SGD,http://www.investing.com/equities/klw-holdings-ltd
KODA,955272,Koda Ltd,Singapore,SGD,http://www.investing.com/equities/koda-ltd
KBEE,955260,Koh Brothers Eco Engineering Ltd,Singapore,SGD,http://www.investing.com/equities/koh-brothers-eco-engineering-ltd
KBRO,955261,Koh Brothers Group Ltd,Singapore,SGD,http://www.investing.com/equities/koh-brothers-group-ltd
KOON,1122529,Koon,Singapore,SGD,http://www.investing.com/equities/koon
KOPL,955273,KOP Ltd,Singapore,SGD,http://www.investing.com/equities/kop-ltd
KORI,955274,KORI Holdings Ltd,Singapore,SGD,http://www.investing.com/equities/kori-holdings-ltd
KOUF,1095121,Koufu,Singapore,SGD,http://www.investing.com/equities/koufu
KOYO,955275,Koyo International Ltd,Singapore,SGD,http://www.investing.com/equities/koyo-international-ltd
KRIS,955276,KrisEnergy Ltd,Singapore,SGD,http://www.investing.com/equities/krisenergy-ltd
KSTL,955278,KS Energy Ltd,Singapore,SGD,http://www.investing.com/equities/ks-energy-ltd
KSHH,955277,KSH Holdings Ltd,Singapore,SGD,http://www.investing.com/equities/ksh-holdings-ltd
KTLG,955280,KTL Global Ltd,Singapore,SGD,http://www.investing.com/equities/ktl-global-ltd
KTMG,955296,KTMG,Singapore,SGD,http://www.investing.com/equities/lereno-bio-chem-ltd
LAFE,953883,Lafe Corporation Ltd,Singapore,SGD,http://www.investing.com/equities/lafe-corporation-ltd
LETL,955283,Leader Environmental Technologies,Singapore,SGD,http://www.investing.com/equities/leader-environmental-technologies
LEND,1153025,Lendlease,Singapore,SGD,http://www.investing.com/equities/lendlease-global-commercial-reit
LEYC,955284,Ley Choon Group Holdings Ltd,Singapore,SGD,http://www.investing.com/equities/ley-choon-group-holdings-ltd
LHNL,949818,LHN,Singapore,SGD,http://www.investing.com/equities/lhn-ltd
LHTH,955286,LHT Holdings Ltd,Singapore,SGD,http://www.investing.com/equities/lht-holdings-ltd
LIBG,955288,Lian Beng Group Ltd,Singapore,SGD,http://www.investing.com/equities/lian-beng-group-ltd
LIGL,955290,Libra Group Ltd,Singapore,SGD,http://www.investing.com/equities/libra-group-ltd
LIFE,955289,Lifebrandz,Singapore,SGD,http://www.investing.com/equities/lifebrandz-ltd
LINC,13824,Linc Energy,Singapore,SGD,http://www.investing.com/equities/linc-energy
LIAS,955287,Lion Asiapac Ltd,Singapore,SGD,http://www.investing.com/equities/lion-asiapac-ltd
LION,955291,LionGold Corp Ltd,Singapore,SGD,http://www.investing.com/equities/liongold-corp-ltd
LMRT,989620,Lippo Malls Indonesia,Singapore,SGD,http://www.investing.com/equities/lippo-malls-indonesia-retail-trust
LCTH,955294,Longcheer Holdings,Singapore,SGD,http://www.investing.com/equities/longcheer-holdings-ltd
LRZI,955297,Lorenzo International Ltd,Singapore,SGD,http://www.investing.com/equities/lorenzo-international-ltd
LKH,955292,Low Keng Huat Singapore Ltd,Singapore,SGD,http://www.investing.com/equities/low-keng-huat-singapore-ltd
CWXG,955295,Loyz Energy,Singapore,SGD,http://www.investing.com/equities/loyz-energy-ltd
LUCS,955298,Lum Chang Holdings Ltd,Singapore,SGD,http://www.investing.com/equities/lum-chang-holdings-ltd
LKBH,1120708,Lung Kee Bermuda,Singapore,SGD,http://www.investing.com/equities/lung-kee-bermuda-holdings-ltd?cid=1120708
LUKG,961677,Luxking Group Holdings Ltd,Singapore,SGD,http://www.investing.com/equities/luxking-group-holdings-ltd
LUZH,955299,Luzhou Bio Chem Technology Ltd,Singapore,SGD,http://www.investing.com/equities/luzhou-bio-chem-technology-ltd
LYCO,1062245,LY Corp,Singapore,SGD,http://www.investing.com/equities/ly-corporation-ltd
MDVT,991285,M Development,Singapore,SGD,http://www.investing.com/equities/m-development-ltd
MAGN,949819,Magnus Energy Group Ltd,Singapore,SGD,http://www.investing.com/equities/magnus-energy-group-ltd
MYSC,991286,Malaysia Smelting,Singapore,SGD,http://www.investing.com/equities/malaysia-smelting-corp?cid=991286
MOIL,955320,Mandarin Oriental International Ltd,Singapore,SGD,http://www.investing.com/equities/mandarin-oriental-international-ltd
MANH,955301,Manhattan Resources Ltd,Singapore,SGD,http://www.investing.com/equities/manhattan-resources-ltd
MITD,955316,Manufacturing Integration Tech,Singapore,SGD,http://www.investing.com/equities/manufacturing-integration-tech
MANU,980209,Manulife US RE,Singapore,SGD,http://www.investing.com/equities/manulife-us-real-estate-investment
MACT,1096560,Mapletree Commercial Trust,Singapore,SGD,http://www.investing.com/equities/mapletree-commercial-trust?cid=1096560
MAPI,991283,Mapletree Industrial Trust,Singapore,SGD,http://www.investing.com/equities/mapletree-industrial-trust
MAPL,1096561,Mapletree Logistics Trust,Singapore,SGD,http://www.investing.com/equities/mapletree-logistics-trust?cid=1096561
MAPE,999074,Mapletree North Asia,Singapore,SGD,http://www.investing.com/equities/mapletree-greater-china-commercial
MAPM,955302,Marco Polo Marine Ltd,Singapore,SGD,http://www.investing.com/equities/marco-polo-marine-ltd
MARY,955303,Mary Chia Holdings Ltd,Singapore,SGD,http://www.investing.com/equities/mary-chia-holdings-ltd
MAXI,955304,Maxi Cash Financial Services Corp,Singapore,SGD,http://www.investing.com/equities/maxi-cash-financial-services-corp
MDRT,955306,mDR Ltd,Singapore,SGD,http://www.investing.com/equities/mdr-ltd
MEDN,1115819,Medinex,Singapore,SGD,http://www.investing.com/equities/medinex
MTCS,955325,Medtecs International Corporation,Singapore,SGD,http://www.investing.com/equities/medtecs-international-corporation
MEGA,955307,MegaChem Ltd,Singapore,SGD,http://www.investing.com/equities/megachem-ltd
MEGH,955308,Meghmani Organics,Singapore,SGD,http://www.investing.com/equities/meghmani-organics
MEGR,1123816,MeGroup,Singapore,SGD,http://www.investing.com/equities/megroup-ltd
MEMI,1158787,Memiontec Holdings,Singapore,SGD,http://www.investing.com/equities/memiontec-holdings-ltd
MEMO,955416,Memories,Singapore,SGD,http://www.investing.com/equities/shc-capital-asia-ltd
MEMT,955309,Memtech International Ltd,Singapore,SGD,http://www.investing.com/equities/memtech-international-ltd
MCHL,955305,Mencast Holdings Ltd,Singapore,SGD,http://www.investing.com/equities/mencast-holdings-ltd
MERC,949820,Mercurius Capital Investment,Singapore,SGD,http://www.investing.com/equities/mercurius-capital-investment
MMPC,955319,Mermaid Maritime PCL,Singapore,SGD,http://www.investing.com/equities/mermaid-maritime-pcl
META,955310,Metal Component Engineering Ltd,Singapore,SGD,http://www.investing.com/equities/metal-component-engineering-ltd
METE,955311,Metech,Singapore,SGD,http://www.investing.com/equities/metech-international-ltd
MTHL,955326,Metro Holdings Ltd,Singapore,SGD,http://www.investing.com/equities/metro-holdings-ltd
MEWI,955312,Mewah International Inc,Singapore,SGD,http://www.investing.com/equities/mewah-international-inc
MMEC,955318,Micro Mechanics Holdings Ltd,Singapore,SGD,http://www.investing.com/equities/micro-mechanics-holdings-ltd
MIND,1055965,MindChamps PreSchool,Singapore,SGD,http://www.investing.com/equities/mindchamps-preschool
MIEL,953101,Mirach Energy Ltd,Singapore,SGD,http://www.investing.com/equities/mirach-energy-ltd
MIYO,955317,Miyoshi Ltd,Singapore,SGD,http://www.investing.com/equities/miyoshi-ltd
MM2A,943421,MM2 Asia,Singapore,SGD,http://www.investing.com/equities/mm2-asia-ltd
MMPR,955419,MMP Resources,Singapore,SGD,http://www.investing.com/equities/sino-construction-ltd
MFSL,955313,Moneymax Financial Services Ltd,Singapore,SGD,http://www.investing.com/equities/moneymax-financial-services-ltd
MOYA,955322,Moya Holdings Asia Ltd,Singapore,SGD,http://www.investing.com/equities/moya-holdings-asia-ltd
MSHO,942527,MS Holdings,Singapore,SGD,http://www.investing.com/equities/ms-holdings-ltd
MTLS,955327,MTQ Corporation Ltd,Singapore,SGD,http://www.investing.com/equities/mtq-corporation-ltd
MCHE,953100,Multi Chem Ltd,Singapore,SGD,http://www.investing.com/equities/multi-chem-ltd
MSEL,955324,Mun Siong Engineering Ltd,Singapore,SGD,http://www.investing.com/equities/mun-siong-engineering-ltd
MYPL,955328,MYP Ltd,Singapore,SGD,http://www.investing.com/equities/myp-ltd
NMCG,955338,Nam Cheong,Singapore,SGD,http://www.investing.com/equities/nam-cheong-ltd
NLPM,955337,Nam Lee Pressed Metal Industries,Singapore,SGD,http://www.investing.com/equities/nam-lee-pressed-metal-industries
NCHL,955331,Natural Cool Holdings Ltd,Singapore,SGD,http://www.investing.com/equities/natural-cool-holdings-ltd
NAUT,958298,NauticAWT Pte Ltd,Singapore,SGD,http://www.investing.com/equities/nauticawt-pte-ltd
NEOG,955332,Neo Group Ltd,Singapore,SGD,http://www.investing.com/equities/neo-group-ltd
NERA,955333,Nera Telecommunications Ltd,Singapore,SGD,http://www.investing.com/equities/nera-telecommunications-ltd
NETL,1054657,NetLink,Singapore,SGD,http://www.investing.com/equities/netlink
NEWS,955131,New Silkroutes,Singapore,SGD,http://www.investing.com/equities/digiland-international-ltd
NTYO,955341,New Toyo International Holdings Ltd,Singapore,SGD,http://www.investing.com/equities/new-toyo-international-holdings-ltd
NEWW,955334,New Wave Holdings Ltd,Singapore,SGD,http://www.investing.com/equities/new-wave-holdings-ltd
NGSC,955335,Next Generation Satellite,Singapore,SGD,http://www.investing.com/equities/next-generation-satellite-communic
NICO,991287,Nico Steel,Singapore,SGD,http://www.investing.com/equities/nico-steel-holdings-ltd
NIPP,955336,Nippecraft Ltd,Singapore,SGD,http://www.investing.com/equities/nippecraft-ltd
NOSI,1055966,No Signboard,Singapore,SGD,http://www.investing.com/equities/no-signboard
NOBG,8965,Noble,Singapore,SGD,http://www.investing.com/equities/noble-group
NOEL,1120709,Noel Gifts,Singapore,SGD,http://www.investing.com/equities/noel-gifts
NRGL,955339,Nordic Group Ltd,Singapore,SGD,http://www.investing.com/equities/nordic-group-ltd
NATS,955329,NSL Ltd,Singapore,SGD,http://www.investing.com/equities/nsl-ltd
NTOR,955340,Ntegrator International Ltd,Singapore,SGD,http://www.investing.com/equities/ntegrator-international-ltd
NUTR,954929,NutryFarm Int,Singapore,SGD,http://www.investing.com/equities/lottvision-ltd
OCBC,1055166,OCBC Bank,Singapore,SGD,http://www.investing.com/equities/oversea-chinese-banking-corp.?cid=1055166
OCEA,991288,Ocean Sky Intl,Singapore,SGD,http://www.investing.com/equities/ocean-sky-international?cid=991288
OCGL,955345,Oceanus Group Ltd,Singapore,SGD,http://www.investing.com/equities/oceanus-group-ltd
OELH,955347,OEL Holdings Ltd,Singapore,SGD,http://www.investing.com/equities/oel-holdings-ltd
OKHG,955348,OKH Global Ltd,Singapore,SGD,http://www.investing.com/equities/okh-global-ltd
OKPH,955349,OKP Holdings Ltd,Singapore,SGD,http://www.investing.com/equities/okp-holdings-ltd
OLAM,1096553,Olam,Singapore,SGD,http://www.investing.com/equities/olam-international?cid=1096553
OCKL,955346,Old Chang Kee Ltd,Singapore,SGD,http://www.investing.com/equities/old-chang-kee-ltd
ONEA,991260,Oneapex,Singapore,SGD,http://www.investing.com/equities/chews-group-ltd
OSSA,955353,Ossia International Ltd,Singapore,SGD,http://www.investing.com/equities/ossia-international-ltd
OUEC,999075,OUE Commercial,Singapore,SGD,http://www.investing.com/equities/oue-commercial-reit
OUER,955356,OUE Hospitality Trust,Singapore,SGD,http://www.investing.com/equities/oue-hospitality-trust
OUEL,955236,Oue Lippo Healthcare,Singapore,SGD,http://www.investing.com/equities/international-healthway-corporation
OVES,955358,OUE Ltd,Singapore,SGD,http://www.investing.com/equities/oue-ltd
OUEH,955355,Ouhua Energy Holdings Ltd,Singapore,SGD,http://www.investing.com/equities/ouhua-energy-holdings-ltd
OVER,955357,Overseas Education Ltd,Singapore,SGD,http://www.investing.com/equities/overseas-education-ltd
OXHL,955359,Oxley Holdings Ltd,Singapore,SGD,http://www.investing.com/equities/oxley-holdings-ltd
P5CA,955458,P5 Capital,Singapore,SGD,http://www.investing.com/equities/sunlight-group-hldg-ltd
PACC,955360,PACC Offshore Services Holdings Ltd,Singapore,SGD,http://www.investing.com/equities/pacc-offshore-services-holdings-ltd
PACF,955361,Pacific Andes Resources Development,Singapore,SGD,http://www.investing.com/equities/pacific-andes-resources-development
PCEN,955365,Pacific Century Regional Develop,Singapore,SGD,http://www.investing.com/equities/pacific-century-regional-develop
PACI,955362,Pacific Radiance Ltd,Singapore,SGD,http://www.investing.com/equities/pacific-radiance-ltd
PACS,955285,Pacific Star Development,Singapore,SGD,http://www.investing.com/equities/lh-group-ltd
PANH,955375,Pan Hong Group Holdings,Singapore,SGD,http://www.investing.com/equities/pan-hong-property-group-ltd
PANU,955364,Pan United Corporation Ltd,Singapore,SGD,http://www.investing.com/equities/pan-united-corporation-ltd
PRAL,955379,Parkson Retail Asia Ltd,Singapore,SGD,http://www.investing.com/equities/parkson-retail-asia-ltd
PWLR,991291,Parkway Life REIT,Singapore,SGD,http://www.investing.com/equities/parkway-life-real-estate-investment
PAVI,999076,Pavillon Holdings,Singapore,SGD,http://www.investing.com/equities/pavillon-holdings-ltd
PECL,955367,PEC Ltd,Singapore,SGD,http://www.investing.com/equities/pec-ltd
PGUN,955370,Penguin International Ltd,Singapore,SGD,http://www.investing.com/equities/penguin-international-ltd
PERE,955369,Perennial Real Estate Holdings Ltd,Singapore,SGD,http://www.investing.com/equities/perennial-real-estate-holdings-ltd
PTR,955383,PetroChina ADR,Singapore,SGD,http://www.investing.com/equities/petrochina-co-ads-exch?cid=955383
PHAR,955371,Pharmesis International Ltd,Singapore,SGD,http://www.investing.com/equities/pharmesis-international-ltd
PINC,955350,Pine Capital,Singapore,SGD,http://www.investing.com/equities/ols-enterprise-ltd
THEP,955153,Place Holdings,Singapore,SGD,http://www.investing.com/equities/eucon-holding-ltd
PFML,953885,Plastoform Holdings Ltd,Singapore,SGD,http://www.investing.com/equities/plastoform-holdings-ltd
PLAT,991289,Plato Capital,Singapore,SGD,http://www.investing.com/equities/plato-capital-ltd
PNEI,955374,PNE Industries Ltd,Singapore,SGD,http://www.investing.com/equities/pne-industries-ltd
POLA,955378,Polaris Ltd,Singapore,SGD,http://www.investing.com/equities/polaris-ltd
PLPS,991290,Pollux Properties,Singapore,SGD,http://www.investing.com/equities/pollux-properties-ltd
PMDS,955373,Powermatic Data Systems Ltd,Singapore,SGD,http://www.investing.com/equities/powermatic-data-systems-ltd
PRIE,1141606,Prime US REIT,Singapore,SGD,http://www.investing.com/equities/kbs-us-prime-reit
PROC,985998,Procurri Corporation,Singapore,SGD,http://www.investing.com/equities/procurri-corporation-ltd
POGN,955377,Progen Holdings Ltd,Singapore,SGD,http://www.investing.com/equities/progen-holdings-ltd
PROP,1095122,PropNex,Singapore,SGD,http://www.investing.com/equities/propnex
PRTL,1120710,Prudential,Singapore,SGD,http://www.investing.com/equities/prudential?cid=1120710
PSGH,955380,PS Group Holdings Ltd,Singapore,SGD,http://www.investing.com/equities/ps-group-holdings-ltd
PSLL,961678,PSL Holdings Ltd,Singapore,SGD,http://www.investing.com/equities/psl-holdings-ltd
QMDT,955387,Q & M Dental Group Singapore Ltd,Singapore,SGD,http://www.investing.com/equities/q---m-dental-group-singapore-ltd
QAFS,955384,QAF Ltd,Singapore,SGD,http://www.investing.com/equities/qaf-ltd
QIAN,955386,Qian Hu Corporation Ltd,Singapore,SGD,http://www.investing.com/equities/qian-hu-corporation-ltd
QGMI,955385,Qingmei Group Holdings Ltd,Singapore,SGD,http://www.investing.com/equities/qingmei-group-holdings-ltd
QTVA,955388,QT Vascular Ltd,Singapore,SGD,http://www.investing.com/equities/qt-vascular-ltd
RLSE,955395,Raffles Education Corporation Ltd,Singapore,SGD,http://www.investing.com/equities/raffles-education-corporation-ltd
RAFL,953878,Raffles Infrastructure,Singapore,SGD,http://www.investing.com/equities/china-fibretech-ltd
RAFG,955389,Raffles Medical Group Ltd,Singapore,SGD,http://www.investing.com/equities/raffles-medical-group-ltd
RAFF,943423,Raffles United Holdings,Singapore,SGD,http://www.investing.com/equities/raffles-united-holdings-ltd
RESH,1055967,RE&S,Singapore,SGD,http://www.investing.com/equities/re-s
RECL,1123817,Reclaims Global,Singapore,SGD,http://www.investing.com/equities/reclaims-global-ltd
REEN,955244,Reenova Investment Holding,Singapore,SGD,http://www.investing.com/equities/isr-capital-ltd
REGI,955392,Regal International Group Ltd,Singapore,SGD,http://www.investing.com/equities/regal-international-group-ltd
RENA,955239,Renaissance United,Singapore,SGD,http://www.investing.com/equities/ipco-international-ltd
REAG,955391,Renewable Energy Asia Group Ltd,Singapore,SGD,http://www.investing.com/equities/renewable-energy-asia-group-ltd
RESU,1156526,Resources Global,Singapore,SGD,http://www.investing.com/equities/resources-global-development-ltd
RESO,942743,Resources Prima Group,Singapore,SGD,http://www.investing.com/equities/resources-prima-group-ltd
REVE,955248,Revez,Singapore,SGD,http://www.investing.com/equities/jason-holdings-ltd
REXI,955393,Rex International Holding Ltd,Singapore,SGD,http://www.investing.com/equities/rex-international-holding-ltd
RHPG,955394,RH Petrogas Ltd,Singapore,SGD,http://www.investing.com/equities/rh-petrogas-ltd
RHTH,991292,RHT Health Trust,Singapore,SGD,http://www.investing.com/equities/rht-health-trust
RICH,955232,Rich Capital,Singapore,SGD,http://www.investing.com/equities/infinio-group-ltd
RVHL,955398,Riverstone Holdings Ltd,Singapore,SGD,http://www.investing.com/equities/riverstone-holdings-ltd
RXYP,955399,Roxy Pacific Holdings LTD,Singapore,SGD,http://www.investing.com/equities/roxy-pacific-holdings-ltd
SABA,991293,Sabana Shariah Industrial REIT,Singapore,SGD,http://www.investing.com/equities/sabana-shariah-compliant-industrial
SAKA,955400,Sakae Holdings Ltd,Singapore,SGD,http://www.investing.com/equities/sakae-holdings-ltd
SAMT,955401,Samko Timber Ltd,Singapore,SGD,http://www.investing.com/equities/samko-timber-ltd
SAMU,955402,Samudera Shipping Line Ltd,Singapore,SGD,http://www.investing.com/equities/samudera-shipping-line-ltd
SAMR,995104,Samurai 2K Aerosol,Singapore,SGD,http://www.investing.com/equities/samurai-2k-aerosol-ltd
SANS,955403,San Teh Ltd,Singapore,SGD,http://www.investing.com/equities/san-teh-ltd
SANL,1011860,Sanli Environmental,Singapore,SGD,http://www.investing.com/equities/sanli-environmental-ltd
SAPP,955404,Sapphire Corporation Ltd,Singapore,SGD,http://www.investing.com/equities/sapphire-corporation-ltd
SARI,955405,Sarine Technologies Ltd,Singapore,SGD,http://www.investing.com/equities/sarine-technologies-ltd
SASS,1073140,Sasseur REIT Unit,Singapore,SGD,http://www.investing.com/equities/sasseur-reit-unit
SATS,1096554,SATS Ltd,Singapore,SGD,http://www.investing.com/equities/sats-ltd?cid=1096554
SBIO,955408,SBI Offshore Ltd,Singapore,SGD,http://www.investing.com/equities/sbi-offshore-ltd
SBVV,955409,SBS Transit Ltd,Singapore,SGD,http://www.investing.com/equities/sbs-transit-ltd
SECD,955410,Second Chance Properties Ltd,Singapore,SGD,http://www.investing.com/equities/second-chance-properties-ltd
SECU,969028,Secura,Singapore,SGD,http://www.investing.com/equities/secura-group-ltd
SCIL,1096556,Semb Corp,Singapore,SGD,http://www.investing.com/equities/sembcorp-industries?cid=1096556
SCMN,8971,SembMar,Singapore,SGD,http://www.investing.com/equities/sembcorp-marine
SENY,955376,Sen Yue Holdings,Singapore,SGD,http://www.investing.com/equities/pne-micron-holdings-ltd
SERL,955412,Serial System Ltd,Singapore,SGD,http://www.investing.com/equities/serial-system-ltd
SERO,955413,Seroja Investments Ltd,Singapore,SGD,http://www.investing.com/equities/seroja-investments-ltd
SERR,942526,Serrano,Singapore,SGD,http://www.investing.com/equities/serrano-ltd
SEVA,955445,Sevak,Singapore,SGD,http://www.investing.com/equities/s-i2i-ltd
SHTU,953102,Shanghai Turbo Enterprises,Singapore,SGD,http://www.investing.com/equities/shanghai-turbo-enterprises
SHNG,991294,Shangri-La Asia,Singapore,SGD,http://www.investing.com/equities/shangri-la-asi?cid=991294
SHEN,955418,Sheng Siong Group Ltd,Singapore,SGD,http://www.investing.com/equities/sheng-siong-group-ltd
SHIN,955143,Shinvest Holding,Singapore,SGD,http://www.investing.com/equities/eastgate-technology-ltd
SHOP,1031114,shopper360,Singapore,SGD,http://www.investing.com/equities/shopper360
SEEH,942442,SHS Holdings,Singapore,SGD,http://www.investing.com/equities/shs-holdings-ltd
SIAE,8975,SIA Engg,Singapore,SGD,http://www.investing.com/equities/sia-engineering-company
SIIC,955422,SIIC Environment,Singapore,SGD,http://www.investing.com/equities/siic-environment-holdings-ltd
SILK,955072,Silkroad Nickel,Singapore,SGD,http://www.investing.com/equities/china-bearing-singapore-ltd
SLVX,955431,Silverlake Axis Ltd,Singapore,SGD,http://www.investing.com/equities/silverlake-axis-ltd
SIMI,1123348,Sim Leisure,Singapore,SGD,http://www.investing.com/equities/sim-leisure
SGHC,955415,Sin Ghee Huat Corp Ltd,Singapore,SGD,http://www.investing.com/equities/sin-ghee-huat-corp-ltd
SIHM,955421,Sin Heng Heavy Machinery Ltd,Singapore,SGD,http://www.investing.com/equities/sin-heng-heavy-machinery-ltd
SINA,955424,Sinarmas Land Ltd,Singapore,SGD,http://www.investing.com/equities/sinarmas-land-ltd
SINC,955425,Sincap Group Ltd,Singapore,SGD,http://www.investing.com/equities/sincap-group-ltd
SHDS,955417,Sing Holdings Ltd,Singapore,SGD,http://www.investing.com/equities/sing-holdings-ltd
SINV,955428,Sing Investments & Finance Ltd,Singapore,SGD,http://www.investing.com/equities/sing-investments---finance-ltd
SIAL,1096546,Singapore Airlines,Singapore,SGD,http://www.investing.com/equities/singapore-airlines?cid=1096546
SINE,955426,Singapore eDevelopment Ltd,Singapore,SGD,http://www.investing.com/equities/singapore-edevelopment-ltd
SGXL,1096550,Singapore Exchange,Singapore,SGD,http://www.investing.com/equities/singapore-exchange?cid=1096550
SRIF,991296,Singapore Index Fund,Singapore,SGD,http://www.investing.com/equities/singapore-index-fund
SING,1122530,Singapore Kitchen,Singapore,SGD,http://www.investing.com/equities/singapore-kitchen
SMGL,955434,Singapore Medical Group Ltd,Singapore,SGD,http://www.investing.com/equities/singapore-medical-group-ltd
SINO,955465,Singapore Myanmar,Singapore,SGD,http://www.investing.com/equities/singapore-windsor-holdings-ltd
SINP,953886,Singapore O&G,Singapore,SGD,http://www.investing.com/equities/singapore-o---g-ltd
SPOS,955446,Singapore Post Ltd,Singapore,SGD,http://www.investing.com/equities/singapore-post-ltd
SPRS,955447,Singapore Reinsurance Corporation,Singapore,SGD,http://www.investing.com/equities/singapore-reinsurance-corporation
SSHP,955451,Singapore Shipping Corporation Ltd,Singapore,SGD,http://www.investing.com/equities/singapore-shipping-corporation-ltd
SBDS,955407,Singapura Finance Ltd,Singapore,SGD,http://www.investing.com/equities/singapura-finance-ltd
SIHL,955420,SingHaiyi Group Ltd,Singapore,SGD,http://www.investing.com/equities/singhaiyi-group-ltd
STEL,1055173,SingTel,Singapore,SGD,http://www.investing.com/equities/singapore-telecommunications?cid=1055173
STELy,991297,SingTel,Singapore,SGD,http://www.investing.com/equities/singapore-telecommunications?cid=991297
SINJ,955427,Sinjia Land Ltd,Singapore,SGD,http://www.investing.com/equities/sinjia-land-ltd
SOGF,955440,Sino Grandness Food Industry Group,Singapore,SGD,http://www.investing.com/equities/sino-grandness-food-industry-group
SINL,955036,SinoCloud Group,Singapore,SGD,http://www.investing.com/equities/armarda-group-ltd
SNSR,955439,Sinostar PEC Holdings Ltd,Singapore,SGD,http://www.investing.com/equities/sinostar-pec-holdings-ltd
SITR,991295,Sitra (International),Singapore,SGD,http://www.investing.com/equities/sitra-holdings-(international)-ltd
SLBD,1089254,SLB Develop,Singapore,SGD,http://www.investing.com/equities/slb-develop
SBSR,999077,Soilbuild Business Space,Singapore,SGD,http://www.investing.com/equities/soilbuild-business-space-reit
SOIL,955441,Soilbuild Construction Group Ltd,Singapore,SGD,http://www.investing.com/equities/soilbuild-construction-group-ltd
SKJE,959022,Soo Kee,Singapore,SGD,http://www.investing.com/equities/soo-kee-group-ltd
SNLN,955437,Soon Lian Holdings Ltd,Singapore,SGD,http://www.investing.com/equities/soon-lian-holdings-ltd
SRGL,955448,Soup Restaurant Group Ltd,Singapore,SGD,http://www.investing.com/equities/soup-restaurant-group-ltd
SOUT,976094,Southern Packaging,Singapore,SGD,http://www.investing.com/equities/southern-packaging-group-ltd
SPPS,953103,SP Corporation Ltd,Singapore,SGD,http://www.investing.com/equities/sp-corporation-ltd
SPAC,955442,Spackman Entertainment Group Ltd,Singapore,SGD,http://www.investing.com/equities/spackman-entertainment-group-ltd
SPRM,1055172,SPH,Singapore,SGD,http://www.investing.com/equities/singapore-press-hldg?cid=1055172
SPHR,994823,SPH REIT,Singapore,SGD,http://www.investing.com/equities/sph-reit
SNEX,955436,Spindex Industries Ltd,Singapore,SGD,http://www.investing.com/equities/spindex-industries-ltd
SRTA,955450,Sri Trang Agro Industry F,Singapore,SGD,http://www.investing.com/equities/sri-trang-agro-industry-pcl
STEG,1096547,ST Engineering,Singapore,SGD,http://www.investing.com/equities/singapore-technologies-engineering?cid=1096547
STGR,1138470,ST Group Food Industries,Singapore,SGD,http://www.investing.com/equities/st-group-food-industries-ltd
SFLD,955414,Stamford Land Corporation Ltd,Singapore,SGD,http://www.investing.com/equities/stamford-land-corporation-ltd
STAS,955453,Stamford Tyres Corporation Ltd,Singapore,SGD,http://www.investing.com/equities/stamford-tyres-corporation-ltd
SRPT,955449,STAR Pharmaceutical Ltd,Singapore,SGD,http://www.investing.com/equities/star-pharmaceutical-ltd
STAB,955452,Starburst Holdings Ltd,Singapore,SGD,http://www.investing.com/equities/starburst-holdings-ltd
STHL,991298,Starhill Global REIT,Singapore,SGD,http://www.investing.com/equities/starhill-global-real-estate-investm
STAR,9178,StarHub,Singapore,SGD,http://www.investing.com/equities/starhub
STHO,955455,Starland Holdings Ltd,Singapore,SGD,http://www.investing.com/equities/starland-holdings-ltd
STRA,955456,Straco Corporation Ltd,Singapore,SGD,http://www.investing.com/equities/straco-corporation-ltd
STCM,955454,Straits Trading Company Ltd,Singapore,SGD,http://www.investing.com/equities/straits-trading-company-ltd
STRT,949821,Stratech Group Ltd,Singapore,SGD,http://www.investing.com/equities/stratech-group-ltd
SMFC,955432,SunMoon Food Company Ltd,Singapore,SGD,http://www.investing.com/equities/sunmoon-food-company-ltd
SUND,955460,Sunningdale Tech Ltd,Singapore,SGD,http://www.investing.com/equities/sunningdale-tech-ltd
SUNP,955461,Sunpower Group Ltd,Singapore,SGD,http://www.investing.com/equities/sunpower-group-ltd
SNRT,955438,Sunright Ltd,Singapore,SGD,http://www.investing.com/equities/sunright-ltd
SUNR,955245,Sunrise Shares,Singapore,SGD,http://www.investing.com/equities/ite-electric-co-ltd
SECL,961679,Suntar Eco-City Ltd,Singapore,SGD,http://www.investing.com/equities/suntar-eco-city-ltd
SUNT,1096558,Suntec REIT,Singapore,SGD,http://www.investing.com/equities/suntec-real-estate-investment-trust?cid=1096558
SVCH,955462,Sunvic Chemical Holdings Ltd,Singapore,SGD,http://www.investing.com/equities/sunvic-chemical-holdings-ltd
SUTL,954930,Sutl Enterprise,Singapore,SGD,http://www.investing.com/equities/sutl-enterprise
SWEE,991300,Swee Hong,Singapore,SGD,http://www.investing.com/equities/swee-hong-ltd
SWBR,955463,Swiber Holdings Ltd,Singapore,SGD,http://www.investing.com/equities/swiber-holdings-ltd
SWMT,955466,Swing Media Technology Group Ltd,Singapore,SGD,http://www.investing.com/equities/swing-media-technology-group-ltd
SYNA,1120711,Synagie,Singapore,SGD,http://www.investing.com/equities/synagie
SYSM,955467,Sysma Holdings Ltd,Singapore,SGD,http://www.investing.com/equities/sysma-holdings-ltd
TTJH,955494,T T J Holdings Ltd,Singapore,SGD,http://www.investing.com/equities/t-t-j-holdings-ltd
TACO,991302,TA Corp,Singapore,SGD,http://www.investing.com/equities/ta-corporation-ltd
TAIS,955469,Tai Sin Electric Ltd,Singapore,SGD,http://www.investing.com/equities/tai-sin-electric-ltd
TALK,955470,Talkmed Group Ltd,Singapore,SGD,http://www.investing.com/equities/talkmed-group-ltd
TCIL,955473,Tan Chong International Ltd,Singapore,SGD,http://www.investing.com/equities/tan-chong-international-ltd
TASE,955471,Tat Seng Packaging Group Ltd,Singapore,SGD,http://www.investing.com/equities/tat-seng-packaging-group-ltd
TECH,955475,Technics Oil & Gas Ltd,Singapore,SGD,http://www.investing.com/equities/technics-oil---gas-ltd
TECK,991304,Teckwah Industrialoration,Singapore,SGD,http://www.investing.com/equities/teckwah-industrial-corporation-ltd
TEEI,955476,TEE International Ltd,Singapore,SGD,http://www.investing.com/equities/tee-international-ltd
TEEL,955477,TEE Land Ltd,Singapore,SGD,http://www.investing.com/equities/tee-land-ltd
TEHO,955478,Teho International Inc Ltd,Singapore,SGD,http://www.investing.com/equities/teho-international-inc-ltd
TCIN,955474,Telechoice International Ltd,Singapore,SGD,http://www.investing.com/equities/telechoice-international-ltd
TBEV,1055174,Thai Beverage,Singapore,SGD,http://www.investing.com/equities/thai-beverage-pcl?cid=1055174
THAK,953104,Thakral Corporation Ltd,Singapore,SGD,http://www.investing.com/equities/thakral-corporation-ltd
THOS,955397,Thomson Medical,Singapore,SGD,http://www.investing.com/equities/rowsley-ltd
TIAN,955481,Tianjin Zhongxin Pharma Group,Singapore,SGD,http://www.investing.com/equities/tianjin-zhongxin-pharma-group
TIHL,955482,TIH Ltd,Singapore,SGD,http://www.investing.com/equities/tih-ltd
TISE,955485,Tiong Seng Holdings Ltd,Singapore,SGD,http://www.investing.com/equities/tiong-seng-holdings-ltd
TION,955484,Tiong Woon Corporation Holding Ltd,Singapore,SGD,http://www.investing.com/equities/tiong-woon-corporation-holding-ltd
TLVH,959023,TLV Holdings Ltd,Singapore,SGD,http://www.investing.com/equities/tlv-holdings-ltd
GLOL,991305,TMC Education,Singapore,SGD,http://www.investing.com/equities/tmc-education-corporation-ltd
TPGB,955487,Top Global Ltd,Singapore,SGD,http://www.investing.com/equities/top-global-ltd
TOPG,985815,Top Glove Corp,Singapore,SGD,http://www.investing.com/equities/top-glove-corporation-bhd?cid=985815
TPVH,955488,TPV Technology,Singapore,SGD,http://www.investing.com/equities/tpv-technology?cid=955488
TCHL,991303,Transcorp,Singapore,SGD,http://www.investing.com/equities/transcorp-holdings-ltd
TMCL,955486,Transit Mixed Concrete Ltd,Singapore,SGD,http://www.investing.com/equities/transit-mixed-concrete-ltd
TRHL,958300,Travelite Holdings Ltd,Singapore,SGD,http://www.investing.com/equities/travelite-holdings-ltd
TRKL,955490,Trek 2000 International Ltd,Singapore,SGD,http://www.investing.com/equities/trek-2000-international-ltd
THET,961973,Trendlines Group Ltd,Singapore,SGD,http://www.investing.com/equities/trendlines-group-ltd
TRIC,1137429,TrickleStar,Singapore,SGD,http://www.investing.com/equities/tricklestar-ltd
TTGL,955493,Tritech Group Ltd,Singapore,SGD,http://www.investing.com/equities/tritech-group-ltd
TRIY,955489,Triyards Holdings Ltd,Singapore,SGD,http://www.investing.com/equities/triyards-holdings-ltd
TSHC,955491,Tshoration,Singapore,SGD,http://www.investing.com/equities/tsh-corporation-ltd
TINL,955483,TT International Ltd,Singapore,SGD,http://www.investing.com/equities/tt-international-ltd
TSHS,955492,Tuan Sing Holdings Ltd,Singapore,SGD,http://www.investing.com/equities/tuan-sing-holdings-ltd
TGLK,955480,Tung Lok Restaurants 2000 Ltd,Singapore,SGD,http://www.investing.com/equities/tung-lok-restaurants-2000-ltd
TYES,955495,Tye Soon Ltd,Singapore,SGD,http://www.investing.com/equities/tye-soon-ltd
UGHE,955496,UG Healthcare Corporation Ltd,Singapore,SGD,http://www.investing.com/equities/ug-healthcare-corporation-ltd
UMSH,955498,UMS Holdings Ltd,Singapore,SGD,http://www.investing.com/equities/ums-holdings-ltd
UAFC,953887,Uni-Asia Holdings,Singapore,SGD,http://www.investing.com/equities/uni-asia-holdings-ltd
UNIO,1031287,Union Gas,Singapore,SGD,http://www.investing.com/equities/union-gas
UNIS,955499,Union Steel Holdings Ltd,Singapore,SGD,http://www.investing.com/equities/union-steel-holdings-ltd
UTES,955504,United Engineers Ltd,Singapore,SGD,http://www.investing.com/equities/united-engineers-ltd
UTDF,954931,United Food Holdings Ltd,Singapore,SGD,http://www.investing.com/equities/united-food-holdings-ltd
UNIT,985899,United Global,Singapore,SGD,http://www.investing.com/equities/united-global-ltd
UNIE,1158941,United Hampshire,Singapore,SGD,http://www.investing.com/equities/united-hampshire-us-reit
UICS,955497,United Industrial Corporation Ltd,Singapore,SGD,http://www.investing.com/equities/united-industrial-corporation-ltd
UOAL,955501,United Overseas Australia,Singapore,SGD,http://www.investing.com/equities/united-overseas-australia?cid=955501
UOIS,991306,United Overseas Insurance,Singapore,SGD,http://www.investing.com/equities/united-overseas-insurance-ltd
UNUS,1008661,Unusual,Singapore,SGD,http://www.investing.com/equities/unusual-ltd
UOBH,1096540,UOB,Singapore,SGD,http://www.investing.com/equities/united-overseas-bank?cid=1096540
UOKH,955502,UOB Kay Hian Holdings Ltd,Singapore,SGD,http://www.investing.com/equities/uob-kay-hian-holdings-ltd
UTOS,1096555,UOL Group,Singapore,SGD,http://www.investing.com/equities/united-overseas-land?cid=1096555
AVAR,955503,UPP Holdings,Singapore,SGD,http://www.investing.com/equities/upp-holdings-ltd
USPG,945922,USP Group Ltd,Singapore,SGD,http://www.investing.com/equities/usp-group-ltd
VHLD,955511,Vallianz,Singapore,SGD,http://www.investing.com/equities/vallianz-holdings-ltd
VAMG,955505,Valuemax Group Ltd,Singapore,SGD,http://www.investing.com/equities/valuemax-group-ltd
VLUE,955515,Valuetronics Holdings Ltd,Singapore,SGD,http://www.investing.com/equities/valuetronics-holdings-ltd
INCR,978755,Vashion,Singapore,SGD,http://www.investing.com/equities/vashion-group-ltd
VENM,1096557,Venture Corporation Ltd,Singapore,SGD,http://www.investing.com/equities/venture-corporation-ltd?cid=1096557
VERS,955509,Versalink Holdings Ltd,Singapore,SGD,http://www.investing.com/equities/versalink-holdings-ltd
VIBR,955512,Vibrant Group Ltd,Singapore,SGD,http://www.investing.com/equities/vibrant-group-ltd
VIBO,960735,Vibropower Corporation Ltd,Singapore,SGD,http://www.investing.com/equities/vibropower-corporation-ltd
VCOM,955507,Vicom Ltd,Singapore,SGD,http://www.investing.com/equities/vicom-ltd
VICP,991307,Vicplas International,Singapore,SGD,http://www.investing.com/equities/vicplas-international-ltd
VIKO,955513,Viking Offshore and Marine Ltd,Singapore,SGD,http://www.investing.com/equities/viking-offshore-and-marine-ltd
VIVI,1120712,Vividthree,Singapore,SGD,http://www.investing.com/equities/vividthree
WHHL,955518,Wee Hur Holdings Ltd,Singapore,SGD,http://www.investing.com/equities/wee-hur-holdings-ltd
WLAR,955520,Willas Array Electronics Holdings,Singapore,SGD,http://www.investing.com/equities/willas-array-electronics-holdings
WLIL,1055163,Wilmar,Singapore,SGD,http://www.investing.com/equities/wilmar-international?cid=1055163
WILT,955519,Wilton Resources Corporation Ltd,Singapore,SGD,http://www.investing.com/equities/wilton-resources-corporation-ltd
WINA,955429,Winas,Singapore,SGD,http://www.investing.com/equities/sinwa-ltd
WTHS,955523,Wing Tai Holdings Ltd,Singapore,SGD,http://www.investing.com/equities/wing-tai-holdings-ltd
WONG,986106,Wong Fong Industries,Singapore,SGD,http://www.investing.com/equities/wong-fong-industries-ltd
WORL,1031115,World Class Global,Singapore,SGD,http://www.investing.com/equities/world-class-global
WPML,955521,World Precision Machinery Ltd,Singapore,SGD,http://www.investing.com/equities/world-precision-machinery-ltd
XMHL,955525,XMH Holdings Ltd,Singapore,SGD,http://www.investing.com/equities/xmh-holdings-ltd
YVEN,1031116,Y Ventures,Singapore,SGD,http://www.investing.com/equities/y-ventures
YAMR,955528,Yamada Green Resources Ltd,Singapore,SGD,http://www.investing.com/equities/yamada-green-resources-ltd
YAZG,1055175,Yangzijiang,Singapore,SGD,http://www.investing.com/equities/yangzijiang-ship?cid=1055175
YNLG,8977,Yanlord,Singapore,SGD,http://www.investing.com/equities/yanlord-land-group
YHSS,955530,Yeo Hiap Seng Ltd,Singapore,SGD,http://www.investing.com/equities/yeo-hiap-seng-ltd
YHII,955529,YHI International Ltd,Singapore,SGD,http://www.investing.com/equities/yhi-international-ltd
YIND,958296,Yinda Infocomm,Singapore,SGD,http://www.investing.com/equities/cmc-infocomm-ltd
YING,955531,Ying Li International Real Estate,Singapore,SGD,http://www.investing.com/equities/ying-li-international-real-estate
YOMA,955533,Yoma Strategic Holdings Ltd,Singapore,SGD,http://www.investing.com/equities/yoma-strategic-holdings-ltd
YNMH,955532,Yongmao Holdings Ltd,Singapore,SGD,http://www.investing.com/equities/yongmao-holdings-ltd
YNAM,953888,Yongnam Holdings Ltd,Singapore,SGD,http://www.investing.com/equities/yongnam-holdings-ltd
YORK,955342,Yorkshine Holdings,Singapore,SGD,http://www.investing.com/equities/novo-group-ltd
YUUZ,941678,YuuZoo,Singapore,SGD,http://www.investing.com/equities/yuuzoo-corp
ZHEN,986104,Zheneng Jinjiang Environment Holding Co Ltd,Singapore,SGD,http://www.investing.com/equities/china-jinjiang-environment-holding
ZBRG,955535,Zhongmin Baihui Retail Group Ltd,Singapore,SGD,http://www.investing.com/equities/zhongmin-baihui-retail-group-ltd
ZHON,955536,Zhongxin Fruit and Juice Ltd,Singapore,SGD,http://www.investing.com/equities/zhongxin-fruit-and-juice-ltd
ZICO,942741,Zicom Holdings Pvt,Singapore,SGD,http://www.investing.com/equities/zicom-holdings-pvt-ltd
BMMO,955537,Ziwo,Singapore,SGD,http://www.investing.com/equities/ziwo-holdings-ltd
