EURBBD,1610,Euro Barbadian Dollar,Forex,BBD
GBPBBD,1730,British Pound Barbadian Dollar,Forex,BBD
USDBBD,2095,US Dollar Barbadian Dollar,Forex,BBD
AEDBBD,9309,UAE Dirham Barbadian Dollar,Forex,BBD
ARSBBD,9362,Argentinian Peso Barbadian Dollar,Forex,BBD
AUDBBD,9394,Australian Dollar Barbadian Dollar,Forex,BBD
BRLBBD,9413,Brazil Real Barbadian Dollar,Forex,BBD
CADBBD,9458,Canadian Dollar Barbadian Dollar,Forex,BBD
CNYBBD,9491,Chinese Yuan Barbadian Dollar,Forex,BBD
CHFBBD,9541,Swiss Franc Barbadian Dollar,Forex,BBD
DKKBBD,9573,Danish Krone Barbadian Dollar,Forex,BBD
HKDBBD,9615,Hong Kong Dollar Barbadian Dollar,Forex,BBD
ILSBBD,9676,Israeli Shekel Barbadian Dollar,Forex,BBD
MXNBBD,9791,Mexican Peso Barbadian Dollar,Forex,BBD
NOKBBD,9839,Norwegian Krone Barbadian Dollar,Forex,BBD
NZDBBD,9890,New Zealand Dollar Barbadian Dollar,Forex,BBD
PLNBBD,9974,Polish Zloty Barbadian Dollar,Forex,BBD
SARBBD,10072,Saudi Riyal Barbadian Dollar,Forex,BBD
SEKBBD,10128,Swedish Krona Barbadian Dollar,Forex,BBD
SGDBBD,10175,Singapore Dollar Barbadian Dollar,Forex,BBD
TRYBBD,10244,Turkish Lira Barbadian Dollar,Forex,BBD
TWDBBD,10298,Taiwan Dollar Barbadian Dollar,Forex,BBD
VEFBBD,10348,Venezuelan Bolivar Barbadian Dollar,Forex,BBD
ZARBBD,10405,South African Rand Barbadian Dollar,Forex,BBD
