BTCUSD,1060775,Bitcoin US Dollar,WEX,USD
BTCRUB,1060776,Bitcoin Russian Ruble,WEX,RUB
BTCEUR,1060777,Bitcoin Euro,WEX,EUR
ETHBTC,1060795,Ethereum Bitcoin,WEX,BTC
ETHUSD,1060796,Ethereum US Dollar,WEX,USD
ETHRUB,1060799,Ethereum Russian Ruble,WEX,RUB
ETHEUR,1060797,Ethereum Euro,WEX,EUR
ETHLTC,1060798,Ethereum Litecoin,WEX,LTC
ETHZEC,1060800,Ethereum Zcash,WEX,ZEC
BCHBTC,1060802,Bitcoin Cash Bitcoin,WEX,BTC
BCHUSD,1060801,Bitcoin Cash US Dollar,WEX,USD
BCHETH,1060806,Bitcoin Cash Ethereum,WEX,ETH
BCHLTC,1060805,Bitcoin Cash Litecoin,WEX,LTC
BCHDASH,1060807,Bitcoin Cash Dash,WEX,DASH
BCHRUB,1060803,Bitcoin Cash Russian Ruble,WEX,RUB
BCHEUR,1060804,Bitcoin Cash Euro,WEX,EUR
BCHZEC,1060808,Bitcoin Cash Zcash,WEX,ZEC
LTCBTC,1060778,Litecoin Bitcoin,WEX,BTC
LTCUSD,1060779,Litecoin US Dollar,WEX,USD
LTCRUB,1060780,Litecoin Russian Ruble,WEX,RUB
LTCEUR,1060781,Litecoin Euro,WEX,EUR
DASHBTC,1060788,Dash Bitcoin,WEX,BTC
DASHUSD,1060789,Dash US Dollar,WEX,USD
DASHRUB,1060790,Dash Russian Ruble,WEX,RUB
DASHEUR,1060791,Dash Euro,WEX,EUR
DASHETH,1060793,Dash Ethereum,WEX,ETH
DASHLTC,1060792,Dash Litecoin,WEX,LTC
DASHZEC,1060794,Dash Zcash,WEX,ZEC
ZECUSD,1060810,Zcash US Dollar,WEX,USD
ZECBTC,1060809,Zcash Bitcoin,WEX,BTC
ZECLTC,1060811,Zcash Litecoin,WEX,LTC
