ACCP,386,Accor SA,FCHI,EUR
AIRP,389,Air Liquide SA,FCHI,EUR
AIR,412,Airbus Group,FCHI,EUR
ISPA,6910,ArcelorMittal SA,FCHI,EUR
AXAF,393,AXA SA,FCHI,EUR
BNPP,396,BNP Paribas SA,FCHI,EUR
BOUY,397,Bouygues SA,FCHI,EUR
CAPP,390,Cap Gemini SA,FCHI,EUR
CARR,404,Carrefour SA,FCHI,EUR
CAGR,407,Credit Agricole SA,FCHI,EUR
DANO,394,Danone SA,FCHI,EUR
ENGIE,395,Engie SA,FCHI,EUR
ESSI,405,Essilor International Compagnie Generale d'Optique SA,FCHI,EUR
PRTP,670,Kering SA,FCHI,EUR
LOIM,7070,Klepierre,FCHI,EUR
LHN,955878,LafargeHolcim Ltd,FCHI,EUR
LEGD,7059,Legrand SA,FCHI,EUR
LVMH,399,LVMH Moet Hennessy Louis Vuitton SA,FCHI,EUR
OREP,400,L'Oreal SA,FCHI,EUR
MICP,411,Compagnie Generale des Etablissements Michelin SCA,FCHI,EUR
NOKIA,961657,Nokia Oyj,FCHI,EUR
ORAN,409,Orange SA,FCHI,EUR
PERP,406,Pernod Ricard SA,FCHI,EUR
PEUP,402,Peugeot SA,FCHI,EUR
PUBP,6979,Publicis Groupe SA,FCHI,EUR
RENA,419,Renault SA,FCHI,EUR
SAF,6991,Safran SA,FCHI,EUR
SGOB,403,Compagnie de Saint Gobain SA,FCHI,EUR
SASY,414,Sanofi SA,FCHI,EUR
SCHN,401,Schneider Electric SE,FCHI,EUR
SOGN,410,Societe Generale,FCHI,EUR
EXHO,6981,Sodexo,FCHI,EUR
SOLB,541,Solvay SA,FCHI,EUR
TECF,7006,Technip,FCHI,EUR
TOTF,416,Total SA,FCHI,EUR
UNBP,671,Unibail Rodamco SE,FCHI,EUR
VLOF,7022,Valeo SA,FCHI,EUR
VIE,420,Veolia Environnement VE SA,FCHI,EUR
SGEF,418,Vinci SA,FCHI,EUR
VIV,415,Vivendi SA,FCHI,EUR
