AUDCNY,1486,Australian Dollar Chinese Yuan,Forex,CNY
CADCNY,1524,Canadian Dollar Chinese Yuan,Forex,CNY
CHFCNY,1546,Swiss Franc Chinese Yuan,Forex,CNY
CNYDKK,1562,Chinese Yuan Danish Krone,Forex,DKK
CNYHKD,1564,Chinese Yuan Hong Kong Dollar,Forex,HKD
CNYJPY,1565,Chinese Yuan Japanese Yen,Forex,JPY
CNYZAR,1566,Chinese Yuan South African Rand,Forex,ZAR
DKKCNY,1583,Danish Krone Chinese Yuan,Forex,CNY
EURCNY,1623,Euro Chinese Yuan,Forex,CNY
GBPCNY,1740,British Pound Chinese Yuan,Forex,CNY
HKDCNY,1817,Hong Kong Dollar Chinese Yuan,Forex,CNY
IDRCNY,1843,Indonesian Rupiah Chinese Yuan,Forex,CNY
INRCNY,1865,Indian Rupee Chinese Yuan,Forex,CNY
JPYCNY,1893,Japanese Yen Chinese Yuan,Forex,CNY
KRWCNY,1915,Korean Won Chinese Yuan,Forex,CNY
MYRCNY,1955,Malaysian Ringgit Chinese Yuan,Forex,CNY
NZDCNY,1981,New Zealand Dollar Chinese Yuan,Forex,CNY
SGDCNY,2030,Singapore Dollar Chinese Yuan,Forex,CNY
THBCNY,2050,Thai Baht Chinese Yuan,Forex,CNY
TWDCNY,2069,Taiwan Dollar Chinese Yuan,Forex,CNY
USDCNY,2111,US Dollar Chinese Yuan,Forex,CNY
ZARCNY,2235,South African Rand Chinese Yuan,Forex,CNY
AEDCNY,9281,UAE Dirham Chinese Yuan,Forex,CNY
ARSCNY,9335,Argentinian Peso Chinese Yuan,Forex,CNY
BRLCNY,9415,Brazil Real Chinese Yuan,Forex,CNY
CNYAED,9488,Chinese Yuan UAE Dirham,Forex,AED
CNYARS,9489,Chinese Yuan Argentinian Peso,Forex,ARS
CNYAUD,9490,Chinese Yuan Australian Dollar,Forex,AUD
CNYBBD,9491,Chinese Yuan Barbadian Dollar,Forex,BBD
CNYBHD,9492,Chinese Yuan Baharain Dinar,Forex,BHD
CNYBRL,9493,Chinese Yuan Brazil Real,Forex,BRL
CNYCAD,9494,Chinese Yuan Canadian Dollar,Forex,CAD
CNYCHF,9495,Chinese Yuan Swiss Franc,Forex,CHF
CNYCLP,9496,Chinese Yuan Chilean Peso,Forex,CLP
CNYCZK,9498,Chinese Yuan Czech Koruna,Forex,CZK
CNYEGP,9500,Chinese Yuan Egyptian Pound,Forex,EGP
CNYEUR,9501,Chinese Yuan Euro,Forex,EUR
CNYGBP,9502,Chinese Yuan British Pound,Forex,GBP
CNYHUF,9503,Chinese Yuan Hungarian Forint,Forex,HUF
CNYIDR,9504,Chinese Yuan Indonesian Rupiah,Forex,IDR
CNYILS,9505,Chinese Yuan Israeli Shekel,Forex,ILS
CNYINR,9506,Chinese Yuan Indian Rupee,Forex,INR
CNYISK,9507,Chinese Yuan Icelandic Kr,Forex,ISK
CNYJMD,9508,Chinese Yuan Jamaican Dollar,Forex,JMD
CNYJOD,9509,Chinese Yuan Jordan Dinar,Forex,JOD
CNYKES,9510,Chinese Yuan Kenyan Shilling,Forex,KES
CNYKRW,9511,Chinese Yuan Korean Won,Forex,KRW
CNYLBP,9512,Chinese Yuan Lebanese Pound,Forex,LBP
CNYLKR,9513,Chinese Yuan Sri Lankan Rupee,Forex,LKR
CNYMAD,9516,Chinese Yuan Moroccan Dirham,Forex,MAD
CNYMXN,9517,Chinese Yuan Mexican Peso,Forex,MXN
CNYMYR,9518,Chinese Yuan Malaysian Ringgit,Forex,MYR
CNYNAD,9519,Chinese Yuan Namibian Dollar,Forex,NAD
CNYNOK,9520,Chinese Yuan Norwegian Krone,Forex,NOK
CNYNPR,9521,Chinese Yuan Nepalese Rupee,Forex,NPR
CNYNZD,9522,Chinese Yuan New Zealand Dollar,Forex,NZD
CNYOMR,9523,Chinese Yuan Omani Rial,Forex,OMR
CNYPAB,9524,Chinese Yuan Panamanian Balboa,Forex,PAB
CNYPHP,9525,Chinese Yuan Philippine Peso,Forex,PHP
CNYPKR,9526,Chinese Yuan Pakistani Rupee,Forex,PKR
CNYPLN,9527,Chinese Yuan Polish Zloty,Forex,PLN
CNYQAR,9528,Chinese Yuan Qatari Riyal,Forex,QAR
CNYRON,9529,Chinese Yuan Romanian Leu,Forex,RON
CNYRUB,9530,Chinese Yuan Russian Ruble,Forex,RUB
CNYSAR,9531,Chinese Yuan Saudi Riyal,Forex,SAR
CNYSEK,9532,Chinese Yuan Swedish Krona,Forex,SEK
CNYSGD,9533,Chinese Yuan Singapore Dollar,Forex,SGD
CNYTHB,9534,Chinese Yuan Thai Baht,Forex,THB
CNYTRY,9535,Chinese Yuan Turkish Lira,Forex,TRY
CNYUSD,9536,Chinese Yuan US Dollar,Forex,USD
CNYVEF,9537,Chinese Yuan Venezuelan Bolivar,Forex,VEF
CNYXAF,9538,Chinese Yuan Central African Franc,Forex,XAF
CNYXCD,9539,Chinese Yuan East Caribbean Dollar,Forex,XCD
CNYTWD,9540,Chinese Yuan Taiwan Dollar,Forex,TWD
ILSCNY,9682,Israeli Shekel Chinese Yuan,Forex,CNY
MXNCNY,9796,Mexican Peso Chinese Yuan,Forex,CNY
NOKCNY,9844,Norwegian Krone Chinese Yuan,Forex,CNY
PHPCNY,9923,Philippine Peso Chinese Yuan,Forex,CNY
PLNCNY,9980,Polish Zloty Chinese Yuan,Forex,CNY
RUBCNY,10027,Russian Ruble Chinese Yuan,Forex,CNY
SARCNY,10078,Saudi Riyal Chinese Yuan,Forex,CNY
SEKCNY,10133,Swedish Krona Chinese Yuan,Forex,CNY
TRYCNY,10249,Turkish Lira Chinese Yuan,Forex,CNY
VEFCNY,10354,Venezuelan Bolivar Chinese Yuan,Forex,CNY
CNYBYN,53093,Chinese Yuan Belarusian Ruble,Forex,BYN
CNYUAH,940807,Chinese Yuan Ukrainian Hryvnia,Forex,UAH
CNYCNH,962664,Chinese Yuan Chinese Yuan Offshore,Forex,CNH
KWDCNY,1036846,Kuwaiti Dinar Chinese Yuan,Forex,CNY
