USD,1033779,GAM Star Fund plc - GAM Star Credit Opportunities,,
0P00000LF5,1027443,Raiffeisenfonds-Sicherheit T,,
0P00000LF3,1031616,Raiffeisenfonds-Sicherheit A,,
0P0000165L,1031617,Raiffeisenfonds-Sicherheit VT,,
0P00001CE0,1031657,Value Investment Fonds Klassik A,,
0P00001CDZ,1031658,Value Investment Fonds Klassik T,,
0P00000LFU,1027446,Raiffeisenfonds-Ertrag T,,
0P0000165M,1031615,Raiffeisenfonds-Ertrag VT,,
0P00000LFS,1031614,Raiffeisenfonds-Ertrag A,,
0P00012BU3,1027590,Raiffeisen-Europa-HighYield I T,,
0P00008EYB,1031597,Raiffeisen 304-Euro Corporate VWG VT,,
0P00008MN2,1027543,Raiffeisen 304-Euro Corporates T,,
0P0000G7ER,1031598,Raiffeisen 304-Euro Corporates A,,
0P00000HRS,1031602,Raiffeisen Euro Bonds R,,
0P00018Q9S,1027596,Raiffeisen-Euro-Rent I A,,
I,1031603,Raiffeisen-Euro-Rent,,
R,1031604,Raiffeisen-Euro-Rent,,
R,1031605,Raiffeisen-Euro-Rent,,
0P00000JZI,1031607,Raiffeisen-Nachhaltigkeit-Mix T,,
0P00000JZK,1031606,Raiffeisen-Nachhaltigkeit-Mix A,,
0P00000HS3,1031608,Raiffeisen-Nachhaltigkeit-Mix VT,,
0P00000OHH,1031519,ESPA Reserve Euro Plus T,,
0P00000OGH,1031518,ESPA Reserve Euro Plus A,,
I,1031601,Raiffeisen-Eurasien-Aktien,,
LP60067905,1011281,UNIQA Eastern European Debt Fund A,,
0P00008EU4,1031653,UNIQA Eastern European Debt Fund VTA,,
0P000015MT,1027476,Pioneer Funds Austria - Komfort Invest traditionell A,,
0P00001DKS,1027530,Pioneer Funds Austria - Komfort Invest traditionell VI,,
0P000015MR,1027475,Pioneer Funds Austria - Komfort Invest traditionell T,,
0P00000V4X,1031479,Apollo Euro Corporate Bond Fund T,,
0P00000V4W,1031478,Apollo Euro Corporate Bond Fund A,,
0P00009DS3,1031509,ERSTE Bond Emerging Markets Corporate A,,
0P00009DS9,1031510,ERSTE Bond Emerging Markets Corporate T,,
0P000010JH,1031548,KEPLER Europa Rentenfonds A,,
0P000010JI,1031549,KEPLER Europa Rentenfonds T,,
0P00001DKY,1031591,Pioneer Funds Austria - Select Europe Stock VI,,
0P000015OX,1031594,Pioneer Funds Austria - Select Europe Stock A,,
0P000015OW,1031592,Pioneer Funds Austria - Select Europe Stock VA,,
0P0000105C,1031593,Pioneer Funds Austria - Select Europe Stock T,,
0P000017JJ,1031595,Portfolio Management SOLIDE A,,
0P000017JK,1031596,Portfolio Management SOLIDE T,,
0P0000I6DP,1031466,3 Banken Unternehmensanleihen-Fonds T,,
0P0000IECF,1031465,3 Banken Unternehmensanleihen-Fonds A,,
0P0000Z55N,1027587,Bond Strategy Euro All Term T,,
0P0000Z55M,1031482,Bond Strategy Euro All Term A,,
0P000010JV,1031574,KEPLER Vorsorge Mixfonds T,,
0P000010JU,1031573,KEPLER Vorsorge Mixfonds A,,
R,1031502,Dachfonds Südtirol,,
I,1031501,Dachfonds Südtirol,,
0P0000G8AI,1031599,Raiffeisen 902-Treasury Zero II A,,
0P0000G8AJ,1031600,Raiffeisen 902-Treasury Zero II VT,,
0P0000G7EP,1027550,Raiffeisen 902-Treasury Zero II T,,
0P00008EMH,1027534,UNIQA European High Grade Bond A,,
0P0000NN1P,1027561,Apollo Styrian Global Equity A2 A,,
0P00000V4Y,1031473,Apollo 2 Global Bond A,,
0P0000RX36,1031474,Apollo 2 Global Bond A2 A,,
0P00000V4Z,1031475,Apollo 2 Global Bond T,,
0P00000CAR,1031647,Spängler IQAM SparTrust M R T,,
0P0000SK3V,1031645,Spängler IQAM SparTrust M I T,,
0P0000XO0R,1031644,Spängler IQAM SparTrust M I A,,
0P00000CAT,1031646,Spängler IQAM SparTrust M R A,,
0P00000TDM,1031589,Pioneer Funds Austria - Ethik Fonds A,,
0P00000LEX,1031618,Raiffeisenfonds-Wachstum A,,
0P0000165K,1031619,Raiffeisenfonds-Wachstum VT,,
0P00000LEZ,1027442,Raiffeisenfonds-Wachstum T,,
0P00000VSM,1031625,Schoellerbank Global Pension Fonds T,,
0P00000VSL,1031624,Schoellerbank Global Pension Fonds A,,
0P000010JT,1031564,KEPLER Mix Solide T,,
0P000010JS,1031563,KEPLER Mix Solide A,,
0P00016MZ1,1027592,Sirius 25 I A,,
0P000018JK,1031529,Gutmann Euro Short-Term Anleihefonds A,,
0P0000WGCY,1031626,Schoellerbank PREMIUM Global Portfolio T,,
0P0000YT6U,1031627,Schoellerbank PREMIUM Global Portfolio A,,
0P00000HK2,1031643,Spängler IQAM ShortTerm Euro R T,,
0P00000HK0,1031642,Spängler IQAM ShortTerm Euro R A,,
0P0000XAP7,1031641,Spängler IQAM ShortTerm EUR I T,,
0P00000WKS,1031463,3 Banken Österreich-Fonds R A,,
0P00008F8S,1027535,UNIQA Dollar Bond A,,
0P00000NIH,1031517,ESPA Portfolio Bond Europe T,,
0P00000NIF,1031516,ESPA Portfolio Bond Europe A,,
LP68031092,1011268,R-VIP 35 I T,,
0P000017VE,1027496,KONZEPT : ERTRAG konservativ T,,
0P000017VD,1027495,KONZEPT : ERTRAG konservativ A,,
0P000010PV,1031581,Macquarie MS Bonds Emerging Markets T,,
0P00007VRO,1031513,ERSTE Responsible Reserve A,,
0P00007VSB,1031514,ERSTE Responsible Reserve T,,
0P0000XQ27,1031515,ERSTE Responsible ReserveVT,,
0P000010K2,1031555,KEPLER High Yield Corporate Rentenfonds T,,
0P000010K3,1031556,KEPLER High Yield Corporate Rentenfonds A,,
0P0000XQA4,1027584,s RegionenFonds A,,
0P0000XQA3,1027583,s RegionenFonds T,,
0P0000SOZX,1031568,KEPLER Risk Select Aktienfonds T,,
0P0000SOZY,1031567,KEPLER Risk Select Aktienfonds A,,
0P000017PO,1027490,Master S Best Invest A T,,
0P0000V7HO,1031491,CONVERTINVEST All-Cap Convertibles Fund I A,,
0P0000D2NJ,1031490,CONVERTINVEST All-Cap Convertibles Fund S VT,,
0P0000V7HR,1031493,CONVERTINVEST All-Cap Convertibles Fund I VT,,
0P0000D2NM,1031489,CONVERTINVEST All-Cap Convertibles Fund S T,,
0P0000D2NK,1031488,CONVERTINVEST All-Cap Convertibles Fund S A,,
0P0000V7HQ,1031492,CONVERTINVEST All-Cap Convertibles Fund I T,,
