BTCUSD,1058137,Bitcoin US Dollar,Bibox,USD
ETHUSD,1058142,Ethereum US Dollar,Bibox,USD
ETHBTC,1058141,Ethereum Bitcoin,Bibox,BTC
ETHDAI,1058143,Ethereum Dai,Bibox,DAI
EOSBTC,1058147,EOS Bitcoin,Bibox,BTC
EOSETH,1058146,EOS Ethereum,Bibox,ETH
EOSUSD,1058148,EOS US Dollar,Bibox,USD
BCHETH,1058149,Bitcoin Cash Ethereum,Bibox,ETH
LTCBTC,1058138,Litecoin Bitcoin,Bibox,BTC
LTCETH,1058139,Litecoin Ethereum,Bibox,ETH
LTCUSD,1058140,Litecoin US Dollar,Bibox,USD
ETCBTC,1058144,Ethereum Classic Bitcoin,Bibox,BTC
ETCETH,1058145,Ethereum Classic Ethereum,Bibox,ETH
