EURISK,1649,Euro Icelandic Kr,Forex,ISK
GBPISK,1763,British Pound Icelandic Kr,Forex,ISK
ISKCHF,1880,Icelandic Kr Swiss Franc,Forex,CHF
SEKISK,2021,Swedish Krona Icelandic Kr,Forex,ISK
USDISK,2141,US Dollar Icelandic Kr,Forex,ISK
AEDISK,9290,UAE Dirham Icelandic Kr,Forex,ISK
ARSISK,9343,Argentinian Peso Icelandic Kr,Forex,ISK
AUDISK,9385,Australian Dollar Icelandic Kr,Forex,ISK
BRLISK,9425,Brazil Real Icelandic Kr,Forex,ISK
CADISK,9465,Canadian Dollar Icelandic Kr,Forex,ISK
CNYISK,9507,Chinese Yuan Icelandic Kr,Forex,ISK
CHFISK,9547,Swiss Franc Icelandic Kr,Forex,ISK
HKDISK,9628,Hong Kong Dollar Icelandic Kr,Forex,ISK
HUFISK,9660,Hungarian Forint Icelandic Kr,Forex,ISK
ILSISK,9693,Israeli Shekel Icelandic Kr,Forex,ISK
INRISK,9738,Indian Rupee Icelandic Kr,Forex,ISK
ISKCLP,9756,Icelandic Kr Chilean Peso,Forex,CLP
ISKCZK,9757,Icelandic Kr Czech Koruna,Forex,CZK
ISKHUF,9758,Icelandic Kr Hungarian Forint,Forex,HUF
ISKINR,9759,Icelandic Kr Indian Rupee,Forex,INR
ISKJPY,9760,Icelandic Kr Japanese Yen,Forex,JPY
ISKKRW,9761,Icelandic Kr Korean Won,Forex,KRW
ISKPHP,9762,Icelandic Kr Philippine Peso,Forex,PHP
ISKIDR,9763,Icelandic Kr Indonesian Rupiah,Forex,IDR
ISKPKR,9764,Icelandic Kr Pakistani Rupee,Forex,PKR
ISKRUB,9765,Icelandic Kr Russian Ruble,Forex,RUB
ISKTHB,9766,Icelandic Kr Thai Baht,Forex,THB
ISKXAF,9767,Icelandic Kr Central African Franc,Forex,XAF
ISKJMD,9768,Icelandic Kr Jamaican Dollar,Forex,JMD
ISKKES,9769,Icelandic Kr Kenyan Shilling,Forex,KES
ISKLKR,9770,Icelandic Kr Sri Lankan Rupee,Forex,LKR
ISKLBP,9771,Icelandic Kr Lebanese Pound,Forex,LBP
ISKNPR,9772,Icelandic Kr Nepalese Rupee,Forex,NPR
ISKXOF,9773,Icelandic Kr West African CFA franc,Forex,XOF
JPYISK,9778,Japanese Yen Icelandic Kr,Forex,ISK
MXNISK,9806,Mexican Peso Icelandic Kr,Forex,ISK
NOKISK,9853,Norwegian Krone Icelandic Kr,Forex,ISK
NZDISK,9897,New Zealand Dollar Icelandic Kr,Forex,ISK
PHPISK,9932,Philippine Peso Icelandic Kr,Forex,ISK
PKRISK,9961,Pakistani Rupee Icelandic Kr,Forex,ISK
PLNISK,9989,Polish Zloty Icelandic Kr,Forex,ISK
RUBISK,10039,Russian Ruble Icelandic Kr,Forex,ISK
SARISK,10090,Saudi Riyal Icelandic Kr,Forex,ISK
SGDISK,10183,Singapore Dollar Icelandic Kr,Forex,ISK
THBISK,10221,Thai Baht Icelandic Kr,Forex,ISK
TRYISK,10261,Turkish Lira Icelandic Kr,Forex,ISK
TWDISK,10313,Taiwan Dollar Icelandic Kr,Forex,ISK
VEFISK,10366,Venezuelan Bolivar Icelandic Kr,Forex,ISK
ZARISK,10418,South African Rand Icelandic Kr,Forex,ISK
ISKILS,1031409,Icelandic Kr Israeli Shekel,Forex,ILS
