ASC,40252,ABG Sundal Collier Holding ASA,OSEBX,NOK
AFGRA,49866,Af Gruppen,OSEBX,NOK
AKAS,8999,Akastor ASA,OSEBX,NOK
AKER,40248,Aker ASA,OSEBX,NOK
AMSCA,44449,American Ship,OSEBX,NOK
ASETEK,49850,Asetek,OSEBX,NOK
ATEA,40253,Atea ASA,OSEBX,NOK
BIONOR,40256,Bionor Pharma ASA,OSEBX,NOK
BIOTEC,49891,Biotec Pharmac,OSEBX,NOK
BWLPG,49841,Bw Lpg,OSEBX,NOK
DETNOR,40260,Det norske oljeselskap ASA,OSEBX,NOK
DNB,13140,DnB ASA,OSEBX,NOK
DNO,363,DNO International ASA,OSEBX,NOK
EKO,40262,Ekornes ASA,OSEBX,NOK
FOE,368,Fred. Olsen Energy ASA,OSEBX,NOK
GJFS,40266,Gjensidige Forsikring ASA,OSEBX,NOK
GOGLT,366,Golden Ocean Group Ltd,OSEBX,NOK
HEX,49863,Hexagon Compos,OSEBX,NOK
KOG,40243,Kongsberg Gruppen ASA,OSEBX,NOK
KOA,40269,Kongsberg Automotive Holding ASA,OSEBX,NOK
LSG,40271,Leroy Seafood Group ASA,OSEBX,NOK
MHG,369,Marine Harvest ASA,OSEBX,NOK
NOD,40274,Nordic Semiconductor ASA,OSEBX,NOK
NHY,367,Norsk Hydro ASA,OSEBX,NOK
NWC,40277,Norwegian Air Shuttle ASA,OSEBX,NOK
NPRO,40275,Norwegian Property ASA,OSEBX,NOK
OLT,49888,Olav Thon Eien,OSEBX,NOK
OPERA,40279,Opera Software ASA,OSEBX,NOK
ORK,373,Orkla ASA,OSEBX,NOK
BAKKA,40255,P/f Bakkafrost,OSEBX,NOK
PGS,375,Petroleum Geo - Services ASA,OSEBX,NOK
PHO,49889,Photocure,OSEBX,NOK
PRSO,372,Prosafe,OSEBX,NOK
QFR,40283,Q-Free ASA,OSEBX,NOK
REC,374,REC Silicon ASA,OSEBX,NOK
SALM,40285,SalMar ASA,OSEBX,NOK
SBSTA,40286,Schibsted ASA A,OSEBX,NOK
SDRL,382,Seadrill Limited,OSEBX,NOK
STL,376,Statoil ASA,OSEBX,NOK
SNI,40244,Stolt-Nielsen Limited,OSEBX,NOK
STB,379,Storebrand ASA,OSEBX,NOK
SUBC,383,Subsea 7 SA,OSEBX,NOK
TEL,380,Telenor ASA,OSEBX,NOK
TGS,384,TGS-NOPEC Geophysical Company ASA,OSEBX,NOK
TOM,378,Tomra Systems ASA,OSEBX,NOK
VEI,40292,Veidekke ASA,OSEBX,NOK
WWASA,40293,Wilh. Wilhelmsen ASA,OSEBX,NOK
WWI,40294,Wilh. Wilhelmsen Holding ASA,OSEBX,NOK
WWIB,40295,Wilhelm Wilhelmsen Holding ASA B,OSEBX,NOK
YAR,381,Yara International ASA,OSEBX,NOK
