EURNOK,37,Euro Norwegian Krone,Forex,NOK
USDNOK,59,US Dollar Norwegian Krone,Forex,NOK
NOKJPY,73,Norwegian Krone Japanese Yen,Forex,JPY
GBPNOK,93,British Pound Norwegian Krone,Forex,NOK
NOKDKK,99,Norwegian Krone Danish Krone,Forex,DKK
AUDNOK,109,Australian Dollar Norwegian Krone,Forex,NOK
NOKSEK,111,Norwegian Krone Swedish Krona,Forex,SEK
CHFNOK,113,Swiss Franc Norwegian Krone,Forex,NOK
CADNOK,114,Canadian Dollar Norwegian Krone,Forex,NOK
DKKNOK,1593,Danish Krone Norwegian Krone,Forex,NOK
JPYNOK,1903,Japanese Yen Norwegian Krone,Forex,NOK
NOKCHF,1973,Norwegian Krone Swiss Franc,Forex,CHF
NOKINR,1976,Norwegian Krone Indian Rupee,Forex,INR
SEKNOK,2022,Swedish Krona Norwegian Krone,Forex,NOK
ZARNOK,2246,South African Rand Norwegian Krone,Forex,NOK
AEDNOK,9294,UAE Dirham Norwegian Krone,Forex,NOK
ARSNOK,9346,Argentinian Peso Norwegian Krone,Forex,NOK
BRLNOK,9437,Brazil Real Norwegian Krone,Forex,NOK
CNYNOK,9520,Chinese Yuan Norwegian Krone,Forex,NOK
HKDNOK,9638,Hong Kong Dollar Norwegian Krone,Forex,NOK
ILSNOK,9706,Israeli Shekel Norwegian Krone,Forex,NOK
INRNOK,9747,Indian Rupee Norwegian Krone,Forex,NOK
MXNNOK,9815,Mexican Peso Norwegian Krone,Forex,NOK
NOKAED,9836,Norwegian Krone UAE Dirham,Forex,AED
NOKARS,9837,Norwegian Krone Argentinian Peso,Forex,ARS
NOKAUD,9838,Norwegian Krone Australian Dollar,Forex,AUD
NOKBBD,9839,Norwegian Krone Barbadian Dollar,Forex,BBD
NOKBHD,9840,Norwegian Krone Baharain Dinar,Forex,BHD
NOKBRL,9841,Norwegian Krone Brazil Real,Forex,BRL
NOKCAD,9842,Norwegian Krone Canadian Dollar,Forex,CAD
NOKCLP,9843,Norwegian Krone Chilean Peso,Forex,CLP
NOKCNY,9844,Norwegian Krone Chinese Yuan,Forex,CNY
NOKCZK,9845,Norwegian Krone Czech Koruna,Forex,CZK
NOKEGP,9847,Norwegian Krone Egyptian Pound,Forex,EGP
NOKEUR,9848,Norwegian Krone Euro,Forex,EUR
NOKGBP,9849,Norwegian Krone British Pound,Forex,GBP
NOKHUF,9850,Norwegian Krone Hungarian Forint,Forex,HUF
NOKIDR,9851,Norwegian Krone Indonesian Rupiah,Forex,IDR
NOKILS,9852,Norwegian Krone Israeli Shekel,Forex,ILS
NOKISK,9853,Norwegian Krone Icelandic Kr,Forex,ISK
NOKJMD,9854,Norwegian Krone Jamaican Dollar,Forex,JMD
NOKJOD,9855,Norwegian Krone Jordan Dinar,Forex,JOD
NOKKES,9856,Norwegian Krone Kenyan Shilling,Forex,KES
NOKKRW,9857,Norwegian Krone Korean Won,Forex,KRW
NOKLBP,9858,Norwegian Krone Lebanese Pound,Forex,LBP
NOKLKR,9859,Norwegian Krone Sri Lankan Rupee,Forex,LKR
NOKMAD,9862,Norwegian Krone Moroccan Dirham,Forex,MAD
NOKMXN,9863,Norwegian Krone Mexican Peso,Forex,MXN
NOKMYR,9864,Norwegian Krone Malaysian Ringgit,Forex,MYR
NOKNAD,9865,Norwegian Krone Namibian Dollar,Forex,NAD
NOKHKD,9866,Norwegian Krone Hong Kong Dollar,Forex,HKD
NOKNPR,9867,Norwegian Krone Nepalese Rupee,Forex,NPR
NOKNZD,9868,Norwegian Krone New Zealand Dollar,Forex,NZD
NOKOMR,9869,Norwegian Krone Omani Rial,Forex,OMR
NOKPAB,9870,Norwegian Krone Panamanian Balboa,Forex,PAB
NOKPHP,9871,Norwegian Krone Philippine Peso,Forex,PHP
NOKPKR,9872,Norwegian Krone Pakistani Rupee,Forex,PKR
NOKPLN,9873,Norwegian Krone Polish Zloty,Forex,PLN
NOKQAR,9874,Norwegian Krone Qatari Riyal,Forex,QAR
NOKRON,9875,Norwegian Krone Romanian Leu,Forex,RON
NOKRUB,9876,Norwegian Krone Russian Ruble,Forex,RUB
NOKSAR,9877,Norwegian Krone Saudi Riyal,Forex,SAR
NOKSGD,9878,Norwegian Krone Singapore Dollar,Forex,SGD
NOKTHB,9879,Norwegian Krone Thai Baht,Forex,THB
NOKTRY,9880,Norwegian Krone Turkish Lira,Forex,TRY
NOKTWD,9881,Norwegian Krone Taiwan Dollar,Forex,TWD
NOKUSD,9882,Norwegian Krone US Dollar,Forex,USD
NOKVEF,9883,Norwegian Krone Venezuelan Bolivar,Forex,VEF
NOKXAF,9884,Norwegian Krone Central African Franc,Forex,XAF
NOKXCD,9885,Norwegian Krone East Caribbean Dollar,Forex,XCD
NOKXOF,9886,Norwegian Krone West African CFA franc,Forex,XOF
NOKZAR,9887,Norwegian Krone South African Rand,Forex,ZAR
NZDNOK,9908,New Zealand Dollar Norwegian Krone,Forex,NOK
PHPNOK,9943,Philippine Peso Norwegian Krone,Forex,NOK
PLNNOK,10002,Polish Zloty Norwegian Krone,Forex,NOK
RUBNOK,10053,Russian Ruble Norwegian Krone,Forex,NOK
SARNOK,10104,Saudi Riyal Norwegian Krone,Forex,NOK
SGDNOK,10193,Singapore Dollar Norwegian Krone,Forex,NOK
THBNOK,10230,Thai Baht Norwegian Krone,Forex,NOK
TRYNOK,10274,Turkish Lira Norwegian Krone,Forex,NOK
TWDNOK,10325,Taiwan Dollar Norwegian Krone,Forex,NOK
VEFNOK,10380,Venezuelan Bolivar Norwegian Krone,Forex,NOK
