AEM,24446,Agnico Eagle Mines Limited,TRX50CAP,CAD
AGU,24449,Agrium Inc,TRX50CAP,CAD
ATDb,24458,Alimentation Couche-Tard Inc,TRX50CAP,CAD
BMO,24473,Bank of Montreal,TRX50CAP,CAD
BNS,24477,Bank of Nova Scotia,TRX50CAP,CAD
ABX,24443,Barrick Gold Corporation,TRX50CAP,CAD
BCE,24469,BCE Inc.,TRX50CAP,CAD
BAMa,24466,Brookfield Asset Management Inc,TRX50CAP,CAD
CM,24497,Canadian Imperial Bank Of Commerce,TRX50CAP,CAD
CNR,24499,Canadian National Railway Company,TRX50CAP,CAD
CNQ,24498,Canadian Natural Resources Limited,TRX50CAP,CAD
CP,24501,Canadian Pacific Railway Limited,TRX50CAP,CAD
CTCa,24508,Canadian Tire Corp Ltd,TRX50CAP,CAD
CVE,24512,Cenovus Energy Inc,TRX50CAP,CAD
GIBa,24549,CGI Group Inc,TRX50CAP,CAD
CSU,40463,Constellation Software Inc.,TRX50CAP,CAD
CPG,24502,Crescent Point Energy Corp.,TRX50CAP,CAD
DOL,24521,Dollarama Inc,TRX50CAP,CAD
ENB,24530,Enbridge Inc,TRX50CAP,CAD
FFH,24536,Fairfax Financial Holdings Limited,TRX50CAP,CAD
FTS,24542,Fortis Inc.,TRX50CAP,CAD
FNV,24538,Franco-Nevada Corporation,TRX50CAP,CAD
G,24545,Goldcorp Inc,TRX50CAP,CAD
GWO,24553,Great-West Lifeco Inc.,TRX50CAP,CAD
IMO,24564,Imperial Oil Limited,TRX50CAP,CAD
IFC,24560,Intact Financial Corporation,TRX50CAP,CAD
IPL,24565,Inter Pipeline Ltd,TRX50CAP,CAD
L,24572,Loblaw Companies Limited,TRX50CAP,CAD
MG,24586,Magna International Inc,TRX50CAP,CAD
MFC,24583,Manulife Financial Corp,TRX50CAP,CAD
MRU,24589,Metro Inc.,TRX50CAP,CAD
NA,24592,National Bank of Canada,TRX50CAP,CAD
PPL,24624,Pembina Pipeline Corp,TRX50CAP,CAD
POT,24621,Potash Corporation of Saskatchewan,TRX50CAP,CAD
POW,24623,Power Corporation Of Canada,TRX50CAP,CAD
PWF,24629,Power Financial Corporation,TRX50CAP,CAD
REI_u,24637,Riocan REIT,TRX50CAP,CAD
RCIb,24635,Rogers Communications Inc,TRX50CAP,CAD
RY,24643,Royal Bank Of Canada,TRX50CAP,CAD
SAP,24645,Saputo Inc.,TRX50CAP,CAD
SJRb,24650,Shaw Communications Inc,TRX50CAP,CAD
SLW,24652,Silver Wheaton Corp,TRX50CAP,CAD
SLF,24651,Sun Life Financial Inc.,TRX50CAP,CAD
SU,24658,Suncor Energy Inc,TRX50CAP,CAD
T,24662,TELUS Corporation,TRX50CAP,CAD
TRI,24679,Thomson Reuters Corporation,TRX50CAP,CAD
TD,24668,Toronto Dominion Bank,TRX50CAP,CAD
TRP,24680,TransCanada Corporation,TRX50CAP,CAD
VRX,24683,Valeant Pharmaceuticals International Inc,TRX50CAP,CAD
