247,1096190,24SevenOffice,Aktietorget,SEK,http://www.investing.com/equities/24sevenoffice
ABSLC,985795,Absolicon Solar Collector,Aktietorget,SEK,http://www.investing.com/equities/absolicon-solar-collector-ab
ACOS,998054,Acosense,Aktietorget,SEK,http://www.investing.com/equities/acosense-ab
ACOUS,995941,Acousort,Aktietorget,SEK,http://www.investing.com/equities/acousort-ab
ACUC,1008983,AcuCort,Aktietorget,SEK,http://www.investing.com/equities/acucort-ab
AERWb,996541,Aerowash,Aktietorget,SEK,http://www.investing.com/equities/aerowash-ab
AHA,961660,AHA World AB,Aktietorget,SEK,http://www.investing.com/equities/aha-world-ab
ALHX,995942,AlphaHelix Molecular,Aktietorget,SEK,http://www.investing.com/equities/alphahelix-molecular-diagnostics-ab
ALTEM,995945,Alteco Medical,Aktietorget,SEK,http://www.investing.com/equities/alteco-medical-ab
AMBI,995946,Ambia Trading,Aktietorget,SEK,http://www.investing.com/equities/ambia-trading-group-ab
AMH2b,995947,Amhult 2,Aktietorget,SEK,http://www.investing.com/equities/amhult-2-ab
AMNO,995948,Amnode,Aktietorget,SEK,http://www.investing.com/equities/amnode-ab
ANGLR,995949,Angler Gaming,Aktietorget,SEK,http://www.investing.com/equities/angler-gaming-plc
APSTR,995950,AppSpotr,Aktietorget,SEK,http://www.investing.com/equities/appspotr-ab
APTA,949750,Aptahem AB,Aktietorget,SEK,http://www.investing.com/equities/aptahem-ab
AXKID,995951,Axon Kids,Aktietorget,SEK,http://www.investing.com/equities/axon-kids-ab
BAHNb,995952,Bahnhof,Aktietorget,SEK,http://www.investing.com/equities/bahnhof-ab
BEOsdb,995953,Beowulf Mining,Aktietorget,SEK,http://www.investing.com/equities/beowulf-mining-plc-drc
BEYOND,1152233,Beyond Frames Ent,Aktietorget,SEK,http://www.investing.com/equities/beyond-frames-entertainment-ab
BIBB,1054667,BibbInstruments,Aktietorget,SEK,http://www.investing.com/equities/bibbinstruments
BOSJO,980204,Bosjo Fastigheter,Aktietorget,SEK,http://www.investing.com/equities/bosjo-fastigheter-publ-ab
BRAIN,995956,BrainCool,Aktietorget,SEK,http://www.investing.com/equities/braincool-ab
CSEC,995962,C Security Systems,Aktietorget,SEK,http://www.investing.com/equities/c-security-systems-ab
CALMAb,1127984,Calmark Sweden B,Aktietorget,SEK,http://www.investing.com/equities/calmark-sweden-b
CARE,999062,Camanio Care,Aktietorget,SEK,http://www.investing.com/equities/camanio-care-ab
CRNOSb,985798,Cereno Scientific,Aktietorget,SEK,http://www.investing.com/equities/cereno-scientific-ab
CHALb,995959,Challenger Mobile,Aktietorget,SEK,http://www.investing.com/equities/challenger-mobile-ab
CLINEb,949754,Cline Scientific AB,Aktietorget,SEK,http://www.investing.com/equities/cline-scientific-ab
COLAB,1127983,Colabitoil Sweden,Aktietorget,SEK,http://www.investing.com/equities/colabitoil-sweden
COMINT,1152235,Comintelli,Aktietorget,SEK,http://www.investing.com/equities/comintelli-ab
NGAGE,995958,Community Entertainment,Aktietorget,SEK,http://www.investing.com/equities/community-entertainment-svenska-ab
COMPIT,1009359,Compare-IT Nordic,Aktietorget,SEK,http://www.investing.com/equities/compare-it-nordic-ab
CAMb,995957,Consensus Asset,Aktietorget,SEK,http://www.investing.com/equities/consensus-asset-management-ab
FLOWS,986097,Crowdsoft,Aktietorget,SEK,http://www.investing.com/equities/crowdsoft-technology-ab
SPIRA,962355,DalsSpira Mejeri AB,Aktietorget,SEK,http://www.investing.com/equities/dalsspira-mejeri-ab
DEXTECH,995965,Dextech Medical,Aktietorget,SEK,http://www.investing.com/equities/dextech-medical-ab
DBPHAb,995963,Double Bond Pharma,Aktietorget,SEK,http://www.investing.com/equities/double-bond-pharmaceutical-intl
EASYb,995966,EasyFill,Aktietorget,SEK,http://www.investing.com/equities/easyfill-ab
EATG,999064,EatGood Sweden,Aktietorget,SEK,http://www.investing.com/equities/eatgood-sweden-ab
ECCb,995967,Ecoclime Group,Aktietorget,SEK,http://www.investing.com/equities/ecoclime-comfort-ceilings-ab
ECOM,995969,Ecomb,Aktietorget,SEK,http://www.investing.com/equities/ecomb-ab
ECOb,995968,EcoRub,Aktietorget,SEK,http://www.investing.com/equities/ecorub-ab
EMOTR,945910,Emotra AB,Aktietorget,SEK,http://www.investing.com/equities/emotra-ab
ENRAD,1030907,Enrad,Aktietorget,SEK,http://www.investing.com/equities/enrad
ENVIRb,995971,Envirologic,Aktietorget,SEK,http://www.investing.com/equities/envirologic-ab
EQL,995972,EQL Pharma,Aktietorget,SEK,http://www.investing.com/equities/eql-pharma-ab
ESEN,1053082,ESEN eSports,Aktietorget,SEK,http://www.investing.com/equities/esen-esports
EUCI,995973,Eurocine Vaccines,Aktietorget,SEK,http://www.investing.com/equities/eurocine-vaccines-ab
EUROC,995975,Eurocon Consulting,Aktietorget,SEK,http://www.investing.com/equities/eurocon-consulting-ab
EURIb,995974,European Institute of Science,Aktietorget,SEK,http://www.investing.com/equities/european-institute-of-science-ab
EVERYa,968995,Everysport Media,Aktietorget,SEK,http://www.investing.com/equities/everysport-media-group-ab
FOUT,962528,Fastout Int,Aktietorget,SEK,http://www.investing.com/equities/fastout-int-ab
FINEP,995976,Finepart Sweden,Aktietorget,SEK,http://www.investing.com/equities/finepart-sweden-ab
FOLLI,942722,Follicum,Aktietorget,SEK,http://www.investing.com/equities/follicum
FGG,953863,Future Gaming Group,Aktietorget,SEK,http://www.investing.com/equities/playhippo-ab
FXI,995977,FX International,Aktietorget,SEK,http://www.investing.com/equities/fx-international-ab
GAMEC,1152236,Game Chest,Aktietorget,SEK,http://www.investing.com/equities/game-chest-group-ab
GENES,995978,Genesis IT,Aktietorget,SEK,http://www.investing.com/equities/genesis-it-ab
GJAB,995979,Gullberg & Jansson,Aktietorget,SEK,http://www.investing.com/equities/gullberg---jansson-ab
HAMLET,960715,Hamlet Pharma AB,Aktietorget,SEK,http://www.investing.com/equities/hamlet-pharma-ab
HOMEb,995981,HomeMaid,Aktietorget,SEK,http://www.investing.com/equities/homemaid-ab
HOODIN,1152244,Hoodin,Aktietorget,SEK,http://www.investing.com/equities/hoodin-ab
HYCO,955886,Hybricon Bus Systems AB,Aktietorget,SEK,http://www.investing.com/equities/hybricon-bus-systems-ab
IAPO,1024904,iApotek Int,Aktietorget,SEK,http://www.investing.com/equities/iapotek-int
IDOGEN,954911,Idogen AB,Aktietorget,SEK,http://www.investing.com/equities/idogen-ab
ABIG,941184,Igrene,Aktietorget,SEK,http://www.investing.com/equities/igrene
IMINT,962350,Imint Image Intelligence AB,Aktietorget,SEK,http://www.investing.com/equities/imint-image-intelligence-ab
ISHE,1152239,Industrial Solar,Aktietorget,SEK,http://www.investing.com/equities/industrial-solar-holding-europe-ab
INFRAC,1096188,Infracom,Aktietorget,SEK,http://www.investing.com/equities/infracom
ISAB,1050726,Inhalation Sciences,Aktietorget,SEK,http://www.investing.com/equities/inhalation-sciences
INIT,998055,Initiator Pharma,Aktietorget,SEK,http://www.investing.com/equities/initiator-pharma-a-s
INSPL,995984,Insplorion,Aktietorget,SEK,http://www.investing.com/equities/insplorion-ab
IMSW,968999,Invent Medic Sweden,Aktietorget,SEK,http://www.investing.com/equities/invent-medic-sweden-ab
JOJK,995985,Jojka Communications,Aktietorget,SEK,http://www.investing.com/equities/jojka-communications-ab
JOSA,995986,Josab Intl,Aktietorget,SEK,http://www.investing.com/equities/josab-international-ab
KLICb,995987,Klick Data,Aktietorget,SEK,http://www.investing.com/equities/klick-data-ab
LATFb,995988,Latvian Forest,Aktietorget,SEK,http://www.investing.com/equities/latvian-forest-company-ab
LITIU,985138,Litium,Aktietorget,SEK,http://www.investing.com/equities/litium-ab
LOGIST,1052945,Logistri Fastighets,Aktietorget,SEK,http://www.investing.com/equities/logistri-fastighets
LOVI,995989,Lovisagruvan,Aktietorget,SEK,http://www.investing.com/equities/lovisagruvan-ab
QUIA,995990,Lucent Oil,Aktietorget,SEK,http://www.investing.com/equities/lucent-oil-ab
MALAR,991183,Malarasen,Aktietorget,SEK,http://www.investing.com/equities/malarasen-publ-ab
MEDF,995991,Medfield Diagnostics,Aktietorget,SEK,http://www.investing.com/equities/medfield-diagnostics-ab
MPEN,995995,MedicPen,Aktietorget,SEK,http://www.investing.com/equities/medicpen-ab
MENUb,995992,MenuCard,Aktietorget,SEK,http://www.investing.com/equities/menucard-ab
MPOS,995996,Micropos Medical,Aktietorget,SEK,http://www.investing.com/equities/micropos-medical-ab
MIHO,995993,Miris Holding,Aktietorget,SEK,http://www.investing.com/equities/miris-holding-ab
MPLUS,1010840,MobiPlus,Aktietorget,SEK,http://www.investing.com/equities/mobiplus-ab
MODI,995994,Motion Display Scandinavia,Aktietorget,SEK,http://www.investing.com/equities/motion-display-scandinavia-ab
NANEXA,995997,Nanexa,Aktietorget,SEK,http://www.investing.com/equities/nanexa-ab
NICA,960718,Nanologica publ AB,Aktietorget,SEK,http://www.investing.com/equities/nanologica-publ-ab
NEOD,1152237,NeoDynamics,Aktietorget,SEK,http://www.investing.com/equities/neodynamics-ab
NEVIb,995999,New Equity Venture,Aktietorget,SEK,http://www.investing.com/equities/new-equity-venture-international-ab
NXTCL,1031279,NextCell Pharma,Aktietorget,SEK,http://www.investing.com/equities/nextcell-pharma
NFO,996000,NFO Drives,Aktietorget,SEK,http://www.investing.com/equities/nfo-drives-ab
NOVU,996001,Novus Group Intl,Aktietorget,SEK,http://www.investing.com/equities/novus-group-international-ab
NUSTAY,1142283,Nustay,Aktietorget,SEK,http://www.investing.com/equities/nustay-as
OBST,1096191,ObsteCare,Aktietorget,SEK,http://www.investing.com/equities/obstecare
OMNIC,1024905,OmniCar,Aktietorget,SEK,http://www.investing.com/equities/omnicar
OPTIFR,986260,OptiFreeze,Aktietorget,SEK,http://www.investing.com/equities/optifreeze-ab
ORTb,996004,Ortoma,Aktietorget,SEK,http://www.investing.com/equities/ortoma-ab
PANION,1024903,Panion Animal,Aktietorget,SEK,http://www.investing.com/equities/panion-animal
PARAN,996006,Parans Solar Lighting,Aktietorget,SEK,http://www.investing.com/equities/parans-solar-lighting-ab
PENCON,986100,PEN Concept,Aktietorget,SEK,http://www.investing.com/equities/pen-concept-group-ab
PMED,969001,Peptonic Medical,Aktietorget,SEK,http://www.investing.com/equities/peptonic-medical-ab
PEXAb,960719,PExA AB,Aktietorget,SEK,http://www.investing.com/equities/pexa-ab
PHAL,996008,PharmaLundensis,Aktietorget,SEK,http://www.investing.com/equities/pharmalundensis-ab
PHIG,996009,Phase Holographic,Aktietorget,SEK,http://www.investing.com/equities/phase-holographic-imaging-phi-ab
PLEJD,976085,Plejd,Aktietorget,SEK,http://www.investing.com/equities/plejd-ab
PREBON,962353,Prebona AB,Aktietorget,SEK,http://www.investing.com/equities/prebona-ab
PB,996007,PromikBook,Aktietorget,SEK,http://www.investing.com/equities/promikbook-ab
PROVIT,985802,Provide IT Sweden,Aktietorget,SEK,http://www.investing.com/equities/provide-it-sweden-ab
QBNK,955679,QBNK Holding AB,Aktietorget,SEK,http://www.investing.com/equities/qbnk-holding-ab
QUICK,962354,Quickcool,Aktietorget,SEK,http://www.investing.com/equities/quickcool-ab
RBASE,962532,Raybased,Aktietorget,SEK,http://www.investing.com/equities/raybased-ab
HEART,942732,Real Heart,Aktietorget,SEK,http://www.investing.com/equities/real-heart
RECYb,996012,Recyctec Holding,Aktietorget,SEK,http://www.investing.com/equities/recyctec-holding-ab
REDS,954917,Redsense Medical,Aktietorget,SEK,http://www.investing.com/equities/redsense-medical-ab
REDWPH,985188,Redwood Pharma,Aktietorget,SEK,http://www.investing.com/equities/redwood-pharma-ab
RESPS,996013,Respiratorius,Aktietorget,SEK,http://www.investing.com/equities/respiratorius-ab
RHOVAC,969003,RhoVac ApS,Aktietorget,SEK,http://www.investing.com/equities/rhovac-aps
RISK,1127988,Risk Intelligence,Aktietorget,SEK,http://www.investing.com/equities/risk-intelligence
ROOT,942729,Rootfruit Scand,Aktietorget,SEK,http://www.investing.com/equities/rootfruit-scand
SAFES,996015,Safe At Sea,Aktietorget,SEK,http://www.investing.com/equities/safe-at-sea-ab
SCOLG,1127986,Scandion Oncology,Aktietorget,SEK,http://www.investing.com/equities/scandion-oncology
SEAL,942721,Sealwacs,Aktietorget,SEK,http://www.investing.com/equities/sealwacs
SELECTb,1152240,SelectImmune Pharma,Aktietorget,SEK,http://www.investing.com/equities/selectimmune-pharma-ab
SDET,996016,SensoDetect,Aktietorget,SEK,http://www.investing.com/equities/sensodetect-ab
SRTMG,985803,Shortcut Media,Aktietorget,SEK,http://www.investing.com/equities/shortcut-media-ab
SCCb,963722,Sjostrand Coffee,Aktietorget,SEK,http://www.investing.com/equities/sjostrand-coffee-int-ab
SLEEP,962533,Sleepo,Aktietorget,SEK,http://www.investing.com/equities/sleepo-ab
SLOTTa,958280,Slottsviken Fastighetsaktiebolag A,Aktietorget,SEK,http://www.investing.com/equities/slottsviken-fastighetsaktiebolag-a
SLOTTb,958281,Slottsviken Fastighetsaktiebolag B,Aktietorget,SEK,http://www.investing.com/equities/slottsviken-fastighetsaktiebolag-b
SMOL,1152231,Smoltek Nanotech,Aktietorget,SEK,http://www.investing.com/equities/smoltek-nanotech-holding
SPAGO,996019,Spago Nanomedical,Aktietorget,SEK,http://www.investing.com/equities/spago-nanomedical-ab
STVAb,996020,Star Vault,Aktietorget,SEK,http://www.investing.com/equities/star-vault-ab
STENO,1097608,StenoCare,Aktietorget,SEK,http://www.investing.com/equities/stenocare
SYDSV,976086,Sydsvenska Hem,Aktietorget,SEK,http://www.investing.com/equities/sydsvenska-hem-ab
SYNACT,985894,SynAct Pharma,Aktietorget,SEK,http://www.investing.com/equities/synact-pharma-ab
SYNTH,996021,SyntheticMR,Aktietorget,SEK,http://www.investing.com/equities/syntheticmr-ab
TAURb,996022,Taurus Energy,Aktietorget,SEK,http://www.investing.com/equities/taurus-energy-ab
TIKS,996023,TiksPac,Aktietorget,SEK,http://www.investing.com/equities/tikspac-ab
TOLE,962356,Toleranzia AB,Aktietorget,SEK,http://www.investing.com/equities/toleranzia-ab
TOUCH,1089908,Touchtech,Aktietorget,SEK,http://www.investing.com/equities/touchtech
TRANSa,996025,Transferator A,Aktietorget,SEK,http://www.investing.com/equities/transferator-ab-a
TRANSb,996026,Transferator B,Aktietorget,SEK,http://www.investing.com/equities/transferator-ab-b
TRUEb,996027,True Heading,Aktietorget,SEK,http://www.investing.com/equities/true-heading-ab
UMIDAb,992780,Umida B,Aktietorget,SEK,http://www.investing.com/equities/cefour-wine-beverage-partihandel
VADS,977687,Vadsbo SwitchTech,Aktietorget,SEK,http://www.investing.com/equities/vadsbo-switchtech-group-ab
VSDYNb,953077,Vibrosense Dynamics AB,Aktietorget,SEK,http://www.investing.com/equities/vibrosense-dynamics-ab
BRANDB,985805,VideoBur,Aktietorget,SEK,http://www.investing.com/equities/videobur-sthlm-ab
VISE,958284,Vindico Group AB,Aktietorget,SEK,http://www.investing.com/equities/vindico-group-ab
QIIWI,1052428,WeAreQiiwi Interactive,Aktietorget,SEK,http://www.investing.com/equities/weareqiiwi-interactive
WNT,996028,Wntresearch,Aktietorget,SEK,http://www.investing.com/equities/wntresearch-ab
WTGR,996029,Wonderful Times,Aktietorget,SEK,http://www.investing.com/equities/wonderful-times-group-ab
EXALT,996030,Xtranet Gruppen i Stockholm,Aktietorget,SEK,http://www.investing.com/equities/xtranet-gruppen-i-stockholm-ab
ZENZIPb,961786,Zenergy,Aktietorget,SEK,http://www.investing.com/equities/zenergy-ab
ZENI,942726,Zenicor,Aktietorget,SEK,http://www.investing.com/equities/zenicor
ZICC,1127985,Ziccum,Aktietorget,SEK,http://www.investing.com/equities/ziccum
