AGR,958384,AgriBank Securities JSC,Ho Chi Minh,VND,http://www.investing.com/equities/agribank-securities-jsc
AMD,958385,AMD Group Investment JSC,Ho Chi Minh,VND,http://www.investing.com/equities/amd-group-investment-jsc
HAR,958498,An Duong Thao Dien Real estate Trad,Ho Chi Minh,VND,http://www.investing.com/equities/an-duong-thao-dien-real-estate-trad
AGM,958383,An Giang Import Export Co,Ho Chi Minh,VND,http://www.investing.com/equities/an-giang-import-export-co
ASP,958389,An Pha Petroleum Group JSC,Ho Chi Minh,VND,http://www.investing.com/equities/an-pha-petroleum-group-jsc
AAA,41912,An Phat Plastic and Green,Ho Chi Minh,VND,http://www.investing.com/equities/an-phat.-jsc
HII,1017673,An Phat Yen Bai Mineral Plastic,Ho Chi Minh,VND,http://www.investing.com/equities/an-phat-yen-bai-mineral-plastic
APC,958387,An Phu Irradiation JSC,Ho Chi Minh,VND,http://www.investing.com/equities/an-phu-irradiation-jsc
ATG,986437,An Truong An,Ho Chi Minh,VND,http://www.investing.com/equities/an-truong-an-jsc
APG,41920,AnPhat Securities,Ho Chi Minh,VND,http://www.investing.com/equities/apsi
IBC,1057067,Apax,Ho Chi Minh,VND,http://www.investing.com/equities/apax
BTP,958406,Ba Ria Thermal Power JSC,Ho Chi Minh,VND,http://www.investing.com/equities/ba-ria-thermal-power-jsc
HDC,958503,Ba Ria Vung Tau House Development,Ho Chi Minh,VND,http://www.investing.com/equities/ba-ria-vung-tau-house-development
BCG,1017671,Bamboo Capital,Ho Chi Minh,VND,http://www.investing.com/equities/bamboo-capital
BID,958398,Bank for Investment and Development,Ho Chi Minh,VND,http://www.investing.com/equities/commercial-bank-investment-develop
BMI,958400,BaoMinh Insurance Corp,Ho Chi Minh,VND,http://www.investing.com/equities/baominh-insurance-corp
BVH,958409,BaoViet Holdings,Ho Chi Minh,VND,http://www.investing.com/equities/baoviet-holdings
ACC,958378,Becamex Asphalt and Concrete JSC,Ho Chi Minh,VND,http://www.investing.com/equities/becamex-asphalt-and-concrete-jsc
IJC,958531,Becamex Infrastructure Development,Ho Chi Minh,VND,http://www.investing.com/equities/becamex-infrastructure-development
BRC,958403,Ben Thanh Rubber JSC,Ho Chi Minh,VND,http://www.investing.com/equities/ben-thanh-rubber-jsc
BTT,958407,Ben Thanh Trading Service JSC,Ho Chi Minh,VND,http://www.investing.com/equities/ben-thanh-trading-service-jsc
ABT,958377,Bentre Aquaproduct Import Export,Ho Chi Minh,VND,http://www.investing.com/equities/bentre-aquaproduct-import-export
BBC,958392,Bibica Corp,Ho Chi Minh,VND,http://www.investing.com/equities/bibica-corp
BIC,958397,BIDV Insurance Corp,Ho Chi Minh,VND,http://www.investing.com/equities/bidv-insurance-corp
BSI,958404,BIDV Securities JSC,Ho Chi Minh,VND,http://www.investing.com/equities/bidv-securities-jsc
SVI,958682,Bien Hoa Packaging Co,Ho Chi Minh,VND,http://www.investing.com/equities/bien-hoa-packaging-co
BFC,959139,Binh Dien Fertilizer JSC,Ho Chi Minh,VND,http://www.investing.com/equities/binh-dien-fertilizer-jsc
BMC,958399,Binh Dinh Minerals JSC,Ho Chi Minh,VND,http://www.investing.com/equities/binh-dinh-minerals-jsc
DBD,1081837,Binh Dinh Pharma,Ho Chi Minh,VND,http://www.investing.com/equities/binh-dinh-pharma
BCE,958393,Binh Duong Construction Civil Eng,Ho Chi Minh,VND,http://www.investing.com/equities/binh-duong-construction-civil-eng
KSB,958546,Binh Duong Mineral and Construction,Ho Chi Minh,VND,http://www.investing.com/equities/binh-duong-mineral-and-construction
TDC,958692,Binh Duong Trade and Development,Ho Chi Minh,VND,http://www.investing.com/equities/binh-duong-trade-and-development
BWE,1025096,Binh Duong Water,Ho Chi Minh,VND,http://www.investing.com/equities/binh-duong-water
BMP,958402,Binh Minh Plastics JSC,Ho Chi Minh,VND,http://www.investing.com/equities/binh-minh-plastics-jsc
GIL,958486,Binh Thanh Import Export Production,Ho Chi Minh,VND,http://www.investing.com/equities/binh-thanh-import-export-production
CMX,958429,CaMau Frozen Seafood Processing,Ho Chi Minh,VND,http://www.investing.com/equities/camau-frozen-seafood-processing
CMV,958428,Camau Trading JSC,Ho Chi Minh,VND,http://www.investing.com/equities/camau-trading-jsc
SJD,958660,Can Don Hydro Power JSC,Ho Chi Minh,VND,http://www.investing.com/equities/can-don-hydro-power-jsc
CLL,958424,Cat Lai Port JSC,Ho Chi Minh,VND,http://www.investing.com/equities/cat-lai-port-jsc
CLC,958422,Cat Loi JSC,Ho Chi Minh,VND,http://www.investing.com/equities/cat-loi-jsc
CHP,953721,Central Hydropower JSC,Ho Chi Minh,VND,http://www.investing.com/equities/central-hydropower-jsc
LEC,1017674,Central Power Real Estate,Ho Chi Minh,VND,http://www.investing.com/equities/central-power-real-estate
CRE,1111712,Century Land,Ho Chi Minh,VND,http://www.investing.com/equities/century-land
STK,959145,Century Synthetic Fiber Corp,Ho Chi Minh,VND,http://www.investing.com/equities/century-synthetic-fiber-corp
CLW,958425,Cho Lon Water Supply JSC,Ho Chi Minh,VND,http://www.investing.com/equities/cho-lon-water-supply-jsc
SCD,958643,Chuong Duong Beverages JSC,Ho Chi Minh,VND,http://www.investing.com/equities/chuong-duong-beverages-jsc
CDC,958418,Chuong Duong Corp,Ho Chi Minh,VND,http://www.investing.com/equities/chuong-duong-corp
LGC,958555,CII Bridges and Roads Investment,Ho Chi Minh,VND,http://www.investing.com/equities/cii-bridges-and-roads-investment
CEE,1010714,CII Infrastructure,Ho Chi Minh,VND,http://www.investing.com/equities/cii-infrastructure-construction-jsc
CTF,1011037,City Auto,Ho Chi Minh,VND,http://www.investing.com/equities/city-auto-corp
CVT,41967,CMC,Ho Chi Minh,VND,http://www.investing.com/equities/cmc-jsc
CMG,958426,CMC Corp,Ho Chi Minh,VND,http://www.investing.com/equities/cmc-corp
CNG,958431,CNG Vietnam JSC,Ho Chi Minh,VND,http://www.investing.com/equities/cng-vietnam-jsc
CIG,958420,COMA 18 JSC,Ho Chi Minh,VND,http://www.investing.com/equities/coma-18-jsc
C32,958412,Construction Investment Corp 3 2,Ho Chi Minh,VND,http://www.investing.com/equities/construction-investment-corp-3-2
C47,958413,Construction JSC 47,Ho Chi Minh,VND,http://www.investing.com/equities/construction-jsc-47
SC5,958642,Construction JSC No5,Ho Chi Minh,VND,http://www.investing.com/equities/construction-jsc-no5
CTD,958436,Cotec Construction JSC,Ho Chi Minh,VND,http://www.investing.com/equities/cotec-construction-jsc
CLG,958423,Cotec Investment and Land House Dev,Ho Chi Minh,VND,http://www.investing.com/equities/cotec-investment-and-land-house-dev
CRC,1111711,Create Capital Vietnam,Ho Chi Minh,VND,http://www.investing.com/equities/create-capital-vietnam
CCI,958416,CuChi Commercial and Industrial Dev,Ho Chi Minh,VND,http://www.investing.com/equities/cuchi-commercial-and-industrial-dev
CTI,958438,CuongThuan Idico Development Invest,Ho Chi Minh,VND,http://www.investing.com/equities/cuongthuan-idico-development-invest
CCL,958417,Cuu Long Petro Urban Development,Ho Chi Minh,VND,http://www.investing.com/equities/cuu-long-petro-urban-development
DCL,958444,Cuu Long Pharmaceutical,Ho Chi Minh,VND,http://www.investing.com/equities/cuu-long-pharmaceutical
ACL,958380,Cuulong Fish JSC,Ho Chi Minh,VND,http://www.investing.com/equities/cuulong-fish-jsc
DXV,958471,Da Nang Construction Building Mater,Ho Chi Minh,VND,http://www.investing.com/equities/da-nang-construction-building-mater
DTL,958467,Dai Thien Loc Corp,Ho Chi Minh,VND,http://www.investing.com/equities/dai-thien-loc-corp
DSN,958464,Dam Sen Water Park Corp,Ho Chi Minh,VND,http://www.investing.com/equities/dam-sen-water-park-corp
KSH,958547,Damac,Ho Chi Minh,VND,http://www.investing.com/equities/ksh-investment-and-development
ADS,985739,Damsan,Ho Chi Minh,VND,http://www.investing.com/equities/damsan-jsc
DRC,958462,Danang Rubber JSC,Ho Chi Minh,VND,http://www.investing.com/equities/danang-rubber-jsc
DPG,998126,Dat Phuong,Ho Chi Minh,VND,http://www.investing.com/equities/dat-phuong-jsc
DXG,958469,Dat Xanh Real Estate Service Contr,Ho Chi Minh,VND,http://www.investing.com/equities/dat-xanh-real-estate-service-contr
DTA,958465,De Tam JSC,Ho Chi Minh,VND,http://www.investing.com/equities/de-tam-jsc
DIG,958452,Development Investment Construction,Ho Chi Minh,VND,http://www.investing.com/equities/development-investment-construction
DHG,958449,DHG Pharmaceutical JSC,Ho Chi Minh,VND,http://www.investing.com/equities/dhg-pharmaceutical-jsc
DIC,958451,DIC Investment and Trading JSC,Ho Chi Minh,VND,http://www.investing.com/equities/dic-investment-and-trading-jsc
DQC,958461,Dien Quang JSC,Ho Chi Minh,VND,http://www.investing.com/equities/dien-quang-jsc
DGW,1017672,Digiworld,Ho Chi Minh,VND,http://www.investing.com/equities/digiworld
DVP,958468,Dinhvu Port Investment Development,Ho Chi Minh,VND,http://www.investing.com/equities/dinhvu-port-investment-development
DTT,997935,Do Thanh Tech,Ho Chi Minh,VND,http://www.investing.com/equities/do-thanh-technology-corp
DMC,958454,DOMESCO Medical Import Export,Ho Chi Minh,VND,http://www.investing.com/equities/domesco-medical-import-export
DAH,992674,Dong A Hotel Group,Ho Chi Minh,VND,http://www.investing.com/equities/dong-a-hotel-group-jsc
DAG,958442,Dong A Plastic Group JSC,Ho Chi Minh,VND,http://www.investing.com/equities/dong-a-plastic-group-jsc
DHC,958448,Dong Hai JSC of Bentre,Ho Chi Minh,VND,http://www.investing.com/equities/dong-hai-jsc-of-bentre
PDN,958595,Dong Nai Port JSC,Ho Chi Minh,VND,http://www.investing.com/equities/dong-nai-port-jsc
DPR,958460,Dong Phu Rubber JSC,Ho Chi Minh,VND,http://www.investing.com/equities/dong-phu-rubber-jsc
DRH,958463,Dream House Investment Corp,Ho Chi Minh,VND,http://www.investing.com/equities/dream-house-investment-corp
PAC,958591,Dry Cell and Storage Battery,Ho Chi Minh,VND,http://www.investing.com/equities/dry-cell-and-storage-battery
DLG,958453,Duc Long Gia Lai Group JSC,Ho Chi Minh,VND,http://www.investing.com/equities/duc-long-gia-lai-group-jsc
FTM,996144,Duc Quan Invest,Ho Chi Minh,VND,http://www.investing.com/equities/duc-quan-investment-and-development
GDT,958484,Duc Thanh Wood Processing,Ho Chi Minh,VND,http://www.investing.com/equities/duc-thanh-wood-processing
DHM,958450,Duong Hieu Trading and Mining,Ho Chi Minh,VND,http://www.investing.com/equities/duong-hieu-trading-and-mining
TCO,958690,Duyen Hai Multi Modal Transport JSC,Ho Chi Minh,VND,http://www.investing.com/equities/duyen-hai-multi-modal-transport-jsc
THI,1017676,Electrical Equipment,Ho Chi Minh,VND,http://www.investing.com/equities/electrical-equipment
ELC,958473,Electronics Communications Tech,Ho Chi Minh,VND,http://www.investing.com/equities/electronics-communications-tech
EVG,1011882,Everland Investment,Ho Chi Minh,VND,http://www.investing.com/equities/everland-investment-jsc
EVE,958475,Everpia Vietnam JSC,Ho Chi Minh,VND,http://www.investing.com/equities/everpia-vietnam-jsc
ROS,987188,Faros Construction,Ho Chi Minh,VND,http://www.investing.com/equities/faros-construction-corp
FCN,958478,Fecon Foundation Engineering,Ho Chi Minh,VND,http://www.investing.com/equities/fecon-foundation-engineering
FCM,958477,Fecon Mining JSC,Ho Chi Minh,VND,http://www.investing.com/equities/fecon-mining-jsc
FIR,1111713,FIRST REAL,Ho Chi Minh,VND,http://www.investing.com/equities/first-real
FIT,41999,FIT INVEST JSC,Ho Chi Minh,VND,http://www.investing.com/equities/fit-invest-jsc
FLC,958480,FLC Group JSC,Ho Chi Minh,VND,http://www.investing.com/equities/flc-group-jsc
FDC,958479,Foreign Trade Development Invest,Ho Chi Minh,VND,http://www.investing.com/equities/foreign-trade-development-invest
FPT,958482,FPT Corp,Ho Chi Minh,VND,http://www.investing.com/equities/fpt-corp
FRT,1076549,FPT Digital,Ho Chi Minh,VND,http://www.investing.com/equities/fpt-digital
FTS,995120,FPT Securities,Ho Chi Minh,VND,http://www.investing.com/equities/fpt-securities-jsc
GMD,958488,Gemadept Corp,Ho Chi Minh,VND,http://www.investing.com/equities/gemadept-corp
HDG,958504,Ha Do Group JSC,Ho Chi Minh,VND,http://www.investing.com/equities/ha-do-group-jsc
HID,985927,Ha Long Investment,Ho Chi Minh,VND,http://www.investing.com/equities/ha-long-investment-consulting-jsc
HTT,1024522,Ha Tay Trading,Ho Chi Minh,VND,http://www.investing.com/equities/ha-tay-trading
HT1,958520,Ha Tien 1 Cement JSC,Ho Chi Minh,VND,http://www.investing.com/equities/ha-tien-1-cement-jsc
HTV,958523,Ha Tien Transport JSC,Ho Chi Minh,VND,http://www.investing.com/equities/ha-tien-transport-jsc
HAS,958499,Hacisco JSC,Ho Chi Minh,VND,http://www.investing.com/equities/hacisco-jsc
HAI,958496,HAI Agrochem JSC,Ho Chi Minh,VND,http://www.investing.com/equities/hai-agrochem-jsc
HAH,958495,Hai An Transport and Stevedoring,Ho Chi Minh,VND,http://www.investing.com/equities/hai-an-transport-and-stevedoring
HPX,1095159,Hai Phat Invest,Ho Chi Minh,VND,http://www.investing.com/equities/hai-phat-invest
HAX,958500,Hang Xanh Motors Service JSC,Ho Chi Minh,VND,http://www.investing.com/equities/hang-xanh-motors-service-jsc
BHN,993046,Hanoi Beer Alcohol,Ho Chi Minh,VND,http://www.investing.com/equities/hanoi-beer-alcohol-and-beverage
NHH,1052781,Hanoi Plastics,Ho Chi Minh,VND,http://www.investing.com/equities/hanoi-plastics
HAP,958497,Hapaco Group JSC,Ho Chi Minh,VND,http://www.investing.com/equities/hapaco-group-jsc
HCD,985858,Hcd Investment Producing,Ho Chi Minh,VND,http://www.investing.com/equities/hcd-investment-producing-and-tradin
HDB,1057644,Ho Chi Minh City Develop,Ho Chi Minh,VND,http://www.investing.com/equities/ho-chi-minh-city-develop
CII,958421,Ho Chi Minh City Infrastructure Inv,Ho Chi Minh,VND,http://www.investing.com/equities/ho-chi-minh-city-infrastructure-inv
HCM,958502,Ho Chi Minh City Securities Corp,Ho Chi Minh,VND,http://www.investing.com/equities/ho-chi-minh-city-securities-corp
DHA,958447,Hoa An JSC,Ho Chi Minh,VND,http://www.investing.com/equities/hoa-an-jsc
HBC,958501,Hoa Binh Construction & Real Estate,Ho Chi Minh,VND,http://www.investing.com/equities/hoa-binh-construction---real-estate
HRC,958517,Hoa Binh Rubber JSC,Ho Chi Minh,VND,http://www.investing.com/equities/hoa-binh-rubber-jsc
HPG,958514,Hoa Phat Group JSC,Ho Chi Minh,VND,http://www.investing.com/equities/hoa-phat-group-jsc
HNG,958512,Hoang Anh Gia Lai Agricultural JSC,Ho Chi Minh,VND,http://www.investing.com/equities/hoang-anh-gia-lai-agricultural-jsc
HAG,958494,Hoang Anh Gia Lai JSC,Ho Chi Minh,VND,http://www.investing.com/equities/hoang-anh-gia-lai-jsc
TCH,991210,Hoang Huy Investment,Ho Chi Minh,VND,http://www.investing.com/equities/hoang-huy-investment-financial
HHS,958507,Hoang Huy Investment Services,Ho Chi Minh,VND,http://www.investing.com/equities/hoang-huy-investment-services
HLG,958510,HOANG LONG Group,Ho Chi Minh,VND,http://www.investing.com/equities/hoang-long-group
HQC,958516,Hoang Quan Consulting Trading Serv,Ho Chi Minh,VND,http://www.investing.com/equities/hoang-quan-consulting-trading-serv
HSG,958518,Hoasen Group,Ho Chi Minh,VND,http://www.investing.com/equities/hoasen-group
HMC,958511,Hochiminh City Metal Corp,Ho Chi Minh,VND,http://www.investing.com/equities/hochiminh-city-metal-corp
HOT,1006230,Hoi An Tourist,Ho Chi Minh,VND,http://www.investing.com/equities/hoi-an-tourist-service-jsc
HSL,1081706,Hong Ha Son Agricutural,Ho Chi Minh,VND,http://www.investing.com/equities/hong-ha-son-agricutural
HU1,958524,HUD1 Investment and Construction,Ho Chi Minh,VND,http://www.investing.com/equities/hud1-investment-and-construction
HU3,958525,HUD3 Investment and Construction,Ho Chi Minh,VND,http://www.investing.com/equities/hud3-investment-and-construction
HTN,1116495,Hung Thinh Incons,Ho Chi Minh,VND,http://www.investing.com/equities/hung-thinh-incons
HVG,958527,Hung Vuong Corp,Ho Chi Minh,VND,http://www.investing.com/equities/hung-vuong-corp
HVH,1116496,HVC Invest,Ho Chi Minh,VND,http://www.investing.com/equities/hvc-invest
DRL,997934,Hydro Power No3,Ho Chi Minh,VND,http://www.investing.com/equities/hydro-power-jsc-power-no3
ILB,1131011,ICD Tan Cang Long Binh,Ho Chi Minh,VND,http://www.investing.com/equities/icd-tan-cang-long-binh
HTI,958521,Idico Infrastructure Development,Ho Chi Minh,VND,http://www.investing.com/equities/idico-infrastructure-development
UIC,958727,Idico Urban and House Development,Ho Chi Minh,VND,http://www.investing.com/equities/idico-urban-and-house-development
IMP,958532,Imexpharm Corp,Ho Chi Minh,VND,http://www.investing.com/equities/imexpharm-corp
D2D,958441,Industrial Urban Development JSC,Ho Chi Minh,VND,http://www.investing.com/equities/industrial-urban-development-jsc
ITD,958536,Innovative Technology Development,Ho Chi Minh,VND,http://www.investing.com/equities/innovative-technology-development
IDI,958530,International Development & Investm,Ho Chi Minh,VND,http://www.investing.com/equities/international-development---investm
GSP,958490,International Gas Product Shipping,Ho Chi Minh,VND,http://www.investing.com/equities/international-gas-product-shipping
ITC,958535,Investment Trading of Real Estate,Ho Chi Minh,VND,http://www.investing.com/equities/investment-trading-of-real-estate
JVC,958537,J&V Medical Instrument JSC,Ho Chi Minh,VND,http://www.investing.com/equities/j-v-medical-instrument-jsc
KAC,958538,Khang An Investment Real Estate,Ho Chi Minh,VND,http://www.investing.com/equities/khang-an-investment-real-estate
KDH,958541,Khang Dien House Trading Invest,Ho Chi Minh,VND,http://www.investing.com/equities/khang-dien-house-trading-invest
KHP,958543,Khanh Hoa Power JSC,Ho Chi Minh,VND,http://www.investing.com/equities/khanh-hoa-power-jsc
KBC,958539,Kinh Bac City Development Share,Ho Chi Minh,VND,http://www.investing.com/equities/kinh-bac-city-development-share
KDC,958540,Kinh Do Corp,Ho Chi Minh,VND,http://www.investing.com/equities/kinh-do-corp
KPF,969180,KPF Consultant International Project,Ho Chi Minh,VND,http://www.investing.com/equities/kpf-consultant-intl-project-jsc
LBM,958552,Lam Dong Mineral and Building Mater,Ho Chi Minh,VND,http://www.investing.com/equities/lam-dong-mineral-and-building-mater
LSS,958560,Lam Son Sugar JSC,Ho Chi Minh,VND,http://www.investing.com/equities/lam-son-sugar-jsc
LMH,1111714,LANDMARK HOLDING,Ho Chi Minh,VND,http://www.investing.com/equities/landmark-holding
LCM,958554,Lao Cai Mineral Exploitation,Ho Chi Minh,VND,http://www.investing.com/equities/lao-cai-mineral-exploitation
LDG,998172,LDG Investment,Ho Chi Minh,VND,http://www.investing.com/equities/ldg-investment-jsc
LCG,958553,Licogi 16 JSC,Ho Chi Minh,VND,http://www.investing.com/equities/licogi-16-jsc
L10,958550,Lilama 10 JSC,Ho Chi Minh,VND,http://www.investing.com/equities/lilama-10-jsc
LM8,958559,Lilama 18 JSC,Ho Chi Minh,VND,http://www.investing.com/equities/lilama-18-jsc
LIX,958558,Lix Detergent JSC,Ho Chi Minh,VND,http://www.investing.com/equities/lix-detergent-jsc
LAF,958551,Long An Food Processing Export JSC,Ho Chi Minh,VND,http://www.investing.com/equities/long-an-food-processing-export-jsc
LGL,958556,Long Giang Investment and Urban Dev,Ho Chi Minh,VND,http://www.investing.com/equities/long-giang-investment-and-urban-dev
LHG,958557,Long Hau Corp,Ho Chi Minh,VND,http://www.investing.com/equities/long-hau-corp
MSN,958566,Masan Group Corp,Ho Chi Minh,VND,http://www.investing.com/equities/masan-group-corp
COM,958432,Materials Petroleum JSC,Ho Chi Minh,VND,http://www.investing.com/equities/materials-petroleum-jsc
AAM,958375,Mekong Fisheries JSC,Ho Chi Minh,VND,http://www.investing.com/equities/mekong-fisheries-jsc
MHC,958565,MHC JSC,Ho Chi Minh,VND,http://www.investing.com/equities/mhc-jsc
MDG,958564,Mien Dong JSC,Ho Chi Minh,VND,http://www.investing.com/equities/mien-dong-jsc
MBB,958561,Military Commercial Bank,Ho Chi Minh,VND,http://www.investing.com/equities/military-commercial-bank
KMR,958544,Mirae JSC,Ho Chi Minh,VND,http://www.investing.com/equities/mirae-jsc
MWG,958570,Mobile World Investment Corp,Ho Chi Minh,VND,http://www.investing.com/equities/mobile-world-investment-corp
MCP,958563,My Chau Printing & Packaging Holdin,Ho Chi Minh,VND,http://www.investing.com/equities/my-chau-printing---packaging-holdin
NAF,959141,Nafoods Group JSC,Ho Chi Minh,VND,http://www.investing.com/equities/nafoods-group-jsc
NKG,958578,Nam Kim Steel JSC,Ho Chi Minh,VND,http://www.investing.com/equities/nam-kim-steel-jsc
NLG,958579,Nam Long Investment Corp,Ho Chi Minh,VND,http://www.investing.com/equities/nam-long-investment-corp
ANV,958386,Nam Viet Corp,Ho Chi Minh,VND,http://www.investing.com/equities/nam-viet-corp
NAV,958571,Nam Viet JSC,Ho Chi Minh,VND,http://www.investing.com/equities/nam-viet-jsc
NSC,958583,National Seed JSC,Ho Chi Minh,VND,http://www.investing.com/equities/national-seed-jsc
NBB,958572,NBB Investment Corp,Ho Chi Minh,VND,http://www.investing.com/equities/nbb-investment-corp
NVT,958588,Ninh Van Bay Travel Real Estate,Ho Chi Minh,VND,http://www.investing.com/equities/ninh-van-bay-travel-real-estate
NVL,994755,No Va Land Invest,Ho Chi Minh,VND,http://www.investing.com/equities/no-va-land-investment-group-corp
NCT,958575,NoiBai Cargo Terminal Services JSC,Ho Chi Minh,VND,http://www.investing.com/equities/noibai-cargo-terminal-services-jsc
NNC,958581,Nui Nho Stone JSC,Ho Chi Minh,VND,http://www.investing.com/equities/nui-nho-stone-jsc
OGC,958589,Ocean Group JSC,Ho Chi Minh,VND,http://www.investing.com/equities/ocean-group-jsc
OPC,958590,OPC Pharmaceutical JSC,Ho Chi Minh,VND,http://www.investing.com/equities/opc-pharmaceutical-jsc
PAN,958592,Pan Pacific Corp,Ho Chi Minh,VND,http://www.investing.com/equities/pan-pacific-corp
PTL,958619,Petro Capital and Infrastructure,Ho Chi Minh,VND,http://www.investing.com/equities/petro-capital-and-infrastructure
PMG,1062570,Petro Center,Ho Chi Minh,VND,http://www.investing.com/equities/petro-center
PXS,958626,Petroleum Equipment Assembly,Ho Chi Minh,VND,http://www.investing.com/equities/petroleum-equipment-assembly
PXI,958623,Petroleum Industrial and Civil Cons,Ho Chi Minh,VND,http://www.investing.com/equities/petroleum-industrial-and-civil-cons
PXT,958627,Petroleum Pipeline Tank Construct,Ho Chi Minh,VND,http://www.investing.com/equities/petroleum-pipeline-tank-construct
PGC,958598,Petrolimex Gas Corp JSC,Ho Chi Minh,VND,http://www.investing.com/equities/petrolimex-gas-corp-jsc
PGI,958600,Petrolimex Insurance Corp,Ho Chi Minh,VND,http://www.investing.com/equities/petrolimex-insurance-corp
PIT,958603,Petrolimex International Trading,Ho Chi Minh,VND,http://www.investing.com/equities/petrolimex-international-trading
PJT,958605,Petrolimex Joint Stock Tanker Co,Ho Chi Minh,VND,http://www.investing.com/equities/petrolimex-joint-stock-tanker-co
DCM,950607,Petrovietnam Camau Fertilizer,Ho Chi Minh,VND,http://www.investing.com/equities/petrovietnam-camau-fertilizer
PVD,958621,PetroVietnam Drilling Well Services,Ho Chi Minh,VND,http://www.investing.com/equities/petrovietnam-drilling-well-services
DPM,958459,PetroVietnam Fertilizer Chemical,Ho Chi Minh,VND,http://www.investing.com/equities/petrovietnam-fertilizer-chemical
GAS,958483,Petrovietnam Gas JSCrp,Ho Chi Minh,VND,http://www.investing.com/equities/petrovietnam-gas-jscrp
PET,958597,PetroVietnam General Services Corp,Ho Chi Minh,VND,http://www.investing.com/equities/petrovietnam-general-services-corp
PGD,958599,Petrovietnam Low Pressure Gas Distr,Ho Chi Minh,VND,http://www.investing.com/equities/petrovietnam-low-pressure-gas-distr
POW,1072442,Petrovietnam Power,Ho Chi Minh,VND,http://www.investing.com/equities/petrovietnam-power
NT2,958584,PetroVietnam Power Nhon Trach 2 JSC,Ho Chi Minh,VND,http://www.investing.com/equities/petrovietnam-power-nhon-trach-2-jsc
PVT,958622,PetroVietnam Transportation Corp,Ho Chi Minh,VND,http://www.investing.com/equities/petrovietnam-transportation-corp
PPC,958610,Pha Lai Thermal Power JSC,Ho Chi Minh,VND,http://www.investing.com/equities/pha-lai-thermal-power-jsc
PLP,1032667,Pha Le Plastics,Ho Chi Minh,VND,http://www.investing.com/equities/pha-le-plastics
PDR,958596,Phat Dat Real Estate Development,Ho Chi Minh,VND,http://www.investing.com/equities/phat-dat-real-estate-development
PNJ,958607,Phu Nhuan Jewelry JSC,Ho Chi Minh,VND,http://www.investing.com/equities/phu-nhuan-jewelry-jsc
PTB,958616,Phu Tai JSC,Ho Chi Minh,VND,http://www.investing.com/equities/phu-tai-jsc
PHC,42111,Phuc Hungnstruction,Ho Chi Minh,VND,http://www.investing.com/equities/phuc-hung
PHR,958602,Phuoc Hoa Rubber JSC,Ho Chi Minh,VND,http://www.investing.com/equities/phuoc-hoa-rubber-jsc
PNC,958606,Phuong Nam Cultural Joint Stock,Ho Chi Minh,VND,http://www.investing.com/equities/phuong-nam-cultural-joint-stock
POM,958608,Pomina Steel Corp,Ho Chi Minh,VND,http://www.investing.com/equities/pomina-steel-corp
PTC,958617,Post and Telecommunications Invest,Ho Chi Minh,VND,http://www.investing.com/equities/post-and-telecommunications-invest
PC1,993259,Power Construction No 1,Ho Chi Minh,VND,http://www.investing.com/equities/power-construction-jsc-no-1
TV2,1136174,Power Engineering,Ho Chi Minh,VND,http://www.investing.com/equities/power-engineering
PME,1054861,Pymepharco,Ho Chi Minh,VND,http://www.investing.com/equities/pymepharco
QBS,958628,Quang Binh Import and Export JSC,Ho Chi Minh,VND,http://www.investing.com/equities/quang-binh-import-and-export-jsc
QCG,958629,Quoc Cuong Gia Lai JSC,Ho Chi Minh,VND,http://www.investing.com/equities/quoc-cuong-gia-lai-jsc
RAL,958630,Rangdong Light source and Vacuum,Ho Chi Minh,VND,http://www.investing.com/equities/rangdong-light-source-and-vacuum
RDP,958632,RangDong Plastic JSC,Ho Chi Minh,VND,http://www.investing.com/equities/rangdong-plastic-jsc
REE,958633,Refrigeration Electrical Engineerin,Ho Chi Minh,VND,http://www.investing.com/equities/refrigeration-electrical-engineerin
RIC,958634,Royal International Corp,Ho Chi Minh,VND,http://www.investing.com/equities/royal-international-corp
SAM,958636,Sacom Development and Investment,Ho Chi Minh,VND,http://www.investing.com/equities/sacom-development-and-investment
SCS,1024796,Sai Gon Cargo,Ho Chi Minh,VND,http://www.investing.com/equities/sai-gon-cargo-service
SGN,1095160,Sai Gon Ground,Ho Chi Minh,VND,http://www.investing.com/equities/sai-gon-ground
SMB,958664,Sai Gon Mien Trung Beer,Ho Chi Minh,VND,http://www.investing.com/equities/sai-gon--mien-trung-beer
STB,958676,Sai Gon Thuong Tin Commercial,Ho Chi Minh,VND,http://www.investing.com/equities/sai-gon-thuong-tin-commercial
SII,958659,Sai Gon Water Infrastructure Corp,Ho Chi Minh,VND,http://www.investing.com/equities/sai-gon-water-infrastructure-corp
SAB,994073,Saigon Beer Alcohol Beverage,Ho Chi Minh,VND,http://www.investing.com/equities/saigon-beer-alcohol-beverage-corp
SFC,958651,Saigon Fuel JSC,Ho Chi Minh,VND,http://www.investing.com/equities/saigon-fuel-jsc
GMC,958487,Saigon Garment Manufacturing Trade,Ho Chi Minh,VND,http://www.investing.com/equities/saigon-garment-manufacturing-trade
SVC,958681,Saigon General Service Corp,Ho Chi Minh,VND,http://www.investing.com/equities/saigon-general-service-corp
SMA,958663,Saigon Machinery Spare Parts JSC,Ho Chi Minh,VND,http://www.investing.com/equities/saigon-machinery-spare-parts-jsc
SGR,1059864,Saigon Real Estate,Ho Chi Minh,VND,http://www.investing.com/equities/saigon-real-estate
SSI,958674,Saigon Securities Incorporation,Ho Chi Minh,VND,http://www.investing.com/equities/saigon-securities-incorporation
SGT,958656,Saigon Telecommunication & Tech,Ho Chi Minh,VND,http://www.investing.com/equities/saigon-telecommunication---tech
SCR,42162,Saigon Thuong Tin Real Estate JSC,Ho Chi Minh,VND,http://www.investing.com/equities/sacomreal
SVT,997936,Saigon Viendong Tech,Ho Chi Minh,VND,http://www.investing.com/equities/saigon-viendong-technology-jsc
ASM,958388,Sao Mai Group Corp,Ho Chi Minh,VND,http://www.investing.com/equities/sao-mai-group-corp
FMC,958481,Sao Ta Foods JSC,Ho Chi Minh,VND,http://www.investing.com/equities/sao-ta-foods-jsc
SRC,958670,Sao Vang Rubber JSC,Ho Chi Minh,VND,http://www.investing.com/equities/sao-vang-rubber-jsc
SAV,958638,Savimex Corp,Ho Chi Minh,VND,http://www.investing.com/equities/savimex-corp
SFI,958653,Sea & Air Freight International,Ho Chi Minh,VND,http://www.investing.com/equities/sea---air-freight-international
TS4,958716,Seafood JSC No 4,Ho Chi Minh,VND,http://www.investing.com/equities/seafood-jsc-no-4
SRF,958671,Seaprodex Refrigeration Industry,Ho Chi Minh,VND,http://www.investing.com/equities/seaprodex-refrigeration-industry
S4A,980218,Sesan 4A Hydroelectric,Ho Chi Minh,VND,http://www.investing.com/equities/sesan-4a-hydroelectric-jsc
SBV,1010715,Siam Brothers Vietnam,Ho Chi Minh,VND,http://www.investing.com/equities/siam-brothers-vietnam-jsc
ST8,958675,Sieu Thanh JSC,Ho Chi Minh,VND,http://www.investing.com/equities/sieu-thanh-jsc
SMC,958665,SMC Investment Trading JSC,Ho Chi Minh,VND,http://www.investing.com/equities/smc-investment-trading-jsc
SHI,958657,Son Ha International Corp,Ho Chi Minh,VND,http://www.investing.com/equities/son-ha-international-corp
SHA,42189,Son Ha Sai Gon,Ho Chi Minh,VND,http://www.investing.com/equities/son-ha-sai-gon
SZC,1117997,Sonadezi Chau Duc,Ho Chi Minh,VND,http://www.investing.com/equities/sonadezi-chau-duc
SZL,958683,Sonadezi Long Thanh Shareholding Co,Ho Chi Minh,VND,http://www.investing.com/equities/sonadezi-long-thanh-shareholding-co
SBA,958639,Song Ba JSC,Ho Chi Minh,VND,http://www.investing.com/equities/song-ba-jsc
SJS,958661,Song Da Urban & Industrial Zone Inv,Ho Chi Minh,VND,http://www.investing.com/equities/song-da-urban---industrial-zone-inv
MSH,1116497,Song Hong Garment,Ho Chi Minh,VND,http://www.investing.com/equities/song-hong-garment
CSV,958434,South Basic Chemicals JSC,Ho Chi Minh,VND,http://www.investing.com/equities/south-basic-chemicals-jsc
STG,958677,South Logistics JSC,Ho Chi Minh,VND,http://www.investing.com/equities/south-logistics-jsc
SFG,958652,Southern Fertilizer JSC,Ho Chi Minh,VND,http://www.investing.com/equities/southern-fertilizer-jsc
SHP,958658,Southern Hydropower JSC,Ho Chi Minh,VND,http://www.investing.com/equities/southern-hydropower-jsc
CSM,958433,Southern Rubber Industry JSC,Ho Chi Minh,VND,http://www.investing.com/equities/southern-rubber-industry-jsc
SSC,958672,Southern Seed Corp,Ho Chi Minh,VND,http://www.investing.com/equities/southern-seed-corp
SPM,958669,SPM Corp,Ho Chi Minh,VND,http://www.investing.com/equities/spm-corp
SJF,1024917,Sunstar Investment,Ho Chi Minh,VND,http://www.investing.com/equities/sunstar-investment
SKG,958662,Superdong Fast Ferry Kien Giang JSC,Ho Chi Minh,VND,http://www.investing.com/equities/superdong-fast-ferry-kien-giang-jsc
TNT,958712,Tai Nguyen Corp,Ho Chi Minh,VND,http://www.investing.com/equities/tai-nguyen-corp
TCR,958691,Taicera Enterprise Co,Ho Chi Minh,VND,http://www.investing.com/equities/taicera-enterprise-co
TIX,958700,Tan Binh Import Export JSC,Ho Chi Minh,VND,http://www.investing.com/equities/tan-binh-import-export-jsc
TCL,958688,Tan Cang Logistics and Stevedoring,Ho Chi Minh,VND,http://www.investing.com/equities/tan-cang-logistics-and-stevedoring
TPC,958713,Tan Dai Hung Plastic JSC,Ho Chi Minh,VND,http://www.investing.com/equities/tan-dai-hung-plastic-jsc
ITA,958534,Tan Tao Investment and Industry,Ho Chi Minh,VND,http://www.investing.com/equities/tan-tao-investment-and-industry
AST,1059843,Taseco Air Services,Ho Chi Minh,VND,http://www.investing.com/equities/taseco-air-services
TCT,42217,Tay Ninh Cable Car Tour Co.,Ho Chi Minh,VND,http://www.investing.com/equities/tay-ninh-cable-car-tour-co.
TRC,958715,Tay Ninh Rubber JSC,Ho Chi Minh,VND,http://www.investing.com/equities/tay-ninh-rubber-jsc
TYA,958724,Taya Vietnam Electric Wire and Cabl,Ho Chi Minh,VND,http://www.investing.com/equities/taya-vietnam-electric-wire-and-cabl
TEG,962453,TECGROUP,Ho Chi Minh,VND,http://www.investing.com/equities/truong-thanh-real-estate-construct
FUCVREIT,1052594,Techcom Vietnam REIT,Ho Chi Minh,VND,http://www.investing.com/equities/techcom-vietnam-reit
TCB,1081734,Techcombank,Ho Chi Minh,VND,http://www.investing.com/equities/vtc-bank
TSC,958717,Techno Agricultural Supplying JSC,Ho Chi Minh,VND,http://www.investing.com/equities/techno-agricultural-supplying-jsc
TIE,958698,Telecommunications Industry Electro,Ho Chi Minh,VND,http://www.investing.com/equities/telecommunications-industry-electro
TBC,958686,Thac Ba Hydropower JSC,Ho Chi Minh,VND,http://www.investing.com/equities/thac-ba-hydropower-jsc
TMP,958705,Thac Mo Hydropower JSC,Ho Chi Minh,VND,http://www.investing.com/equities/thac-mo-hydropower-jsc
TDG,1017675,Thai Duong Petrol,Ho Chi Minh,VND,http://www.investing.com/equities/thai-duong-petrol
TLD,1056132,Thang Long Urban,Ho Chi Minh,VND,http://www.investing.com/equities/thang-long-urban
TCM,958689,Thanh Cong Textile Garment Invest,Ho Chi Minh,VND,http://www.investing.com/equities/thanh-cong-textile-garment-invest
TNI,1011039,Thanh Nam,Ho Chi Minh,VND,http://www.investing.com/equities/thanh-nam-group-jsc
SBT,958641,Thanh Thanh Cong Tay Ninh,Ho Chi Minh,VND,http://www.investing.com/equities/thanh-thanh-cong-tay-ninh
VNG,958748,Thanh Thanh Cong Tourist JSC,Ho Chi Minh,VND,http://www.investing.com/equities/thanh-thanh-cong-tourist-jsc
TLG,958702,Thien Long Group Corp,Ho Chi Minh,VND,http://www.investing.com/equities/thien-long-group-corp
TNA,958708,Thien Nam Trading Import Export,Ho Chi Minh,VND,http://www.investing.com/equities/thien-nam-trading-import-export
TVS,958723,Thien Viet Securities JSC,Ho Chi Minh,VND,http://www.investing.com/equities/thien-viet-securities-jsc
GTN,958492,Thong Nhat Production and Investmen,Ho Chi Minh,VND,http://www.investing.com/equities/thong-nhat-production-and-investmen
TNC,958710,Thong Nhat Rubber JSC,Ho Chi Minh,VND,http://www.investing.com/equities/thong-nhat-rubber-jsc
TDM,1097710,Thu Dau Mot Water,Ho Chi Minh,VND,http://www.investing.com/equities/thu-dau-mot-water
TDH,958693,Thu Duc Housing Development Corp,Ho Chi Minh,VND,http://www.investing.com/equities/thu-duc-housing-development-corp
TDW,958694,Thu Duc Water Supply JSC,Ho Chi Minh,VND,http://www.investing.com/equities/thu-duc-water-supply-jsc
HUB,1123232,Thua Thien Hue,Ho Chi Minh,VND,http://www.investing.com/equities/thua-thien-hue
GTA,958491,Thuan An Wood Processing,Ho Chi Minh,VND,http://www.investing.com/equities/thuan-an-wood-processing
EMC,958474,ThuDuc Electro Mechanical JSC,Ho Chi Minh,VND,http://www.investing.com/equities/thuduc-electro-mechanical-jsc
TTB,1111715,Tien Bo,Ho Chi Minh,VND,http://www.investing.com/equities/tien-bo
THG,958696,Tien Giang Investment Construction,Ho Chi Minh,VND,http://www.investing.com/equities/tien-giang-investment-construction
TPB,1081708,Tien Phong Commercial,Ho Chi Minh,VND,http://www.investing.com/equities/tien-phong-commercial
TLH,958703,Tienlen Steel Corp JSC,Ho Chi Minh,VND,http://www.investing.com/equities/tienlen-steel-corp-jsc
TIP,985154,Tin Nghia Industrial,Ho Chi Minh,VND,http://www.investing.com/equities/tin-nghia-industrial-park-develop
TMT,958707,TMT Motor JSC,Ho Chi Minh,VND,http://www.investing.com/equities/tmt-motor-jsc
TN1,1136005,TNS Holdings,Ho Chi Minh,VND,http://www.investing.com/equities/tns-holdings
TMS,958706,Transimex Saigon Corp,Ho Chi Minh,VND,http://www.investing.com/equities/transimex-saigon-corp
TCD,1011038,Transport and Industry,Ho Chi Minh,VND,http://www.investing.com/equities/transport-and-industry-development
TRA,958714,Traphaco JSC,Ho Chi Minh,VND,http://www.investing.com/equities/traphaco-jsc
DAT,960895,Travel Investment and Seafood Devel,Ho Chi Minh,VND,http://www.investing.com/equities/travel-investment-and-seafood-devel
TVB,958722,Tri Viet Securities,Ho Chi Minh,VND,http://www.investing.com/equities/tri-viet-securities-jsc
TGG,1081707,Truong Giang Invest,Ho Chi Minh,VND,http://www.investing.com/equities/truong-giang-invest
HTL,958522,Truong Long Engineering and Auto,Ho Chi Minh,VND,http://www.investing.com/equities/truong-long-engineering-and-auto
TTF,958718,Truong Thanh Furniture Corp,Ho Chi Minh,VND,http://www.investing.com/equities/truong-thanh-furniture-corp
TTE,1116498,TRUONG THINH ENERGY,Ho Chi Minh,VND,http://www.investing.com/equities/truong-thinh-energy
NTL,958586,Tu Liem Urban Development JSC,Ho Chi Minh,VND,http://www.investing.com/equities/tu-liem-urban-development-jsc
TAC,958685,Tuong An Vegetable Oil JSC,Ho Chi Minh,VND,http://www.investing.com/equities/tuong-an-vegetable-oil-jsc
UDC,958725,Urban Development and Construction,Ho Chi Minh,VND,http://www.investing.com/equities/urban-development-and-construction
VAF,958729,Van Dien Fused Magnesium Phosphate,Ho Chi Minh,VND,http://www.investing.com/equities/van-dien-fused-magnesium-phosphate
VPH,958754,Van Phat Hung Corp,Ho Chi Minh,VND,http://www.investing.com/equities/van-phat-hung-corp
VPI,1056039,Van Phu,Ho Chi Minh,VND,http://www.investing.com/equities/van-phu-invest
VPK,958755,Vegetable Oil Packing JSC,Ho Chi Minh,VND,http://www.investing.com/equities/vegetable-oil-packing-jsc
HVX,958528,Vicem Hai Van Cement JSC,Ho Chi Minh,VND,http://www.investing.com/equities/vicem-hai-van-cement-jsc
VDP,1031667,Vidipha Central Pharma,Ho Chi Minh,VND,http://www.investing.com/equities/vidipha-central-pharma
VID,958740,Vien Dong Investment Development,Ho Chi Minh,VND,http://www.investing.com/equities/vien-dong-investment-development
VCI,1024916,Viet Capital,Ho Chi Minh,VND,http://www.investing.com/equities/viet-capital
VDS,1025095,Viet Dragon,Ho Chi Minh,VND,http://www.investing.com/equities/viet-dragon
GEX,1059856,Viet Nam Electrical,Ho Chi Minh,VND,http://www.investing.com/equities/viet-nam-electrical
VFG,958736,Viet Nam Fumigation JSC,Ho Chi Minh,VND,http://www.investing.com/equities/viet-nam-fumigation-jsc
VIS,958742,Viet Nam Italy Steel JSC,Ho Chi Minh,VND,http://www.investing.com/equities/viet-nam-italy-steel-jsc
VPD,995174,Viet Nam Power,Ho Chi Minh,VND,http://www.investing.com/equities/viet-nam-power-development-jsc
VPG,1059867,Viet Phat Import Export,Ho Chi Minh,VND,http://www.investing.com/equities/viet-phat-import-export
TVT,1024918,Viet Thang,Ho Chi Minh,VND,http://www.investing.com/equities/viet-thang
VCB,958731,Vietcombank,Ho Chi Minh,VND,http://www.investing.com/equities/joint-stock-commercial-bank
VJC,997168,Vietjet Aviation,Ho Chi Minh,VND,http://www.investing.com/equities/vietjet-aviation-jsc
HVN,1136004,Vietnam Airlines,Ho Chi Minh,VND,http://www.investing.com/equities/vietnam-airlines
CTS,41963,Vietnam Bank For Industry,Ho Chi Minh,VND,http://www.investing.com/equities/vietinbanksc
VSC,958757,Vietnam Container Shipping,Ho Chi Minh,VND,http://www.investing.com/equities/vietnam-container-shipping
CAV,958415,Vietnam Electric Cable Corp,Ho Chi Minh,VND,http://www.investing.com/equities/vietnam-electric-cable-corp
VNE,958747,Vietnam Electricity Construction,Ho Chi Minh,VND,http://www.investing.com/equities/vietnam-electricity-construction
EIB,958472,Vietnam Export Import Commercial,Ho Chi Minh,VND,http://www.investing.com/equities/vietnam-export-import-commercial
CTG,958437,Vietnam Joint Stock Commercial Bank,Ho Chi Minh,VND,http://www.investing.com/equities/vietnam-joint-stock-commercial-bank
MCG,958562,Vietnam Mechanization Electrificat,Ho Chi Minh,VND,http://www.investing.com/equities/vietnam-mechanization-electrificat
PLX,1009015,Vietnam National Petro,Ho Chi Minh,VND,http://www.investing.com/equities/vietnam-national-petroleum-group
VOS,958753,Vietnam Ocean Shipping JSC,Ho Chi Minh,VND,http://www.investing.com/equities/vietnam-ocean-shipping-jsc
VPS,959147,Vietnam Pesticide JSC,Ho Chi Minh,VND,http://www.investing.com/equities/vietnam-pesticide-jsc
VIP,958741,Vietnam Petroleum Transport JSC,Ho Chi Minh,VND,http://www.investing.com/equities/vietnam-petroleum-transport-jsc
VPB,1043364,Vietnam Prosperity,Ho Chi Minh,VND,http://www.investing.com/equities/vietnam-prosperity
GVR,1080160,Vietnam Rubber,Ho Chi Minh,VND,http://www.investing.com/equities/vietnam-rubber
VNS,958752,Vietnam Sun Corp,Ho Chi Minh,VND,http://www.investing.com/equities/vietnam-sun-corp
VTO,958768,Vietnam Tanker JSC,Ho Chi Minh,VND,http://www.investing.com/equities/vietnam-tanker-jsc
VTB,958765,Viettronics Tan Binh JSC,Ho Chi Minh,VND,http://www.investing.com/equities/viettronics-tan-binh-jsc
VGC,1136006,Viglacera,Ho Chi Minh,VND,http://www.investing.com/equities/viglacera
VMD,958745,Vimedimex Medi Pharma JSC,Ho Chi Minh,VND,http://www.investing.com/equities/vimedimex-medi-pharma-jsc
VCF,958732,Vinacafe Bien Hoa JSC,Ho Chi Minh,VND,http://www.investing.com/equities/vinacafe-bien-hoa-jsc
VNL,958750,Vinalink International Freight Forw,Ho Chi Minh,VND,http://www.investing.com/equities/vinalink-international-freight-forw
VNM,958751,Vinamilk,Ho Chi Minh,VND,http://www.investing.com/equities/vietnam-dairy-products-jsc
VRE,1056075,Vincom Retail,Ho Chi Minh,VND,http://www.investing.com/equities/vincom-retail
VIC,958739,Vingroup JSC,Ho Chi Minh,VND,http://www.investing.com/equities/vingroup-jsc
VHC,958737,Vinh Hoan Corp,Ho Chi Minh,VND,http://www.investing.com/equities/vinh-hoan-corp
VSH,958759,Vinh Son Song Hinh Hydropower JSC,Ho Chi Minh,VND,http://www.investing.com/equities/vinh-son-song-hinh-hydropower-jsc
VHM,1076910,Vinhomes,Ho Chi Minh,VND,http://www.investing.com/equities/vinhomes
VND,42283,VNDIRECT Securities,Ho Chi Minh,VND,http://www.investing.com/equities/vndirect
VRC,958756,Vung Tau Real Estate Constructiion,Ho Chi Minh,VND,http://www.investing.com/equities/vung-tau-real-estate-constructiion
VSI,958760,Water Supply Sewerage Construction,Ho Chi Minh,VND,http://www.investing.com/equities/water-supply-sewerage-construction
YEG,1086988,YEAH1 Gr,Ho Chi Minh,VND,http://www.investing.com/equities/yeah1-group-corp
YBM,1111716,Yen Bai Industry,Ho Chi Minh,VND,http://www.investing.com/equities/yen-bai-industry
