BTCKRW,1064952,Bitcoin Korean Won,Upbit,KRW
BTCUSD,1064994,Bitcoin US Dollar,Upbit,USD
ETHKRW,1064958,Ethereum Korean Won,Upbit,KRW
ETHBTC,1064981,Ethereum Bitcoin,Upbit,BTC
ETHUSD,1065033,Ethereum US Dollar,Upbit,USD
BCHKRW,1064957,Bitcoin Cash Korean Won,Upbit,KRW
BCHBTC,1064988,Bitcoin Cash Bitcoin,Upbit,BTC
BCHUSD,1065069,Bitcoin Cash US Dollar,Upbit,USD
BCHETH,1065081,Bitcoin Cash Ethereum,Upbit,ETH
XRPKRW,1064954,Ripple Korean Won,Upbit,KRW
XRPBTC,1064983,Ripple Bitcoin,Upbit,BTC
XRPETH,1065041,Ripple Ethereum,Upbit,ETH
XRPUSD,1065030,Ripple US Dollar,Upbit,USD
LTCKRW,1064964,Litecoin Korean Won,Upbit,KRW
LTCBTC,1064979,Litecoin Bitcoin,Upbit,BTC
LTCUSD,1065070,Litecoin US Dollar,Upbit,USD
LTCETH,1065063,Litecoin Ethereum,Upbit,ETH
ETCKRW,1064955,Ethereum Classic Korean Won,Upbit,KRW
ETCBTC,1064969,Ethereum Classic Bitcoin,Upbit,BTC
ETCUSD,1065043,Ethereum Classic US Dollar,Upbit,USD
ETCETH,1065050,Ethereum Classic Ethereum,Upbit,ETH
ADAKRW,1064953,Cardano Korean Won,Upbit,KRW
ADABTC,1064967,Cardano Bitcoin,Upbit,BTC
ADAUSD,1065027,Cardano US Dollar,Upbit,USD
QTUMKRW,1064956,Qtum Korean Won,Upbit,KRW
QTUMBTC,1064993,Qtum Bitcoin,Upbit,BTC
QTUMETH,1065091,Qtum Ethereum,Upbit,ETH
ANSBTC,1064978,NEO Bitcoin,Upbit,BTC
ANSETH,1065019,NEO Ethereum,Upbit,ETH
ANSUSD,1065020,NEO US Dollar,Upbit,USD
ANSKRW,1064959,NEO Korean Won,Upbit,KRW
DASHUSD,1065138,Dash US Dollar,Upbit,USD
DASHBTC,1065076,Dash Bitcoin,Upbit,BTC
DASHKRW,1065042,Dash Korean Won,Upbit,KRW
DASHETH,1065151,Dash Ethereum,Upbit,ETH
XVGBTC,1064962,Verge Bitcoin,Upbit,BTC
XVGUSD,1065089,Verge US Dollar,Upbit,USD
XLMKRW,1064965,Stellar Lumens Korean Won,Upbit,KRW
XLMBTC,1064992,Stellar Lumens Bitcoin,Upbit,BTC
XLMETH,1065092,Stellar Lumens Ethereum,Upbit,ETH
ZECBTC,1065022,Zcash Bitcoin,Upbit,BTC
ZECUSD,1065108,Zcash US Dollar,Upbit,USD
ZECKRW,1065013,Zcash Korean Won,Upbit,KRW
ZECETH,1065097,Zcash Ethereum,Upbit,ETH
OMGKRW,1064976,Omisego Korean Won,Upbit,KRW
OMGETH,1065045,Omisego Ethereum,Upbit,ETH
OMGBTC,1064995,Omisego Bitcoin,Upbit,BTC
OMGUSD,1065080,Omisego US Dollar,Upbit,USD
XMRKRW,1065010,Monero Korean Won,Upbit,KRW
XMRBTC,1065032,Monero Bitcoin,Upbit,BTC
XMRUSD,1065115,Monero US Dollar,Upbit,USD
XMRETH,1065123,Monero Ethereum,Upbit,ETH
SCBTC,1064973,Siacoin Bitcoin,Upbit,BTC
SCETH,1065072,Siacoin Ethereum,Upbit,ETH
BTGKRW,1064982,Bitcoin Gold Korean Won,Upbit,KRW
BTGBTC,1065015,Bitcoin Gold Bitcoin,Upbit,BTC
BTGUSD,1065073,Bitcoin Gold US Dollar,Upbit,USD
BTGETH,1065143,Bitcoin Gold Ethereum,Upbit,ETH
XEMBTC,1064974,NEM Bitcoin,Upbit,BTC
XEMKRW,1064961,NEM Korean Won,Upbit,KRW
XEMETH,1065044,NEM Ethereum,Upbit,ETH
LSKBTC,1064977,Lisk Bitcoin,Upbit,BTC
LSKKRW,1064963,Lisk Korean Won,Upbit,KRW
