FNBB,42355,First National Bank Botswana,Botswana,BWP,http://www.investing.com/equities/first-national-bank-botswana
BIHL,42352,Botswana Insurance Holding,Botswana,BWP,http://www.investing.com/equities/botswana-insurance-holding-ltd
ABSA,42351,Barclays Bank of Botswana,Botswana,BWP,http://www.investing.com/equities/barclays-bank-of-botswana
SECH,42359,Sechaba Brewery Holdings,Botswana,BWP,http://www.investing.com/equities/sechaba-brewery-holdings-ltd
SEFA,42360,Sefalana Holding,Botswana,BWP,http://www.investing.com/equities/sefalana-holding
NAP,42375,New African Properties,Botswana,BWP,http://www.investing.com/equities/new-african-properties
LETS,42363,Letshego Holdings,Botswana,BWP,http://www.investing.com/equities/letshego-holdings-ltd
LUC,42381,Lucara Diamond Corp,Botswana,BWP,http://www.investing.com/equities/lucara-diamond-corp?cid=42381
ENGN,42354,Engen Botswana,Botswana,BWP,http://www.investing.com/equities/engen-botswana-ltd
TURN,42362,Turnstar Holdings,Botswana,BWP,http://www.investing.com/equities/turnstar-holdings-ltd
CHO,42353,Chobe Holdings,Botswana,BWP,http://www.investing.com/equities/chobe-holdings-ltd
BTCL,976257,Botswana Telecom,Botswana,BWP,http://www.investing.com/equities/botswana-telecommunications-corpora
CHOPP,42376,Choppies Enterprises,Botswana,BWP,http://www.investing.com/equities/choppies-enterprises-ltd
RDCP,42357,RDC Properties,Botswana,BWP,http://www.investing.com/equities/rdc-properties-ltd
PMT_u,42366,PrimeTime Property Holdings,Botswana,BWP,http://www.investing.com/equities/primetime-property-holdings
LETL,42374,Letlole La Rona,Botswana,BWP,http://www.investing.com/equities/letlole-la-rona-ltd
STD,42361,Standard Chartered Botswana,Botswana,BWP,http://www.investing.com/equities/standard-chartered-botswana-ltd
FSG,42369,FSG,Botswana,BWP,http://www.investing.com/equities/fsg-ltd
GFS,42364,G4S Botswana,Botswana,BWP,http://www.investing.com/equities/g4s-botswana-ltd
CRESTA,42371,Cresta Marakanelo,Botswana,BWP,http://www.investing.com/equities/cresta-marakanelo-ltd
ACB,42346,A-Cap Energy,Botswana,BWP,http://www.investing.com/equities/a-cap-resources-ltd?cid=42346
