2CUREX,1055278,2cureX,Stockholm,SEK,http://www.investing.com/equities/2curex
MOMENT,958864,2E Group,Stockholm,SEK,http://www.investing.com/equities/2e-group-ab
ACMED,961774,A City Media AB,Stockholm,SEK,http://www.investing.com/equities/a-city-media-ab
GUARD,987107,A1M Pharma,Stockholm,SEK,http://www.investing.com/equities/a1m-pharma-ab
AACM,994273,AAC Microtec,Stockholm,SEK,http://www.investing.com/equities/aac-microtec-ab
AAK,26023,AAK,Stockholm,SEK,http://www.investing.com/equities/aarhuskarlshamn
ABB,482,ABB,Stockholm,SEK,http://www.investing.com/equities/abb-ltd?cid=482
ASCNOK,994285,ABG Sundal Collier,Stockholm,SEK,http://www.investing.com/equities/abg-sundal-collier-holding-asa?cid=994285
ABSO,942520,Absolent Group AB,Stockholm,SEK,http://www.investing.com/equities/absolent-group-ab
ACADE,985183,AcadeMedia,Stockholm,SEK,http://www.investing.com/equities/academedia-ab
ACARIX,994275,Acarix,Stockholm,SEK,http://www.investing.com/equities/acarix-a-s
ACCON,1056348,Acconeer,Stockholm,SEK,http://www.investing.com/equities/acconeer
ACRIN,945912,Acrinova,Stockholm,SEK,http://www.investing.com/equities/acrinova-publ-ab
ATIC,1008654,Actic Group,Stockholm,SEK,http://www.investing.com/equities/actic-group-ab
ACTI,26028,Active Biotech,Stockholm,SEK,http://www.investing.com/equities/active-biotech
ADAPT,1141284,Adapteo,Stockholm,SEK,http://www.investing.com/equities/adapteo-oyj
ADDERA,994030,AdderaCare,Stockholm,SEK,http://www.investing.com/equities/adderacare-ab
ALIFb,968994,AddLife,Stockholm,SEK,http://www.investing.com/equities/addlife-ab
ANODb,26034,AddNode B,Stockholm,SEK,http://www.investing.com/equities/addnode-b
ADDTb,26029,Addtech,Stockholm,SEK,http://www.investing.com/equities/addtech
ADDVa,958866,ADDvise Group AB A,Stockholm,SEK,http://www.investing.com/equities/addvise-group-ab-a
ADDVb,958867,ADDvise Group AB B,Stockholm,SEK,http://www.investing.com/equities/addvise-group-ab-b
ADVENI,941673,Advenica,Stockholm,SEK,http://www.investing.com/equities/advenica
AFb,26031,AF AB,Stockholm,SEK,http://www.investing.com/equities/af-ab
AFGNOK,994277,Af Gruppen,Stockholm,SEK,http://www.investing.com/equities/af-gruppen?cid=994277
AECO,1076548,Africa Energy,Stockholm,SEK,http://www.investing.com/equities/horn-petroleum-corporation?cid=1076548
AOIC,24722,Africa Oil Corp,Stockholm,SEK,http://www.investing.com/equities/africa-oil-corp
AGESb,958868,AGES Industri AB,Stockholm,SEK,http://www.investing.com/equities/ages-industri-ab
AGROM,26209,Agromino,Stockholm,SEK,http://www.investing.com/equities/trigon-agri
AHM1S,955888,Ahlstrom-Munksjo,Stockholm,SEK,http://www.investing.com/equities/munksjo?cid=955888
AINO,994279,Aino Health,Stockholm,SEK,http://www.investing.com/equities/aino-health-ab
AKANOK,941674,Akastor ASA,Stockholm,SEK,http://www.investing.com/equities/aker-solutions?cid=941674
AKELpref,1057395,Akelius Residential Pref,Stockholm,SEK,http://www.investing.com/equities/akelius-residential-pref
AKENOK,994280,Aker,Stockholm,SEK,http://www.investing.com/equities/aker-asa?cid=994280
AKERBPNOK,991182,Aker BP,Stockholm,SEK,http://www.investing.com/equities/det-norske-oljeselskap?cid=991182
AKSONOK,994281,Aker Solutions OL,Stockholm,SEK,http://www.investing.com/equities/aker-solutions-ol?cid=994281
ALCA,989455,Alcadon Group,Stockholm,SEK,http://www.investing.com/equities/alcadon-group-ab
ALELIO,985796,Alelion Energy Systems,Stockholm,SEK,http://www.investing.com/equities/alelion-energy-systems-ab
ALFA,481,Alfa Laval AB,Stockholm,SEK,http://www.investing.com/equities/alfa-laval
ALIG,954906,Alimak Hek Group AB,Stockholm,SEK,http://www.investing.com/equities/alimak-hek-group-ab
ALLGb,958968,Allgon,Stockholm,SEK,http://www.investing.com/equities/smarteq-publ-ab
ATORX,993980,Alligator Bioscience,Stockholm,SEK,http://www.investing.com/equities/alligator-bioscience-ab
ATREA,26037,AllTele Allmanna Svenska,Stockholm,SEK,http://www.investing.com/equities/alltele-allmanna-svenska-telefon
ALMT,958872,ALM Equity AB,Stockholm,SEK,http://www.investing.com/equities/alm-equity-ab
ALZCUR,1114328,AlzeCure Pharma,Stockholm,SEK,http://www.investing.com/equities/alzecure-pharma
ALZ,961661,Alzinova,Stockholm,SEK,http://www.investing.com/equities/alzinova-ab
AMAST,958873,Amasten Holding publ AB,Stockholm,SEK,http://www.investing.com/equities/amasten-holding-publ-ab
AMBEA,1006175,Ambea,Stockholm,SEK,http://www.investing.com/equities/ambea-ab
AMSCNOK,994283,American Shipping,Stockholm,SEK,http://www.investing.com/equities/american-ship?cid=994283
ANNX,1008730,Annexin Pharma,Stockholm,SEK,http://www.investing.com/equities/annexin-pharmaceuticals-ab
ANOT,26035,Anoto,Stockholm,SEK,http://www.investing.com/equities/anoto-group
AQ,995100,AQ AB,Stockholm,SEK,http://www.investing.com/equities/aq-group-ab
ABTNOK,994274,Aqua Bio Tech,Stockholm,SEK,http://www.investing.com/equities/aqua-bio-technology-asa?cid=994274
AAPb,960713,Arc Aroma Pure AB,Stockholm,SEK,http://www.investing.com/equities/arc-aroma-pure-ab
ARCHERNOK,994284,Archer,Stockholm,SEK,http://www.investing.com/equities/archer?cid=994284
ARCOMA,942725,Arcoma AB,Stockholm,SEK,http://www.investing.com/equities/arcoma-ab
ARCT,958875,Arctic Gold Publ AB,Stockholm,SEK,http://www.investing.com/equities/arctic-gold-publ-ab
ARP,41035,Arctic Paper SA,Stockholm,SEK,http://www.investing.com/equities/arctic-paper?cid=41035
ARCUSNOK,994031,Arcus,Stockholm,SEK,http://www.investing.com/equities/arcus-asa?cid=994031
ARISE,26040,Arise Windpower,Stockholm,SEK,http://www.investing.com/equities/arise-windpower
ARJOb,1056353,Arjo,Stockholm,SEK,http://www.investing.com/equities/arjo
AROC,985797,AroCell,Stockholm,SEK,http://www.investing.com/equities/arocell-ab
AROSpref,1114121,Aros Bostadsutveckling,Stockholm,SEK,http://www.investing.com/equities/aros-bostadsutveckling
ASAIN,1055044,Artificial Solutions,Stockholm,SEK,http://www.investing.com/equities/indentive
ASAPH,1096070,Asarina Pharma,Stockholm,SEK,http://www.investing.com/equities/asarina-pharma
ACELP,1123485,Ascelia Pharma,Stockholm,SEK,http://www.investing.com/equities/ascelia-pharma
ASETEKNOK,994286,Asetek,Stockholm,SEK,http://www.investing.com/equities/asetek?cid=994286
ASPIRE,1024763,Aspire Global,Stockholm,SEK,http://www.investing.com/equities/aspire-global
ASSAb,483,ASSA ABLOY B,Stockholm,SEK,http://www.investing.com/equities/assa-abloy
AZN,478,AstraZeneca,Stockholm,SEK,http://www.investing.com/equities/astrazeneca?cid=478
ATEANOK,994287,Atea,Stockholm,SEK,http://www.investing.com/equities/atea-asa?cid=994287
ATCOa,476,Atlas Copco A,Stockholm,SEK,http://www.investing.com/equities/atlas-copco-a
ATCOb,484,Atlas Copco B,Stockholm,SEK,http://www.investing.com/equities/atlas-copco-b
ATRLJb,26131,Atrium Ljungberg B,Stockholm,SEK,http://www.investing.com/equities/atrium-ljungberg
ATTE,961775,Attendo International publ AB,Stockholm,SEK,http://www.investing.com/equities/attendo-international-publ-ab
ATVEXAb,1056373,Atvexa,Stockholm,SEK,http://www.investing.com/equities/atvexa
AURIM,958876,Auriant Mining AB,Stockholm,SEK,http://www.investing.com/equities/auriant-mining-ab
AUSSNOK,994288,Austevoll,Stockholm,SEK,http://www.investing.com/equities/austevoll-seafood-asa?cid=994288
ALIVsdb,26032,Autoliv Inc. SDB,Stockholm,SEK,http://www.investing.com/equities/autoliv-inc
AVANCENOK,994289,Avance Gas Holding Ltd,Stockholm,SEK,http://www.investing.com/equities/avance-gas-holding-ltd?cid=994289
AVANZ,26038,Avanza Bank,Stockholm,SEK,http://www.investing.com/equities/avanza-bank-holding
AVEN,954907,Avensia publ AB,Stockholm,SEK,http://www.investing.com/equities/avensia-publ-ab
AVMNOK,985184,Avocet Mining,Stockholm,SEK,http://www.investing.com/equities/avocet-mining?cid=985184
AVTCHb,958877,Avtech Sweden publ AB,Stockholm,SEK,http://www.investing.com/equities/avtech-sweden-publ-ab
AWRD,1056128,Awardit,Stockholm,SEK,http://www.investing.com/equities/awardit
AWDRNOK,994290,Awilco Drilling,Stockholm,SEK,http://www.investing.com/equities/awilco?cid=994290
ALNGNOK,994282,Awilco LNG,Stockholm,SEK,http://www.investing.com/equities/awilco-lng-asa?cid=994282
AXACNOK,962527,Axactor,Stockholm,SEK,http://www.investing.com/equities/nickel-mountai?cid=962527
AXFO,25978,Axfood AB,Stockholm,SEK,http://www.investing.com/equities/axfood-ab?cid=25978
AXIC,958878,aXichem publ AB,Stockholm,SEK,http://www.investing.com/equities/axichem-publ-ab
AXOLOT,1109547,Axolot Solutions,Stockholm,SEK,http://www.investing.com/equities/axolot-solutions
AYIMAb,1010886,Ayima,Stockholm,SEK,http://www.investing.com/equities/ayima-group-ab
AZELIO,1115773,Azelio,Stockholm,SEK,http://www.investing.com/equities/azelio
BERGb,26043,B&B Tools,Stockholm,SEK,http://www.investing.com/equities/b-b-tools
B2HNOK,985167,B2holding,Stockholm,SEK,http://www.investing.com/equities/b2holding-asa?cid=985167
B3,985185,B3IT Management,Stockholm,SEK,http://www.investing.com/equities/b3it-management-ab
BACTIb,949751,Bactiguard Holding AB,Stockholm,SEK,http://www.investing.com/equities/bactiguard-holding-ab
BALCO,1052247,Balco Group,Stockholm,SEK,http://www.investing.com/equities/balco-group
NHCBHFFS,1138454,Baltic Horizon Fund,Stockholm,SEK,http://www.investing.com/equities/baltic-horizon-fund-sek
BUSER,1010617,Bambuser,Stockholm,SEK,http://www.investing.com/equities/bambuser-ab
BAYNE,942723,Bayn Europe AB,Stockholm,SEK,http://www.investing.com/equities/bayn-europe-ab
BONES,1071988,BBS,Stockholm,SEK,http://www.investing.com/equities/bbs?cid=1071988
BEGR,26045,BE Group AB,Stockholm,SEK,http://www.investing.com/equities/be-group
BEIAb,26046,Beijer Alma,Stockholm,SEK,http://www.investing.com/equities/beijer-alma
BELE,26048,Beijer Electronics,Stockholm,SEK,http://www.investing.com/equities/beijer-electronics
BEIJb,26047,Beijer Ref,Stockholm,SEK,http://www.investing.com/equities/g-l-beijer
BRGb,26059,Bergs Timber B,Stockholm,SEK,http://www.investing.com/equities/bergs-timber-b
BESQ,949752,Besqab publ AB,Stockholm,SEK,http://www.investing.com/equities/besqab-publ-ab
BETSb,26049,Betsson,Stockholm,SEK,http://www.investing.com/equities/betsson-b
BETCO,1081633,Better Collective,Stockholm,SEK,http://www.investing.com/equities/better-collective
BILIa,26050,Bilia,Stockholm,SEK,http://www.investing.com/equities/bilia-a
BILL,26051,BillerudKorsnas,Stockholm,SEK,http://www.investing.com/equities/billerud
BIMOB,958880,Bimobject,Stockholm,SEK,http://www.investing.com/equities/bimobject-ab
BIOWKS,1056426,Bio-Works,Stockholm,SEK,http://www.investing.com/equities/bio-works
BIOAb,1052370,BioArctic,Stockholm,SEK,http://www.investing.com/equities/bioarctic
BIOGb,26053,BioGaia B,Stockholm,SEK,http://www.investing.com/equities/biogaia
BINV,26052,BioInvent International,Stockholm,SEK,http://www.investing.com/equities/bioinvent
BIOSE,1010837,Bioservo Tech,Stockholm,SEK,http://www.investing.com/equities/bioservo-technologies-ab
BIOT,26054,Biotage AB,Stockholm,SEK,http://www.investing.com/equities/biotage
BIOVICb,1006176,Biovica International,Stockholm,SEK,http://www.investing.com/equities/biovica-international-ab
BORG,26057,Bjorn Borg,Stockholm,SEK,http://www.investing.com/equities/bjorn-borg
BOL,477,Boliden,Stockholm,SEK,http://www.investing.com/equities/boliden
BONAS,955883,Bonasudden Holding AB,Stockholm,SEK,http://www.investing.com/equities/bonasudden-holding-ab
BONAVa,985159,Bonava A,Stockholm,SEK,http://www.investing.com/equities/bonava-ab-a
BONAVb,985160,Bonava B,Stockholm,SEK,http://www.investing.com/equities/bonava-ab-b
BONEX,1014091,Bonesupport,Stockholm,SEK,http://www.investing.com/equities/bonesupport-holding-ab
BOLJ,26056,Bong AB,Stockholm,SEK,http://www.investing.com/equities/bong-ab
BONNOK,994293,Bonheur,Stockholm,SEK,http://www.investing.com/equities/bonheur?cid=994293
BOOZT,1010887,Boozt,Stockholm,SEK,http://www.investing.com/equities/boozt-ab
BRGDNOK,994294,Borregaard,Stockholm,SEK,http://www.investing.com/equities/borregaard?cid=994294
BOTX,995955,Botnia Exploration,Stockholm,SEK,http://www.investing.com/equities/botnia-exploration-holding-ab
BOUL,26058,Boule Diagnostics,Stockholm,SEK,http://www.investing.com/equities/boul-ab
BRAV,960714,Bravida Holding AB,Stockholm,SEK,http://www.investing.com/equities/bravida-holding-ab
BRE2,958881,Bredband2 i Skandinavien AB,Stockholm,SEK,http://www.investing.com/equities/bredband2-i-skandinavien-ab
BRIG,958882,Brighter publ AB,Stockholm,SEK,http://www.investing.com/equities/brighter-publ-ab
BRINb,26060,Brinova Fastigheter,Stockholm,SEK,http://www.investing.com/equities/brinova-b
BTSb,26061,BTS Group B,Stockholm,SEK,http://www.investing.com/equities/bts-group-b
BUBL,1127989,Bublar,Stockholm,SEK,http://www.investing.com/equities/bublar
BUFAB,949753,Bufab Holding AB,Stockholm,SEK,http://www.investing.com/equities/bufab-holding-ab
BULTEN,26095,Bulten AB,Stockholm,SEK,http://www.investing.com/equities/finnvedenbulten
BURE,26062,Bure Equity AB,Stockholm,SEK,http://www.investing.com/equities/bure-equity
BWLPGNOK,994295,BW LPG,Stockholm,SEK,http://www.investing.com/equities/bw-lpg?cid=994295
BWONOK,994296,BW Offshore,Stockholm,SEK,http://www.investing.com/equities/bw-offshore?cid=994296
BYGGP,994032,Bygg Partner i Dalarna,Stockholm,SEK,http://www.investing.com/equities/bygg-partner-i-dalarna-holding-ab
BHGF,1073139,Bygghemma,Stockholm,SEK,http://www.investing.com/equities/bygghemma
AJAb,958871,Byggmastare Anders J Ahlstrom Hold,Stockholm,SEK,http://www.investing.com/equities/byggmastare-anders-j-ahlstrom-hold
BMAX,26055,Byggmax Group,Stockholm,SEK,http://www.investing.com/equities/byggmax-group
CRADb,955673,C-Rad,Stockholm,SEK,http://www.investing.com/equities/c-rad-ab
CAGGR,1115774,CAG,Stockholm,SEK,http://www.investing.com/equities/cag-group
CALTX,1084935,Calliditas Therapeutics,Stockholm,SEK,http://www.investing.com/equities/calliditas-therapeutics
CAMX,961776,Camurus AB,Stockholm,SEK,http://www.investing.com/equities/camurus-ab
CANTA,948355,Cantargia AB,Stockholm,SEK,http://www.investing.com/equities/cantargia-ab
CAPAC,958884,Capacent Holding AB,Stockholm,SEK,http://www.investing.com/equities/capacent-holding-ab
CRBX,1152790,Carbiotix,Stockholm,SEK,http://www.investing.com/equities/carbiotix-ab
CAST,25979,Castellum AB,Stockholm,SEK,http://www.investing.com/equities/castellum-ab?cid=25979
CATa,958887,Catella AB A,Stockholm,SEK,http://www.investing.com/equities/catella-ab-a
CATb,958888,Catella AB B,Stockholm,SEK,http://www.investing.com/equities/catella-ab-b
CATE,26063,Catena AB,Stockholm,SEK,http://www.investing.com/equities/catena
CATME,963720,Catena Media,Stockholm,SEK,http://www.investing.com/equities/catena-media-plc
CVTEC,26076,Cavotec SA,Stockholm,SEK,http://www.investing.com/equities/cavotec-sa
CIb,958891,Cell Impact publ AB,Stockholm,SEK,http://www.investing.com/equities/cell-impact-publ-ab
CEVI,26066,CellaVision AB,Stockholm,SEK,http://www.investing.com/equities/cellavision
CLNKb,992975,Cellink,Stockholm,SEK,http://www.investing.com/equities/cellink-ab-b
CBTTb,958890,Christian Berner Trade Tech AB,Stockholm,SEK,http://www.investing.com/equities/christian-berner-trade-tech-ab
CHRO,999063,ChromoGenics,Stockholm,SEK,http://www.investing.com/equities/chromogenics-ab
OXEMA,1024519,Cimco Marine,Stockholm,SEK,http://www.investing.com/equities/cimco-marine
CLASb,26068,Clas Ohlson B,Stockholm,SEK,http://www.investing.com/equities/clas-ohlson-b
CLAVI,958893,Clavister Holding AB,Stockholm,SEK,http://www.investing.com/equities/clavister-holding-ab
CLEMO,980205,Clean Motion,Stockholm,SEK,http://www.investing.com/equities/clean-motion-ab
LOUDS,976082,Cleantech Invest,Stockholm,SEK,http://www.investing.com/equities/cleantech-invest-oyj?cid=976082
CLIMEb,1052427,Climeon,Stockholm,SEK,http://www.investing.com/equities/climeon
CLSRb,995961,Clinical Laserthermia,Stockholm,SEK,http://www.investing.com/equities/clinical-laserthermia-systems-ab
CLOEb,26069,Cloetta B,Stockholm,SEK,http://www.investing.com/equities/cloetta
SINCH,958894,CLX Coms,Stockholm,SEK,http://www.investing.com/equities/clx-communications-ab
COLLE,955884,Collector AB,Stockholm,SEK,http://www.investing.com/equities/collector-ab
COMBI,953858,Combigene,Stockholm,SEK,http://www.investing.com/equities/combigene-ab
CONIC,26072,Concentric AB,Stockholm,SEK,http://www.investing.com/equities/concentric
CCORb,26064,Concordia Maritime B,Stockholm,SEK,http://www.investing.com/equities/concordia-b
CONF,958896,Confidence,Stockholm,SEK,http://www.investing.com/equities/confidence-international-ab
CONSb,26073,Consilium B,Stockholm,SEK,http://www.investing.com/equities/consilium-b
COOR,954908,COOR Service Management AB,Stockholm,SEK,http://www.investing.com/equities/coor-service-management-ab
COPPb,945909,Copperstone Resources AB,Stockholm,SEK,http://www.investing.com/equities/copperstone-resources-ab
COREa,26074,Corem Property,Stockholm,SEK,http://www.investing.com/equities/corem-property
COREpref,994297,Corem Property,Stockholm,SEK,http://www.investing.com/equities/corem-property-group-ab-pref
COREb,1056374,Corem Property,Stockholm,SEK,http://www.investing.com/equities/corem-property-b
CLBIO,953857,Corline Biomedical AB,Stockholm,SEK,http://www.investing.com/equities/corline-biomedical-ab
COEN,958895,Cortus Energy AB,Stockholm,SEK,http://www.investing.com/equities/cortus-energy-ab
CREADa,994298,Creades,Stockholm,SEK,http://www.investing.com/equities/creades-ab
CFISH,993243,Crunchfish,Stockholm,SEK,http://www.investing.com/equities/crunchfish-ab
CTTS,26075,CTT Systems AB,Stockholm,SEK,http://www.investing.com/equities/ctt-systems-ab
CYB1,989617,Cyber Security 1,Stockholm,SEK,http://www.investing.com/equities/cognosec-ab
CYXO,985136,Cyxone,Stockholm,SEK,http://www.investing.com/equities/cyxone-ab
DDM,958897,DDM Group AG,Stockholm,SEK,http://www.investing.com/equities/ddm-group-ag
DEDIC,26078,Dedicare B,Stockholm,SEK,http://www.investing.com/equities/dedicare
DELARK,958898,Delarka Holding publ AB,Stockholm,SEK,http://www.investing.com/equities/delarka-holding-publ-ab
DEVPb,1056153,DevPort,Stockholm,SEK,http://www.investing.com/equities/devport
DIAH,958899,Diadrom Holding AB,Stockholm,SEK,http://www.investing.com/equities/diadrom-holding-ab
DMYDb,958902,Diamyd Medical,Stockholm,SEK,http://www.investing.com/equities/diamyd-medical
DIGN,958900,Dignitana AB,Stockholm,SEK,http://www.investing.com/equities/dignitana-ab
DIOS,26081,Dios Fastigheter,Stockholm,SEK,http://www.investing.com/equities/dios-fastigheter
DISTIT,958901,DistIT AB,Stockholm,SEK,http://www.investing.com/equities/distit-ab
DNBNOK,994299,DnB,Stockholm,SEK,http://www.investing.com/equities/dnb-nor?cid=994299
DNONOK,994300,DNO International,Stockholm,SEK,http://www.investing.com/equities/dno?cid=994300
DOFNOK,994301,Dof,Stockholm,SEK,http://www.investing.com/equities/district-offsh?cid=994301
DDASANOK,994309,Dolphin Drilling,Stockholm,SEK,http://www.investing.com/equities/fred-olsen-energ?cid=994309
DOMEN,958903,Dome Energy,Stockholm,SEK,http://www.investing.com/equities/dome-energy-publ-ab
DOMETIC,961662,Dometic Group publ AB,Stockholm,SEK,http://www.investing.com/equities/dometic-group-publ-ab
DORO,26082,DORO AB,Stockholm,SEK,http://www.investing.com/equities/doro
DOXA,958904,Doxa AB,Stockholm,SEK,http://www.investing.com/equities/doxa-ab
DRIL,958905,Drillcon AB,Stockholm,SEK,http://www.investing.com/equities/drillcon-ab
DUNI,26083,Duni AB,Stockholm,SEK,http://www.investing.com/equities/duni
DURCb,26084,Duroc B,Stockholm,SEK,http://www.investing.com/equities/duroc-b
DUST,945695,Dustin Group AB,Stockholm,SEK,http://www.investing.com/equities/dustin-group-ab
EAST9,26085,Eastnine,Stockholm,SEK,http://www.investing.com/equities/east-capital-explorer
EDGEW,994302,Edgeware,Stockholm,SEK,http://www.investing.com/equities/edgeware-ab
EFFP,995709,Effnetplattformen Dividend,Stockholm,SEK,http://www.investing.com/equities/effnetplattformen-dividend-ab
ELANb,26086,Elanders B,Stockholm,SEK,http://www.investing.com/equities/elanders-ab-b
ELEC,26087,Electra Gruppen,Stockholm,SEK,http://www.investing.com/equities/electra-gruppen
ELUXa,26089,Electrolux A,Stockholm,SEK,http://www.investing.com/equities/electrolux
ELUXb,475,Electrolux B,Stockholm,SEK,http://www.investing.com/equities/electrolux-b
EMGSNOK,994305,Electromagnetic Geoservices,Stockholm,SEK,http://www.investing.com/equities/electromagnetic-geoservices-asa?cid=994305
EKTAb,25980,Elekta B,Stockholm,SEK,http://www.investing.com/equities/elekta?cid=25980
ELKNOK,1081739,Elkem,Stockholm,SEK,http://www.investing.com/equities/elkem?cid=1081739
ELLE,958906,Ellen AB,Stockholm,SEK,http://www.investing.com/equities/ellen-ab
ELOSSb,26088,Elos B,Stockholm,SEK,http://www.investing.com/equities/elos-b
ELTEL,945693,Eltel AB,Stockholm,SEK,http://www.investing.com/equities/eltel-ab
EMBRACb,993283,Embracer Group,Stockholm,SEK,http://www.investing.com/equities/thq-nordic-ab
EG7,1096189,Enad Global 7 AB,Stockholm,SEK,http://www.investing.com/equities/toadman-interactive
ENDO,40336,Endomines AB,Stockholm,SEK,http://www.investing.com/equities/endomines-publ-ab
ENEA,26090,Enea,Stockholm,SEK,http://www.investing.com/equities/enea
EOS,994307,EnergyO Solutions,Stockholm,SEK,http://www.investing.com/equities/energyo-solutions-russia-ab-be?cid=994307
ENERS,1017263,Enersize,Stockholm,SEK,http://www.investing.com/equities/enersize
ENRO,479,Eniro,Stockholm,SEK,http://www.investing.com/equities/eniro
ENROpref,994306,Eniro Pref,Stockholm,SEK,http://www.investing.com/equities/eniro-ab-pref
NLABA,958946,ENLABS,Stockholm,SEK,http://www.investing.com/equities/nordic-leisure-ab
ERMA,985186,Enorama Pharma,Stockholm,SEK,http://www.investing.com/equities/enorama-pharma-ab
ENQ,25981,Enquest,Stockholm,SEK,http://www.investing.com/equities/enquest?cid=25981
ENZY,958908,Enzymatica publ AB,Stockholm,SEK,http://www.investing.com/equities/enzymatica-publ-ab
EOLUb,955885,Eolus Vind publ AB,Stockholm,SEK,http://www.investing.com/equities/eolus-vind-publ-ab
EPIRa,1082093,Epiroc A,Stockholm,SEK,http://www.investing.com/equities/epiroc-a
EPIRb,1082092,Epiroc B,Stockholm,SEK,http://www.investing.com/equities/epiroc-b
EPISb,949756,Episurf Medical AB,Stockholm,SEK,http://www.investing.com/equities/episurf-medical-ab
EQTAB,1153107,EQT AB,Stockholm,SEK,http://www.investing.com/equities/eqt-ab
EQNRNOK,994373,Equinor,Stockholm,SEK,http://www.investing.com/equities/statoil?cid=994373
ERICa,25982,Ericsson A,Stockholm,SEK,http://www.investing.com/equities/telefon-lm-ericsson?cid=25982
ESSITYa,1013380,Essity A,Stockholm,SEK,http://www.investing.com/equities/essity-ab
ESSITYb,1013381,Essity B,Stockholm,SEK,http://www.investing.com/equities/essity-ab-b
ETRN,26092,Etrion Corporation,Stockholm,SEK,http://www.investing.com/equities/etrion-corporation?cid=26092
EPRNOK,954909,Europris ASA,Stockholm,SEK,http://www.investing.com/equities/europris-asa?cid=954909
EVOG,948356,Evolution Gaming,Stockholm,SEK,http://www.investing.com/equities/evolution-gaming-group
EWRK,26093,eWork Group,Stockholm,SEK,http://www.investing.com/equities/ework-scandinavia-ab
EXPRS2,986098,ExpreS2ion Biotech,Stockholm,SEK,http://www.investing.com/equities/expres2ion-biotech-holding-ab
FABG,25983,Fabege,Stockholm,SEK,http://www.investing.com/equities/fabege?cid=25983
FAG,26094,Fagerhult,Stockholm,SEK,http://www.investing.com/equities/fagerhult
FASTAT,958865,Fastator,Stockholm,SEK,http://www.investing.com/equities/fastator-publ-ab
BALDb,26042,Fastighets AB Balder B,Stockholm,SEK,http://www.investing.com/equities/fastighets-ab-balder
TRIANb,1017269,Fastighets Trianon,Stockholm,SEK,http://www.investing.com/equities/fastighets-trianon
FPARa,26099,FastPartner,Stockholm,SEK,http://www.investing.com/equities/fast-partner
FPARpref,994310,FastPartner,Stockholm,SEK,http://www.investing.com/equities/fastpartner-ab-pref
FEEL,26096,Feelgood Svenska,Stockholm,SEK,http://www.investing.com/equities/feelgood-svenska
FEOIb,949757,Fenix Outdoor International AG,Stockholm,SEK,http://www.investing.com/equities/fenix-outdoor-international-ag
FERRO,1123864,Ferroamp Elektronik,Stockholm,SEK,http://www.investing.com/equities/ferroamp-elektronik
FNMA,1053094,Ferronordic Machines,Stockholm,SEK,http://www.investing.com/equities/ferronordic-machines
FIL,987108,Filo Mining,Stockholm,SEK,http://www.investing.com/equities/filo-mining-corp?cid=987108
FINGb,26097,Fingerprint Cards B,Stockholm,SEK,http://www.investing.com/equities/fingerprint-cards
FFLY,958910,Firefly AB,Stockholm,SEK,http://www.investing.com/equities/firefly-ab
FLEXM,1081735,Flexion Mobile,Stockholm,SEK,http://www.investing.com/equities/flexion-mobile
FLEXQ,1056427,FlexQube,Stockholm,SEK,http://www.investing.com/equities/flexqube
FLUIC,1073634,Fluicell,Stockholm,SEK,http://www.investing.com/equities/fluicell
FMMb,1008655,FM Mattsson Mora,Stockholm,SEK,http://www.investing.com/equities/fm-mattsson-mora-group-ab
FOOTb,1116145,Footway B,Stockholm,SEK,http://www.investing.com/equities/footway-b
FPIP,26100,FormPipe Software,Stockholm,SEK,http://www.investing.com/equities/formpipe-software-ab
FRAMb,1052372,Fram Skandinavien,Stockholm,SEK,http://www.investing.com/equities/fram-skandinavien
FRILLb,1127859,Frill,Stockholm,SEK,http://www.investing.com/equities/frill
FRISQ,991240,Frisq Holding,Stockholm,SEK,http://www.investing.com/equities/frisq-holding-ab
FRONOK,968996,Frontline,Stockholm,SEK,http://www.investing.com/equities/frontline-ltd?cid=968996
FUNCOMNOK,994311,Funcom,Stockholm,SEK,http://www.investing.com/equities/funcom?cid=994311
G5EN,949758,G5 Entertainment publ AB,Stockholm,SEK,http://www.investing.com/equities/g5-entertainment-publ-ab
GABAT,942522,Gabather,Stockholm,SEK,http://www.investing.com/equities/gabather
GCOR,953859,Gaming Corps AB,Stockholm,SEK,http://www.investing.com/equities/gaming-corps-ab
GAMIGNOK,961777,Gaming Innovation,Stockholm,SEK,http://www.investing.com/equities/nio?cid=961777
GIGSEK,1127856,Gaming Innovation,Stockholm,SEK,http://www.investing.com/equities/nio?cid=1127856
GAPWb,993282,Gapwaves AB,Stockholm,SEK,http://www.investing.com/equities/gapwaves-ab
GARO,968997,Garo,Stockholm,SEK,http://www.investing.com/equities/garo-ab
GAPX,992781,Gasporox,Stockholm,SEK,http://www.investing.com/equities/gasporox-ab
GENI,958911,Generic Sweden publ AB,Stockholm,SEK,http://www.investing.com/equities/generic-sweden-publ-ab
GENOb,958912,Genovis AB,Stockholm,SEK,http://www.investing.com/equities/genovis-ab
GETIb,25984,Getinge B,Stockholm,SEK,http://www.investing.com/equities/getinge?cid=25984
GHP,26101,GHP Special Care,Stockholm,SEK,http://www.investing.com/equities/global-health-partner
GJFNOK,994312,Gjensidige Forsikring,Stockholm,SEK,http://www.investing.com/equities/gjensidige-forsikring-asa?cid=994312
GLOBAL,1052906,Global Gaming 555,Stockholm,SEK,http://www.investing.com/equities/global-gaming-555
GOGLTNOK,994313,Golden Ocean,Stockholm,SEK,http://www.investing.com/equities/knightsbridge-tankers-ltd?cid=994313
GOMX,985720,GomSpace,Stockholm,SEK,http://www.investing.com/equities/gs-sweden-ab
GHUSb,958913,Gotenehus Group AB,Stockholm,SEK,http://www.investing.com/equities/gotenehus-group-ab
GRANG,942521,Granges,Stockholm,SEK,http://www.investing.com/equities/granges
GREAT,995980,Greater Than,Stockholm,SEK,http://www.investing.com/equities/greater-than-ab
GREENL,1073058,Green Landscaping,Stockholm,SEK,http://www.investing.com/equities/green-landscaping
GSFNOK,994314,Grieg Seafood,Stockholm,SEK,http://www.investing.com/equities/grieg-seafood?cid=994314
GUNN,26102,Gunnebo AB,Stockholm,SEK,http://www.investing.com/equities/gunnebo
SFTR,942519,GWS Production AB,Stockholm,SEK,http://www.investing.com/equities/gws-production-ab
HMb,490,H&M B,Stockholm,SEK,http://www.investing.com/equities/hennes---mauritz
HLDX,26107,Haldex AB,Stockholm,SEK,http://www.investing.com/equities/haldex
HANDI,1052362,Handicare,Stockholm,SEK,http://www.investing.com/equities/handicare
HNSA,958918,Hansa Medical,Stockholm,SEK,http://www.investing.com/equities/hansa-medical-ab
HANZA,958915,Hanza AB,Stockholm,SEK,http://www.investing.com/equities/hanza-ab
HAVINOK,994316,Havila Shipping,Stockholm,SEK,http://www.investing.com/equities/havila-shippin?cid=994316
HAVb,994315,Havsfrun Investment,Stockholm,SEK,http://www.investing.com/equities/havsfrun-investment-ab
HYARDNOK,994321,Havyard Group ASA,Stockholm,SEK,http://www.investing.com/equities/havyard-group-asa?cid=994321
HEBAb,26104,HEBA Fastighets,Stockholm,SEK,http://www.investing.com/equities/heba-fastighets-ab
HEGR,962529,Hedera Group publ,Stockholm,SEK,http://www.investing.com/equities/hedera-group-publ-ab
HELIO,958916,Heliospectra publ AB,Stockholm,SEK,http://www.investing.com/equities/heliospectra-publ-ab
HEMb,953072,Hembla,Stockholm,SEK,http://www.investing.com/equities/d-carnegie-co-ab
HEMC,997808,Hemcheck Sweden,Stockholm,SEK,http://www.investing.com/equities/hemcheck-sweden-ab
HEMF,949759,Hemfosa Fastigheter AB,Stockholm,SEK,http://www.investing.com/equities/hemfosa-fastigheter-ab
HEMFpref,994317,Hemfosa Fastigheter Pref,Stockholm,SEK,http://www.investing.com/equities/hemfosa-fastigheter-ab-pref
HEXAb,25986,Hexagon B,Stockholm,SEK,http://www.investing.com/equities/hexagon?cid=25986
HEXNOK,994318,Hexagon Composites,Stockholm,SEK,http://www.investing.com/equities/hexagon-compos?cid=994318
HTRO,958919,Hexatronic Group AB,Stockholm,SEK,http://www.investing.com/equities/hexatronic-group-ab
HPOLb,26111,HEXPOL B,Stockholm,SEK,http://www.investing.com/equities/hexpol-b
HIFAb,958917,Hifab Group AB,Stockholm,SEK,http://www.investing.com/equities/hifab-group-ab
HIQ,26106,HiQ Intl,Stockholm,SEK,http://www.investing.com/equities/hiq-international
HDWb,1057065,Hitech Wireless Sweden,Stockholm,SEK,http://www.investing.com/equities/hitech-wireless-sweden
HMSN,26108,HMS Networks,Stockholm,SEK,http://www.investing.com/equities/hms-network
HLNGNOK,994319,Hoegh LNG,Stockholm,SEK,http://www.investing.com/equities/hoegh-lng?cid=994319
HOFI,949760,Hoist Finance AB,Stockholm,SEK,http://www.investing.com/equities/hoist-finance-ab
HOLMb,25987,Holmen,Stockholm,SEK,http://www.investing.com/equities/holmen?cid=25987
HOLMa,26110,Holmen,Stockholm,SEK,http://www.investing.com/equities/holmen-a
HOVD,954910,Hovding Sverige AB,Stockholm,SEK,http://www.investing.com/equities/hovding-sverige-ab
HOYLU,996542,Hoylu,Stockholm,SEK,http://www.investing.com/equities/hoylu-ab
HUFVa,25988,Hufvudstaden A,Stockholm,SEK,http://www.investing.com/equities/hufvudstaden?cid=25988
HUFVc,26112,Hufvudstaden C,Stockholm,SEK,http://www.investing.com/equities/hufvudstaden-ab
HUMAN,968998,Humana,Stockholm,SEK,http://www.investing.com/equities/humana-ab
HUSQa,25989,Husqvarna A,Stockholm,SEK,http://www.investing.com/equities/husqvarna-a?cid=25989
HUSQb,25990,Husqvarna B,Stockholm,SEK,http://www.investing.com/equities/husqvarna-b?cid=25990
ITECH,1079937,I-Tech,Stockholm,SEK,http://www.investing.com/equities/i-tech
IARb,26113,I.A.R Systems B,Stockholm,SEK,http://www.investing.com/equities/iar-systems-group-b
ICAA,25985,ICA Gruppen,Stockholm,SEK,http://www.investing.com/equities/hakon-invest?cid=25985
ICO,1073235,Iconovo,Stockholm,SEK,http://www.investing.com/equities/iconovo
ICT,26118,Icta B,Stockholm,SEK,http://www.investing.com/equities/intellecta
IDEXNOK,994322,Idex ASA,Stockholm,SEK,http://www.investing.com/equities/idex-asa?cid=994322
ISY,26120,Image Systems,Stockholm,SEK,http://www.investing.com/equities/image-systems
IMMUN,958920,Immunicum AB,Stockholm,SEK,http://www.investing.com/equities/immunicum-ab
IMMNOV,961779,Immunovia publ AB,Stockholm,SEK,http://www.investing.com/equities/immunovia-publ-ab
IMPC,958921,Impact Coatings publ AB,Stockholm,SEK,http://www.investing.com/equities/impact-coatings-publ-ab
INCOAX,1116658,InCoax Networks,Stockholm,SEK,http://www.investing.com/equities/incoax-networks
INDEX,991241,InDex Pharma,Stockholm,SEK,http://www.investing.com/equities/index-pharmaceuticals-holding-ab
INDUa,25992,Industrivarden A,Stockholm,SEK,http://www.investing.com/equities/industrivarden?cid=25992
INDUc,26117,Industrivarden C,Stockholm,SEK,http://www.investing.com/equities/industrivarden-ab
INDT,26116,Indutrade AB,Stockholm,SEK,http://www.investing.com/equities/indutrade
IBTb,976084,Infant Bacterial Therapeutics,Stockholm,SEK,http://www.investing.com/equities/infant-bacterial-therapeutics-ab
INFREA,1073635,Infrea,Stockholm,SEK,http://www.investing.com/equities/infrea
INISSb,954912,Inission,Stockholm,SEK,http://www.investing.com/equities/inission-ab
INSTAL,1010688,Instalco Intressenter,Stockholm,SEK,http://www.investing.com/equities/instalco-intressenter-ab
INTEGb,1010689,Integrum,Stockholm,SEK,http://www.investing.com/equities/integrum-ab
ENG,990010,Internationella Engelska Skolan,Stockholm,SEK,http://www.investing.com/equities/internationella-engelska-skolan-i-s
IVACC,1008657,Intervacc,Stockholm,SEK,http://www.investing.com/equities/intervacc-ab
ELEMNOK,994324,Intex,Stockholm,SEK,http://www.investing.com/equities/intex-resource?cid=994324
IPCOR,1008984,Intl Petroleum,Stockholm,SEK,http://www.investing.com/equities/international-petroleum-corp?cid=1008984
INTRUM,25991,Intrum Justitia,Stockholm,SEK,http://www.investing.com/equities/intrum-justitia?cid=25991
LATOb,25998,Investment Latour,Stockholm,SEK,http://www.investing.com/equities/latour-investment?cid=25998
ORES,26164,Investment Oresund,Stockholm,SEK,http://www.investing.com/equities/investment-ab-oresund
INVEa,25993,Investor A,Stockholm,SEK,http://www.investing.com/equities/investor-a?cid=25993
INVEb,487,Investor B,Stockholm,SEK,http://www.investing.com/equities/investor
IVSO,955674,Invisio Communications AB,Stockholm,SEK,http://www.investing.com/equities/invisio-communications-ab
INWI,949761,Inwido,Stockholm,SEK,http://www.investing.com/equities/inwido-publ-ab
IRIST,958939,Irisity,Stockholm,SEK,http://www.investing.com/equities/mindmancer-publ-ab
IRLABa,997112,IRLAB Therapeutics,Stockholm,SEK,http://www.investing.com/equities/irlab-therapeutics-ab
IRRAS,1055137,Irras,Stockholm,SEK,http://www.investing.com/equities/irras
ISOFOL,1006177,Isofol Medical,Stockholm,SEK,http://www.investing.com/equities/isofol-medical-ab
ISR,999065,ISR Holding,Stockholm,SEK,http://www.investing.com/equities/isr-immune-system-regulation
ITABb,26121,ITAB Shop Concept B,Stockholm,SEK,http://www.investing.com/equities/itab-shop-concept
ITALsdb,941185,Italeaf,Stockholm,SEK,http://www.investing.com/equities/italeaf
IVISYS,949762,Ivisys AB,Stockholm,SEK,http://www.investing.com/equities/ivisys-ab
JETPAK,1115175,Jetpak,Stockholm,SEK,http://www.investing.com/equities/jetpak
JINNOK,994325,Jinhui Shipping,Stockholm,SEK,http://www.investing.com/equities/jinhui-shippin?cid=994325
JLTM,958924,JLT Mobile Computers publ AB,Stockholm,SEK,http://www.investing.com/equities/jlt-mobile-computers-publ-ab
JM,25994,JM AB,Stockholm,SEK,http://www.investing.com/equities/jm-ab?cid=25994
JOMA,1136131,John Mattson,Stockholm,SEK,http://www.investing.com/equities/john-mattson
JDT,1079293,JonDeTech Sensors,Stockholm,SEK,http://www.investing.com/equities/jondetech-sensors
JOSE,949765,Josemaria Resources,Stockholm,SEK,http://www.investing.com/equities/ngex-resources-inc?cid=949765
KFASTb,1155850,K-Fast,Stockholm,SEK,http://www.investing.com/equities/k-fast-holding-ab
K2Ab,1137583,K2A Knaust & Andersson Fastigheter,Stockholm,SEK,http://www.investing.com/equities/k2a-knaust-andersson-fastigheter
KABEb,26123,KABE B,Stockholm,SEK,http://www.investing.com/equities/kabe-husvagnar-b
KAKEL,958907,Kakel Max,Stockholm,SEK,http://www.investing.com/equities/empire-ab
KAPIAB,958926,Kalleback Property Invest AB,Stockholm,SEK,http://www.investing.com/equities/kalleback-property-invest-ab
KAMBI,958925,Kambi Group PLC,Stockholm,SEK,http://www.investing.com/equities/kambi-group-plc
KANC,101935,Kancera AB,Stockholm,SEK,http://www.investing.com/equities/kancera-ab
KAHL,26124,KappAhl,Stockholm,SEK,http://www.investing.com/equities/kappahl
KARE,945694,Karessa Pharma Holding AB,Stockholm,SEK,http://www.investing.com/equities/karessa-pharma-holding-ab
KARNO,1128813,Karnov Group,Stockholm,SEK,http://www.investing.com/equities/karnov-group-ab
KARO,26125,Karo Pharma,Stockholm,SEK,http://www.investing.com/equities/karo-bio
KDEV,26126,Karolinska Development B,Stockholm,SEK,http://www.investing.com/equities/karol-devel-b
KENH,958927,Kentima Holding publ AB,Stockholm,SEK,http://www.investing.com/equities/kentima-holding-publ-ab
KIDNOK,960716,Kid ASA,Stockholm,SEK,http://www.investing.com/equities/kid-asa?cid=960716
KINDsdb,26217,Kindred Group,Stockholm,SEK,http://www.investing.com/equities/unibet-group-plc
KINVa,25995,Kinnevik A,Stockholm,SEK,http://www.investing.com/equities/kinnevik-investment-a?cid=25995
KINVb,25996,Kinnevik B,Stockholm,SEK,http://www.investing.com/equities/kinnevik-investment-b?cid=25996
KITNOK,994326,Kitron,Stockholm,SEK,http://www.investing.com/equities/kitron?cid=994326
KLAR,960717,Klaria Pharma Holding AB,Stockholm,SEK,http://www.investing.com/equities/klaria-pharma-holding-ab
KLOVa,26127,Klovern AB,Stockholm,SEK,http://www.investing.com/equities/klovern
KLOVa,26127,Klovern AB,Stockholm,SEK,http://www.investing.com/equities/klovern
KLOVpref,990011,Klovern AB Pref,Stockholm,SEK,http://www.investing.com/equities/klovern-ab-pref
KNOW,26128,Know IT AB,Stockholm,SEK,http://www.investing.com/equities/know-it
KOLL,1156082,Kollect on Demand,Stockholm,SEK,http://www.investing.com/equities/kollect-on-demand-holding-ab
KOGNOK,994328,Kongsberg,Stockholm,SEK,http://www.investing.com/equities/kongsberg-gruppen-asa?cid=994328
KOANOK,994327,Kongsberg Automotive,Stockholm,SEK,http://www.investing.com/equities/kongsberg-automotive-asa?cid=994327
KONT,955675,Kontigo Care AB,Stockholm,SEK,http://www.investing.com/equities/kontigo-care-ab
KOPY,958928,Kopy Goldfields publ AB,Stockholm,SEK,http://www.investing.com/equities/kopy-goldfields-publ-ab
KLED,25997,Kungsleden AB,Stockholm,SEK,http://www.investing.com/equities/kungsleden-ab?cid=25997
KVAERNOK,994329,Kv�rner,Stockholm,SEK,http://www.investing.com/equities/kvaerner-asa?cid=994329
LAGRb,26129,Lagercrantz B,Stockholm,SEK,http://www.investing.com/equities/lagercrantz-group
LAMMb,26130,Lammhults Design B,Stockholm,SEK,http://www.investing.com/equities/lammhults-design-group
LAUR,985721,Lauritz.com,Stockholm,SEK,http://www.investing.com/equities/lauritz.com
LEMSE,1061195,Leading Edge Materials,Stockholm,SEK,http://www.investing.com/equities/flinders-resources-limited?cid=1061195
LEOV,969000,LeoVegas,Stockholm,SEK,http://www.investing.com/equities/leovegas-publ-ab
LSGNOK,994330,Leroy Seafood,Stockholm,SEK,http://www.investing.com/equities/leroy-seafood-group-asa?cid=994330
LEXIN,945696,Lexington Company AB,Stockholm,SEK,http://www.investing.com/equities/lexington-company-ab
LIDDS,958929,Lidds AB,Stockholm,SEK,http://www.investing.com/equities/lidds-ab
LIFCOb,949763,Lifco publ AB,Stockholm,SEK,http://www.investing.com/equities/lifco-publ-ab
LLSWb,958931,LightLab Sweden,Stockholm,SEK,http://www.investing.com/equities/lightlab-sweden-ab
LIMET,1115207,Lime Tech,Stockholm,SEK,http://www.investing.com/equities/lime-tech
LIAB,25999,Lindab International,Stockholm,SEK,http://www.investing.com/equities/lindab-international?cid=25999
LINKAB,958930,Link Prop Investment publ AB,Stockholm,SEK,http://www.investing.com/equities/link-prop-investment-publ-ab
LIPI,1152788,Lipidor,Stockholm,SEK,http://www.investing.com/equities/lipidor-ab
LIVIH,1066610,Liv ihop,Stockholm,SEK,http://www.investing.com/equities/liv-ihop
ERICb,976853,LM Ericsson B,Stockholm,SEK,http://www.investing.com/equities/ericsson-b?cid=976853
LOGS,1010619,Logistea,Stockholm,SEK,http://www.investing.com/equities/logistea-ab
LOOMb,26000,Loomis B,Stockholm,SEK,http://www.investing.com/equities/loomis-ab?cid=26000
LUC,949764,Lucara Diamond Corp,Stockholm,SEK,http://www.investing.com/equities/lucara-diamond-corp?cid=949764
LUNDb,26002,Lundbergforetagen B,Stockholm,SEK,http://www.investing.com/equities/lundbergforetagen?cid=26002
LUNG,943385,Lundin Gold Inc,Stockholm,SEK,http://www.investing.com/equities/fortress-minerals-corp?cid=943385
LUMIN,1017262,Lundin Mining,Stockholm,SEK,http://www.investing.com/equities/lundin-mining?cid=1017262
LUNE,489,Lundin Petroleum,Stockholm,SEK,http://www.investing.com/equities/lundin-petroleum
LYKOa,1056354,Lyko,Stockholm,SEK,http://www.investing.com/equities/lyko
MACKb,958932,Mackmyra Svensk Whisky AB,Stockholm,SEK,http://www.investing.com/equities/mackmyra-svensk-whisky-ab
MAGIN,1056238,MAG Interactive,Stockholm,SEK,http://www.investing.com/equities/mag-interactive
MAGNO,958933,Magnolia Bostad AB,Stockholm,SEK,http://www.investing.com/equities/magnolia-bostad-ab
MAHAa,986099,Maha Energy,Stockholm,SEK,http://www.investing.com/equities/maha-energy-ab
MEABb,26133,Malmbergs Elektriska B,Stockholm,SEK,http://www.investing.com/equities/malmbergs-elektriska
MANGS,958934,Mangold AB,Stockholm,SEK,http://www.investing.com/equities/mangold-ab
MANTEX,1010620,Mantex,Stockholm,SEK,http://www.investing.com/equities/mantex-ab
MATRA,1008985,Matra Petroleum,Stockholm,SEK,http://www.investing.com/equities/matra-petroleum-ab
MAV,958936,Mavshack publ AB,Stockholm,SEK,http://www.investing.com/equities/mavshack-publ-ab
MAXFP,985800,MaxFast Properties,Stockholm,SEK,http://www.investing.com/equities/maxfast-properties-ab
MOXI,961663,Maxkompetens Sverige,Stockholm,SEK,http://www.investing.com/equities/maxkompetens-ab
MEDCAP,958937,MedCap,Stockholm,SEK,http://www.investing.com/equities/medcap-publ-ab
OV,958990,Medical Prognosis Institute,Stockholm,SEK,http://www.investing.com/equities/medical-prognosis-institute-a-s
MCOVb,1010839,Medicover,Stockholm,SEK,http://www.investing.com/equities/medicover-ab
IZAFEb,994485,MediRatt,Stockholm,SEK,http://www.investing.com/equities/mediratt-ab
MVIRb,26147,Medivir B,Stockholm,SEK,http://www.investing.com/equities/medivir
MEKO,26134,Mekonomen,Stockholm,SEK,http://www.investing.com/equities/mekonomen
MNTC,1152238,Mentice,Stockholm,SEK,http://www.investing.com/equities/mentice-ab
MSABb,26142,Micro Systemations B,Stockholm,SEK,http://www.investing.com/equities/micro-systemation-ab
MSONa,26144,Midsona A,Stockholm,SEK,http://www.investing.com/equities/midsona-a
MSONb,26145,Midsona B,Stockholm,SEK,http://www.investing.com/equities/midsona-b
MIDSU,1082128,Midsummer,Stockholm,SEK,http://www.investing.com/equities/midsummer
MIDWa,26138,Midway Holding A,Stockholm,SEK,http://www.investing.com/equities/midway-holding-a
MIDWb,26139,Midway Holding B,Stockholm,SEK,http://www.investing.com/equities/midway-holding-b
TIGOsdb,26137,Millicom DRC,Stockholm,SEK,http://www.investing.com/equities/millicom-international-cellular
MINEST,961664,Minesto AB,Stockholm,SEK,http://www.investing.com/equities/minesto-ab
MIPS,999066,MIPS,Stockholm,SEK,http://www.investing.com/equities/mips-ab
MISE,958940,Misen Energy AB,Stockholm,SEK,http://www.investing.com/equities/misen-energy-ab
MBPH,26132,Moberg Pharma,Stockholm,SEK,http://www.investing.com/equities/moberg-derma-ab
MEEK,958938,Modern Ekonomi Sverige Holding,Stockholm,SEK,http://www.investing.com/equities/modern-ekonomi-sverige-holding
MMGRb,1014092,Momentum Group,Stockholm,SEK,http://www.investing.com/equities/momentum-group-ab
MOWINOK,994332,Mowi,Stockholm,SEK,http://www.investing.com/equities/marine-harvest?cid=994332
MQH,26141,MQ Holding AB,Stockholm,SEK,http://www.investing.com/equities/mq-holding-ab
EMPIRb,26143,MSC Group,Stockholm,SEK,http://www.investing.com/equities/msc-konsult-b
MTGa,26005,MTG A,Stockholm,SEK,http://www.investing.com/equities/modern-times-a
MTGb,26006,MTG B,Stockholm,SEK,http://www.investing.com/equities/modern-times-b?cid=26006
MULTINOK,953860,Multiconsult AS SE,Stockholm,SEK,http://www.investing.com/equities/multiconsult-as-se?cid=953860
MULQ,26146,MultiQ International,Stockholm,SEK,http://www.investing.com/equities/multiq-intl
MTRS,1010841,Munters,Stockholm,SEK,http://www.investing.com/equities/munters-group-ab
MYCR,26136,Mycronic publ AB,Stockholm,SEK,http://www.investing.com/equities/micronic-mydata
MYFC,958941,myFC AB,Stockholm,SEK,http://www.investing.com/equities/myfc-ab
SPEQT,958863,myTaste AB,Stockholm,SEK,http://www.investing.com/equities/203-web-group-publ-ab
NAXS,994335,NAXS Nordic Access,Stockholm,SEK,http://www.investing.com/equities/naxs-nordic-access-buyout-fund-ab
CLEME,958947,NC Lahega,Stockholm,SEK,http://www.investing.com/equities/north-chemical-publ-ab
NCAB,1081598,NCAB Group,Stockholm,SEK,http://www.investing.com/equities/ncab-group
NCCa,26007,NCC A,Stockholm,SEK,http://www.investing.com/equities/ncc-a?cid=26007
NCCb,26008,NCC B,Stockholm,SEK,http://www.investing.com/equities/ncc-b?cid=26008
NMAN,26152,Nederman,Stockholm,SEK,http://www.investing.com/equities/nederman-holding
NELNOK,994336,Nel ASA,Stockholm,SEK,http://www.investing.com/equities/diagenic?cid=994336
NEPA,976473,Nepa,Stockholm,SEK,http://www.investing.com/equities/nepa-ab
NETG,995998,Net Gaming,Stockholm,SEK,http://www.investing.com/equities/net-gaming-europe-ab
NETIb,26149,Net Insight B,Stockholm,SEK,http://www.investing.com/equities/net-insight-b
NETb,26148,NetEnt,Stockholm,SEK,http://www.investing.com/equities/net-entertainment-ne-ab
NJOB,958945,NetJobs Group AB,Stockholm,SEK,http://www.investing.com/equities/netjobs-group-ab
NETMb,1024906,Netmore,Stockholm,SEK,http://www.investing.com/equities/north-net-connect
NVP,41039,NeuroVive,Stockholm,SEK,http://www.investing.com/equities/neurovvive-pharmaceutical-ab
NWND,958949,New Nordic Healthbrands AB,Stockholm,SEK,http://www.investing.com/equities/new-nordic-healthbrands-ab
NEWAb,26150,New Wave Group B,Stockholm,SEK,http://www.investing.com/equities/new-wave-group-ab
NEWTON,945119,Newton Nordic,Stockholm,SEK,http://www.investing.com/equities/intuitive-aerial-publ-ab
NEXAM,958942,Nexam Chemical Holding AB,Stockholm,SEK,http://www.investing.com/equities/nexam-chemical-holding-ab
NXTMS,942731,Nexstim,Stockholm,SEK,http://www.investing.com/equities/nexstim-ltd
NEXTNOK,994337,Next Biometrics,Stockholm,SEK,http://www.investing.com/equities/next-biometrics-group-asa?cid=994337
NGSG,980206,NGS Group,Stockholm,SEK,http://www.investing.com/equities/ngs-group-ab
NIBEb,26151,NIBE Industrier B,Stockholm,SEK,http://www.investing.com/equities/nibe-industrier-b
NICO,958943,Nicoccino Holding AB,Stockholm,SEK,http://www.investing.com/equities/nicoccino-holding-ab
NILb,954914,Nilorngruppen AB,Stockholm,SEK,http://www.investing.com/equities/nilorngruppen-ab
NILS,961780,Nilsson Special Vehicles publ AB,Stockholm,SEK,http://www.investing.com/equities/nilsson-special-vehicles-publ-ab
NITRO,1017264,Nitro Games,Stockholm,SEK,http://www.investing.com/equities/nitro-games
NOBI,26009,Nobia AB,Stockholm,SEK,http://www.investing.com/equities/nobia?cid=26009
NOBINA,955676,Nobina publ AB,Stockholm,SEK,http://www.investing.com/equities/nobina-publ-ab
NOKIA,488,Nokia Oyj,Stockholm,SEK,http://www.investing.com/equities/nokia-finland?cid=488
NOLAb,26154,Nolato B,Stockholm,SEK,http://www.investing.com/equities/nolato-b
NDASE,9013,Nordea Bank,Stockholm,SEK,http://www.investing.com/equities/nordea-bank-finland?cid=9013
NENTa,1127857,Nordic Entertainment A,Stockholm,SEK,http://www.investing.com/equities/nordic-entertainment-a
NENTb,1127858,Nordic Entertainment B,Stockholm,SEK,http://www.investing.com/equities/nordic-entertainment-b
NFGAB,953075,Nordic Flanges,Stockholm,SEK,http://www.investing.com/equities/nordic-flanges-group
NIO,1096147,Nordic Iron Ore,Stockholm,SEK,http://www.investing.com/equities/nordic-iron-ore
NOMNOK,994340,Nordic Mining,Stockholm,SEK,http://www.investing.com/equities/nordic-mining-asa-be?cid=994340
NANONOK,948357,Nordic Nanovector ASA,Stockholm,SEK,http://www.investing.com/equities/nordic-nanovector-asa?cid=948357
NODNOK,994339,Nordic Semiconductor,Stockholm,SEK,http://www.investing.com/equities/nordic-semiconductor-asa?cid=994339
NWGH,985187,Nordic Waterproofing,Stockholm,SEK,http://www.investing.com/equities/nordic-waterproofing-holding
NHYNOK,994338,Norsk Hydro,Stockholm,SEK,http://www.investing.com/equities/nosk-hydro?cid=994338
NBZG,958923,Northbaze Group,Stockholm,SEK,http://www.investing.com/equities/jays-ab
NRSNOK,994342,Norway Royal Salmon,Stockholm,SEK,http://www.investing.com/equities/norway-royal-s?cid=994342
NASNOK,994334,Norwegian Air Shuttle,Stockholm,SEK,http://www.investing.com/equities/norwegian-air-shuttle-asa?cid=994334
NOFINOK,985801,Norwegian Finans,Stockholm,SEK,http://www.investing.com/equities/norwegian-finans-holding-asa-ol?cid=985801
NPRONOK,994341,Norwegian Property,Stockholm,SEK,http://www.investing.com/equities/norwegian-property-asa?cid=994341
NOTE,26156,NOTE AB,Stockholm,SEK,http://www.investing.com/equities/note
NTEKb,26159,NOVOTEK B,Stockholm,SEK,http://www.investing.com/equities/novotek-b
NP3,942720,NP3 Fastigheter AB,Stockholm,SEK,http://www.investing.com/equities/np3-fastigheter-ab
NP3pref,1072286,NP3 Fastigheter Pref,Stockholm,SEK,http://www.investing.com/equities/np3-fastigheter-pref
NRCNOK,962530,NRC Group,Stockholm,SEK,http://www.investing.com/equities/blom-(ol)?cid=962530
NUEVOL,962351,Nuevolution AB,Stockholm,SEK,http://www.investing.com/equities/nuevolution-ab
NYFO,1112820,Nyfosa,Stockholm,SEK,http://www.investing.com/equities/nyfosa
OASM,26160,Oasmia Pharmaceutical,Stockholm,SEK,http://www.investing.com/equities/oasmia
OBOYAb,996002,Oboya Horticulture,Stockholm,SEK,http://www.investing.com/equities/oboya-horticulture-industries-ab
OCYNOK,994344,Ocean Yield,Stockholm,SEK,http://www.investing.com/equities/ocean-yield?cid=994344
ODD,26161,Odd Molly,Stockholm,SEK,http://www.investing.com/equities/odd-molly-int
ODLNOK,994345,Odfjell Drilli,Stockholm,SEK,http://www.investing.com/equities/odfjell-drilli?cid=994345
OEMb,26162,OEM International B,Stockholm,SEK,http://www.investing.com/equities/oem-international
OLTNOK,994347,Olav Thon Eien,Stockholm,SEK,http://www.investing.com/equities/olav-thon-eien?cid=994347
ONCO,996543,Oncopeptides,Stockholm,SEK,http://www.investing.com/equities/oncopeptides-ab
BINERO,958951,Oniva Online,Stockholm,SEK,http://www.investing.com/equities/oniva-online-group-europe-ab
OBAB,958950,Online Brands Nordic AB,Stockholm,SEK,http://www.investing.com/equities/online-brands-nordic-ab
ONTRAT,1152789,Onoterat,Stockholm,SEK,http://www.investing.com/equities/onoterat-ab
OTELLONOK,994348,Opera Software,Stockholm,SEK,http://www.investing.com/equities/opera-software-asa?cid=994348
OPUS,949767,Opus Group publ AB,Stockholm,SEK,http://www.investing.com/equities/opus-group-publ-ab
ORX,26167,Orexo AB,Stockholm,SEK,http://www.investing.com/equities/orexo
ORGC,945692,Organoclick AB,Stockholm,SEK,http://www.investing.com/equities/organoclick-ab
ORIFL,955677,Oriflame Holding AG,Stockholm,SEK,http://www.investing.com/equities/oriflame-holding-ag
ORKNOK,994351,Orkla,Stockholm,SEK,http://www.investing.com/equities/orkla-a?cid=994351
ORTIa,26165,Ortivus A,Stockholm,SEK,http://www.investing.com/equities/ortivus-a
ORTIb,26166,Ortivus B,Stockholm,SEK,http://www.investing.com/equities/ortivus-b
OP,949766,Oscar Properties Holding AB,Stockholm,SEK,http://www.investing.com/equities/oscar-properties-holding-ab
OPpref,994349,Oscar Properties Pref,Stockholm,SEK,http://www.investing.com/equities/oscar-properties-holding-ab-pref
OPprefb,994350,Oscar Properties Pref B,Stockholm,SEK,http://www.investing.com/equities/oscar-properties-holding-ab-pref-b
OSSD,1131260,OssDsign,Stockholm,SEK,http://www.investing.com/equities/ossdsign
OVZON,1076967,Ovzon,Stockholm,SEK,http://www.investing.com/equities/ovzon
BAKKANOK,994291,P/f Bakkafrost,Stockholm,SEK,http://www.investing.com/equities/bakkafrost-p-f?cid=994291
PALSb,958952,Pallas Group AB,Stockholm,SEK,http://www.investing.com/equities/pallas-group-ab
PANDXb,955678,Pandox AB,Stockholm,SEK,http://www.investing.com/equities/pandox-ab
PAPI,942336,Papilly,Stockholm,SEK,http://www.investing.com/equities/stresscompany
PDXI,985139,Paradox Interactive,Stockholm,SEK,http://www.investing.com/equities/paradox-interactive-publ-ab
PAX,1017267,Paxman,Stockholm,SEK,http://www.investing.com/equities/paxman
PEABb,26011,Peab B,Stockholm,SEK,http://www.investing.com/equities/peab-ab?cid=26011
PGSNOK,994352,Petroleum Geo - Services,Stockholm,SEK,http://www.investing.com/equities/petrol-geo-serv?cid=994352
PFE,30210,Pfizer,Stockholm,SEK,http://www.investing.com/equities/pfizer?cid=30210
PHLOGb,953862,Pharmacolog i Uppsala,Stockholm,SEK,http://www.investing.com/equities/pharmacolog-i-uppsala-ab
PHLYNOK,962352,Philly Shipyard ASA,Stockholm,SEK,http://www.investing.com/equities/philly-shipyard-asa?cid=962352
PCAT,961665,Photocat AS,Stockholm,SEK,http://www.investing.com/equities/photocat-as
PHONOK,994353,Photocure,Stockholm,SEK,http://www.investing.com/equities/photocure?cid=994353
PIEZO,985161,PiezoMotor,Stockholm,SEK,http://www.investing.com/equities/piezomotor-uppsala-ab
SAXGR,958956,Pilum,Stockholm,SEK,http://www.investing.com/equities/pilum-publ-ab
PLAZb,949768,Platzer Fastigheter Holding,Stockholm,SEK,http://www.investing.com/equities/platzer-fastigheter-holding
PLED,958957,PledPharma,Stockholm,SEK,http://www.investing.com/equities/pledpharma-publ-ab
PLCSNOK,994354,Polarcus,Stockholm,SEK,http://www.investing.com/equities/polarcus-ltd?cid=994354
POLYG,969002,Polygiene,Stockholm,SEK,http://www.investing.com/equities/polygiene-ab
POLY,958958,PolyPlank publ AB,Stockholm,SEK,http://www.investing.com/equities/polyplank-publ-ab
POOLb,26171,Poolia B,Stockholm,SEK,http://www.investing.com/equities/poolia-b
PCELL,943384,Powercell Sweden,Stockholm,SEK,http://www.investing.com/equities/powercell-sweden
PRCOb,958279,Precio Fishbone AB,Stockholm,SEK,http://www.investing.com/equities/precio-fishbone-ab
PREC,26172,Precise Biometrics,Stockholm,SEK,http://www.investing.com/equities/precise-biometrics-ab
PCOMb,958953,Precomp Solutions publ AB,Stockholm,SEK,http://www.investing.com/equities/precomp-solutions-publ-ab
PREVb,26173,Prevas B,Stockholm,SEK,http://www.investing.com/equities/prevas-b
PRICb,26174,Pricer B,Stockholm,SEK,http://www.investing.com/equities/pricer-b
PRIME,954916,Prime Living publ AB,Stockholm,SEK,http://www.investing.com/equities/prime-living-publ-ab
PRIMEprefb,962531,Prime Living publ Pref,Stockholm,SEK,http://www.investing.com/equities/prime-living-publ-ab-pref
PACT,26168,Proact IT Group,Stockholm,SEK,http://www.investing.com/equities/proact-it-group
PROB,26175,Probi AB,Stockholm,SEK,http://www.investing.com/equities/probi
PROFb,26177,ProfilGruppen B,Stockholm,SEK,http://www.investing.com/equities/profilgruppen-b
PENGb,1082096,Projektengagemang,Stockholm,SEK,http://www.investing.com/equities/projektengagemang
PROMO,1024764,Promore Pharma,Stockholm,SEK,http://www.investing.com/equities/promore-pharma
PRSNOK,994356,Prosafe,Stockholm,SEK,http://www.investing.com/equities/prosafe?cid=994356
PLUND,996010,ProstaLund,Stockholm,SEK,http://www.investing.com/equities/prostalund-ab
PROTCTNOK,994355,Protector Forsikring,Stockholm,SEK,http://www.investing.com/equities/protector-fors?cid=994355
QLINEA,1115736,Q linea,Stockholm,SEK,http://www.investing.com/equities/q-linea
QLRO,26065,Qliro Group,Stockholm,SEK,http://www.investing.com/equities/cdon-group
QUART,1017265,Quartiers Properties,Stockholm,SEK,http://www.investing.com/equities/quartiers-properties
QUARTpref,986607,Quartiers Properties,Stockholm,SEK,http://www.investing.com/equities/quartiers-properties-publ-ab
QECNOK,994357,Questerre Energy Corporation,Stockholm,SEK,http://www.investing.com/equities/questerre-energy-corporation?cid=994357
RAILG,996011,Railcare,Stockholm,SEK,http://www.investing.com/equities/railcare-group-ab
RAKE,1084936,Raketech,Stockholm,SEK,http://www.investing.com/equities/raketech-group-holding
RPLAN,1084937,Ranplan,Stockholm,SEK,http://www.investing.com/equities/ranplan-group
RATOa,26179,Ratos A,Stockholm,SEK,http://www.investing.com/equities/ratos-a
RATOb,26012,Ratos B,Stockholm,SEK,http://www.investing.com/equities/ratos-ab?cid=26012
RAYb,26180,RaySearch Labs B,Stockholm,SEK,http://www.investing.com/equities/raysearch-laboratories
REALFI,1024902,Realfiction,Stockholm,SEK,http://www.investing.com/equities/realfiction
RECNOK,994359,REC Silicon,Stockholm,SEK,http://www.investing.com/equities/renewable-energy?cid=994359
RECIb,949769,Recipharm publ AB,Stockholm,SEK,http://www.investing.com/equities/recipharm-publ-ab
REJLb,26181,Rejlerkoncernen,Stockholm,SEK,http://www.investing.com/equities/rejlerkoncernen-b
RESURS,977686,Resurs,Stockholm,SEK,http://www.investing.com/equities/resurs-holding-ab
CUR,994486,Rethinking Care,Stockholm,SEK,http://www.investing.com/equities/rethinking-care-sweden-ab
RLSC,996014,RLS Global,Stockholm,SEK,http://www.investing.com/equities/rls-global-ab
RNBS,26183,RNB Retail & Brands publ,Stockholm,SEK,http://www.investing.com/equities/rnb-retail---brands
RROS,26184,Rottneros AB,Stockholm,SEK,http://www.investing.com/equities/rottneros
S2ME,1114327,S2Medical,Stockholm,SEK,http://www.investing.com/equities/s2medical
SAABb,26013,SAAB B,Stockholm,SEK,http://www.investing.com/equities/saab-ab?cid=26013
SAGAa,26187,Sagax AB,Stockholm,SEK,http://www.investing.com/equities/sagax
SAGAb,41036,Sagax B,Stockholm,SEK,http://www.investing.com/equities/sagax-ab
SAGAd,993187,Sagax D,Stockholm,SEK,http://www.investing.com/equities/sagax-ab-d
SAGApref,994361,Sagax Pref,Stockholm,SEK,http://www.investing.com/equities/sagax-ab-pref
SALMNOK,994362,SalMar,Stockholm,SEK,http://www.investing.com/equities/salmar-asa?cid=994362
SAPIAB,945121,Saltangen Property Invest,Stockholm,SEK,http://www.investing.com/equities/saltangen-property-invest
SALTb,951018,SaltX Technology,Stockholm,SEK,http://www.investing.com/equities/wya-holding-ab
SBBb,942724,Samhallsbyggnadsbolaget,Stockholm,SEK,http://www.investing.com/equities/effnetplattformen-ab
SBBd,1116048,Samhallsbyggnadsbolaget I D,Stockholm,SEK,http://www.investing.com/equities/samhallsbyggnadsbolaget-i-d
SBBpref,1052376,Samhallsbyggnadsbolaget I Norden Pref,Stockholm,SEK,http://www.investing.com/equities/samhallsbyggnadsbolaget-i-pref
SAND,486,Sandvik AB,Stockholm,SEK,http://www.investing.com/equities/sandvik
SANION,960720,Saniona AB,Stockholm,SEK,http://www.investing.com/equities/saniona-ab
SAS,26014,SAS,Stockholm,SEK,http://www.investing.com/equities/sas-ab?cid=26014
SAVOS,958960,Savo Solar Oy,Stockholm,SEK,http://www.investing.com/equities/savo-solar-oy?cid=958960
SCAa,26015,SCA A,Stockholm,SEK,http://www.investing.com/equities/svenska-cellulosa?cid=26015
SCAb,491,SCA B,Stockholm,SEK,http://www.investing.com/equities/svenska-cell
SBOK,958961,ScandBook Holding AB,Stockholm,SEK,http://www.investing.com/equities/scandbook-holding-ab
SCST,949770,Scandi Standard publ AB,Stockholm,SEK,http://www.investing.com/equities/scandi-standard-publ-ab
SHOTE,961783,Scandic Hotels Group AB,Stockholm,SEK,http://www.investing.com/equities/scandic-hotels-group-ab
SDOS,958963,ScandiDos AB,Stockholm,SEK,http://www.investing.com/equities/scandidos-ab
CMOTECb,994033,Scandinavian ChemoTech,Stockholm,SEK,http://www.investing.com/equities/scandinavian-chemotech-ab
SCENS,958962,Scandinavian Enviro Systems AB,Stockholm,SEK,http://www.investing.com/equities/scandinavian-enviro-systems-ab
SSONOK,942439,Scatec Solar OL,Stockholm,SEK,http://www.investing.com/equities/scatec-solar-ol?cid=942439
SCHANOK,953864,Schibsted A,Stockholm,SEK,http://www.investing.com/equities/schibsted-asa?cid=953864
SCHBNOK,954918,Schibsted ASA B,Stockholm,SEK,http://www.investing.com/equities/schibsted-asa-b?cid=954918
SCIB,953865,Scibase AB,Stockholm,SEK,http://www.investing.com/equities/scibase-ab
SCOUT,1056351,Scout Gaming,Stockholm,SEK,http://www.investing.com/equities/scout-gaming
SDIPb,1010690,Sdiptech,Stockholm,SEK,http://www.investing.com/equities/sdiptech-ab
SDRLNOK,994364,Seadrill Ltd,Stockholm,SEK,http://www.investing.com/equities/seadrill?cid=994364
SEAF,1142161,Seafire,Stockholm,SEK,http://www.investing.com/equities/seafire-ab
SDSY,1027149,Seamless Distribution,Stockholm,SEK,http://www.investing.com/equities/seamless-distribution
STWA,994487,SeaTwirl,Stockholm,SEK,http://www.investing.com/equities/seatwirl-ab
SEBa,485,SEB A,Stockholm,SEK,http://www.investing.com/equities/s.e.b
SEBc,26017,SEB C,Stockholm,SEK,http://www.investing.com/equities/skandinaviska-enskilda-banken?cid=26017
SECIT,1010691,SECITS,Stockholm,SEK,http://www.investing.com/equities/secits-holding-ab
SECTb,26188,Sectra,Stockholm,SEK,http://www.investing.com/equities/sectra-ab
SECUb,492,Securitas B,Stockholm,SEK,http://www.investing.com/equities/securitas-b
SEDANA,1017270,Sedana Medical,Stockholm,SEK,http://www.investing.com/equities/sedana-medical
SBONOK,994363,Selvaag Bolig,Stockholm,SEK,http://www.investing.com/equities/selvaag-bolig?cid=994363
SMF,26196,SEMAFO Inc,Stockholm,SEK,http://www.investing.com/equities/semafo
SEMC,26189,Semcon AB,Stockholm,SEK,http://www.investing.com/equities/semcon
SECS,1031110,Sensec,Stockholm,SEK,http://www.investing.com/equities/sensec
SENS,26190,Sensys Traffic,Stockholm,SEK,http://www.investing.com/equities/sensys-traffic
SENZA,1050161,SenzaGen,Stockholm,SEK,http://www.investing.com/equities/senzagen-ab
SEZI,996017,Senzime,Stockholm,SEK,http://www.investing.com/equities/senzime-ab
SRNKEb,993981,SERNEKE,Stockholm,SEK,http://www.investing.com/equities/serneke-group-ab
SERT,991184,Serstech,Stockholm,SEK,http://www.investing.com/equities/serstech-ab
SNMP,958969,ShaMaran Petroleum,Stockholm,SEK,http://www.investing.com/equities/shamaran-petroleum-corp?cid=958969
SIGNb,951015,Signatur Fastigheter,Stockholm,SEK,http://www.investing.com/equities/deflamo-ab
SIMRISb,976474,Simris Alg,Stockholm,SEK,http://www.investing.com/equities/simris-alg-ab
SINT,26193,SinterCast AB,Stockholm,SEK,http://www.investing.com/equities/sintercast
SIVEH,996018,Sivers IMA,Stockholm,SEK,http://www.investing.com/equities/sivers-ima-holding-ab
SJRb,958966,SJR in Scandinavia AB,Stockholm,SEK,http://www.investing.com/equities/sjr-in-scandinavia-ab
SBANKNOK,960721,Skandiabanken,Stockholm,SEK,http://www.investing.com/equities/skandiabanken-asa?cid=960721
SKMO,958967,Skane mollan AB,Stockholm,SEK,http://www.investing.com/equities/skane-mollan-ab
SKAb,495,Skanska B,Stockholm,SEK,http://www.investing.com/equities/skanska-b
SEABb,958964,Skanska Energi AB,Stockholm,SEK,http://www.investing.com/equities/skanska-energi-ab
SKFa,26194,SKF A,Stockholm,SEK,http://www.investing.com/equities/skf
SKFb,500,SKF B,Stockholm,SEK,http://www.investing.com/equities/skf-b
SKISb,26195,SkiStar,Stockholm,SEK,http://www.investing.com/equities/skistar-ab
SLITE,1135889,Slitevind,Stockholm,SEK,http://www.investing.com/equities/slitevind
SEYE,994365,Smart Eye,Stockholm,SEK,http://www.investing.com/equities/smart-eye-ab
SOFb,26198,Softronic B,Stockholm,SEK,http://www.investing.com/equities/softronic-ab
SOLNA,991242,Solnaberg Property,Stockholm,SEK,http://www.investing.com/equities/solnaberg-property-ab
SOLONNOK,994367,Solon Eiendom,Stockholm,SEK,http://www.investing.com/equities/bionor-pharma-asa?cid=994367
SOLT,958970,SolTech Energy Sweden AB,Stockholm,SEK,http://www.investing.com/equities/soltech-energy-sweden-ab
SONE,1008658,Sonetel,Stockholm,SEK,http://www.investing.com/equities/sonetel-ab
SRBANKNOK,994371,Sparebank 1Sr,Stockholm,SEK,http://www.investing.com/equities/sparebank-1sr?cid=994371
SPEC,955680,SpectraCure,Stockholm,SEK,http://www.investing.com/equities/spectracure-ab
SPUNOK,994370,Spectrum,Stockholm,SEK,http://www.investing.com/equities/spectrum?cid=994370
SPIFF,951016,Spiffx,Stockholm,SEK,http://www.investing.com/equities/spiffx-ab
SPOR,953539,Sportamore Publ AB,Stockholm,SEK,http://www.investing.com/equities/sportamore-publ-ab
SPRINT,942719,Sprint Bioscience AB,Stockholm,SEK,http://www.investing.com/equities/sprint-bioscience-ab
SSABa,502,SSAB A,Stockholm,SEK,http://www.investing.com/equities/ssab
SSABb,26018,SSAB B,Stockholm,SEK,http://www.investing.com/equities/ssab-ab?cid=26018
SSM,1008659,SSM Holding,Stockholm,SEK,http://www.investing.com/equities/ssm-holding-ab
STZEa,954919,Starbreeze AB A,Stockholm,SEK,http://www.investing.com/equities/starbreeze-ab-a
STZEb,954920,Starbreeze AB B,Stockholm,SEK,http://www.investing.com/equities/starbreeze-ab-b
STEFb,958971,Stendorren Fastigheter AB,Stockholm,SEK,http://www.investing.com/equities/stendorren-fastigheter-ab
STLL,958972,Stille AB,Stockholm,SEK,http://www.investing.com/equities/stille-ab
SFRG,961782,Stillfront Group publ AB,Stockholm,SEK,http://www.investing.com/equities/stillfront-group-publ-ab
STWK,26201,Stockwik Forvaltning,Stockholm,SEK,http://www.investing.com/equities/stjarnafyrkant
SNINOK,994366,Stolt-Nielsen,Stockholm,SEK,http://www.investing.com/equities/stolt-nielsen-ltd?cid=994366
STEa,26199,Stora Enso A,Stockholm,SEK,http://www.investing.com/equities/stora-enso-a
STEr,26200,Stora Enso R,Stockholm,SEK,http://www.investing.com/equities/stora-enso-exch
STBNOK,994372,Storebrand,Stockholm,SEK,http://www.investing.com/equities/storebrand?cid=994372
STORYb,958973,Storytel,Stockholm,SEK,http://www.investing.com/equities/massolit-media-ab
STRAX,26157,Strax,Stockholm,SEK,http://www.investing.com/equities/novestra
SVIK,26203,Studsvik,Stockholm,SEK,http://www.investing.com/equities/studsvik
SUBCNOK,994374,Subsea 7,Stockholm,SEK,http://www.investing.com/equities/subsea?cid=994374
SUSW,1017271,Surgical Science Sweden,Stockholm,SEK,http://www.investing.com/equities/surgical-science-sweden
SVEDb,26202,Svedbergs i Dalstorp B,Stockholm,SEK,http://www.investing.com/equities/svedbergs-i-dalstorp
AEROG,994276,Svenska Aerogel,Stockholm,SEK,http://www.investing.com/equities/svenska-aerogel-holding-ab
SHBa,976855,Svenska Handelsbanken A,Stockholm,SEK,http://www.investing.com/equities/svenska-handelsbanken?cid=976855
SHBb,26191,Svenska Handelsbanken B,Stockholm,SEK,http://www.investing.com/equities/svenska-handelsbanken-ab
SVOLb,994376,Svolder,Stockholm,SEK,http://www.investing.com/equities/svolder-ab-b
SVOLa,994375,Svolder,Stockholm,SEK,http://www.investing.com/equities/svolder-ab-a
SWECa,26204,SWECO A,Stockholm,SEK,http://www.investing.com/equities/sweco-a
SWECb,26205,SWECO B,Stockholm,SEK,http://www.investing.com/equities/sweco-b
SWEDa,494,Swedbank A,Stockholm,SEK,http://www.investing.com/equities/swedbank
SECARE,985189,Swedencare,Stockholm,SEK,http://www.investing.com/equities/swedencare-publ-ab
SWMA,501,Swedish Match,Stockholm,SEK,http://www.investing.com/equities/swedish-match
SOBIV,26197,Swedish Orphan Biovitrum,Stockholm,SEK,http://www.investing.com/equities/swedish-orphan-biovitrum
SWOLb,26207,Swedol B,Stockholm,SEK,http://www.investing.com/equities/swedol-ab
SYSR,26208,Systemair AB,Stockholm,SEK,http://www.investing.com/equities/systemair
TAGMb,958974,TagMaster AB,Stockholm,SEK,http://www.investing.com/equities/tagmaster-ab
TALKP,980207,TalkPool,Stockholm,SEK,http://www.investing.com/equities/talkpool-ag
TANGI,1008660,Tangiamo Touch Tech,Stockholm,SEK,http://www.investing.com/equities/tangiamo-touch-technology-ab
SPEONE,958975,TargetEveryOne,Stockholm,SEK,http://www.investing.com/equities/targeteveryone
TCTE,961784,TC TECH Sweden AB,Stockholm,SEK,http://www.investing.com/equities/tc-tech-sweden-ab
TECHNOK,986101,Techstep,Stockholm,SEK,http://www.investing.com/equities/birdstep-techn?cid=986101
TEL2b,498,Tele2 AB,Stockholm,SEK,http://www.investing.com/equities/tele2
TEL2a,26019,Tele2 AB A,Stockholm,SEK,http://www.investing.com/equities/tele2-a
TELNOK,994378,Telenor,Stockholm,SEK,http://www.investing.com/equities/telenor?cid=994378
TELIA,976854,Telia Company,Stockholm,SEK,http://www.investing.com/equities/teliasonera?cid=976854
TSEC,1056133,Tempest Security,Stockholm,SEK,http://www.investing.com/equities/tempest-security
TEQ,1127904,Teqnion,Stockholm,SEK,http://www.investing.com/equities/teqnion
TERRNTb,1010889,TerraNet,Stockholm,SEK,http://www.investing.com/equities/terranet-holding-ab
TETY,41038,Tethys Oil,Stockholm,SEK,http://www.investing.com/equities/tethys-oil-ab
TFBANK,985190,TF Bank,Stockholm,SEK,http://www.investing.com/equities/tf-bank-ab
TGSNOK,994379,TGS-NOPEC Geophysical,Stockholm,SEK,http://www.investing.com/equities/tgs-nopec-geo?cid=994379
THINNOK,994380,Thin Film Electronics ASA,Stockholm,SEK,http://www.investing.com/equities/thin-film-electronics-asa?cid=994380
THULE,942727,Thule Group AB,Stockholm,SEK,http://www.investing.com/equities/thule-group-ab
TIETOS,26210,TietoEVRY,Stockholm,SEK,http://www.investing.com/equities/tietoenator?cid=26210
TOBII,951017,Tobii AB,Stockholm,SEK,http://www.investing.com/equities/tobii-ab
TOBIN,992976,Tobin Properties,Stockholm,SEK,http://www.investing.com/equities/tobin-properties-ab
TOMNOK,994381,Tomra Systems,Stockholm,SEK,http://www.investing.com/equities/tomra-systems?cid=994381
TORSAB,945122,Torslanda Property Investment,Stockholm,SEK,http://www.investing.com/equities/torslanda-property-investment
TOURN,996024,Tourn International,Stockholm,SEK,http://www.investing.com/equities/inevo-ab
TRACb,26211,Traction B,Stockholm,SEK,http://www.investing.com/equities/traction-b
TRAD,26212,TradeDoubler AB,Stockholm,SEK,http://www.investing.com/equities/tradedoubler
TRANS,953866,Transtema Group AB,Stockholm,SEK,http://www.investing.com/equities/transtema-group-ab
8TRA,1156662,Traton,Stockholm,SEK,http://www.investing.com/equities/traton-se?cid=1156662
3KRI,1054962,Tre Kronor Property,Stockholm,SEK,http://www.investing.com/equities/tre-kronor-property
TRENOK,985804,Treasure,Stockholm,SEK,http://www.investing.com/equities/treasure-asa?cid=985804
TRELb,26020,Trelleborg B,Stockholm,SEK,http://www.investing.com/equities/trelleborg?cid=26020
TRENT,26163,Trention,Stockholm,SEK,http://www.investing.com/equities/opcon
TRIBOb,1128921,Triboron B,Stockholm,SEK,http://www.investing.com/equities/triboron-b
TROAX,949772,Troax Group,Stockholm,SEK,http://www.investing.com/equities/troax-group-ab
UNIBAP,999067,Unibap,Stockholm,SEK,http://www.investing.com/equities/unibap-ab
UTG1,958976,Unlimited Travel Group UTG publ AB,Stockholm,SEK,http://www.investing.com/equities/unlimited-travel-group-utg-publ-ab
UPSALE,1129464,Upsales Tech,Stockholm,SEK,http://www.investing.com/equities/upsales-tech
URBIT,1024765,Urb-it,Stockholm,SEK,http://www.investing.com/equities/urb-it
VBGb,26218,VBG GROUP B,Stockholm,SEK,http://www.investing.com/equities/vbg-group-ab
VEINOK,994383,Veidekke,Stockholm,SEK,http://www.investing.com/equities/veidekke-asa?cid=994383
VRGb,26222,Venue Retail B,Stockholm,SEK,http://www.investing.com/equities/venue-retail
VNEsdb,1086974,Veoneer SDR,Stockholm,SEK,http://www.investing.com/equities/veoneer-sdb
VERI,943383,Verisec AB,Stockholm,SEK,http://www.investing.com/equities/verisec-ab
VERTb,1135890,Vertiseit,Stockholm,SEK,http://www.investing.com/equities/vertiseit
VICOR,961785,Vicore Pharma Holding AB,Stockholm,SEK,http://www.investing.com/equities/vicore-pharma-holding-ab
VICPA,949773,Victoria Park AB A,Stockholm,SEK,http://www.investing.com/equities/victoria-park-ab-a
VICPb,949774,Victoria Park AB B,Stockholm,SEK,http://www.investing.com/equities/victoria-park-ab-b
VICPpref,994384,Victoria Park Pref,Stockholm,SEK,http://www.investing.com/equities/victoria-park-ab-pref
VSSABb,26178,Viking Supply Ships,Stockholm,SEK,http://www.investing.com/equities/rederi-transatlantic-ab
VISTINNOK,962357,Vistin Pharma ASA,Stockholm,SEK,http://www.investing.com/equities/vistin-pharma-asa?cid=962357
VITb,26219,Vitec Software B,Stockholm,SEK,http://www.investing.com/equities/vitec-b
VITR,26220,Vitrolife,Stockholm,SEK,http://www.investing.com/equities/vitrolife
VOLO,994034,Volati,Stockholm,SEK,http://www.investing.com/equities/volati
VOLOpref,993982,Volati Pref,Stockholm,SEK,http://www.investing.com/equities/volati-ab
VOLVa,26021,Volvo A,Stockholm,SEK,http://www.investing.com/equities/volvo-a?cid=26021
VOLVb,976852,Volvo B,Stockholm,SEK,http://www.investing.com/equities/volvo-b?cid=976852
VEMFsdb,958977,Vostok Emerging Finance Ltd,Stockholm,SEK,http://www.investing.com/equities/vostok-emerging-finance-ltd
VNVsdb,26221,Vostok New Ventures,Stockholm,SEK,http://www.investing.com/equities/vostok-nafta-investment
WALWILNOK,994386,Wallenius Wilhelmsen,Stockholm,SEK,http://www.investing.com/equities/wilh-wilhelmsen-asa?cid=994386
WALLb,26223,Wallenstam B,Stockholm,SEK,http://www.investing.com/equities/wallenstam
WAYSH,961666,Waystream Holding publ AB,Stockholm,SEK,http://www.investing.com/equities/waystream-holding-publ-ab
WESC,958979,WeSC publ AB,Stockholm,SEK,http://www.investing.com/equities/wesc-publ-ab
WPAY,958981,West International,Stockholm,SEK,http://www.investing.com/equities/west-international-publ-ab
VEVEN,958980,Wifog Holding AB (publ),Stockholm,SEK,http://www.investing.com/equities/forestlight-entertainment-ab
WIHL,26224,Wihlborgs Fastigheter,Stockholm,SEK,http://www.investing.com/equities/wihlborgs-fastigheter
WWINOK,994388,Wilh Wilhelmsen Holding,Stockholm,SEK,http://www.investing.com/equities/wilh-wilhelmsen-holding-asa?cid=994388
WWIBNOK,994387,Wilhelm Wilhelmsen B,Stockholm,SEK,http://www.investing.com/equities/wilhelm-wilhelmsen-holding-asa-b?cid=994387
WISE,955681,Wise Group AB,Stockholm,SEK,http://www.investing.com/equities/wise-group-ab
XANOb,26225,XANO Industri,Stockholm,SEK,http://www.investing.com/equities/xano-industri-b
XBRANE,969004,Xbrane Biopharma,Stockholm,SEK,http://www.investing.com/equities/xbrane-biopharma-ab
XINT,969005,Xintela,Stockholm,SEK,http://www.investing.com/equities/xintela-ab
XMR,1008986,XMReality,Stockholm,SEK,http://www.investing.com/equities/xmreality-ab
XSPRAY,1050727,XSpray Pharma,Stockholm,SEK,http://www.investing.com/equities/xspray-pharma
XVIVO,958982,Xvivo Perfusion AB,Stockholm,SEK,http://www.investing.com/equities/xvivo-perfusion-ab
XXLNOK,994389,XXL ASA,Stockholm,SEK,http://www.investing.com/equities/xxl-asa?cid=994389
YARNOK,994390,Yara International,Stockholm,SEK,http://www.investing.com/equities/yara-internat?cid=994390
ZALNOK,994391,Zalaris ASA,Stockholm,SEK,http://www.investing.com/equities/zalaris-asa?cid=994391
ZAPLOX,1017266,Zaplox,Stockholm,SEK,http://www.investing.com/equities/zaplox
ZETA,958983,ZetaDisplay AB,Stockholm,SEK,http://www.investing.com/equities/zetadisplay-ab
ZETApref,993188,ZetaDisplay Pref,Stockholm,SEK,http://www.investing.com/equities/zetadisplay-ab-pref
ZIGN,1152963,Zignsec,Stockholm,SEK,http://www.investing.com/equities/zignsec-ab
ZZb,958984,Zinzino AB,Stockholm,SEK,http://www.investing.com/equities/zinzino-ab
ZUTEC,1072324,Zutec Holding,Stockholm,SEK,http://www.investing.com/equities/zutec-holding
CIBUS,1072227,?Cibus Nordic Real Estate,Stockholm,SEK,http://www.investing.com/equities/cibus-nordic-real-estate
