EURPYG,1686,Euro Paraguayan Guarani,Forex,PYG
USDPYG,2181,US Dollar Paraguayan Guarani,Forex,PYG
ARSPYG,10446,Argentinian Peso Paraguayan Guarani,Forex,PYG
PYGARS,10452,Paraguayan Guarani Argentinian Peso,Forex,ARS
BRLPYG,10457,Brazil Real Paraguayan Guarani,Forex,PYG
PYGBRL,10463,Paraguayan Guarani Brazil Real,Forex,BRL
CLPPYG,10468,Chilean Peso Paraguayan Guarani,Forex,PYG
PYGCLP,10473,Paraguayan Guarani Chilean Peso,Forex,CLP
PYGUYU,10478,Paraguayan Guarani Uruguayan Peso,Forex,UYU
PYGCOP,10479,Paraguayan Guarani Colombian Peso,Forex,COP
PYGPEN,10480,Paraguayan Guarani Peru Sol,Forex,PEN
PYGBOB,10481,Paraguayan Guarani Bolivian Boliviano,Forex,BOB
UYUPYG,10482,Uruguayan Peso Paraguayan Guarani,Forex,PYG
COPPYG,10483,Colombian Peso Paraguayan Guarani,Forex,PYG
PENPYG,10484,Peru Sol Paraguayan Guarani,Forex,PYG
BOBPYG,10485,Bolivian Boliviano Paraguayan Guarani,Forex,PYG
PYGMXN,10499,Paraguayan Guarani Mexican Peso,Forex,MXN
MXNPYG,10504,Mexican Peso Paraguayan Guarani,Forex,PYG
VEFPYG,10505,Venezuelan Bolivar Paraguayan Guarani,Forex,PYG
PYGVEF,10515,Paraguayan Guarani Venezuelan Bolivar,Forex,VEF
PYGUSD,11757,Paraguayan Guarani US Dollar,Forex,USD
