TKFL,941305,Abd Nat Takafu,ADI,AED
ADNH,950734,Abu Dhabi National Hotels Co,ADI,AED
ADAV,941292,Ad Aviation,ADI,AED
ADCB,941316,Ad Commercial,ADI,AED
ADIB,941307,Ad Islamic Bk,ADI,AED
ADNI,941308,Ad Natl Ins Co,ADI,AED
ADSB,941311,Ad Shipbldg Co,ADI,AED
AGTH,941309,Agthia Group,ADI,AED
AKIC,941312,Al Khazna Ins,ADI,AED
ALDR,941317,Aldar Properti,ADI,AED
ARKN,941313,Arkan Building Materials Co PJSC,ADI,AED
BOS,941314,Bank Of Sharja,ADI,AED
ABNI,941306,Buhaira Nat In,ADI,AED
CBI,950735,Commercial Bank International,ADI,AED
DANA,941315,Dana Gas,ADI,AED
DRIV,941299,Em Driving Co,ADI,AED
EIC,941294,Emirates Ins C,ADI,AED
ETEL,941318,Emirates Telec,ADI,AED
ESHR,959190,Eshraq Properties Co PJSC,ADI,AED
FH,941293,Finance House,ADI,AED
FGB,941319,First Gulf Bk,ADI,AED
FOOD,950736,Foodco Holding PJSC,ADI,AED
FBI,976266,Fujairah Building Industries Co PSC,ADI,AED
GCIC,941297,Green Crs Ins,ADI,AED
GCEM,941320,Gulf Cement Co,ADI,AED
GMPC,955815,Gulf Medical Projects Co PSC,ADI,AED
GPHI,941321,Gulf Pharm Ind,ADI,AED
IH,941300,Insurance Hous,ADI,AED
ASMK,941296,Int Fish Farmi,ADI,AED
INVB,941301,Invest Bank AD,ADI,AED
METH,941322,Methaq,ADI,AED
NBQ,941324,Nat Bk Qaiwain,ADI,AED
BILD,941310,Abu Dhabi National for Building Materials Co PJSC,ADI,AED
NCTH,950737,National Corp Tourism Hotels,ADI,AED
NMDC,953758,National Marine Dredging PSC,ADI,AED
NBAD,941323,Natl Bk Of Ad,ADI,AED
RAKB,941325,Natl Bk Of Rak,ADI,AED
RKCC,941328,Rak Cement Co,ADI,AED
RKCE,941326,Rak Ceramics,ADI,AED
RAKC,941302,Rak Cmt & Cons,ADI,AED
RPRO,941327,Rak Properties,ADI,AED
RAKN,953759,Ras Al Khaimah National Insurance Co PSC,ADI,AED
