1288,32488,Agricultural Bank Of China,TRX50CNP,HKD
0914,32497,Anhui Conch Cement,TRX50CNP,HKD
3988,101147,Bank of China Ltd,TRX50CNP,HKD
3328,8582,Bank of Communications Co Ltd,TRX50CNP,HKD
0392,49978,Beijing Enterprises Holdings Ltd,TRX50CNP,HKD
0371,100027,Beijing Enterprises Water Group Ltd,TRX50CNP,HKD
2388,8580,BOC Hong Kong,TRX50CNP,HKD
1211,13884,BYD Co Ltd-H,TRX50CNP,HKD
1359,943487,China Cinda Asset Management Co Ltd,TRX50CNP,HKD
0998,49993,China Citic Bank Corp Ltd,TRX50CNP,HKD
1800,13886,China Communications Const-H,TRX50CNP,HKD
0939,8572,China Construction Bank Corp,TRX50CNP,HKD
0257,13871,China Everbright Intl,TRX50CNP,HKD
6881,943537,China Galaxy Securities Co Ltd,TRX50CNP,HKD
2628,8581,China Life Insurance Co Ltd,TRX50CNP,HKD
0916,49990,China Longyuan Power Group Corp Ltd,TRX50CNP,HKD
2319,13888,China Mengniu Dairy Co,TRX50CNP,HKD
0144,8558,China Merchants Port Holdings Co Ltd,TRX50CNP,HKD
3968,32495,China Merchants Bank,TRX50CNP,HKD
1988,32493,China Minsheng Banking,TRX50CNP,HKD
0941,8573,China Mobile Ltd,TRX50CNP,HKD
0688,8567,China Overseas,TRX50CNP,HKD
2601,32492,China Pacific Insurance,TRX50CNP,HKD
0386,8563,China Petroleum & Chemical Corp,TRX50CNP,HKD
0390,13875,China Railway,TRX50CNP,HKD
0291,8560,China Resources Beer Holdings Co Ltd,TRX50CNP,HKD
1109,32494,China Resources Land Ltd,TRX50CNP,HKD
0836,9215,China Resources Power Holding,TRX50CNP,HKD
1088,101040,China Shenhua Energy Co Ltd,TRX50CNP,HKD
0966,49992,China Taiping Insurance Holdings Co Ltd,TRX50CNP,HKD
0728,32501,China Telecom,TRX50CNP,HKD
0762,8568,China Unicom Hong Kong Ltd,TRX50CNP,HKD
2202,943516,China Vanke Co Ltd,TRX50CNP,HKD
0267,8559,Citic Pacific,TRX50CNP,HKD
6030,50024,CITIC Securities Co Ltd,TRX50CNP,HKD
0883,8570,CNOOC Ltd,TRX50CNP,HKD
1766,50057,CRRC Corp Ltd,TRX50CNP,HKD
2333,50012,Great Wall Motor Co Ltd,TRX50CNP,HKD
0270,49970,Guangdong Investment Ltd,TRX50CNP,HKD
6837,50026,Haitong Securities Co Ltd,TRX50CNP,HKD
0902,32486,Huaneng Power International,TRX50CNP,HKD
1398,8577,ICBC,TRX50CNP,HKD
0992,32500,Lenovo Group,TRX50CNP,HKD
1336,50003,New China Life Insurance,TRX50CNP,HKD
0857,8569,Petrochina,TRX50CNP,HKD
2328,13889,PICC Property & Casualty-H,TRX50CNP,HKD
2318,8579,Ping An Insurance,TRX50CNP,HKD
1099,49996,Sinopharm Group Co Ltd,TRX50CNP,HKD
0981,50051,Semiconductor Manufacturing International Corp,TRX50CNP,HKD
3898,100144,Zhuzhou CRRC Times Electric Co Ltd,TRX50CNP,HKD
