LP65099871,1011443,Pionero Fondo de Inversión,,
0P0000KC0F,1014504,Fondo Mutuo Santander Renta Largo Plazo UF EJECU,,
0P0000KC0E,1014503,Fondo Mutuo Santander Renta Largo Plazo UF APV,,
0P0000KA7G,1014251,Fondo Mutuo BCI de Personas APV,,
0P0000V2S0,1014250,Fondo Mutuo BCI de Personas ALPAT,,
0P0000V2S1,1014252,Fondo Mutuo BCI de Personas BPRIV,,
0P0000V2S2,1014253,Fondo Mutuo BCI de Personas FAMIL,,
0P0000KBXJ,1014505,Fondo Mutuo Santander Renta Mediano Plazo APV,,
0P0000Z8US,1014481,Fondo Mutuo Proteccion BancoEstado I,,
0P0000KAVG,1014412,Fondo Mutuo Horizonte B,,
0P0000KAVE,1014411,Fondo Mutuo Horizonte A,,
0P0000PPG5,1014413,Fondo Mutuo Horizonte D,,
0P0000KAY0,1014230,Fondo Mutuo Ahorro B,,
SCCHN,1011439,BTG Pactual Small Cap Chile Fondo de Inversión,,
0P0000KBK0,1014514,Fondo Mutuo Security Gold I-APV,,
0P0000KB4E,1014535,Fondo Mutuo Sura Renta Bonos Chile B,,
0P0000KB4F,1014536,Fondo Mutuo Sura Renta Bonos Chile C,,
0P0000KB4H,1014538,Fondo Mutuo Sura Renta Bonos Chile E,,
0P0000KB4G,1014537,Fondo Mutuo Sura Renta Bonos Chile D,,
0P0000XXQI,1014541,Fondo Mutuo Sura Renta Bonos Chile I,,
0P0000KB4I,1014539,Fondo Mutuo Sura Renta Bonos Chile F,,
0P0000XXQJ,1014540,Fondo Mutuo Sura Renta Bonos Chile H,,
0P0000V5LY,1014260,Fondo Mutuo BCI Gestion Global Dinámica 20 BPRIV,,
0P0000KA7B,1014259,Fondo Mutuo BCI Gestion Global Dinámica 20 APV,,
0P0000KA7A,1014258,Fondo Mutuo BCI Gestion Global Dinámica 20 ALTOP,,
0P0000KAXU,1014371,Fondo Mutuo Deposito XXI B,,
0P0000KBJZ,1014513,Fondo Mutuo Security Gold B,,
0P0000KC3U,1014207,Fondo Mutuo Principal Progresion Deuda Largo Plazo LP3,,
0P0000KC3R,1014210,Fondo Mutuo Principal Progresion Deuda Largo Plazo B,,
0P0000KC3P,1014209,Fondo Mutuo Principal Progresion Deuda Largo Plazo PLAN3,,
0P0000KC53,1014206,Fondo Mutuo Principal Progresion Deuda Largo Plazo PLAN2,,
0P0000KC52,1014205,Fondo Mutuo Principal Progresion Deuda Largo Plazo PLAN1,,
0P0000KC3S,1014211,Fondo Mutuo Principal Progresion Deuda Largo Plazo C,,
0P0000KC3Q,1014208,Fondo Mutuo Principal Progresion Deuda Largo Plazo PLAN4,,
0P0000KBZ6,1014507,Fondo Mutuo Santander Renta Selecta Chile GLOBA,,
0P0000KBZ5,1014506,Fondo Mutuo Santander Renta Selecta Chile APV,,
0P000102JP,1014508,Fondo Mutuo Santander Renta Selecta Chile PATRI,,
0P0000KA40,1014299,Fondo Mutuo BICE Extra G,,
0P0000N3YH,1014297,Fondo Mutuo BICE Extra D,,
0P0000KASM,1014356,Fondo Mutuo Compromiso BancoEstado A,,
0P0000Z8UW,1014357,Fondo Mutuo Compromiso BancoEstado I,,
0P0000UOXU,1014331,Fondo Mutuo BTG Pactual Chile Accion B,,
0P0000UOXV,1014332,Fondo Mutuo BTG Pactual Chile Accion B-APV,,
0P0000UOXX,1014333,Fondo Mutuo BTG Pactual Chile Accion I,,
0P0000UOXY,1014334,Fondo Mutuo BTG Pactual Chile Accion I-APV,,
0P0000KCIT,1014419,Fondo Mutuo LarrainVial Ahorro Capital APV,,
0P0000KCJC,1014420,Fondo Mutuo LarrainVial Ahorro Capital F,,
0P0000TFW3,1014421,Fondo Mutuo LarrainVial Ahorro Capital I,,
0P0000KCD3,1014184,Fondo Mutuo LarrainVial Hipotecario Y Corporativo F,,
0P0000KCD2,1014185,Fondo Mutuo LarrainVial Hipotecario Y Corporativo APV,,
0P000087XN,1014343,Fondo Mutuo BTG Pactual Renta Activa B-APV,,
0P000085P1,1014341,Fondo Mutuo BTG Pactual Renta Activa A,,
0P000087Y6,1014344,Fondo Mutuo BTG Pactual Renta Activa I,,
0P0000XZ0T,1032096,Fondo Mutuo BTG Pactual Renta Activa C,,
0P000087XL,1014342,Fondo Mutuo BTG Pactual Renta Activa B,,
0P0000TFVX,1014423,Fondo Mutuo LarrainVial Ahorro Estrategico I,,
0P0000KCDY,1014422,Fondo Mutuo LarrainVial Ahorro Estrategico F,,
0P0000KA6Z,1014261,Fondo Mutuo BCI Gestion Global Dinámica 50 ALTOP,,
0P0000KA73,1014263,Fondo Mutuo BCI Gestion Global Dinámica 50 CLASI,,
0P0000KA71,1014262,Fondo Mutuo BCI Gestion Global Dinámica 50 APV,,
0P0000ZNUT,1014301,Fondo Mutuo BICE Extra Gestion G,,
0P0000KC2T,1014495,Fondo Mutuo Santander Bonos Nacionales APV,,
0P0000N9A0,1014500,Fondo Mutuo Santander E INVER,,
0P0000KNOT,1014498,Fondo Mutuo Santander E APV,,
0P0000KC08,1014499,Fondo Mutuo Santander E EJECU,,
0P0000KC81,1014452,Fondo Mutuo Principal Deuda Mediano Plazo PLAN4,,
0P0000Z8UU,1014237,Fondo Mutuo BancoEstado BNP Paribas Mas Renta Bicentenario I,,
0P0000KC3F,1014489,Fondo Mutuo Santander Acciones Chilenas APV,,
0P0000KC3G,1014490,Fondo Mutuo Santander Acciones Chilenas EJECU,,
0P0000KAT4,1014484,Fondo Mutuo Retorno L.P. UF D,,
0P0000KATA,1014482,Fondo Mutuo Retorno L.P. UF A,,
0P0000KAT7,1014483,Fondo Mutuo Retorno L.P. UF B,,
0P0000X2CX,1014308,Fondo Mutuo BICE Target G,,
0P0000N0W0,1014307,Fondo Mutuo BICE Target D,,
0P0000KAS8,1014415,Fondo Mutuo Inversión USA B,,
0P0000KBK3,1014510,Fondo Mutuo Security Equilibrio Estrategico B,,
0P0000TG61,1014434,Fondo Mutuo LarrainVial Enfoque F,,
0P0000KCEK,1014433,Fondo Mutuo LarrainVial Enfoque APV,,
0P0000TG62,1014435,Fondo Mutuo LarrainVial Enfoque I,,
0P0000KCEF,1014432,Fondo Mutuo LarrainVial Enfoque A,,
0P0000X2D1,1014304,Fondo Mutuo BICE Master G,,
0P0000KCCW,1014441,Fondo Mutuo LarrainVial Portfolio Lider F,,
0P0000KBEJ,1014360,Fondo Mutuo Consorcio Ahorro UF APV,,
0P0000KASE,1014551,Fondo Mutuo Utilidades B,,
0P0000KASC,1014550,Fondo Mutuo Utilidades A,,
0P0000KC34,1014476,Fondo Mutuo Principal USA Equity LP3,,
0P0000KBIA,1014479,Fondo Mutuo Principal USA Equity PLAN3,,
0P0000KC30,1014480,Fondo Mutuo Principal USA Equity PLAN4,,
0P0000KC2W,1014496,Fondo Mutuo Santander C APV,,
0P0000KC0A,1014491,Fondo Mutuo Santander Acciones Global Desarrollado APV,,
0P0000KC33,1014475,Fondo Mutuo Principal USA Equity C,,
0P0000KC32,1014474,Fondo Mutuo Principal USA Equity B,,
0P0000KC4E,1014477,Fondo Mutuo Principal USA Equity PLAN1,,
0P0000KC49,1014478,Fondo Mutuo Principal USA Equity PLAN2,,
0P0000KB5N,1014219,Fondo Mutuo Credicorp Capital Renta Estrategica D,,
0P0000KB5K,1014220,Fondo Mutuo Credicorp Capital Renta Estrategica A,,
0P0000MTU7,1014218,Fondo Mutuo Credicorp Capital Renta Estrategica I,,
0P0000KC8U,1014448,Fondo Mutuo Principal Asia Equity PLAN1,,
0P0000KC7M,1014447,Fondo Mutuo Principal Asia Equity C,,
0P0000KC8T,1014449,Fondo Mutuo Principal Asia Equity PLAN2,,
