BTCUSD,1057716,Bitcoin US Dollar,ZB.COM,USD
ETHUSD,1057974,Ethereum US Dollar,ZB.COM,USD
ETHBTC,1057973,Ethereum Bitcoin,ZB.COM,BTC
EOSUSD,1057970,EOS US Dollar,ZB.COM,USD
EOSBTC,1057969,EOS Bitcoin,ZB.COM,BTC
BCHUSD,1057958,Bitcoin Cash US Dollar,ZB.COM,USD
BCHBTC,1057957,Bitcoin Cash Bitcoin,ZB.COM,BTC
XRPUSD,1057990,Ripple US Dollar,ZB.COM,USD
XRPBTC,1057989,Ripple Bitcoin,ZB.COM,BTC
LTCUSD,1057982,Litecoin US Dollar,ZB.COM,USD
LTCBTC,1057981,Litecoin Bitcoin,ZB.COM,BTC
QTUMUSD,1057984,Qtum US Dollar,ZB.COM,USD
QTUMBTC,1057983,Qtum Bitcoin,ZB.COM,BTC
ETCUSD,1057972,Ethereum Classic US Dollar,ZB.COM,USD
ETCBTC,1057971,Ethereum Classic Bitcoin,ZB.COM,BTC
DASHUSD,1057966,Dash US Dollar,ZB.COM,USD
DASHBTC,1057965,Dash Bitcoin,ZB.COM,BTC
