AUDMYR,1496,Australian Dollar Malaysian Ringgit,Forex,MYR
CADMYR,1533,Canadian Dollar Malaysian Ringgit,Forex,MYR
CHFMYR,1555,Swiss Franc Malaysian Ringgit,Forex,MYR
DKKMYR,1592,Danish Krone Malaysian Ringgit,Forex,MYR
EURMYR,1675,Euro Malaysian Ringgit,Forex,MYR
GBPMYR,1779,British Pound Malaysian Ringgit,Forex,MYR
HKDMYR,1825,Hong Kong Dollar Malaysian Ringgit,Forex,MYR
JPYMYR,1902,Japanese Yen Malaysian Ringgit,Forex,MYR
KRWMYR,1922,Korean Won Malaysian Ringgit,Forex,MYR
MYRCNY,1955,Malaysian Ringgit Chinese Yuan,Forex,CNY
MYRDKK,1956,Malaysian Ringgit Danish Krone,Forex,DKK
MYRHKD,1959,Malaysian Ringgit Hong Kong Dollar,Forex,HKD
MYRIDR,1960,Malaysian Ringgit Indonesian Rupiah,Forex,IDR
MYRINR,1961,Malaysian Ringgit Indian Rupee,Forex,INR
MYRJPY,1962,Malaysian Ringgit Japanese Yen,Forex,JPY
MYRKRW,1963,Malaysian Ringgit Korean Won,Forex,KRW
MYRNZD,1964,Malaysian Ringgit New Zealand Dollar,Forex,NZD
MYRPKR,1965,Malaysian Ringgit Pakistani Rupee,Forex,PKR
MYRSGD,1966,Malaysian Ringgit Singapore Dollar,Forex,SGD
MYRTHB,1967,Malaysian Ringgit Thai Baht,Forex,THB
MYRTWD,1968,Malaysian Ringgit Taiwan Dollar,Forex,TWD
MYRZAR,1970,Malaysian Ringgit South African Rand,Forex,ZAR
NZDMYR,1987,New Zealand Dollar Malaysian Ringgit,Forex,MYR
SGDMYR,2038,Singapore Dollar Malaysian Ringgit,Forex,MYR
USDMYR,2168,US Dollar Malaysian Ringgit,Forex,MYR
ZARMYR,2245,South African Rand Malaysian Ringgit,Forex,MYR
AEDMYR,9328,UAE Dirham Malaysian Ringgit,Forex,MYR
ARSMYR,9380,Argentinian Peso Malaysian Ringgit,Forex,MYR
BRLMYR,9435,Brazil Real Malaysian Ringgit,Forex,MYR
CNYMYR,9518,Chinese Yuan Malaysian Ringgit,Forex,MYR
ILSMYR,9704,Israeli Shekel Malaysian Ringgit,Forex,MYR
INRMYR,9745,Indian Rupee Malaysian Ringgit,Forex,MYR
MXNMYR,9813,Mexican Peso Malaysian Ringgit,Forex,MYR
NOKMYR,9864,Norwegian Krone Malaysian Ringgit,Forex,MYR
PHPMYR,9941,Philippine Peso Malaysian Ringgit,Forex,MYR
PLNMYR,10000,Polish Zloty Malaysian Ringgit,Forex,MYR
RUBMYR,10051,Russian Ruble Malaysian Ringgit,Forex,MYR
SARMYR,10102,Saudi Riyal Malaysian Ringgit,Forex,MYR
SEKMYR,10152,Swedish Krona Malaysian Ringgit,Forex,MYR
THBMYR,10228,Thai Baht Malaysian Ringgit,Forex,MYR
TRYMYR,10272,Turkish Lira Malaysian Ringgit,Forex,MYR
TWDMYR,10323,Taiwan Dollar Malaysian Ringgit,Forex,MYR
VEFMYR,10378,Venezuelan Bolivar Malaysian Ringgit,Forex,MYR
MYRUSD,993166,Malaysian Ringgit US Dollar,Forex,USD
KWDMYR,1035812,Kuwaiti Dinar Malaysian Ringgit,Forex,MYR
