0P00000C0W,1025893,Delta Lloyd Mix Fonds,,
0P00014EJI,1025951,ACTIAM Responsible Index Fund Equity - North America,,
0P00014EJK,1025953,ACTIAM Responsible Index Fund Equity - North America - B,,
0P00000BA3,1025880,NN Euro Obligatie Fonds - P,,
0P00000C0U,1025892,Delta Lloyd Rente Fonds A,,
0P00011REZ,1025945,Delta Lloyd Rente Fonds B Acc,,
0P00018H29,1025963,Werknemers Pensioen Mixfonds,,
0P0000XSGJ,1025936,NN First Class Return Fund - N,,
0P00014EJF,1025948,ACTIAM Responsible Index Fund Equity - Europe,,
0P00000BAX,1025881,Allianz Selectie Fonds,,
0P0000ZESR,1032019,DPAM INVEST B Equities Euroland W Capitalisation,,
0P0000ZESQ,1032018,DPAM INVEST B Equities Euroland V Distribution,,
0P00000B95,1025876,BNP Paribas Obam N.V. Classic Inc,,
0P000187G6,1025957,Robeco Customized Quant Emerging Market,,
0P0000WLIN,1041137,Multipartner SICAV - RobecoSAM Sustainable Water Fund EUR N,,
0P0000UFRC,1025926,Delta Lloyd Equity Sustainable Global Fund,,
0P0000HPBC,1032614,SKAGEN Tellus A,,
0P000133C3,1032603,SKAGEN Tellus B,,
0P00000BBG,1025886,NN Duurzaam Aandelen Fonds - P,,
0P00014EJH,1025950,ACTIAM Responsible Index Fund Equity - Pacific,,
0P0000LZZQ,1025922,Delta Lloyd Sovereign XLT Bond Fund,,
0P0000Z492,1025940,Delta Lloyd Sovereign XLT Bond Fund A,,
0P00000C0Q,1025891,Delta Lloyd Investment Fund,,
0P0000WLIQ,1041129,Multipartner SICAV - RobecoSAM Smart Materials EUR N,,
0P00006T32,1025916,AEAM European Credit Fund Inc,,
0P0000WLIO,1041123,Multipartner SICAV - RobecoSAM Smart Energy Fund EUR N,,
0P00000EMC,1025897,ASN Milieu & Waterfonds Inc,,
0P00000BB0,1025882,Allianz Europa Obligatie Fonds,,
0P000011XO,1025909,Delta Lloyd Sovereign LT Bond Fund,,
0P00000B9D,1025879,NN Global Obligatie Fonds - P,,
0P00014EJJ,1025952,ACTIAM Responsible Index Fund Equity - North America - A,,
0P000011XQ,1025910,Delta Lloyd Sovereign Bond Fund,,
0P0000ZET8,1032023,DPAM INVEST B Real Estate Europe V Distribution,,
0P0000ZET9,1032024,DPAM INVEST B Real Estate Europe W Capitalisation,,
0P00000B97,1025877,NN Europe Fund - P,,
0P0000O86H,1025923,Sustainable Europe Index Fund,,
0P000015DL,1025911,NN First Class Obligatie Fonds - P,,
0P00000B99,1025878,NN Information Technology Fund - P,,
0P00000BBU,1025890,Kempen European Property Fund N.V.,,
0P00000CZ2,1025895,NN Health Care Fund - P,,
0P0000ZESE,1032014,DPAM INVEST B Bonds Eur V Distribution,,
0P0000ZESF,1032015,DPAM INVEST B Bonds Eur W Capitalisation,,
LP68041261,1011116,Juno Selection Fund,,
0P00016ZBM,1043243,Robeco Global Conservative Equities Fund G EUR,,
0P00000FW1,1025901,NN Dynamic Mix Fund IV - P,,
0P0000ZESY,1032020,DPAM INVEST B Equities Europe Small Caps V Distribution,,
0P0000ZESZ,1032021,DPAM INVEST B Equities Europe Small Caps W Capitalisation,,
0P00000FW0,1025900,NN Dynamic Mix Fund III - P,,
0P00000BB3,1025883,ASN Duurzaam Mixfonds,,
0P00014EJG,1025949,ACTIAM Responsible Index Fund Equity - Europe - A,,
0P0000GAAP,1055974,Quest Cleantech Fund B Acc,,
0P00018H28,1025962,Werknemers Pensioen Mixfonds Defensief,,
0P00001DH0,1025913,Meesman Indexfonds Aandelen Wereldwijd,,
0P000181ZU,1025956,Kempen Global Property Fundamental IndexFund N.V.,,
0P0000HQS8,1025920,Beleggingsfonds Hoofbosch,,
0P00017MLB,1025955,Kempen Global Property Fundamental Index Fund,,
0P00000B8H,1025875,Kempen Orange Fund N.V.,,
0P00008VJR,1025918,AEAM Core Eurozone Government Bond Fund,,
0P00011HCC,1025943,Robeco US Conservative High Dividend Equities N.V. EUR G,,
0P00006T2Y,1025914,AEAM Global High Yield Fund EUR Inc,,
0P00018H25,1025961,ASR Mixfonds V,,
0P00000BBE,1025885,Hof Hoorneman Income Fund,,
0P00001BB8,1025912,Hof Hoorneman Value Fund,,
0P00000BBH,1025887,Optimix Mix Fund,,
0P00000BBJ,1025888,Optimix Income Fund,,
0P00000FW2,1025902,NN Dynamic Mix Fund V - P,,
0P00006T31,1025915,AEAM European Bond Fund Inc,,
LP65057925,1011129,Kempen Profielfonds 3,,
LP65057926,1011126,Kempen Profielfonds 5,,
0P0000X9NK,1025935,Robeco ONE Defensief,,
0P00006T34,1025917,AEAM Emerging Market Debt Fund EUR Inc,,
0P0000KXF3,1025921,Add Value Fund N.V.,,
0P00000BB9,1025884,NN Financials Fund - P,,
0P000153L0,1025954,Insinger de Beaufort European Mid Cap,,
0P00000FVZ,1025899,NN Dynamic Mix Fund II - P,,
LP65057924,1011128,Kempen Profielfonds 4,,
0P0000ZESG,1032012,DPAM INVEST B Bonds Eur IG V Distribution,,
0P0000ZESH,1032013,DPAM INVEST B Bonds Eur IG W Capitalisation,,
0P0000ZESL,1032017,DPAM INVEST B Equities Agrivalue W Capitalisation,,
0P0000ZESK,1032016,DPAM INVEST B Equities Agrivalue V Distribution,,
0P0000ZET7,1032022,DPAM INVEST B Equities World Dividend W Capitalisation,,
0P00017ZHI,1043242,Robeco Institutional Core Euro Government Bonds,,
0P00018H1Y,1025958,ASR Euro Bedrijfsobligatie Fonds,,
0P00018H1Z,1025959,ASR Euro Staatsobligatie Fonds,,
0P0000G0B3,1043241,Robeco Afrika Fonds,,
0P0000Z07X,1043245,DD Equity Fund A EUR,,
LP65057923,1011127,Kempen Profielfonds 2,,
0P0000ZG4Y,1025941,Optimix Wereld Aandelen Fonds,,
0P0000XC4X,1043248,TCM Global Frontier High Dividend Equity,,
0P00000LGV,1025906,NN Daily Consumer Goods Fund - P,,
0P000011XN,1025908,Delta Lloyd Institutioneel Wereld Fonds,,
0P00000LGH,1025904,NN Industrials Fund - P,,
0P00018STG,1043244,Perlas Dynamisch,,
0P00000FTF,1025898,NN Dynamic Mix Fund I - P,,
0P00000BBP,1025889,NN Emerging Europe Fund - P,,
0P00013E0R,1025946,Boylston Fund of Bonds,,
0P0000Z76F,1039708,Henderson Horizon Pan European Property Equities Fund H2 EUR Acc,,
LP68237696,1011123,SNS Optimaal Oranje,,
0P0000CN7M,1025919,TCM Africa High Dividend Equity,,
0P0000VOSM,1025928,Robein BRIC Index Fonds,,
