0P0000V2NJ,1015763,BB EXTRAMERCADO EXCLUSIVO FAT FUNDO DE INVESTIMENTO RENDA FIXA,,
0P0000YV83,1015850,BRASILPREV TOP PRE FUNDO DE INVESTIMENTO RENDA FIXA,,
0P0000YV86,1015849,BRASILPREV TOP INFLACAO FUNDO DE INVESTIMENTO RENDA FIXA,,
0P0000UBFG,1016036,ITAU FRANCES RENDA FIXA - FUNDO DE INVESTIMENTO,,
0P0000UF0Q,1016073,ITAU RENDA FIXA LONGO PRAZO CREDITO PRIVADO DIFERENCIADO - FUNDO DE INVESTIMENTO,,
0P0000V318,1015671,FUNDO DE INVESTIMENTO CAIXA MASTER RENDA FIXA CREDITO PRIVADO LONGO PRAZO,,
0P0000U414,1015777,BB RENDA FIXA LP CORPORATIVO 10 MILHOES FUNDO DE INVESTIMENTO EM COTAS DE FUNDOS DE INVESTIMENTO,,
0P0000YGAA,1016231,SAFRA EXECUTIVE PREMIUM FUNDO DE INVESTIMENTO EM COTAS DE FUNDOS DE INVESTIMENTO RENDA FIXA,,
0P0000U458,1015848,BRASILPREV TOP ATUARIAL FUNDO DE INVESTIMENTO RENDA FIXA,,
0P0000UBFD,1016061,ITAU RENDA FIXA - FUNDO DE INVESTIMENTO,,
0P0000U9GN,1032111,FUNDO DE INVESTIMENTO CAIXA BRASIL IMA-B 5 TÍTULOS PÚBLICOS RENDA FIXA LONGO PRAZO,,
0P0000U2WF,1016228,SAFRA EXECUTIVE FUNDO DE INVESTIMENTO EM COTAS DE FUNDOS DE INVESTIMENTO RENDA FIXA,,
0P0000YW7G,1016241,SAFRA TOP MASTER FUNDO DE INVESTIMENTO RENDA FIXA LONGO PRAZO,,
0P0000YW7N,1016243,SAFRA TOP PREMIUM FUNDO DE INVESTIMENTO EM COTAS DE FUNDOS DE INVESTIMENTO RENDA FIXA LONGO PRAZO,,
0P0000XWUB,1015751,BAHIA AM MARAU MASTER RFC FUNDO DE INVESTIMENTO MULTIMERCADO,,
0P0000XXS1,1015786,BBM MARAU FUNDO DE INVESTIMENTO EM COTAS DE FUNDOS DE INVESTIMENTO MULTIMERCADO,,
0P0000U421,1015771,BB PREVIDENCIARIO RENDA FIXA IRF-M TITULOS PUBLICOS FUNDO DE INVESTIMENTO,,
0P0000UDNM,1016074,ITAU RENDA FIXA PRE LONGO PRAZO - FUNDO DE INVESTIMENTO,,
0P0000U3F7,1016261,SANTANDER FUNDO DE INVESTIMENTO PROFIT RENDA FIXA REFERENCIADO DI,,
0P0000U2WL,1016233,SAFRA GALILEO FUNDO DE INVESTIMENTO MULTIMERCADO,,
0P0000WU0Y,1015668,FUNDO DE INVESTIMENTO CAIXA BRASIL IDKA IPCA 2A TITULOS PUBLICOS RENDA FIXA LONGO PRAZO,,
0P0000UCSN,1016048,ITAU MULTI HEDGE FUND 30 MULTIMERCADO - FUNDO DE INVESTIMENTO EM COTAS DE FUNDOS DE INVESTIMENTO,,
0P0000U2Y6,1016239,SAFRA RENDA FIXA FUNDO DE INVESTIMENTO RENDA FIXA,,
0P0000UC6X,1015686,ITAU PERSONNALITE SELECAO MULTIFUNDOS MULTIMERCADO FUNDO DE INV EM COTAS DE FUNDOS DE INV,,
0P0000YW7H,1016242,SAFRA TOP MAX FUNDO DE INVESTIMENTO EM COTAS DE FUNDOS DE INVESTIMENTO RENDA FIXA LONGO PRAZO,,
0P0000Y1M2,1015687,ITAU PERSONNALITE SELECAO MULTIFUNDOS PLUS MULTIMERCADO FUNDO DE INVEST EM COTAS DE FUNDOS DE INVEST,,
0P0000U9GK,1015666,FUNDO DE INVESTIMENTO CAIXA BRASIL IMA-B TITULOS PUBLICOS RENDA FIXA LONGO PRAZO,,
0P0000U41R,1015768,BB PREVIDENCIARIO RENDA FIXA IMA-B TITULOS PUBLICOS FUNDO DE INVESTIMENTO,,
0P0000UBHU,1016068,ITAU RENDA FIXA FLOOR - FUNDO DE INVESTIMENTO,,
0P0000V1VN,1016092,JGP STRATEGY MASTER FUNDO DE INVESTIMENTO MULTIMERCADO,,
0P0000Z9BK,1015783,BB TOP RENDA FIXA IMA-B 5 LONGO PRAZO FUNDO DE INVESTIMENTO,,
0P0000X8L6,1016226,SAFRA EXECUTIVE 3 FUNDO DE INVESTIMENTO RENDA FIXA,,
0P0000U8T6,1015871,BTG PACTUAL YIELD DI FUNDO DE INVESTIMENTO RENDA FIXA REFERENCIADO CREDITO PRIVADO,,
0P0000U2VX,1016220,SAFRA ABSOLUTO - FUNDO DE INVESTIMENTO MULTIMERCADO,,
0P0000U9BV,1016282,SPX NIMITZ FEEDER FUNDO DE INVESTIMENTO EM QUOTAS DE FUNDOS DE INVESTIMENTO MULTIMERCADO,,
0P0000UG2G,1015941,DYNAMO COUGAR FUNDO DE INVESTIMENTO EM ACOES,,
0P0000V2FV,1016080,ITAU VERSO V RENDA FIXA FUNDO DE INVESTIMENTO,,
0P0000WU0Z,1015669,FUNDO DE INVESTIMENTO CAIXA BRASIL IRF-M TITULOS PUBLICOS RENDA FIXA LONGO PRAZO,,
0P0000V34R,1032109,CA INDOSUEZ VITESSE FUNDO DE INVESTIMENTO RENDA FIXA CRÉDITO PRIVADO,,
0P0000VEEO,1016276,SPARTA TOP MASTER CREDITO PRIVADO FUNDO DE INVESTIMENTO RENDA FIXA LONGO PRAZO,,
0P0000U2W0,1016221,SAFRA ABSOLUTO 30 FUNDO DE INVESTIMENTO EM COTAS DE FUNDOS DE INVESTIMENTO MULTIMERCADO,,
0P0000U9ML,1015965,FUNDO DE INVESTIMENTO CAIXA FIDELIDADE II RENDA FIXA CREDITO PRIVADO LONGO PRAZO,,
0P0000U5DM,1015738,ATMOS MASTER FUNDO DE INVESTIMENTO DE ACOES,,
0P0000UESD,1016140,MAUA MACRO FUNDO DE INVESTIMENTO MULTIMERCADO,,
0P0000YSPY,1016223,SAFRA CARTEIRA PREMIUM FUNDO DE INVESTIMENTO MULTIMERCADO,,
0P0000U84O,1015832,BRADESCO PRIVATE FUNDO DE INVESTIMENTO EM COTAS DE FI MULTIMERCADO MULTI ASSETS 30,,
0P0000UFV3,1015822,BRADESCO H FUNDO DE INVESTIMENTO MULTIMERCADO LONGO PRAZO MACRO,,
0P0000U2WA,1016227,SAFRA EXECUTIVE CORPORATE RENDA FIXA FUNDO DE INVESTIMENTO EM COTAS DE FUNDOS DE INVESTIMENTO,,
0P0000U2YF,1016240,SAFRA TOP FUNDO DE INVESTIMENTO EM COTAS DE FUNDOS DE INVESTIMENTO RENDA FIXA LONGO PRAZO,,
0P0000XOWJ,1015835,BRAM FUNDO DE INVESTIMENTO RENDA FIXA CREDITO PRIVADO II,,
0P0000ZCGJ,1015992,GROWLER FUNDO DE INVESTIMENTO EM COTAS DE FUNDOS DE INVESTIMENTO MULTIMERCADO,,
0P0000U9BY,1016284,SPX RAPTOR FEEDER INVESTIMENTO NO EXTERIOR FIQ DE FI MULTIMERCADO CREDITO PRIVADO,,
0P0000U9F1,1015670,FUNDO DE INVESTIMENTO CAIXA MASTER BRASIL IMA-B RENDA FIXA LONGO PRAZO,,
0P0000U43P,1015785,BB TOP TRADE PLUS LP FUNDO DE INVESTIMENTO MULTIMERCADO,,
0P0000UCID,1015928,CSHG TOP 30 FUNDO DE INVESTIMENTO EM COTAS DE FUNDOS DE INVESTIMENTO MULTIMERCADO,,
0P0000UF13,1015919,CSHG ALLOCATION VERDE AM IX FUNDO DE INVESTIMENTO EM COTAS DE FUNDOS DE INVESTIMENTO MULTIMERCADO,,
0P0000U3Y0,1015764,BB MULTIMERCADO LONGO PRAZO JUROS E MOEDAS PRIVATE FI EM COTAS DE FUNDOS DE INVESTIMENTO,,
0P0000ZL4S,1015907,CSHG ALLOCATION SPX NIMITZ CSHG FUNDO DE INVESTIMENTO EM COTAS DE FUNDO DE INVESTIMENTO MULTIMERCADO,,
0P0000U9FU,1015673,FUNDO DE INVESTIMENTO EM COTAS DE FUNDOS DE INVESTIMENTO CAIXA NOVO BRASIL IMA-B RENDA FIXA LP,,
0P0000WAN2,1015667,FUNDO DE INVESTIMENTO CAIXA BRASIL IRF-M 1+ TITULOS PUBLICOS RENDA FIXA LONGO PRAZO,,
0P0000UBOP,1016370,WESTERN ASSET RENDA FIXA ATIVO FUNDO DE INVESTIMENTO,,
0P0000UFNG,1015798,BRADESCO EMPRESAS H FUNDO DE INVESTIMENTO RENDA FIXA CREDITO PRIVADO LONGO PRAZO PERFORMANCE 20,,
0P0000WU1W,1015868,BTG PACTUAL MASTER CDB FUNDO DE INVESTIMENTO RENDA FIXA CREDITO PRIVADO,,
0P0000XBTX,1015998,IBIUNA HEDGE STH FUNDO DE INVESTIMENTO EM COTAS DE FUNDOS DE INVESTIMENTO MULTIMERCADO,,
0P0000UCCP,1015920,CSHG ALLOCATION VERDE AM PRIVATE FC DE FUNDO DE INVESTIMENTO MULTIMERCADO,,
0P0000UE9A,1016365,WESTERN ASSET PREV CREDIT RENDA FIXA FUNDO DE INVESTIMENTO CREDITO PRIVADO,,
LP68162228,1011482,FUNDO DE INVESTIMENTO EM COTAS DE FI CAIXA OBJETIVO PRÉ RENDA FIXA LONGO PRAZO,,
0P0000U3D0,1016257,SANTANDER FUNDO DE INVESTIMENTO ABSOLUTO TOP RENDA FIXA,,
0P0000U4IL,1015988,GAVEA MACRO MASTER FUNDO DE INVESTIMENTO MULTIMERCADO,,
0P0000U94O,1016101,KAPITALO KAPPA FIN FUNDO DE INVESTIMENTO EM QUOTAS DE FUNDOS DE INVESTIMENTO MULTIMERCADO,,
0P0000U3EB,1016260,SANTANDER FUNDO DE INVESTIMENTO IMA-B TITULOS PUBLICOS RENDA FIXA LONGO PRAZO,,
0P0000ZSG5,1016375,XP LONG BIASED FUNDO DE INVESTIMENTO MULTIMERCADO,,
0P0000UEA8,1016084,ITAU VERTICE RENDA FIXA PRE IDKA 3 FUNDO DE INVESTIMENTO,,
0P0000U2X9,1016238,SAFRA MIX I FUNDO DE INVESTIMENTO EM COTAS DE FUNDOS DE INVESTIMENTO MULTIMERCADO,,
0P0000U2W6,1016222,SAFRA CARTEIRA INSTITUCIONAL - FUNDO DE INVESTIMENTO MULTIMERCADO,,
0P0000UE9K,1016034,ITAU FLEXPREV VERTICE B GERAL RENDA FIXA - FUNDO DE INVESTIMENTO,,
0P0000U6BY,1016091,JGP MAX MASTER FUNDO DE INVESTIMENTO MULTIMERCADO,,
0P0000UCEV,1016139,MAUA MACRO FUNDO DE INVESTIMENTO EM COTAS DE FUNDOS DE INVESTIMENTO MULTIMERCADO,,
0P0000UE9W,1016039,ITAU HIGH GRADE RENDA FIXA CREDITO PRIVADO-FDO.DE INVEST.EM COTAS DE FDOS.DE INVESTIMENTO,,
0P0000UEA4,1016054,ITAU PHOENIX ACOES FUNDO DE INVESTIMENTO,,
0P0000V91V,1016161,NUCLEO MASTER FUNDO DE INVESTIMENTO DE ACOES,,
0P0000U4IM,1015986,GAVEA MACRO FUNDO DE INVESTIMENTO EM COTAS DE FUNDOS DE INVESTIMENTO MULTIMERCADO,,
0P0000UAAX,1015908,CSHG ALLOCATION SPX NIMITZ FUNDO DE INVESTIMENTO EM COTAS DE FUNDOS DE INVESTIMENTO MULTIMERCADO,,
0P0000U6OL,1016173,OPPORTUNITY TOTAL MASTER FUNDO DE INVESTIMENTO MULTIMERCADO,,
0P0000UBHR,1015823,BRADESCO H FUNDO DE INVESTIMENTO RENDA FIXA CREDITO PRIVADO LONGO PRAZO ATIVO,,
0P0000U6XQ,1016302,TEMPO CAPITAL PRINCIPAL FUNDO DE INVESTIMENTO DE ACOES,,
0P0000U9BJ,1015716,ALASKA BLACK MASTER FUNDO DE INVESTIMENTO EM ACOES - BDR NIVEL I,,
0P0000WH8H,1016163,OCEANA LONG BIASED MASTER FUNDO DE INVESTIMENTO DE ACOES,,
0P0000V2MJ,1016250,SANTANDER FIC FI IMA-B 5 TITULOS PUBLICOS RENDA FIXA,,
0P0000UFSO,1016038,ITAU HEDGE PLUS VERTICE MULTIMERCADO FUNDO DE INVESTIMENTO EM COTAS DE FUNDOS DE INVESTIMENTO,,
0P0000U94S,1016103,KAPITALO ZETA FUNDO DE INVESTIMENTO EM QUOTAS DE FUNDOS DE INVESTIMENTO MULTIMERCADO,,
0P0000UFHJ,1016110,LIBER MULTIMERCADO - FUNDO DE INVESTIMENTO EM COTAS DE FUNDOS DE INVESTIMENTO,,
0P0000U2WN,1015694,SAFRA HIGH YIELD FUNDO DE INVESTIMENTO MULTIMERCADO,,
0P0000U2WS,1015695,SAFRA HIGH YIELD FUNDO DE INVESTIMENTO EM COTAS DE FUNDOS DE INVESTIMENTO MULTIMERCADO,,
0P0000UCLU,1016070,ITAU RENDA FIXA IMA-B FUNDO DE INVESTIMENTO,,
0P0000UBNT,1016197,PORTO SEGURO EMPRESARIAL RENDA FIXA FUNDO DE INVESTIMENTO CREDITO PRIVADO,,
0P0000U9E3,1015665,FUNDO DE INVESTIMENTO CAIXA BRASIL IMA GERAL TITULOS PUBLICOS RENDA FIXA LONGO PRAZO,,
0P0000V3M2,1015811,BRADESCO FUNDO DE INVESTIMENTO EM COTAS DE FUNDOS DE INVESTIMENTO MULTIMERCADO PORTFOLIO MACRO,,
0P0000V1VQ,1015690,JGP STRATEGY FUNDO DE INVESTIMENTO EM COTAS DE FUNDOS DE INVESTIMENTO MULTIMERCADO,,
0P0000WFFF,1016263,SANTANDER FUNDO DE INVESTIMENTO VALOR ACOES,,
