USDSGD,42,US Dollar Singapore Dollar,Forex,SGD
GBPSGD,60,British Pound Singapore Dollar,Forex,SGD
EURSGD,102,Euro Singapore Dollar,Forex,SGD
CHFSGD,107,Swiss Franc Singapore Dollar,Forex,SGD
DKKSGD,110,Danish Krone Singapore Dollar,Forex,SGD
AUDSGD,125,Australian Dollar Singapore Dollar,Forex,SGD
SGDHKD,131,Singapore Dollar Hong Kong Dollar,Forex,HKD
CADSGD,133,Canadian Dollar Singapore Dollar,Forex,SGD
SGDJPY,145,Singapore Dollar Japanese Yen,Forex,JPY
NZDSGD,149,New Zealand Dollar Singapore Dollar,Forex,SGD
BRLSGD,1515,Brazil Real Singapore Dollar,Forex,SGD
MYRSGD,1966,Malaysian Ringgit Singapore Dollar,Forex,SGD
SGDARS,2025,Singapore Dollar Argentinian Peso,Forex,ARS
SGDAUD,2026,Singapore Dollar Australian Dollar,Forex,AUD
SGDBRL,2027,Singapore Dollar Brazil Real,Forex,BRL
SGDCAD,2028,Singapore Dollar Canadian Dollar,Forex,CAD
SGDCHF,2029,Singapore Dollar Swiss Franc,Forex,CHF
SGDCNY,2030,Singapore Dollar Chinese Yuan,Forex,CNY
SGDDKK,2031,Singapore Dollar Danish Krone,Forex,DKK
SGDEUR,2032,Singapore Dollar Euro,Forex,EUR
SGDGBP,2033,Singapore Dollar British Pound,Forex,GBP
SGDIDR,2034,Singapore Dollar Indonesian Rupiah,Forex,IDR
SGDINR,2035,Singapore Dollar Indian Rupee,Forex,INR
SGDKRW,2036,Singapore Dollar Korean Won,Forex,KRW
SGDMXN,2037,Singapore Dollar Mexican Peso,Forex,MXN
SGDMYR,2038,Singapore Dollar Malaysian Ringgit,Forex,MYR
SGDNZD,2039,Singapore Dollar New Zealand Dollar,Forex,NZD
SGDPKR,2040,Singapore Dollar Pakistani Rupee,Forex,PKR
SGDPLN,2041,Singapore Dollar Polish Zloty,Forex,PLN
SGDTHB,2042,Singapore Dollar Thai Baht,Forex,THB
SGDTWD,2043,Singapore Dollar Taiwan Dollar,Forex,TWD
SGDUSD,2044,Singapore Dollar US Dollar,Forex,USD
SGDZAR,2045,Singapore Dollar South African Rand,Forex,ZAR
AEDSGD,9301,UAE Dirham Singapore Dollar,Forex,SGD
ARSSGD,9354,Argentinian Peso Singapore Dollar,Forex,SGD
CNYSGD,9533,Chinese Yuan Singapore Dollar,Forex,SGD
HKDSGD,9649,Hong Kong Dollar Singapore Dollar,Forex,SGD
ILSSGD,9719,Israeli Shekel Singapore Dollar,Forex,SGD
MXNSGD,9827,Mexican Peso Singapore Dollar,Forex,SGD
NOKSGD,9878,Norwegian Krone Singapore Dollar,Forex,SGD
PLNSGD,10014,Polish Zloty Singapore Dollar,Forex,SGD
SARSGD,10115,Saudi Riyal Singapore Dollar,Forex,SGD
SEKSGD,10164,Swedish Krona Singapore Dollar,Forex,SGD
SGDAED,10174,Singapore Dollar UAE Dirham,Forex,AED
SGDBBD,10175,Singapore Dollar Barbadian Dollar,Forex,BBD
SGDBHD,10176,Singapore Dollar Baharain Dinar,Forex,BHD
SGDCLP,10177,Singapore Dollar Chilean Peso,Forex,CLP
SGDCZK,10178,Singapore Dollar Czech Koruna,Forex,CZK
SGDEGP,10180,Singapore Dollar Egyptian Pound,Forex,EGP
SGDHUF,10181,Singapore Dollar Hungarian Forint,Forex,HUF
SGDILS,10182,Singapore Dollar Israeli Shekel,Forex,ILS
SGDISK,10183,Singapore Dollar Icelandic Kr,Forex,ISK
SGDJMD,10184,Singapore Dollar Jamaican Dollar,Forex,JMD
SGDJOD,10185,Singapore Dollar Jordan Dinar,Forex,JOD
SGDKES,10186,Singapore Dollar Kenyan Shilling,Forex,KES
SGDLBP,10187,Singapore Dollar Lebanese Pound,Forex,LBP
SGDLKR,10188,Singapore Dollar Sri Lankan Rupee,Forex,LKR
SGDMAD,10191,Singapore Dollar Moroccan Dirham,Forex,MAD
SGDNAD,10192,Singapore Dollar Namibian Dollar,Forex,NAD
SGDNOK,10193,Singapore Dollar Norwegian Krone,Forex,NOK
SGDNPR,10194,Singapore Dollar Nepalese Rupee,Forex,NPR
SGDOMR,10195,Singapore Dollar Omani Rial,Forex,OMR
SGDPAB,10196,Singapore Dollar Panamanian Balboa,Forex,PAB
SGDPHP,10197,Singapore Dollar Philippine Peso,Forex,PHP
SGDQAR,10198,Singapore Dollar Qatari Riyal,Forex,QAR
SGDRON,10199,Singapore Dollar Romanian Leu,Forex,RON
SGDRUB,10200,Singapore Dollar Russian Ruble,Forex,RUB
SGDSAR,10201,Singapore Dollar Saudi Riyal,Forex,SAR
SGDSEK,10202,Singapore Dollar Swedish Krona,Forex,SEK
SGDTRY,10203,Singapore Dollar Turkish Lira,Forex,TRY
SGDVEF,10204,Singapore Dollar Venezuelan Bolivar,Forex,VEF
SGDXAF,10205,Singapore Dollar Central African Franc,Forex,XAF
SGDXCD,10206,Singapore Dollar East Caribbean Dollar,Forex,XCD
SGDXOF,10207,Singapore Dollar West African CFA franc,Forex,XOF
TRYSGD,10287,Turkish Lira Singapore Dollar,Forex,SGD
TWDSGD,10337,Taiwan Dollar Singapore Dollar,Forex,SGD
VEFSGD,10393,Venezuelan Bolivar Singapore Dollar,Forex,SGD
ZARSGD,10439,South African Rand Singapore Dollar,Forex,SGD
JPYSGD,14485,Japanese Yen Singapore Dollar,Forex,SGD
KRWSGD,14486,Korean Won Singapore Dollar,Forex,SGD
SGDKWD,1037058,Singapore Dollar Kuwaiti Dinar,Forex,KWD
KWDSGD,1037059,Kuwaiti Dinar Singapore Dollar,Forex,SGD
