APSE,18294,Adani Port and Special Economic Zone Ltd,NSEI
ASPN,18011,Asian Paints Ltd.,NSEI
AXBK,18017,AXIS Bank Ltd,NSEI
BAJA,18020,Bajaj Auto Ltd,NSEI
BJFN,18022,Bajaj Finance Ltd,NSEI
BJFS,18023,Bajaj Finserv Ltd,NSEI
BPCL,18040,Bharat Petroleum Corp. Ltd.,NSEI
BRTI,18041,Bharti Airtel Ltd.,NSEI
BHRI,39852,Bharti Infratel Ltd,NSEI
CIPL,18071,Cipla Ltd.,NSEI
COAL,18075,Coal India Ltd,NSEI
REDY,18101,Dr. Reddy’s Laboratories Ltd,NSEI
EICH,18108,Eicher Motors Ltd.,NSEI
GAIL,18137,GAIL Ltd,NSEI
GRAS,18156,Grasim Industries Ltd,NSEI
HCLT,18176,HCL Technologies Ltd,NSEI
HDBK,18177,HDFC Bank Ltd,NSEI
HROM,18179,Hero MotoCorp Ltd,NSEI
HALC,18187,Hindalco Industries Ltd.,NSEI
HPCL,18184,Hindustan Petroleum Corporation Ltd,NSEI
HLL,18185,Hindustan Unilever Ltd.,NSEI
HDFC,18191,Housing Development Finance Corporation Ltd,NSEI
ICBK,18198,ICICI Bank Ltd,NSEI
INBF,100254,Indiabulls Housing Finance Ltd,NSEI
IOC,18197,Indian Oil Corporation Ltd,NSEI
INBK,18215,IndusInd Bank Ltd.,NSEI
INFY,18217,Infosys Ltd,NSEI
ITC,18224,ITC Ltd,NSEI
KTKM,18260,Kotak Mahindra Bank Ltd.,NSEI
LART,18268,Larsen & Toubro Ltd,NSEI
LUPN,18270,Lupin Ltd,NSEI
MAHM,18273,Mahindra & Mahindra Ltd.,NSEI
MRTI,18277,Maruti Suzuki India Ltd.,NSEI
NTPC,18297,NTPC Ltd,NSEI
ONGC,18311,Oil And Natural Gas Corporation Ltd,NSEI
PGRD,18342,Power Grid Corporation of India Ltd,NSEI
RELI,18367,Reliance Industries Ltd,NSEI
SBI,18376,State Bank Of India,NSEI
SUN,18405,Sun Pharmaceutical Industries Ltd.,NSEI
TCS,18420,Tata Consultancy Services Ltd.,NSEI
TAMO,18425,Tata Motors Ltd,NSEI
TISC,18428,Tata Steel Ltd,NSEI
TEML,18429,Tech Mahindra Ltd,NSEI
TITN,18433,Titan Company Ltd,NSEI
ULTC,18445,UltraTech Cement Ltd,NSEI
UPLL,18450,UPL Ltd,NSEI
VDAN,18377,Vedanta Ltd,NSEI
WIPR,18467,Wipro Ltd,NSEI
YESB,18470,Yes Bank Ltd,NSEI
ZEE,18471,Zee Entertainment Enterprises Ltd.,NSEI
