BTCUSD,49799,Bitcoin US Dollar,Kraken,USD
BTCEUR,49800,Bitcoin Euro,Kraken,EUR
BTCCAD,1025081,Bitcoin Canadian Dollar,Kraken,CAD
BTCJPY,1010795,Bitcoin Japanese Yen,Kraken,JPY
USDTUSD,1031397,Tether US Dollar,Kraken,USD
ETHEUR,1001803,Ethereum Euro,Kraken,EUR
ETHUSD,997651,Ethereum US Dollar,Kraken,USD
ETHBTC,1010786,Ethereum Bitcoin,Kraken,BTC
ETHCAD,1001801,Ethereum Canadian Dollar,Kraken,CAD
ETHJPY,1001804,Ethereum Japanese Yen,Kraken,JPY
ETHGBP,1001802,Ethereum British Pound,Kraken,GBP
EOSETH,1024866,EOS Ethereum,Kraken,ETH
EOSBTC,1024865,EOS Bitcoin,Kraken,BTC
BCHEUR,1031085,Bitcoin Cash Euro,Kraken,EUR
BCHUSD,1031043,Bitcoin Cash US Dollar,Kraken,USD
BCHBTC,1031086,Bitcoin Cash Bitcoin,Kraken,BTC
XRPUSD,1010789,Ripple US Dollar,Kraken,USD
XRPEUR,1010788,Ripple Euro,Kraken,EUR
XRPBTC,1010787,Ripple Bitcoin,Kraken,BTC
LTCEUR,940810,Litecoin Euro,Kraken,EUR
LTCUSD,940811,Litecoin US Dollar,Kraken,USD
LTCBTC,1029166,Litecoin Bitcoin,Kraken,BTC
ETCEUR,1029167,Ethereum Classic Euro,Kraken,EUR
ETCUSD,1029169,Ethereum Classic US Dollar,Kraken,USD
ETCBTC,1029168,Ethereum Classic Bitcoin,Kraken,BTC
ETCETH,1029172,Ethereum Classic Ethereum,Kraken,ETH
DASHBTC,1010790,Dash Bitcoin,Kraken,BTC
DASHEUR,1010791,Dash Euro,Kraken,EUR
XLMBTC,1037018,Stellar Lumens Bitcoin,Kraken,BTC
ZECUSD,1029170,Zcash US Dollar,Kraken,USD
ZECBTC,1029171,Zcash Bitcoin,Kraken,BTC
ZECEUR,1029173,Zcash Euro,Kraken,EUR
XMREUR,1024869,Monero Euro,Kraken,EUR
XMRUSD,1024870,Monero US Dollar,Kraken,USD
XMRBTC,1024868,Monero Bitcoin,Kraken,BTC
