USDKWD,154,US Dollar Kuwaiti Dinar,Forex,KWD
CADKWD,1531,Canadian Dollar Kuwaiti Dinar,Forex,KWD
EURKWD,1654,Euro Kuwaiti Dinar,Forex,KWD
GBPKWD,1768,British Pound Kuwaiti Dinar,Forex,KWD
KWDGBP,1930,Kuwaiti Dinar British Pound,Forex,GBP
KWDPKR,1931,Kuwaiti Dinar Pakistani Rupee,Forex,PKR
AEDKWD,14472,UAE Dirham Kuwaiti Dinar,Forex,KWD
JODKWD,14480,Jordan Dinar Kuwaiti Dinar,Forex,KWD
JPYKWD,14483,Japanese Yen Kuwaiti Dinar,Forex,KWD
KWDAED,14487,Kuwaiti Dinar UAE Dirham,Forex,AED
KWDJOD,14488,Kuwaiti Dinar Jordan Dinar,Forex,JOD
KWDJPY,14489,Kuwaiti Dinar Japanese Yen,Forex,JPY
KWDSAR,14490,Kuwaiti Dinar Saudi Riyal,Forex,SAR
SARKWD,14491,Saudi Riyal Kuwaiti Dinar,Forex,KWD
KWDUSD,950994,Kuwaiti Dinar US Dollar,Forex,USD
KWDEUR,950995,Kuwaiti Dinar Euro,Forex,EUR
KWDTRY,997689,Kuwaiti Dinar Turkish Lira,Forex,TRY
KWDMYR,1035812,Kuwaiti Dinar Malaysian Ringgit,Forex,MYR
KWDCNY,1036846,Kuwaiti Dinar Chinese Yuan,Forex,CNY
SGDKWD,1037058,Singapore Dollar Kuwaiti Dinar,Forex,KWD
KWDSGD,1037059,Kuwaiti Dinar Singapore Dollar,Forex,SGD
