GCM6,8830,Gold Futures  - Jun 16,Commodity,USD
XAUUSD,68,Gold US Dollar,Commodity,USD
SIN6,8836,Silver Futures  - Jul 16,Commodity,USD
HGN6,8831,Copper Futures  - Jul 16,Commodity,USD
PLN6,8910,Platinum Futures  - Jul 16,Commodity,USD
PAM6,8883,Palladium Futures  - Jun 16,Commodity,USD
CLN6,8849,Crude Oil Futures  - Jul 16,Commodity,USD
LCON6,8833,Brent Oil Futures  - Jul 16,Commodity,USD
NGN6,8862,Natural Gas Futures  - Jul 16,Commodity,USD
HOM6,8988,Heating Oil Futures  - Jun 16,Commodity,USD
RBM6,954867,Gasoline RBOB Futures  - Jun 16,Commodity,USD
LGOM6,8861,London Gas Oil Futures  - Jun 16,Commodity,USD
MALc1,49768,Aluminum Futures  -,Commodity,USD
MZNc1,956470,Zinc Futures  -,Commodity,USD
LEADc1,959207,Lead Futures  -,Commodity,USD
NICKELc1,959208,Nickel Futures  -,Commodity,USD
MCUc1,959211,Copper Futures  -,Commodity,USD
TINc1,959209,Tin Futures  -,Commodity,USD
ZWN6,8917,US Wheat Futures  - Jul 16,Commodity,USD
LWBN6,8912,London Wheat Futures  - Jul 16,Commodity,USD
RRN6,13916,Rough Rice Futures  - Jul 16,Commodity,USD
ZCN6,8918,US Corn Futures  - Jul 16,Commodity,USD
ZSN6,8916,US Soybeans Futures  - Jul 16,Commodity,USD
ZLN6,8915,US Soybean Oil Futures  - Jul 16,Commodity,USD
ZMN6,8919,US Soybean Meal Futures  - Jul 16,Commodity,USD
CTN6,8851,US Cotton #2 Futures  - Jul 16,Commodity,USD
CCN6,8894,US Cocoa Futures  - Jul 16,Commodity,USD
LCCN6,8860,London Cocoa Futures  - Jul 16,Commodity,USD
KCN6,8832,US Coffee C Futures  - Jul 16,Commodity,USD
LRCN6,8911,London Robusta Coffee Futures  - Jul 16,Commodity,USD
SBN6,8869,US Sugar #11 Futures  - Jul 16,Commodity,USD
LSUQ6,8834,London Sugar Futures  - Aug 16,Commodity,USD
OJN6,8891,Orange Juice Futures  - Jul 16,Commodity,USD
LEM6,8914,Live Cattle Futures  - Jun 16,Commodity,USD
HEM6,8913,Lean Hogs Futures  - Jun 16,Commodity,USD
FCQ6,961618,Feeder Cattle Futures  - Aug 16,Commodity,USD
LBN6,959198,Lumber Futures  - Jul 16,Commodity,USD
Oc1,959199,Oats Futures  -,Commodity,USD
