XLF,40668,Financial Select Sector SPDR,,
SPY,525,SPDR S&P 500,,
EEM,505,iShares MSCI Emerging Markets,,
EWZ,509,iShares MSCI Brazil Capped,,
IAU,38181,iShares Gold,,
VXX,40671,iPath S&P 500 VIX Short-Term Futures Exp 30 Jan 2019,,
USO,44794,United States Oil,,
AMLP,45035,ALPS Alerian MLP,,
EFA,510,iShares MSCI EAFE,,
EMLC,38130,VanEck Vectors JP Morgan EM Local Currency Bd,,
XOP,38284,SPDR S&P Oil & Gas Exploration & Production,,
UVXY,40689,ProShares Ultra VIX Short-Term Futures,,
IWM,14202,iShares Russell 2000,,
XLU,45385,Utilities Select Sector SPDR,,
GDX,40681,VanEck Vectors Gold Miners,,
FXI,512,iShares China Large-Cap,,
XLE,40657,Energy Select Sector SPDR,,
XLP,40690,Consumer Staples Select Sector SPDR,,
BKLN,45254,PowerShares Senior Loan Portfolio,,
IEFA,44809,iShares Core MSCI EAFE,,
HYG,40650,iShares iBoxx $ High Yield Corporate Bond,,
XLK,45384,Technology Select Sector SPDR,,
VWO,40696,Vanguard FTSE Emerging Markets,,
JNK,40651,SPDR Barclays High Yield Bond,,
SCHP,45349,Schwab US TIPS,,
XLI,40670,Industrial Select Sector SPDR,,
IYR,514,iShares US Real Estate,,
XLV,40691,Health Care Select Sector SPDR,,
SHYG,941549,iShares 0-5 Year High Yield Corporate Bond,,
SVXY,40686,ProShares Short VIX Short-Term Futures,,
OIH,40683,VanEck Vectors Oil Services,,
VEA,44838,Vanguard FTSE Developed Markets,,
DWT,44797,VelocityShares 3x Inverse Crude linked to S&P GSCI Crude Oil Excess Return,,
SCHR,45340,Schwab Intermediate Term US Treasury,,
XBI,38293,SPDR S&P Biotech,,
IEMG,44875,iShares Core MSCI Emerging Markets,,
IJR,44501,iShares Core S&P Small-Cap,,
JNUG,941457,Direxion Daily Junior Gold Miners Bull 3X Shares,,
EWJ,37487,iShares MSCI Japan,,
VNQ,40699,Vanguard REIT,,
TZA,14216,Direxion Daily Small Cap Bear 3X Shares,,
XLY,40656,Consumer Discretionary Select Sector SPDR,,
DGAZ,44987,VelocityShares 3x Inverse Natural Gas linked to S&P GSCI Natural Gas Excess Return,,
BSV,14177,Vanguard Short-Term Bond,,
XLB,14226,Materials Select Sector SPDR,,
RSX,38174,VanEck Vectors Russia,,
EWI,40674,iShares MSCI Italy Capped,,
KRE,38281,SPDR S&P Regional Banking,,
XRT,38282,SPDR S&P Retail,,
INDA,44929,iShares MSCI India,,
GLD,9227,SPDR Gold Shares,,
AGG,503,iShares Core US Aggregate Bond,,
SLV,9236,iShares Silver,,
SMH,45118,VanEck Vectors Semiconductor,,
NUGT,44639,Direxion Daily Gold Miners Bull 3X Shares,,
LQD,40648,iShares iBoxx $ Investment Grade Corporate Bond,,
SPIB,45355,SPDR Barclays Intermediate Term Corporate Bond,,
GDXJ,40682,VanEck Vectors Junior Gold Miners,,
UWT,44798,VelocityShares 3x Long Crude linked to S&P GSCI Crude Oil Excess Return,,
SCHF,44825,Schwab International Equity,,
EWT,506,iShares MSCI Taiwan Capped,,
EZU,44686,iShares MSCI Eurozone,,
SPXU,14211,ProShares UltraPro Short S&P500,,
DBC,14178,PowerShares DB Commodity Tracking,,
DIA,504,SPDR Dow Jones Industrial Average,,
UUP,37471,PowerShares DB US Dollar Bullish,,
EWC,38184,iShares MSCI Canada,,
SOXS,45072,Direxion Daily Semiconductor Bear 3X Shares,,
EBND,37436,SPDR Barclays Emerging Markets Local Bond,,
EWW,8933,iShares MSCI Mexico Capped,,
IVV,518,ishares S&P 500,,
UPRO,14220,ProShares UltraPro S&P500,,
SPXL,14174,Direxion Daily S&P 500 Bull 3X Shares,,
TNA,14214,Direxion Daily Small Cap Bull 3X Shares,,
EWS,45018,iShares MSCI Singapore Capped,,
UCO,14218,ProShares Ultra Bloomberg Crude Oil,,
EWH,40661,iShares MSCI Hong Kong,,
TBT,14213,ProShares UltraShort 20+ Year Treasury,,
SDS,14210,ProShares UltraShort S&P500,,
VGK,40698,Vanguard FTSE Europe,,
SDOW,14209,ProShares UltraPro Short Dow 30,,
SPXS,14175,Direxion Daily S&P 500 Bear 3X Shares,,
BND,45423,Vanguard Total Bond Market,,
EFV,44814,iShares MSCI EAFE Value,,
XHB,38294,SPDR S&P Homebuilders,,
FEZ,38273,SPDR Euro Stoxx 50,,
VOO,38165,Vanguard S&P 500,,
EWY,511,iShares MSCI South Korea Capped,,
DXJ,44948,WisdomTree Japan Hedged Equity,,
VEU,44577,Vanguard FTSE All World ex US,,
UNG,9246,United States Natural Gas,,
DJP,44850,iPath Bloomberg Commodity Total Return Exp 12 June 2036,,
SCO,14208,ProShares UltraShort Bloomberg Crude Oil,,
KBE,38289,SPDR S&P Bank,,
DUST,44638,Direxion Daily Gold Miners Bear 3X Shares,,
BRZU,941478,Direxion Daily Brazil Bull 3X Shares,,
EWG,40658,iShares MSCI Germany,,
TIP,8941,iShares TIPS Bond,,
ERX,44542,Direxion Daily Energy Bull 3X Shares,,
BLV,40649,Vanguard Long-Term Bond,,
SH,45279,ProShares Short S&P500,,
SSO,14212,ProShares Ultra S&P500,,
EIDO,38129,iShares MSCI Indonesia,,
VTI,523,Vanguard Total Stock Market,,
FLOT,38137,iShares Floating Rate Bond,,
PGX,44565,PowerShares Preferred Portfolio,,
USMV,45172,iShares Edge MSCI Minimum Volatility,,
HEDJ,44842,WisdomTree Europe Hedged Equity,,
XME,9248,SPDR S&P Metals & Mining,,
FAZ,14193,Direxion Daily Financial Bear 3X Shares,,
LRGF,956216,iShares Edge MSCI Multifactor USA,,
FPE,941504,First Trust Preferred Securities And Income,,
QID,14206,ProShares UltraShort QQQ,,
DBA,40684,PowerShares DB Agriculture,,
ILF,44682,iShares Latin America 40,,
SJNK,45358,SPDR Barclays Short Term High Yield Bond,,
IJH,14200,iShares S&P Midcap 400,,
FAS,14192,Direxion Daily Financial Bull 3X Shares,,
SCHX,45345,Schwab US Large-Cap,,
BIL,45360,SPDR Barclays 1-3 Month T-Bill,,
PSQ,38262,ProShares Short QQQ,,
MDY,44558,SPDR S&P MidCap 400,,
EWU,40664,iShares MSCI United Kingdom,,
EWA,14191,iShares MSCI Australia,,
SCHE,44893,Schwab Emerging Markets Equity,,
BWX,44734,SPDR Barclays International Treasury Bond,,
ITOT,38141,iShares Core S&P Total US Stock Market,,
FLRN,45357,SPDR Barclays Invest Grade Floating Rate,,
AMJ,45192,JP Morgan Chase Alerian Exp 24 May 2024,,
IDV,38206,iShares International Select Dividend,,
QLD,14207,ProShares Ultra QQQ,,
IWF,44554,iShares Russell 1000 Growth,,
UGAZ,44988,VelocityShares 3x Long Natural Gas linked to S&P GSCI Natural Gas Excess Return,,
YINN,44766,Direxion Daily FTSE China Bull 3x Shares,,
GOVT,45136,iShares Core US Treasury Bond,,
ITB,45143,iShares US Home Construction,,
PXH,44886,PowerShares FTSE RAFI Emerging Markets,,
CMF,45185,iShares California AMT-Free Muni Bond,,
VYM,45410,Vanguard High Dividend Yield,,
SCHB,45343,Schwab US Broad Market,,
UDOW,14219,ProShares UltraPro Dow30,,
SPLV,45253,Powershares S&P 500 Low Volatility Portfolio,,
FXN,45095,First Trust Energy AlphaDEX,,
TMV,40652,Direxion Daily 20+ Year Treasury Bear 3X Shares,,
IWD,44603,iShares Russell 1000 Value,,
VIXY,40667,ProShares VIX Short-Term Futures,,
IWB,44602,iShares Russell 1000,,
VNM,37491,VanEck Vectors Vietnam,,
PCY,37437,PowerShares Emerging Markets Sovereign Debt,,
SOXL,45073,Direxion Daily Semiconductor Bull 3X Shares,,
DBEF,44802,Deutsche X-trackers MSCI EAFE Hedged Equity,,
ASHR,941434,Deutsche X-trackers Harvest CSI 300 China A-Shares,,
SPYG,45375,SPDR S&P 500 Growth,,
CWB,45354,SPDR Barclays Convertible Securities,,
PHB,45243,PowerShares amental High Yield Corporate Bond Portfolio,,
VTV,40700,Vanguard Value,,
FDN,45093,First Trust Dow Jones Internet,,
TMF,45061,Direxion Daily 20+ Year Treasury Bull 3X Shares,,
IWS,45180,iShares Russell Mid-Cap Value,,
EWM,38190,iShares MSCI Malaysia,,
EPI,44932,WisdomTree India Earnings,,
XES,38285,SPDR S&P Oil & Gas Equipment & Services,,
MUB,45187,iShares National AMT-Free Muni Bond,,
TWM,14215,ProShares UltraShort Russell2000,,
MLPA,44658,Global X MLP,,
VB,522,Vanguard Small-Cap,,
SCHM,45403,Schwab US Mid-Cap,,
DXD,14184,ProShares UltraShort Dow30,,
DBB,44715,PowerShares DB Base Metals,,
IYE,40673,iShares US Energy,,
EUM,44889,ProShares Short MSCI Emerging Markets,,
EWP,40663,iShares MSCI Spain Capped,,
GSG,515,iShares S&P GSCI Commodity-Indexed,,
DFJ,44947,WisdomTree Japan SmallCap Dividend,,
WEAT,45442,Teucrium Wheat,,
DBE,44717,PowerShares DB Energy,,
FNDA,941501,Schwab amental US Small Company,,
SCHD,45344,Schwab US Dividend Equity,,
FENY,941494,Fidelity MSCI Energy,,
SCHA,45348,Schwab US Small-Cap,,
MINT,38144,PIMCO Enhanced Short Maturity Active Exchange-Traded,,
TFI,45364,SPDR Nuveen Barclays Municipal Bond,,
RWX,44732,SPDR Dow Jones International Real Estate,,
MOO,38176,VanEck Vectors Agribusiness,,
EWQ,40660,iShares MSCI France,,
FTEC,941506,Fidelity MSCI Information Technology,,
HACK,956181,PureFunds ISE Cyber Security,,
DOG,45272,ProShares Short Dow30,,
HYS,45206,PIMCO 0-5 Year High Yield Corporate Bond,,
SGOL,40655,ETFS Physical Swiss Gold Shares,,
EWL,45027,iShares MSCI Switzerland Capped,,
BSCM,941483,Guggenheim BulletShares 2022 Corporate Bond,,
NHF,44973,NexPoint Credit Strategies,,
QDF,941543,FlexShares Quality Dividend,,
KWEB,941591,KraneShares CSI China Internet,,
EZA,44491,iShares MSCI South Africa,,
IVE,40679,iShares S&P 500 Value,,
IWN,44604,iShares Russell 2000 Value,,
EMLP,44648,First Trust North American Energy Infrastructure,,
MTUM,941534,iShares Edge MSCI USA Momentum Factor,,
NEAR,941536,iShares Short Maturity Bond,,
VGT,45412,Vanguard Information Technology,,
VUG,40697,Vanguard Growth,,
PXF,44820,PowerShares FTSE RAFI Developed Markets ex-US,,
ERY,44543,Direxion Daily Energy Bear 3X Shares,,
IHY,44696,VanEck Vectors International High Yield Bond,,
IVW,45184,iShares S&P 500 Growth,,
SJB,45274,ProShares Short High Yield,,
VIG,40695,Vanguard Dividend Appreciation,,
EFAV,44811,iShares Edge MSCI Minimum Volatility EAFE,,
TAN,9242,Guggenheim Solar,,
GREK,44914,Global X FTSE Greece 20,,
SCHH,45010,Charles Schwab US REIT,,
IEV,44497,iShares Europe,,
GLTR,38139,ETFS Physical Precious Metal Basket Shares,,
FNDC,941444,Schwab amental Intl Small Company,,
RSP,44599,Guggenheim Invest S&P 500 Equal Weight,,
FCG,38235,First Trust ISE-Revere Natural Gas,,
JDST,941456,Direxion Daily Junior Gold Miners Bear 3X Shares,,
IEO,38215,iShares US Oil & Gas Exploration & Production,,
VT,38224,Vanguard Total World Stock,,
FNDX,941503,Schwab amental US Large Company,,
DBP,44718,PowerShares DB Precious Metals,,
BIV,14176,Vanguard Intermediate-Term Bond,,
HEZU,956182,iShares Currency Hedged MSCI Eurozone,,
SPLG,941539,SPDR Russell 1000,,
FM,44885,MSCI Frontier 100,,
ECH,14186,iShares MSCI Chile Capped,,
EPOL,38133,iShares MSCI Poland Capped,,
SPTM,38290,SPDR Russell 3000,,
FVD,45105,First Trust Value Line Dividend,,
PSLV,40694,Sprott Physical Silver,,
HYD,14196,VanEck Vectors High-Yield Municipal,,
KIE,38288,SPDR S&P Insurance,,
IAT,44550,iShares US Regional Banks,,
SDY,38286,SPDR S&P Dividend,,
SPSB,45386,SPDR Barclays Short Term Corporate Bond,,
IWO,14203,iShares Russell 2000 Growth,,
IWV,45175,iShares Russell 3000,,
IGV,45150,iShares North American Tech-Software,,
SPHD,45338,PowerShares S&P 500 High Div Low Volatility Portfolio,,
FNDF,941446,Schwab amental Intl Large Company,,
IAI,38214,iShares US Broker Dealers and Securities Exchanges,,
FDIS,941493,Fidelity MSCI Consumer Discretionary,,
VXF,45407,Vanguard Extended Market,,
BNO,44634,United States Brent Oil,,
DDM,14179,ProShares Ultra Dow30,,
EWN,38189,iShares MSCI Netherlands,,
VFH,45408,Vanguard Financials,,
REM,45003,iShares Mortgage Real Estate Capped,,
CORN,44788,Teucrium Corn,,
FIDU,941496,Fidelity MSCI Industrials,,
IYF,45139,iShares US Financials,,
LIT,44657,Global X Lithium,,
SPAB,45353,SPDR Barclays Aggregate Bond,,
SPDW,44740,SPDR S&P World ex US,,
VO,45414,Vanguard Mid-Cap,,
FNDE,941445,Schwab amental EM Large Company,,
SCHZ,45342,Schwab US Aggregate Bond,,
PBP,45440,PowerShares S&P 500 BuyWrite Portfolio,,
EDZ,14188,Direxion Daily Emerging Markets Bear 3X Shares,,
IYZ,38198,iShares US Telecommunications,,
IWP,45179,iShares Russell Mid-Cap Growth,,
VDE,45405,Vanguard Energy,,
RWM,45278,ProShares Short Russell2000,,
SHM,45366,SPDR Nuveen Barclays Short Term Municipal Bond,,
FXO,45096,First Trust Financial AlphaDEX,,
URA,44662,Global X Uranium,,
SCHO,45341,Schwab Short Term US Treasury,,
FNCL,941500,Fidelity MSCI Financials,,
EPU,40662,iShares MSCI All Peru Capped,,
SRLN,941556,SPDR Blackstone/GSO Senior Loan,,
EGPT,38128,VanEck Vectors Egypt,,
IYT,40672,iShares Transportation Average,,
MLPI,45081,UBS E-TRACS Alerian MLP Infrastructure Exp 02 Apr 2040,,
SCHG,45346,Schwab US Large-Cap Growth,,
PHYS,40693,Sprott Physical Gold,,
EUO,37583,ProShares UltraShort Euro,,
GASL,45068,Direxion Daily Natural Gas Related Bull 3X Shares,,
THD,9243,iShares MSCI Thailand Capped,,
DBEU,941466,Deutsche X-trackers MSCI Europe Hedged Equity,,
VBR,44576,Vanguard Small-Cap Value,,
SDIV,44660,Global X SuperDividend,,
EEMS,44884,iShares MSCI Emerging Markets Small-Cap,,
MORL,44996,UBS E-TRACS Monthly Pay 2xLeveraged Mortgage REIT,,
FXE,38232,Guggenheim CurrencyShares Euro,,
SRTY,45396,ProShares UltraPro Short Russell2000,,
SPTL,45363,SPDR Barclays Long Term Treasury,,
DBJP,44938,Deutsche X-trackers MSCI Japan Hedged Equity,,
TBF,45269,ProShares Short 20+ Yr Treasury,,
RJI,44846,Rogers International Commodity Total Return,,
TOTL,956191,SPDR DoubleLine Total Return Tactical,,
ANGL,45194,VanEck Vectors Fallen Angel High Yield Bond,,
QUAL,941545,iShares Edge MSCI USA Quality Factor,,
ITM,45201,VanEck Vectors AMT-Free Intermediate Municipal,,
FHLC,941495,Fidelity MSCI Health Care,,
GRES,44673,IQ Global Resources,,
DEM,40666,WisdomTree Emerging Markets High Dividend,,
TECL,45071,Direxion Daily Technology Bull 3X Shares,,
NOBL,941538,ProShares S&P 500 Dividend Aristocrats,,
SCHC,44826,Schwab International Small-Cap Equity,,
SPEM,38276,SPDR S&P Emerging Markets,,
RODM,956186,Hartford Multifactor Developed Markets ex US,,
FLTR,45195,VanEck Vectors-Investment Grade Floating Rate,,
GSY,45107,Guggenheim Enhanced Short Duration,,
SPSM,941563,SPDR Russell 2000,,
XHE,45379,SPDR S&P Health Care Equipment,,
VOE,38171,Vanguard Mid-Cap Value,,
UDN,38259,PowerShares DB US Dollar Bearish,,
OEF,38191,iShares S&P 100,,
RUSL,45013,Direxion Daily Russia Bull 3X Shares,,
PPA,45219,PowerShares Aerospace & Defense,,
FXD,38237,First Trust Consumer Discretionary AlphaDEX,,
UYG,45284,ProShares Ultra Financials,,
HDV,45152,iShares Core High Dividend,,
VHT,45409,Vanguard Health Care,,
ERUS,38134,iShares MSCI Russia Capped,,
RYT,45332,Guggenheim Invest S&P 500 Equal Weight Technology,,
FXR,38239,First Trust Industrials/Producer Durables AlphaDEX,,
IBDK,956207,iShares iBonds Dec 2019 Corporate,,
EDC,14187,Direxion Daily Emerging Markets Bull 3X Shares,,
GXG,44784,Global X MSCI Colombia,,
SCHV,45347,Schwab US Large-Cap Value,,
ITA,38213,iShares US Aerospace & Defense,,
VV,45413,Vanguard Large-Cap,,
DON,45430,WisdomTree MidCap Dividend,,
EPHE,38132,iShares MSCI Philippines,,
SPMD,941547,SPDR Russell Small Cap Completeness,,
PGF,45238,PowerShares Financial Preferred,,
FXL,38241,First Trust Technology AlphaDEX,,
EPP,508,iShares MSCI Pacific ex Japan,,
IYW,38199,iShares US Technology,,
EWD,45025,iShares MSCI Sweden Capped,,
TECS,45070,Direxion Daily Technology Bear 3X Shares,,
IHI,45146,iShares US Medical Devices,,
GNR,44737,SPDR S&P Global Natural Resources,,
DBO,44792,PowerShares DB Oil,,
TDTT,45121,FlexShares iBoxx 3-Year Target Duration TIPS,,
CWI,44735,SPDR MSCI ACWI ex-US,,
RWO,44741,SPDR Dow Jones Global Real Estate,,
RWR,45009,SPDR Dow Jones REIT,,
GUNR,44701,FlexShares Morningstar Global Upstream Natural Resources,,
HDGE,45032,Ranger Equity Bear,,
IWR,44605,iShares Russell Mid-Cap,,
SMLF,956214,iShares Edge MSCI Multifactor USA Small-Cap,,
FXZ,38240,First Trust Materials AlphaDEX,,
FREL,956190,Fidelity MSCI Real Estate,,
ICF,44524,iShares Cohen & Steers REIT,,
VPL,38164,Vanguard FTSE Pacific,,
VBK,38225,Vanguard Small-Cap Growth,,
BSCK,45055,Guggenheim BulletShares 2020 Corporate Bond,,
DWX,44536,SPDR S&P International Dividend,,
EMHY,44876,iShares Emerging Markets High Yield Bond,,
ITE,45362,SPDR Barclays Intermediate Term Treas,,
RDIV,941546,Oppenheimer Ultra Dividend Revenue,,
IJS,38203,iShares S&P Small-Cap 600 Value,,
SPYV,38150,SPDR S&P 500 Value,,
DBL,949552,Doubleline Opportunistic Credit,,
EEMV,44881,iShares Edge MSCI Minimum Volatility Emerging Markets,,
VPU,38168,Vanguard Utilities,,
SGDJ,956212,ALPS Sprott Junior Gold Miners,,
EDIV,38127,SPDR S&P Emerging Markets Dividend,,
VOT,38172,Vanguard Mid-Cap Growth,,
VLUE,941569,iShares Edge MSCI USA Value Factor,,
XSLV,941572,PowerShares S&P SmallCap Low Volatility Portfolio,,
PRF,45239,PowerShares FTSE RAFI US 1000 Portfolio,,
NIB,44781,iPath Bloomberg Cocoa Subindex Total Return Exp 24 June 2038,,
HYEM,44882,VanEck Vectors Emerging Markets High Yield Bond,,
FDD,44642,First Trust STOXX European Select Dividend,,
NML,941537,Neuberger Berman MLP Income Fund Inc,,
EUSC,949551,WisdomTree Europe Hedged SmallCap Equity,,
IXC,520,iShares Global Energy,,
VDC,38296,Vanguard Consumer Staples,,
DRV,14182,Direxion Daily Real Estate Bear 3X Shares,,
DES,45434,WisdomTree SmallCap Dividend,,
VIS,45411,Vanguard Industrials,,
FDM,45094,First Trust Dow Jones Select MicroCap,,
YMLP,44755,VanEck Vectors High Income MLP,,
IWC,45178,iShares Micro-Cap,,
BSCI,45052,Guggenheim BulletShares 2018 Corporate Bond,,
BSCJ,45054,Guggenheim BulletShares 2019 Corporate Bond,,
IJJ,38197,iShares S&P Mid-Cap 400 Value,,
DGL,44908,PowerShares DB Gold,,
IBDO,956210,iShares iBonds Dec 2023 Corporate,,
SIL,44728,Global X Silver Miners,,
MINC,941530,Newfleet Multi-Sector Income,,
STIP,45133,iShares 0-5 Year TIPS Bond,,
SLYV,45377,SPDR S&P 600 Small Cap Value,,
VXZ,37551,iPath S&P 500 VIX Mid Term Futures Exp 30 Jan 2019,,
YANG,44765,Direxion Daily FTSE CHINA Bear 3x Shares,,
MLPX,941532,Global X MLP & Energy Infrastructure,,
IGM,45151,iShares North American Tech,,
BOND,45390,PIMCO Total Return Active Exchange-Traded,,
USCI,44863,United States Commodity,,
GWX,38278,SPDR S&P International Small Cap,,
TDTF,45122,FlexShares iBoxx 5-Year Target Duration TIPS,,
DRN,14181,Direxion Daily Real Estate Bull 3X Shares,,
MGK,38222,Vanguard Mega Cap Growth,,
FDL,38170,First Trust Morningstar Dividend Leaders,,
LTPZ,38142,PIMCO 15+ Year US TIPS Exchange-Traded,,
VOX,38166,Vanguard Telecommunication Services,,
XMLV,941571,PowerShares S&P MidCap Low Volatility Portfolio,,
UWM,14222,ProShares Ultra Russell2000,,
IJK,45186,iShares S&P Mid-Cap 400 Growth,,
BAB,45041,PowerShares Build America Bond Port,,
QAI,13085,IQ Hedge Multi-Strategy Tracker,,
BOIL,44983,ProShares Ultra Bloomberg Natural Gas,,
VSS,44578,Vanguard FTSE All-World ex-US Small-Cap,,
BSJJ,941484,Guggenheim Invest BulletShares 2019 High Yield Corporate Bond,,
DSUM,44764,PowerShares Chinese Yuan Dim Sum Bond Portfolio,,
BSJK,941485,Guggenheim Invest BulletShares 2020 High Yield Corporate Bond,,
IBDM,956208,iShares iBonds Dec 2021 Corporate,,
TTT,45394,ProShares UltraPro Short 20+ Year Treasury,,
GVI,45154,iShares Intermediate Govt/Credit Bond,,
URTY,45393,ProShares UltraPro Russell2000,,
SDOG,45037,ALPS Sector Dividend Dogs,,
PZA,38260,PowerShares National AMT-Free Municipal Bond Portfolio,,
AGQ,14173,ProShares Ultra Silver,,
ECON,44869,Columbia Emerging Markets Consumer,,
IWL,45181,iShares Russell Top 200,,
IYG,45140,iShares US Financial Services,,
IBDN,956209,iShares iBonds Dec 2022 Corporate,,
PFXF,45198,VanEck Vectors Preferred Securities ex Financials,,
GCC,44848,WisdomTree Continuous Commodity,,
IXN,44691,iShares Global Tech,,
CURE,45064,Direxion Daily Healthcare Bull 3X Shares,,
BSCL,941482,Guggenheim BulletShares 2021 Corporate Bond,,
SCJ,38186,iShares MSCI Japan Small-Cap,,
VAW,38167,Vanguard Materials,,
EFG,44813,iShares MSCI EAFE Growth,,
EELV,44888,PowerShares S&P Emerging Markets Low Volatility,,
SPHQ,45339,PowerShares S&P 500 High Quality,,
VOOG,45415,Vanguard S&P 500 Growth,,
FXH,45097,First Trust Health Care AlphaDEX,,
RPG,45323,Guggenheim Invest S&P 500 Pure Growth,,
XSD,38292,SPDR S&P Semiconductor,,
PCEF,45056,PowerShares CEF Income Composite Portfolio,,
DGS,44899,WisdomTree Emerging Markets SmallCap Dividend,,
IQDF,941454,FlexShares International Quality Dividend,,
CHAU,956215,Direxion Daily CSI 300 China A Share Bull 2X Shares,,
EES,45432,WisdomTree SmallCap Earnings,,
DUG,45301,ProShares UltraShort Oil and Gas,,
PSI,45234,PowerShares Dynamic Semiconductors,,
REMX,38146,VanEck Vectors Rare Earth/Strategic Metals,,
WIP,38280,SPDR Citi International Government Inflation-Protected Bond,,
PGAL,941468,Global X MSCI Portugal,,
FMAT,941499,Fidelity MSCI Materials,,
FUTY,941508,Fidelity MSCI Utilities,,
MUA,949539,BlackRock MuniAssets Closed Fund,,
BDCL,45079,UBS E-TRACS 2xLeveraged Long Wells Fargo Business Development Company,,
FBT,45091,First Trust NYSE Arca Biotechnology,,
PXE,45226,PowerShares Dynamic Energy Exploration & Production Portfolio,,
XPH,38283,SPDR S&P Pharmaceuticals,,
DIG,44574,ProShares Ultra Oil & Gas,,
PFIG,45240,PowerShares mntl Invest Grade Corp Bond Portfolio,,
IGE,45188,iShares North American Natural Resources,,
JXI,44693,iShares Global Utilities,,
SPLB,45367,SPDR Barclays Long Term Corporate Bond,,
PGHY,941460,PowerShares Global Short Term High Yield Bond Portfolio,,
FXC,37469,Guggenheim CurrencyShares Canadian Dollar,,
MIDU,45066,Direxion Daily Mid Cap Bull 3X Shares,,
DSI,45155,iShares MSCI KLD 400 Social,,
CHIQ,38122,Global X China Consumer,,
LEMB,44877,iShares Emerging Markets Local Currency Bond,,
FXG,38238,First Trust Consumer Staples AlphaDEX,,
SUB,45190,iShares Short-Term National AMT-Free Muni Bond,,
BWZ,44730,SPDR Barclays Short Term Intl Treasury Bond,,
PXMG,45262,PowerShares Russell Midcap Pure Growth,,
XRLV,956219,PowerShares S&P 500 ex-Rate Sensitive Low Volatility Portfolio,,
AOR,44963,iShares Core Growth Allocation,,
AOM,38217,iShares Core Moderate Allocation,,
DIV,941488,Global X SuperDividend US,,
XAR,45378,SPDR S&P Aerospace & Defense,,
EWO,38182,iShares MSCI Austria Capped,,
SIZE,941552,iShares Edge MSCI USA Size Factor,,
JPIN,945819,JPMorgan Diversified Return International Equity,,
CQQQ,44773,Guggenheim Invest China Technology,,
IXG,44689,iShares Global Financials,,
MOAT,45196,VanEck Vectors Morningstar Wide Moat,,
GASX,45067,Direxion Daily Natural Gas Related Bear 3X Shares,,
MGV,38223,Vanguard Mega Cap Value,,
FXY,14194,Guggenheim CurrencyShares Japanese Yen,,
SIVR,44582,ETFS Physical Silver Shares,,
HYMB,45371,SPDR Nuveen S&P High Yield Municipal Bond,,
PSP,45250,PowerShares Global Listed Private Equity,,
EZM,45431,WisdomTree MidCap Earnings,,
COPX,44650,Global X Copper Miners,,
LBJ,44640,Direxion Daily Latin America Bull 3X Shares,,
ALD,44746,WisdomTree Asia Local Debt,,
RPV,45324,Guggenheim Invest S&P 500 Pure Value,,
VCR,38295,Vanguard Consumer Discretionary,,
GHYG,44810,iShares Global High Yield Corporate Bond,,
VIOO,45420,Vanguard S&P Small Cap 600,,
IYM,44557,iShares US Basic Materials,,
EWX,44896,SPDR S&P Emerging Markets Small Cap,,
ACWV,44685,iShares Edge MSCI Minimum Volatility Global,,
PWV,38257,PowerShares Dynamic Large Cap Value,,
BSJI,45053,Guggenheim Invest BulletShares 2018 High Yield Corporate Bond,,
DFE,44750,WisdomTree Europe SmallCap Dividend,,
RUSS,45012,Direxion Daily Russia Bear 3X Shares,,
IDX,38180,VanEck Vectors Indonesia,,
ACIM,37514,SPDR MSCI ACWI IMI,,
MXI,44690,iShares Global Materials,,
INCO,44926,Columbia India Consumer,,
GXC,38275,SPDR S&P China,,
USD,45291,ProShares Ultra Semiconductors,,
IEZ,45147,iShares US Oil Equipment & Services,,
USRT,45004,iShares Real Estate 50,,
SPTS,941557,SPDR Barclays Short Term Treasury,,
PST,45297,ProShares UltraShort 7-10 Year Treasury,,
FRI,44998,First Trust S&P REIT,,
ROM,45293,ProShares Ultra Technology,,
ULE,38265,ProShares Ultra Euro,,
EFNL,44900,iShares MSCI Finland Capped,,
UBT,14217,ProShares Ultra 20+ Year Treasury,,
KOLD,44984,ProShares UltraShort Bloomberg Natural Gas,,
INDL,44925,Direxion Daily MSCI India Bull 3X Shares,,
AOA,44961,iShares Core Aggressive Allocation,,
DLS,44752,WisdomTree International SmallCap Dividend,,
SPFF,45389,Global X SuperIncome Preferred,,
SEA,44663,Guggenheim Invest Shipping,,
MNA,44674,IQ Merger Arbitrage,,
IDLV,44808,PowerShares S&P Intl Developed Low Volatility Portfolio,,
SMB,45200,VanEck Vectors AMT-Free Short Municipal,,
SILJ,941550,PureFunds ISE Junior Silver,,
ATMP,956176,Barclays ETN Plus Select MLP,,
EDV,45406,Vanguard Extended Duration,,
IPFF,44816,iShares International Preferred Stock,,
HUSE,45120,US Market Rotation Strategy,,
IBMH,941523,iShares iBonds Sep 2019 AMT-Free Muni Bond,,
SMIN,44930,iShares MSCI India Small-Cap,,
FGD,38243,First Trust Dow Jones Global Select Dividend,,
FXF,38231,Guggenheim CurrencyShares Swiss Franc,,
IDU,38196,iShares US Utilities,,
TBX,45271,ProShares Short 7-10 Year Treasury,,
AMU,45080,UBS E-TRACS Alerian MLP,,
STPZ,45207,PIMCO 1-5 Year US TIPS Exchange-Traded,,
GVAL,949540,Cambria Global Value,,
CSM,45267,ProShares Large Cap Core Plus,,
LGLV,941529,SPDR Russell 1000 Low Volatility,,
SCIF,38148,VanEck Vectors India Small-Cap,,
MLN,45202,VanEck Vectors AMT-Free Long Municipal,,
DHS,45427,WisdomTree High Dividend,,
IBDP,956211,iShares iBonds Dec 2024 Corporate,,
FSTA,941505,Fidelity MSCI Consumer Staples,,
EPS,45426,WisdomTree Earnings 500,,
FXU,38242,First Trust Utilities AlphaDEX,,
AOK,44962,iShares Core Conservative Allocation,,
PICK,44704,iShares MSCI Global Metals & Mining Producers,,
IYH,45141,iShares US Healthcare,,
ARGT,44620,Global X MSCI Argentina,,
MVV,45287,ProShares Ultra MidCap400,,
TIPX,941561,SPDR Barclays 1-10 Year TIPS,,
IMTM,956189,iShares Edge MSCI International Momentum Factor,,
IPE,38178,SPDR Barclays Tips,,
HYLD,37438,Peritus High Yield,,
DLN,45428,WisdomTree LargeCap Dividend,,
SLY,38291,SPDR S&P 600 Small Cap,,
NGE,941459,Global X MSCI Nigeria,,
REZ,45001,iShares Residential Real Estate Capped,,
DVYE,44879,iShares Emerging Markets Dividend,,
RETL,45069,Direxion Daily Retail Bull 3X Shares,,
ELD,44898,WisdomTree Emerging Markets Local Debt,,
RWL,45314,Oppenheimer Large Cap Revenue,,
ENOR,44990,iShares MSCI Norway Capped,,
SLYG,45376,SPDR S&P 600 Small Cap Growth,,
FPX,45098,First Trust US IPO,,
UCI,44862,UBS E-TRACS Bloomberg CMCI,,
FAN,44645,First Trust ISE Global Wind Energy,,
FEU,38272,SPDR Stoxx Europe 50,,
IGN,45149,iShares North American Tech-Multimedia Networking,,
IWY,45182,iShares Russell Top 200 Growth,,
CVY,45113,Guggenheim Invest Multi-Asset Income,,
IYLD,44960,iShares Morningstar Multi-Asset Income,,
IYK,38201,iShares US Consumer Goods,,
TLTD,44818,FlexShares Morningstar Dev Mkts exUS Factors Tilt,,
RYF,45328,Guggenheim Invest S&P 500 Equal Weight Financials,,
TYO,45059,Direxion Daily 7-10 Year Treasury Bear 3X Shares,,
RHS,45326,Guggenheim Invest S&P 500 Equal Weight Consumer Staples,,
PWB,45216,PowerShares Dynamic Large Cap Growth,,
IGHG,941526,ProShares Investment Grade-Interest Rate Hedged,,
XMPT,45197,VanEck Vectors CEF Municipal Income,,
IBND,44729,SPDR Barclays International Corporate Bond,,
ACWF,956217,iShares Edge MSCI Multifactor Global,,
SUSA,45156,iShares MSCI USA ESG Select,,
MDYV,45374,SPDR S&P 400 Mid Cap Value,,
EIS,44934,iShares MSCI Israel Capped,,
SRS,38271,ProShares UltraShort Real Estate,,
KOL,9230,VanEck Vectors Coal,,
IVOO,45417,Vanguard S&P Mid Cap 400,,
IXJ,38193,iShares Global Healthcare,,
VOOV,45416,Vanguard S&P 500 Value,,
BKF,38187,iShares MSCI BRIC,,
MGC,38161,Vanguard Mega Cap,,
DWM,44839,WisdomTree International Equity,,
RIGS,941462,ALPS RiverFront Strategic Income,,
BIZD,941481,VanEck Vectors BDC Income,,
GSP,44853,iPath GSCI Total Return Exp 12 Jun 2036,,
PSJ,45235,PowerShares Dynamic Software,,
PALL,44991,ETFS Physical Palladium Shares,,
EWK,38183,iShares MSCI Belgium Capped,,
QQQE,45074,Direxion NASDAQ-100 Equal Weighted Shares,,
BFOR,941480,ALPS Barron’s 400,,
KCE,38287,SPDR S&P Capital Markets,,
DOL,44843,WisdomTree Intenational LargeCap Dividend,,
UGL,40687,ProShares Ultra Gold,,
IBDC,941520,iShares iBonds Mar 2020 Corporate,,
FIW,44646,First Trust ISE Water,,
CUT,44664,Guggenheim MSCI Global Timber,,
KNOW,941528,Direxion All Cap Insider Sentiment Shares,,
RJA,44724,Rogers International Commodity Agriculture Total Return,,
SPHB,45252,Powershares S&P 500 High Beta Portfolio,,
PWZ,45244,PowerShares California AMT-Free Municipal Bond Portfolio,,
BZQ,44632,ProShares UltraShort MSCI Brazil Capped,,
IBMG,941522,iShares iBonds Sep 2018 AMT-Free Muni Bond,,
PIN,44931,PowerShares India Portfolio,,
PJP,45217,PowerShares Dynamic Pharmaceuticals,,
HDG,44922,ProShares Hedge Replication,,
IYY,38202,iShares Dow Jones US,,
FRN,45110,Guggenheim Invest Frontier Markets,,
NFRA,941458,FlexShares STOXX Global Broad Infrastructure,,
FXA,38230,Guggenheim CurrencyShares Australian Dollar,,
GYLD,44637,Arrow Dow Jones Global Yield,,
WPS,44815,iShares International Developed Property,,
FVL,45104,First Trust Value Line 100 Exchange-Traded,,
PKB,45222,PowerShares Dynamic Building & Construction,,
MORT,45005,VanEck Vectors Mortgage REIT Income,,
CGW,44667,Guggenheim Invest S&P Global Water,,
RLY,44976,SPDR SSgA Multi-Asset Real Return,,
IDOG,941450,ALPS Internatl Sector Dividends Dogs,,
IVOV,45419,Vanguard S&P Mid Cap 400 Value,,
VIOG,45421,Vanguard S&P Small Cap 600 Growth,,
NYF,45189,iShares New York AMT-Free Muni Bond,,
DRW,38301,WisdomTree Global ex-US Real Estate,,
PSK,45387,SPDR Wells Fargo Preferred Stock,,
SLVP,44705,iShares MSCI Global Silver Miners,,
CORP,45212,PIMCO Investment Grade Corporate Bond,,
MDYG,45373,SPDR S&P 400 Mid Cap Growth,,
ILTB,45137,iShares Core 10Y US Bond,,
RZG,45336,Guggenheim Invest S&P SmallCap 600 Pure Growth,,
EEMO,44892,PowerShares S&P Emerging Markets Momentum Portfolio,,
IHF,45142,iShares US Healthcare Providers,,
CLY,45126,iShares 10+ Year Credit Bond,,
FXB,38229,Guggenheim CurrencyShares British Pound Sterling,,
PDN,44824,PowerShares FTSE RAFI Developed Markets ex-US Small-Mid Portfolio,,
DEF,45108,Guggenheim Invest Defensive Equity,,
MUNI,45211,PIMCO Intermediate Municipal Bond Active,,
RYE,45327,Guggenheim Invest S&P 500 Equal Weight Energy,,
TLH,45157,iShares 10-20 Year Treasury Bond,,
PPLT,44992,ETFS Physical Platinum Shares,,
TAO,44995,Guggenheim Invest China Real Estate,,
GMF,38274,SPDR S&P Emerging Asia Pacific,,
UGA,44901,United States Gasoline,,
SLX,9237,VanEck Vectors Steel,,
IYJ,45144,iShares US Industrials,,
XNTK,45369,SPDR Morgan Stanley Technology,,
TLTE,44883,FlexShares Morningstar Emerging Markets Factors Tilt,,
PICB,44719,PowerShares International Corporate Bond,,
RGI,45330,Guggenheim Invest S&P 500 Equal Weight Industrials,,
NORW,44989,Global X MSCI Norway,,
SMDV,956185,ProShares Russell 2000 Dividend Growers,,
EXI,38210,iShares Global Industrials,,
IXP,44692,iShares Global Telecom,,
AADR,44745,WCM/BNY Mellon Focused Growth ADR,,
IOO,44500,iShares Global 100,,
FCOM,941492,Fidelity MSCI Telecommunications Services,,
USL,44793,United States 12 Month Oil,,
GAL,44974,SPDR SSgA Global Allocation,,
UHN,38220,United States Diesel-Heating Oil,,
XTN,45383,SPDR S&P Transportation,,
EUSA,45171,iShares MSCI USA Equal Weighted,,
GHII,956199,Guggenheim S&P High Income Infrastructure,,
RTH,38169,VanEck Vectors Retail,,
PBW,44708,PowerShares WilderHill Clean Energy,,
URTH,38156,iShares MSCI World,,
SSG,45303,ProShares UltraShort Semiconductors,,
DIM,44844,WisdomTree International MidCap Dividend,,
RWJ,45316,Oppenheimer Small Cap Revenue,,
IWX,45183,iShares Russell Top 200 Value,,
DTN,45425,Wisdom Tree Dividend Ex-Financials,,
RTM,45331,Guggenheim Invest S&P 500 Equal Weight Materials,,
CMBS,45135,iShares CMBS,,
EEV,44897,ProShares UltraShort MSCI Emerging Markets,,
CEMB,44878,iShares Emerging Markets Corporate Bond,,
VIOV,45422,Vanguard S&P Small Cap 600 Value,,
DPK,44803,Direxion Daily Developed Markets Bear 3X,,
FNI,38234,First Trust ISE Chindia,,
IQDE,941453,FlexShares International Quality Dividend Defensive,,
EWUS,45030,iShares MSCI United Kingdom Small-Cap,,
KORU,941441,Direxion Daily South Korea Bull 3X Shares,,
CZA,45112,Guggenheim Invest Mid-Cap Core,,
DAG,44711,DB Agriculture Double Long Exp 01 Apr 2038,,
IYC,38195,iShares US Consumer Services,,
PXJ,38256,PowerShares Dynamic Oil & Gas Services,,
FINU,45296,ProShares UltraPro Financial Select Sector,,
MBG,45368,SPDR Barclays Mortgage Backed Bond,,
TYNS,941433,Direxion Daily 7-10 Year Treasury Bear 1X Shares,,
GURU,44661,Global X Guru,,
URE,14221,ProShares Ultra Real Estate,,
XSW,45381,SPDR S&P Software & Services,,
XLG,45322,Guggenheim S&P 500 Top 50,,
SCIN,44928,Columbia India Small Cap,,
IVOG,45418,Vanguard S&P Mid Cap 400 Growth,,
KXI,38211,iShares Global Consumer Staples,,
JPEM,956188,JPMorgan Diversified Return Emerging Markets Equity,,
JKK,45169,iShares Morningstar Small-Cap Growth,,
FNDB,941502,Schwab amental US Broad Market,,
RXI,38212,iShares Global Consumer Discretionary,,
CHIX,44768,Global X China Financials,,
SOYB,45793,Teucrium Soybean,,
AGZ,45134,iShares Agency Bond,,
DTH,44840,WisdomTree International High Dividend,,
RYH,45329,Guggenheim Invest S&P 500 Equal Weight Health Care,,
INXX,44927,Columbia India Infrastructure,,
WDIV,941465,SPDR S&P Global Dividend,,
HAO,44772,Guggenheim Invest China Small Cap,,
FXP,44776,ProShares UltraShort FTSE China 50,,
PBS,45231,PowerShares Dynamic Media,,
DNO,44795,United States Short Oil,,
ICOL,941448,iShares MSCI Colombia Capped,,
PBD,44505,PowerShares Global Clean Energy,,
EDEN,44800,iShares MSCI Denmark Capped,,
AFTY,956205,CSOP FTSE China A50,,
PEX,941540,ProShares Global Listed Private Equity,,
EIRL,44949,iShares MSCI Ireland,,
ZSL,14227,ProShares UltraShort Silver,,
EPV,44721,ProShares UltraShort FTSE Europe,,
QDYN,941544,FlexShares Quality Dividend Dynamic,,
SKF,38267,ProShares UltraShort Financials,,
FRAK,44817,VanEck Vectors Unconventional Oil & Gas,,
REGL,956193,ProShares S&P MidCap 400 Dividend Aristocrats,,
YCS,44951,ProShares UltraShort Yen,,
JKD,45162,iShares Morningstar Large-Cap,,
BDCS,45083,UBS E-TRACS Linked to the Wells Fargo Business Development Company,,
JKE,45163,iShares Morningstar Large-Cap Growth,,
TILT,45203,FlexShares Morningstar US Market Factor Tilt,,
QLTA,45131,iShares Aaa - A Rated Corporate Bond,,
BRF,44631,VanEck Vectors Brazil Small-Cap,,
DGP,14180,DB Gold Double Long Exp 15 Feb 2038,,
WTMF,44920,WisdomTree Managed Futures Strategy,,
LVL,44666,Guggenheim Invest S&P Global Dividend Opptys,,
UNL,44986,United States 12 Month Natural Gas,,
BJK,44697,VanEck Vectors Gaming,,
RZV,45337,Guggenheim Invest S&P SmallCap 600 Pure Value,,
VIXM,45439,ProShares VIX Mid Term Futures,,
ASHS,956178,Deutsche X-trackers Harvest CSI 500 China A Shares Small Cap,,
RCD,45325,Guggenheim Invest S&P 500 Equal Weight Consumer Discretionary,,
CHIE,941435,Global X China Energy,,
SMEZ,956172,SPDR EURO STOXX Small Cap,,
SEF,45273,ProShares Short Financials,,
IHE,45148,iShares US Pharmaceuticals,,
CJNK,45356,SPDR BofA Merrill Lynch Crossover Corporate Bond,,
UYM,38263,ProShares Ultra Basic Materials,,
ENFR,941489,ALPS Alerian Energy Infrastructure,,
UST,45281,ProShares Ultra 7-10 Year Treasury,,
RYJ,45114,Guggenheim Invest Raymond James SB-1 Equity,,
RAVI,44722,FlexShares Ready Access Variable Income,,
DTO,38233,DB Crude Oil Double Short Exp 01 Jun 2038,,
ROOF,44999,IQ US Real Estate Small Cap,,
JKL,45170,iShares Morningstar Small-Cap Value,,
UBC,44953,UBS E-TRACS Bloomberg CMCI Livestock,,
DZK,44804,Direxion Daily Developed Markets Bull 3X,,
PXLG,45241,PowerShares Russell Top 200 Pure Growth,,
PZD,44710,PowerShares Cleantech,,
XHS,45380,SPDR S&P Health Care Services,,
JKG,45165,iShares Morningstar Mid-Cap,,
PXSG,45242,PowerShares Russell 2000 Pure Growth,,
SMLV,941554,SPDR Russell 2000 Low Volatility,,
DRR,38218,Morgan Stanley Market Vectors Double Short Euro,,
XPP,44777,ProShares Ultra FTSE China 50,,
HAP,44698,VanEck Vectors Natural Resources,,
RJN,44725,Rogers International Commodity Energy Total Return,,
DZZ,14185,DB Gold Double Short Exp 15 Feb 2038,,
EWGS,44904,iShares MSCI Germany Small-Cap,,
QDEF,941542,FlexShares Quality Dividend Defensive,,
FILL,44687,iShares MSCI Global Energy Producers,,
RWK,45315,Oppenheimer Mid Cap Revenue,,
EEB,44873,Guggenheim Invest BRIC,,
MLPG,45082,UBS E-TRACS Alerian Natural Gas MLP,,
CROC,38123,ProShares UltraShort Australian Dollar,,
SMN,38266,ProShares UltraShort Basic Materials,,
ALFA,44916,AlphaClone Alternative Alpha,,
IAK,45145,iShares US Insurance,,
DTD,45433,WisdomTree Total Dividend,,
SYLD,941558,Cambria Shareholder Yield,,
GOEX,44655,Global X Gold Explorers,,
ISRA,941432,VanEck Vectors Israel,,
JKJ,45168,iShares Morningstar Small-Cap,,
HYXU,44679,iShares International High Yield Bond,,
XTL,45382,SPDR S&P Telecom,,
FMF,941576,First Trust Morningstar Managed Futures Strategy,,
QMN,44918,IQ Hedge Market Neutral Tracker,,
UGE,45282,ProShares Ultra Consumer Goods,,
JPNL,941438,Direxion Daily Japan Bull 3x Shares,,
UBR,44633,ProShares Ultra MSCI Brazil Capped,,
GLL,14195,ProShares UltraShort Gold,,
PEK,44775,VanEck Vectors ChinaAMC A-Share,,
CPI,38173,IQ Real Return,,
PBE,45214,PowerShares Dynamic Biotechnology & Genome,,
ECNS,38126,iShares MSCI China Small-Cap,,
SDEM,956218,Global X SuperDividend Emerging Markets,,
GRU,44912,Swedish Export Credit ELEMENTS Linked to MLCX Grains Total Return,,
DBEM,44866,Deutsche X-trackers MSCI Emerging Markets Hedged Equity,,
FXS,38228,Guggenheim CurrencyShares Swedish Krona,,
VEGI,44702,iShares MSCI Global Agriculture Producers,,
RVNU,941548,Deutsche X-trackers Municipal Infrastructure Revenue Bond,,
FEEU,949538,Barclays ETN FI Enhanced Europe 50,,
EZJ,44943,ProShares Ultra MSCI Japan,,
CPER,44787,United States Copper,,
FYLD,941447,Cambria Foreign Shareholder Yield,,
EFZ,44821,ProShares Short MSCI EAFE,,
RFG,45334,Guggenheim Invest S&P MidCap 400 Pure Growth,,
REW,38268,ProShares UltraShort Technology,,
MIDZ,45065,Direxion Daily Mid Cap Bear 3X Shares,,
TTFS,45034,AdvisorShares Wilshire Buyback,,
JKF,45164,iShares Morningstar Large-Cap Value,,
GRI,44994,Cohen & Steers Global Reality Majors,,
PBJ,45215,PowerShares Dynamic Food & Beverage,,
ASEA,44653,Global X Southeast Asia,,
BCM,44855,iPath Pure Beta Broad Commodity Exp 18 Apr 2041,,
BBRC,44865,Columbia Beyond BRICs,,
EWV,44944,ProShares UltraShort MSCI Japan,,
REK,45008,ProShares Short Real Estate,,
PXLV,45259,PowerShares Russell Top 200 Pure Value,,
SZK,45266,ProShares UltraShort Consumer Goods,,
CEW,44864,WisdomTree Emerging Currency Strategy,,
EET,44890,ProShares Ultra MSCI Emerging Markets,,
ZROZ,45208,PIMCO 25+ Year Zero Coupon US Treasury,,
TYBS,45058,Direxion Daily 20+ Year Treasury Bear 1X Shares,,
ULST,941464,SPDR SSgA Ultra Short Term Bond,,
BDD,44713,DB Base Metals Double Long Exp 01 Jun 2038,,
DEW,44749,WisdomTree Global High Dividend,,
RXL,45285,ProShares Ultra Health Care,,
CAPE,45038,Barclays + Shiller CAPE Exp 12 Oct 2022,,
PXSV,45264,PowerShares Russell 2000 Pure Value,,
FFR,44997,First Trust FTSE EPRA/NAREIT Global Developed Markets Real Estate,,
GII,44733,SPDR S&P Global Infrastructure,,
DNL,44754,WisdomTree Global ex US Quality Dividend Growth,,
SDP,45306,ProShares UltraShort Utilities,,
GDXX,956200,ProShares Ultra Gold Miners,,
IPO,949549,Renaissance IPO,,
DOO,44841,Wisdom Tree International Dividend Ex-Financials,,
INKM,44975,SPDR SSgA Income Allocation,,
EQWL,45260,PowerShares Russell Top 200 Equal Weight,,
SAA,45292,ProShares Ultra SmallCap600,,
IBCE,941517,iShares iBonds Mar 2023 Corp ex-Financials,,
SOIL,44651,Global X Fertilizers/Potash,,
ROAM,956195,Hartford Multifactor Emerging Markets,,
PHDG,941541,PowerShares S&P 500 Downside Hedged Portfolio,,
BZF,44635,WisdomTree Brazilian Real Strategy,,
PEJ,45230,PowerShares Dynamic Leisure & Entertainment,,
EUFX,38135,ProShares Short Euro,,
DOD,45076,ELEMENTS Dogs of the Dow Linked to Dow Jones High Yield Select 10 Total Return 14 NOV 2022,,
TUZ,38253,PIMCO 1-3 Year US Treasury,,
GEX,38249,VanEck Vectors Global Alternative Energy,,
DYY,44856,DB Commodity Double Long Exp 01 Apr 2038,,
FTSD,941507,Franklin Liberty Short Duration US Government,,
PPLC,956187,Direxion Daily S&P 500 Bull 1.25X Shares,,
DVYL,45084,UBS E-TRACS Monthly Pay 2xLeveraged Dow Jones Select Dividend,,
CYB,37470,WisdomTree Chinese Yuan Strategy,,
UCC,45283,ProShares Ultra Consumer Services,,
GBF,45160,iShares Government/Credit Bond,,
JPXN,44941,Shares JPX-Nikkei 400,,
RYU,45333,Guggenheim Invest S&P 500 Equal Weight Utilities,,
YMLI,941573,VanEck Vectors High Income Infrastructure MLP,,
NLR,38179,VanEck Vectors Uranium+Nuclear Energy,,
CBND,45359,SPDR Barclays Issuer Scored Corp Bond,,
SDYL,45085,UBS E-TRACS Monthly Pay 2xLeveraged S&P Dividend,,
IQDY,941455,FlexShares International Quality Dividend Dynamic,,
PLND,38145,VanEck Vectors Poland,,
IDHQ,526,PowerShares S&P International Developed Quality Portfolio,,
UMDD,45392,ProShares UltraPro MidCap400,,
DVYA,44677,iShares Asia/Pacific Dividend,,
PWC,45257,PowerShares Dynamic Market,,
RSXJ,45014,VanEck Vectors Russia Small-Cap,,
MYY,45276,ProShares Short MidCap400,,
SIJ,38269,ProShares UltraShort Industrials,,
PXQ,45232,PowerShares Dynamic Networking,,
DGT,44731,SPDR Global Dow,,
CSD,45115,Guggenheim S&P Spin-Off,,
TIPZ,38152,PIMCO Broad US TIPS Exchange-Traded,,
DGZ,44909,DB Gold Short Exp 15 Feb 2038,,
YCL,44950,ProShares Ultra Yen,,
MMTM,45372,SPDR S&P 1500 Momentum Tilt,,
EQL,45036,ALPS Equal Sector Weight,,
YXI,44779,ProShares Short FTSE China 50,,
RISE,956194,Sit Rising Rate,,
PZT,45245,PowerShares New York AMT-Free Municipal Bond Portfolio,,
RFV,45335,Guggenheim Invest S&P MidCap 400 Pure Value,,
UPV,44743,ProShares Ultra FTSE Europe,,
HSPX,956183,Horizons S&P 500 Covered Call,,
RJZ,44726,Rogers International Commodity Metals Total Return,,
DBGR,941467,Deutsche X-trackers MSCI Germany Hedged Equity,,
JKH,45166,iShares Morningstar Mid-Cap Growth,,
AUSE,38121,WisdomTree Australia Dividend,,
TOK,44530,iShares MSCI Kokusai,,
ENY,44758,Guggenheim Invest Canadian Energy Income,,
UXI,45286,ProShares Ultra Industrials,,
RXD,45299,ProShares UltraShort Health Care,,
AFK,44700,VanEck Vectors Africa,,
TYD,45060,Direxion Daily 7-10 Year Treasury Bull 3X Shares,,
EXT,941491,WisdomTree Total Earnings,,
DBEZ,956184,Deutsche X-trackers MSCI Eurozone Hedged Equity,,
PMR,45233,PowerShares Dynamic Retail,,
RALS,45268,ProShares RAFI Long/Short,,
NFO,45111,Guggenheim Invest Insider Sentiment,,
IBDD,941521,iShares iBonds Mar 2023 Corporate,,
MLPY,37550,Morgan Stanley Cushing MLP High Income Exp 21 Mar 2031,,
PRB,45199,VanEck Vectors Pre-Refunded Municipal,,
HILO,44870,Columbia Emerging Markets Quality Dividend,,
RWW,45313,Oppenheimer Financials Sector Revenue,,
LTL,45294,ProShares Ultra Telecommunications,,
FLRT,949537,AdvisorShares Pacific Asset Enhanced Fl Rate,,
PVI,45255,PowerShares VRDO Tax-Free Weekly Portfolio,,
WMCR,45424,Guggenheim Invest Wilshire Micro-Cap,,
PXMV,45263,PowerShares Russell Midcap Pure Value,,
IPOS,949550,Renaissance International IPO,,
PXR,44887,PowerShares Emerging Market Infra Portfolio,,
BTAL,941486,QuantShares US Market Neutral Anti-Beta,,
TOLZ,956175,ProShares DJ Brookfield Global Infrastructure,,
SMMU,45352,PIMCO Short Term Municipal Bond Active Exchange-Traded,,
EWMC,45321,Guggenheim S&P MidCap 400 Equal Weight,,
FLM,44644,First Trust ISE Global Engineering & Construction,,
EFU,44823,ProShares UltraShort MSCI EAFE,,
DBAP,941437,Deutsche X-trackers MSCI Asia Pacific ex Japan Hedged Equity,,
GXF,44654,Global X FTSE Nordic Region,,
CHIM,941436,Global X China Materials,,
SDD,45304,ProShares UltraShort SmallCap600,,
VLU,941568,SPDR S&P 1500 Value Tilt,,
GSC,44849,GS Connect S&P GSCI Enhanced Commodity Total Return Strategy,,
UPW,45295,ProShares Ultra Utilities,,
EWSC,45320,Guggenheim S&P SmallCap 600 Equal Weight,,
PZI,45258,PowerShares Zacks Micro Cap,,
VEGA,38158,Star Global Buy-Write,,
HGI,44665,Guggenheim Invest International Mlti-Asset Income,,
WMW,45204,ELEMENTS Morningstar Wide Moat Focus Total Return,,
IBCD,941516,iShares iBonds Mar 2020 Corp ex-Financials,,
EMFM,941473,Global X Next Emerging & Frontier,,
MOM,45311,QuantShares US Market Neutral Momentum,,
PAF,44503,PowerShares FTSE RAFI Asia Pacific ex-Japan,,
SAGG,45063,Direxion Daily Total Bond Market Bear 1X Shares,,
DDG,45277,ProShares Short Oil & Gas,,
PSR,45006,PowerShares Active US Real Estate,,
YAO,44771,Guggenheim Invest China All-Cap,,
DBV,44859,PowerShares DB G10 Currency Harvest,,
PUW,45213,PowerShares WilderHill Progressive Energy Portfolio,,
OLO,44799,DB Crude Oil Long Exp 01 Jun 2038,,
EVX,941490,VanEck Vectors Environmental Services,,
EQWS,45265,PowerShares Russell 2000 Equal Weight,,
GDXS,956203,ProShares UltraShort Gold Miners,,
FINZ,941575,ProShares UltraPro Short Financial Select Sector,,
SMDD,45395,ProShares UltraPro Short MidCap400,,
FXCH,44780,Guggenheim CurrencyShares Chinese Renminbi,,
QSY,45429,WisdomTree LargeCap Value,,
IDMO,941449,PowerShares S&P International Developed Momentum Portfolio,,
KFYP,941440,KraneShares Zacks New China,,
DEE,949541,Deutsche Bank Commodity X2 Short,,
FWDB,37434,Madrona Global Bond,,
SPYB,956192,SPDR S&P 500 Buyback,,
KEMP,956198,KraneShares FTSE Emerging Markets Plus,,
TAGS,38151,Teucrium Agricultural,,
CHII,44769,Global X China Industrials,,
SBB,45280,ProShares Short SmallCap600,,
DDP,44858,DB Commodity Short Exp 01 Apr 2038,,
EQWM,45261,PowerShares Russell Midcap Equal Weight,,
DJCI,44847,UBS E-TRACS linked to DBloomberg Commodity Total Return Exp 31 Oct 2039,,
MZZ,45300,ProShares UltraShort MidCap400,,
FWDI,44801,Madrona International,,
EFO,44822,ProShares Ultra MSCI EAFE,,
CHEP,45310,QuantShares US Market Neutral Value,,
EWEM,44891,Guggenheim MSCI EM Equal Country Weight,,
UBG,44911,UBS E-TRACS Bloomberg CMCI Gold,,
FWDD,45033,Madrona Domestic,,
HECO,45119,EcoLogical Strategy,,
VQT,45039,Barclays + S&P VEQTOR Exp 08 Sep 2020,,
USV,45017,UBS E-TRACS Bloomberg CMCI Silver,,
DBS,45016,PowerShares DB Silver,,
MCRO,44917,IQ Hedge Macro Tracker,,
GCE,44956,Claymore CEF GS Connect Due 12/10/2037,,
WREI,45011,Guggenheim Invest Wilshire US REIT,,
SBM,45350,ProShares Short Basic Materials,,
OLEM,44791,iPath Pure Beta Crude Oil Exp 18 Apr 2041,,
FAUS,44623,First Trust Australia AlphaDEX,,
DBBR,941479,Deutsche X-trackers MSCI Brazil Hedged Equity,,
XVZ,45441,iPath S&P 500 Dynamic VIX Exp 18 Aug 2021,,
SZO,44533,DB Crude Oil Short Exp 01 Jun 2038,,
SCC,38270,ProShares UltraShort Consumer Services,,
SIZ,941551,QuantShares US Market Neutral Size,,
CNY,38251,Morgan Stanley Market Vectors Renminbi USD,,
INR,38252,Morgan Stanley Market Vectors Rupee USD,,
CROP,44675,IQ Global Agribusiness Small Cap,,
EMAG,44699,VanEck Vectors Emerging Markets Aggregate Bond,,
FUD,44742,UBS E-TRACS Bloomberg CMCI Food,,
AXJL,44747,WisdomTree Asia-Pacific ex-Japan,,
MLPS,45077,UBS E-TRACS 1xMonthly Short Alerian MLP Infrastructure Total Return,,
EEH,45388,ELEMENTS SPECTRUM Large CAP US Sector Momentum Exp 08-08-2022,,
BOS,44716,DB Base Metals Short Exp 01 Jun 2038,,
AGF,44712,DB Agriculture Long Exp 01 Apr 2038,,
BOM,44714,DB Base Metals Double Short Exp 01 Jun 2038,,
MRGR,941582,ProShares Merger,,
