MMM,993507,3M,Switzerland,CHF,http://www.investing.com/equities/3m-co?cid=993507
ABBN,969243,ABB,Switzerland,CHF,http://www.investing.com/equities/abb-ltd?cid=969243
ABT,993328,Abbott Labs,Switzerland,CHF,http://www.investing.com/equities/abbott-laboratories?cid=993328
ACHI,1155093,Achiko,Switzerland,CHF,http://www.investing.com/equities/achiko-ltd
ADXN,949649,Addex Therapeutics Ltd,Switzerland,CHF,http://www.investing.com/equities/addex-therapeutics-ltd
ADEN,969245,Adecco N,Switzerland,CHF,http://www.investing.com/equities/adecco?cid=969245
ADVN,949648,Adval Tech Holding AG,Switzerland,CHF,http://www.investing.com/equities/adval-tech-holding-ag
AEVS,949650,Aevis Victoria,Switzerland,CHF,http://www.investing.com/equities/aevis-holding-sa
AIRE,949651,Airesis SA,Switzerland,CHF,http://www.investing.com/equities/airesis-sa
AIRN,949652,Airopack Tech Group AG,Switzerland,CHF,http://www.investing.com/equities/airopack-tech-group-ag
ALCC,1128773,Alcon,Switzerland,CHF,http://www.investing.com/equities/alcon-ag
ALLN,48533,Allreal Holding,Switzerland,CHF,http://www.investing.com/equities/allreal-holding
ALPN,949654,Alpine Select AG,Switzerland,CHF,http://www.investing.com/equities/alpine-select-ag
ALPH,949653,Alpiq Holding AG,Switzerland,CHF,http://www.investing.com/equities/alpiq-holding-ag
ALSN,949655,Also Holding AG,Switzerland,CHF,http://www.investing.com/equities/also-holding-ag
AFPD,1139294,Aluflexpack,Switzerland,CHF,http://www.investing.com/equities/aluflexpack-ag
AMS,48525,AMS,Switzerland,CHF,http://www.investing.com/equities/ams-ag
AAL,993324,Anglo American,Switzerland,CHF,http://www.investing.com/equities/anglo-american?cid=993324
APGN,949657,APG SGA SA,Switzerland,CHF,http://www.investing.com/equities/apg-sga-sa
ARBNO,48552,Arbonia,Switzerland,CHF,http://www.investing.com/equities/afg-i
ARONL,955643,Arundel,Switzerland,CHF,http://www.investing.com/equities/usi-group-holdings-ag
ARYN,49837,Aryzta,Switzerland,CHF,http://www.investing.com/equities/aryzta-ag-(vx)
ASCN,48538,Ascom Holding AG,Switzerland,CHF,http://www.investing.com/equities/ascom-holding-ag
ASWN,1072993,Asmallworld,Switzerland,CHF,http://www.investing.com/equities/asmallworld
AUTON,949660,Autoneum Holding AG,Switzerland,CHF,http://www.investing.com/equities/autoneum-holding-ag
BANB,949661,BACHEM HOLDING AG,Switzerland,CHF,http://www.investing.com/equities/bachem-holding-ag
BALN,322,Baloise Holding,Switzerland,CHF,http://www.investing.com/equities/baloise-hld
BALNE,951010,Baloise N 2L,Switzerland,CHF,http://www.investing.com/equities/baloise-holding-ag
LINN,949723,Bank Linth LLB AG,Switzerland,CHF,http://www.investing.com/equities/bank-linth-llb-ag
BCVN,48544,Banque Cantonale,Switzerland,CHF,http://www.investing.com/equities/banque-cantonale
BCGE,949664,Banque Cantonale de Geneve,Switzerland,CHF,http://www.investing.com/equities/banque-cantonale-de-geneve
BCJ,949666,Banque Cantonale Du Jura,Switzerland,CHF,http://www.investing.com/equities/banque-cantonale-du-jura-sa
WKB,955653,Banque Cantonale du Valais,Switzerland,CHF,http://www.investing.com/equities/banque-cantonale-du-valais
BPDG,949673,Banque Profil Gestion,Switzerland,CHF,http://www.investing.com/equities/banque-profil-de-gestion-sa
BARN,49829,Barry Callebaut,Switzerland,CHF,http://www.investing.com/equities/barry-callebau
BLKB,949670,Basellandschaftliche Kantonalbank,Switzerland,CHF,http://www.investing.com/equities/basellandschaftliche-kantonalbank
BSLN,949676,Basilea Pharmaceutica AG,Switzerland,CHF,http://www.investing.com/equities/basilea-pharmaceutica-ag
BSKP,949675,Basler Kantonalbank,Switzerland,CHF,http://www.investing.com/equities/basler-kantonalbank
BION,48555,BB Biotech,Switzerland,CHF,http://www.investing.com/equities/bb-biotech-ag-exch?cid=48555
BEAN,48527,Belimo Holding,Switzerland,CHF,http://www.investing.com/equities/belimo-holding
BELL,945097,Bell AG,Switzerland,CHF,http://www.investing.com/equities/bell-ag
BBN,949662,Bellevue Group AG,Switzerland,CHF,http://www.investing.com/equities/bellevue-group-ag
TIBN,955638,Bergbahnen Engelberg Truebsee,Switzerland,CHF,http://www.investing.com/equities/bergbahnen-engelberg-truebsee
BEKN,949667,Berner Kantonalbank AG,Switzerland,CHF,http://www.investing.com/equities/berner-kantonalbank-ag
BLIN,949669,BFW Liegenschaften AG,Switzerland,CHF,http://www.investing.com/equities/bfw-liegenschaften-ag
BKWB,949668,BKW AG,Switzerland,CHF,http://www.investing.com/equities/bkw-ag
BLS,1088124,Blackstone Resources,Switzerland,CHF,http://www.investing.com/equities/blackstone-resources-ltd
BOBNN,949671,Bobst Group SA,Switzerland,CHF,http://www.investing.com/equities/bobst-group-sa
BIM,993362,Bonhote Immobilier,Switzerland,CHF,http://www.investing.com/equities/bonhote-immobilier
BOS,48541,Bossard Holding AG,Switzerland,CHF,http://www.investing.com/equities/bossard-holding
BUCN,48529,Bucher Industries,Switzerland,CHF,http://www.investing.com/equities/bucher-n
BCHN,949665,Burckhardt Compression,Switzerland,CHF,http://www.investing.com/equities/burckhardt-compression
BRKN,949674,Burkhalter Holding AG,Switzerland,CHF,http://www.investing.com/equities/burkhalter-holding-ag
BVZN,949677,BVZ Holding AG,Switzerland,CHF,http://www.investing.com/equities/bvz-holding-ag
CALN,949678,Calida Holding AG,Switzerland,CHF,http://www.investing.com/equities/calida-holding-ag
GAV,949700,Carlo Gavazzi Holding AG,Switzerland,CHF,http://www.investing.com/equities/carlo-gavazzi-holding-ag
SKIN,955629,Cassiopea SpA,Switzerland,CHF,http://www.investing.com/equities/cassiopea-spa
CASN,949679,Castle Alternative Invest AG,Switzerland,CHF,http://www.investing.com/equities/castle-alternative-invest-ag
CPE,949688,Castle Private Equity AG,Switzerland,CHF,http://www.investing.com/equities/castle-private-equity-ag
CMBN,949685,Cembra Money Bank AG,Switzerland,CHF,http://www.investing.com/equities/cembra-money-bank-ag
CEVAL,1075552,CEVA Logistics,Switzerland,CHF,http://www.investing.com/equities/ceva-logistics
CIE,949682,CI Com SA,Switzerland,CHF,http://www.investing.com/equities/ci-com-sa
CICN,949681,Cicor Technologies Ltd,Switzerland,CHF,http://www.investing.com/equities/cicor-technologies-ltd
CLN,326,Clariant,Switzerland,CHF,http://www.investing.com/equities/clariant
CLTN,949683,Coltene Holding AG,Switzerland,CHF,http://www.investing.com/equities/coltene-holding-ag
CADOn,993376,Comercial del Plata N,Switzerland,CHF,http://www.investing.com/equities/sociedad-comercial-del-plata-sa
COTNE,949687,Comet,Switzerland,CHF,http://www.investing.com/equities/comet-holding-ag
CFT,949680,Compagnie Financiere Tradition,Switzerland,CHF,http://www.investing.com/equities/compagnie-financiere-tradition
CONC,949686,Conzzeta AG,Switzerland,CHF,http://www.investing.com/equities/conzzeta-ag
COPN,48554,COSMO Pharma,Switzerland,CHF,http://www.investing.com/equities/cosmo-n
CPHN,949690,CPH Chemie und Papier Holding,Switzerland,CHF,http://www.investing.com/equities/cph-chemie-und-papier-holding
CLXN,949684,Crealogix Holding AG,Switzerland,CHF,http://www.investing.com/equities/crealogix-holding-ag
CSGN,969247,Credit Suisse,Switzerland,CHF,http://www.investing.com/equities/credit-suisse?cid=969247
GLOBI,993450,Credit Suisse RE Global,Switzerland,CHF,http://www.investing.com/equities/credit-suisse-real-estate-fund-glob
GREEN,993455,Credit Suisse RE Green Property,Switzerland,CHF,http://www.investing.com/equities/credit-suisse-real-estate-fund-gree
SIAT,993576,CS RE Siat,Switzerland,CHF,http://www.investing.com/equities/cs-real-estate-fund-siat
INT,993479,CS Real Estate Fund Interswiss,Switzerland,CHF,http://www.investing.com/equities/credit-suisse-real-estate-fund-inte
CSLP,993396,CS Real Estate Fund LivingPlus,Switzerland,CHF,http://www.investing.com/equities/credit-suisse-real-estate-fund-livi
HOSP,993472,CS Real Estate Hospitality,Switzerland,CHF,http://www.investing.com/equities/cs-real-estate-fund-hospitality
DAE,48549,Daetwyl I,Switzerland,CHF,http://www.investing.com/equities/daetwyl-i
DANO,26986,Danone,Switzerland,CHF,http://www.investing.com/equities/danone?cid=26986
DCN,949691,Datacolor AG,Switzerland,CHF,http://www.investing.com/equities/datacolor-ag
DKSH,49838,DKSH Holding,Switzerland,CHF,http://www.investing.com/equities/dksh-n
DOKA,48539,Dorma Kaba Holding,Switzerland,CHF,http://www.investing.com/equities/kaba-holding-ag
DESN,949692,Dottikon Es Holding AG,Switzerland,CHF,http://www.investing.com/equities/dottikon-es-holding-ag
DUFN,949693,Dufry,Switzerland,CHF,http://www.investing.com/equities/dufry-ag?cid=949693
EPH,993424,Eastern Property Holdings,Switzerland,CHF,http://www.investing.com/equities/eastern-property-holdings-ltd
ESUN,949697,Edisun Power Europe AG,Switzerland,CHF,http://www.investing.com/equities/edisun-power-europe-ag
ERRES,993425,Edmond de Rothschild RE,Switzerland,CHF,http://www.investing.com/equities/edmond-de-rothschild-real-estate-si
RLD,955620,Edmond de Rothschild Suisse SA,Switzerland,CHF,http://www.investing.com/equities/edmond-de-rothschild-suisse-sa
EIC,1136130,Eeii AG,Switzerland,CHF,http://www.investing.com/equities/eeii
EFGN,949695,EFG International AG,Switzerland,CHF,http://www.investing.com/equities/efg-international-ag
EMMN,48543,Emmi AG,Switzerland,CHF,http://www.investing.com/equities/emmi-ag
EMSN,48545,Ems Chemie Hld,Switzerland,CHF,http://www.investing.com/equities/ems-chemie-hld
EDHN,949694,Energiedienst Holding AG,Switzerland,CHF,http://www.investing.com/equities/energiedienst-holding-ag
RUSE,993559,ENR Russia Invest,Switzerland,CHF,http://www.investing.com/equities/enr-russia-invest-sa
EVE,48546,Evolva Holding,Switzerland,CHF,http://www.investing.com/equities/evola-hold-ag
FTON,949699,Feintool International Holding,Switzerland,CHF,http://www.investing.com/equities/feintool-international-holding
FIR,993433,FIR,Switzerland,CHF,http://www.investing.com/equities/fonds-immobilier-romand-fir
FHZN,48534,Flughafen Zurich,Switzerland,CHF,http://www.investing.com/equities/flughafen-zurich
FORN,949698,Forbo Holding AG,Switzerland,CHF,http://www.investing.com/equities/forbo-holding-ag
FREN,1115211,Fundamenta Real Estate,Switzerland,CHF,http://www.investing.com/equities/fundamenta-real-estate
GALE,1008651,Galenica Sante,Switzerland,CHF,http://www.investing.com/equities/galenica-sante-sa
GAMH,49959,GAM Holding,Switzerland,CHF,http://www.investing.com/equities/gam-n
GEBN,986240,Geberit,Switzerland,CHF,http://www.investing.com/equities/geberit?cid=986240
GE,30254,General Electric,Switzerland,CHF,http://www.investing.com/equities/general-electric?cid=30254
FIN,49954,Georg Fischer,Switzerland,CHF,http://www.investing.com/equities/fischer-n
GIVN,325,Givaudan,Switzerland,CHF,http://www.investing.com/equities/givaudan-sa-cfd?cid=325
GLKBN,958264,Glarner Kantonalbank,Switzerland,CHF,http://www.investing.com/equities/glarner-kantonalbank
GRKP,949704,Graubuendner Kantonalbank,Switzerland,CHF,http://www.investing.com/equities/graubuendner-kantonalbank
GMI,949703,Groupe Minoteries SA,Switzerland,CHF,http://www.investing.com/equities/groupe-minoteries-sa
GUR,949705,Gurit Holding AG,Switzerland,CHF,http://www.investing.com/equities/gurit-holding-ag
HBMN,949707,HBM Healthcare Investments,Switzerland,CHF,http://www.investing.com/equities/hbm-healthcare-investments
HELN,49831,Helvetia,Switzerland,CHF,http://www.investing.com/equities/helvetia-hldg
HIAG,949708,HIAG Immobilien Holding AG,Switzerland,CHF,http://www.investing.com/equities/hiag-immobilien-holding-ag
HLEE,949709,Highlight Event Entertainment,Switzerland,CHF,http://www.investing.com/equities/highlight-event-entertainment
HOCN,949710,Hochdorf Holding AG,Switzerland,CHF,http://www.investing.com/equities/hochdorf-holding-ag
HUBN,949712,Huber+suhner AG,Switzerland,CHF,http://www.investing.com/equities/hubersuhner-ag
HBLN,949706,Hypothekarbank Lenzburg AG,Switzerland,CHF,http://www.investing.com/equities/hypothekarbank-lenzburg-ag
IDIA,1017260,Idorsia,Switzerland,CHF,http://www.investing.com/equities/idorsia
IGPH,1116136,IGEA Pharma,Switzerland,CHF,http://www.investing.com/equities/igea-pharma
IMHE,993477,Immo Helvetic,Switzerland,CHF,http://www.investing.com/equities/immo-helvetic
IM,993476,Immofonds Immobilien,Switzerland,CHF,http://www.investing.com/equities/immofonds-immobilien-ag
IMPN,48547,Implenia,Switzerland,CHF,http://www.investing.com/equities/implenia-n
IFCN,48536,Inficon Holding,Switzerland,CHF,http://www.investing.com/equities/inficon-holding
INRN,949715,Interroll Holding AG,Switzerland,CHF,http://www.investing.com/equities/interroll-holding-ag
ISN,949716,Intershop Holding AG,Switzerland,CHF,http://www.investing.com/equities/intershop-holding-ag
IREN,985791,Investis,Switzerland,CHF,http://www.investing.com/equities/investis-holding-sa
VBSN,955645,IVF Hartmann Holding AG,Switzerland,CHF,http://www.investing.com/equities/ivf-hartmann-holding-ag
BAER,969248,Julius Baer,Switzerland,CHF,http://www.investing.com/equities/julius-baer?cid=969248
JFN,949717,Jungfraubahn,Switzerland,CHF,http://www.investing.com/equities/jungfraubahn-holding-ag
KARN,48551,Kardex,Switzerland,CHF,http://www.investing.com/equities/kardex
KLIN,1081717,Klingelnberg,Switzerland,CHF,http://www.investing.com/equities/klingelnberg
KOMN,48535,Komax Holding,Switzerland,CHF,http://www.investing.com/equities/komax-n
KUD,949718,Kudelski,Switzerland,CHF,http://www.investing.com/equities/kudelski
KNIN,49835,Kuehne & Nagel,Switzerland,CHF,http://www.investing.com/equities/kuehne---nagel
KURN,14155,Kuros Biosciences,Switzerland,CHF,http://www.investing.com/equities/cytos-biotechnology
FOC,993437,La Fonciere,Switzerland,CHF,http://www.investing.com/equities/la-fonciere
LHN,986241,LafargeHolcim,Switzerland,CHF,http://www.investing.com/equities/holcim?cid=986241
LLQ,1084287,Lalique,Switzerland,CHF,http://www.investing.com/equities/lalique-group
LANDI,1027140,Landis&Gyr,Switzerland,CHF,http://www.investing.com/equities/landis-gyr
LMN,100240,Lastminute.com,Switzerland,CHF,http://www.investing.com/equities/bravofly-sa
LECN,949719,Leclanche SA,Switzerland,CHF,http://www.investing.com/equities/leclanche-sa
LEHN,949720,Lem Holding SA,Switzerland,CHF,http://www.investing.com/equities/lem-holding-sa
LEON,949721,Leonteq AG,Switzerland,CHF,http://www.investing.com/equities/leonteq-ag
LLBN,955599,Liechtensteinische Landesbank,Switzerland,CHF,http://www.investing.com/equities/liechtensteinische-landesbank
LISP,943209,Lindt & Sp Ps,Switzerland,CHF,http://www.investing.com/equities/lindt---sp-ps
LISN,49830,Lindt & Spruengli,Switzerland,CHF,http://www.investing.com/equities/lindt---sp-n
LOGN,324,Logitech,Switzerland,CHF,http://www.investing.com/equities/logitech
LONN,969249,Lonza Group,Switzerland,CHF,http://www.investing.com/equities/lonza-grp?cid=969249
LUMX,949702,LumX,Switzerland,CHF,http://www.investing.com/equities/gottex-fund-management-holding
LUKN,955601,Luzerner Kantonalbank AG,Switzerland,CHF,http://www.investing.com/equities/luzerner-kantonalbank-ag
MCHN,955602,MCH Group AG,Switzerland,CHF,http://www.investing.com/equities/mch-group-ag
MOVE,1127887,Medacta,Switzerland,CHF,http://www.investing.com/equities/medacta-group-sa
MEDA,1081655,Medartis,Switzerland,CHF,http://www.investing.com/equities/medartis
METN,955603,Metall Zug AG,Switzerland,CHF,http://www.investing.com/equities/metall-zug-ag
MBTN,949724,Meyer Burger Tech AG,Switzerland,CHF,http://www.investing.com/equities/meyer-burger-tech-ag
MIKN,955604,Mikron Holding AG,Switzerland,CHF,http://www.investing.com/equities/mikron-holding-ag
MOZN,953068,mobilezone ag,Switzerland,CHF,http://www.investing.com/equities/mobilezone-ag
MOBN,48537,Mobimo Hldg,Switzerland,CHF,http://www.investing.com/equities/mobimo-hldg
MOLN,942513,Molecular Partners AG,Switzerland,CHF,http://www.investing.com/equities/molecular-partners-ag
NTIV,955611,Native,Switzerland,CHF,http://www.investing.com/equities/oti-energy-ag
NBEN,949725,Nebag ag,Switzerland,CHF,http://www.investing.com/equities/nebag-ag
NESNEE,941180,Nestle,Switzerland,CHF,http://www.investing.com/equities/nestle-n-2l
NESN,26979,Nestle,Switzerland,CHF,http://www.investing.com/equities/nestle-ag?cid=26979
NEWN,949727,New Value AG,Switzerland,CHF,http://www.investing.com/equities/new-value-ag
NEV,949726,New Venturetec AG,Switzerland,CHF,http://www.investing.com/equities/new-venturetec-ag
NWRN,955607,Newron Pharmaceuticals,Switzerland,CHF,http://www.investing.com/equities/newron-pharmaceuticals
NOVN,969250,Novartis,Switzerland,CHF,http://www.investing.com/equities/novartis?cid=969250
NREN,1156015,Novavest,Switzerland,CHF,http://www.investing.com/equities/novavest-real-estate-ag
OBSN,1088710,ObsEva,Switzerland,CHF,http://www.investing.com/equities/obseva-sa?cid=1088710
OERL,14157,OC Oerlikon Corp,Switzerland,CHF,http://www.investing.com/equities/oc-oerlikon-corp.
ODHN,955608,Orascom Development,Switzerland,CHF,http://www.investing.com/equities/orascom-development-holding-ag
OFN,955609,Orell Fuessli Holding AG,Switzerland,CHF,http://www.investing.com/equities/orell-fuessli-holding-ag
ORON,955610,Orior AG,Switzerland,CHF,http://www.investing.com/equities/orior-ag
PWTN,955618,Panalpina Welttransport,Switzerland,CHF,http://www.investing.com/equities/panalpina-welttransport-holding
PARG,49958,Pargesa I,Switzerland,CHF,http://www.investing.com/equities/pargesa-i
PGHN,49833,Partners Group,Switzerland,CHF,http://www.investing.com/equities/partners-group
PSREF,993544,Patrimonium Swiss RE,Switzerland,CHF,http://www.investing.com/equities/patrimonium-swiss-real-estate-fund
PEAN,955613,Peach Property Group AG,Switzerland,CHF,http://www.investing.com/equities/peach-property-group-ag
PEP,993535,PepsiCo,Switzerland,CHF,http://www.investing.com/equities/pepsico?cid=993535
PRFN,955617,Perfect Holding SA,Switzerland,CHF,http://www.investing.com/equities/perfect-holding-sa
PEDU,955614,Perrot Duval Holding SA,Switzerland,CHF,http://www.investing.com/equities/perrot-duval-holding-sa
PMI,993540,Philip Morris,Switzerland,CHF,http://www.investing.com/equities/philip-morris-intl?cid=993540
PM,955616,Phoenix Mecano AG,Switzerland,CHF,http://www.investing.com/equities/phoenix-mecano-ag
PMAG,993241,PIERER Mobility AG,Switzerland,CHF,http://www.investing.com/equities/bf-holding-ag?cid=993241
PLANZ,955615,Plazza Immobilien AG,Switzerland,CHF,http://www.investing.com/equities/plazza-immobilien-ag
PNHO,1055082,Poenina,Switzerland,CHF,http://www.investing.com/equities/poenina
POLN,1076609,Polyphor,Switzerland,CHF,http://www.investing.com/equities/polyphor-ag
PEHN,949728,Private Equity Holding AG,Switzerland,CHF,http://www.investing.com/equities/private-equity-holding-ag
PSCF,993542,Procimmo Swiss Commercial,Switzerland,CHF,http://www.investing.com/equities/procimmo-swiss-commercial-fund
PSPN,49832,PSP Swiss Property,Switzerland,CHF,http://www.investing.com/equities/psp-ch-prpty-n
RSPF,993558,Realstone Swiss Pro-RTS,Switzerland,CHF,http://www.investing.com/equities/realstone-swiss-pro-rts
STAFR,993592,RESIDENTIA CHF,Switzerland,CHF,http://www.investing.com/equities/residentia-chf
CFR,969246,Richemont,Switzerland,CHF,http://www.investing.com/equities/richemont?cid=969246
RIEN,48531,Rieter Holding,Switzerland,CHF,http://www.investing.com/equities/rieter-n
RBEN,1118093,Robeco Global Stars,Switzerland,CHF,http://www.investing.com/equities/robeco?cid=1118093
RO,955621,Roche Holding,Switzerland,CHF,http://www.investing.com/equities/roche-holding
ROG,986243,Roche Holding Participation,Switzerland,CHF,http://www.investing.com/equities/roche-hldg?cid=986243
RLIN,993556,Rolinco,Switzerland,CHF,http://www.investing.com/equities/rolinco?cid=993556
HREN,949711,Romande Energie Holding SA,Switzerland,CHF,http://www.investing.com/equities/romande-energie-holding-sa
SHLTN,955628,S H L Telemedicine Ltd,Switzerland,CHF,http://www.investing.com/equities/s-h-l-telemedicine-ltd
SANN,955624,Santhera Pharmaceuticals Holding,Switzerland,CHF,http://www.investing.com/equities/santhera-pharmaceuticals-holding
SAHN,955623,Schaffner Holding AG,Switzerland,CHF,http://www.investing.com/equities/schaffner-holding-ag
SCHN,48548,Schindler Holding,Switzerland,CHF,http://www.investing.com/equities/schindler-n
SCHP,49834,Schindler Ps,Switzerland,CHF,http://www.investing.com/equities/schindler-ps
STRN,955635,Schlatter Industries AG,Switzerland,CHF,http://www.investing.com/equities/schlatter-industries-ag
SLB,993580,Schlumberger,Switzerland,CHF,http://www.investing.com/equities/schlumberger-ltd?cid=993580
STLN,955634,Schmolz & Bickenbach AG,Switzerland,CHF,http://www.investing.com/equities/schmolz---bickenbach-ag
SRI,993590,Schroder Immoplus,Switzerland,CHF,http://www.investing.com/equities/schroder-immoplus
SWTQ,955636,Schweiter Tech,Switzerland,CHF,http://www.investing.com/equities/schweiter-technologies-ag
SNBN,955631,Schweizerische Nationalbank,Switzerland,CHF,http://www.investing.com/equities/schweizerische-nationalbank
SCR,993569,SCOR,Switzerland,CHF,http://www.investing.com/equities/scor?cid=993569
SENSI,1073053,Sensirion,Switzerland,CHF,http://www.investing.com/equities/sensirion
SFCC,1115781,SF Commercial Properties Fund,Switzerland,CHF,http://www.investing.com/equities/sf-commercial-properties-fund
SFRP,1115780,SF Retail Properties Fund,Switzerland,CHF,http://www.investing.com/equities/sf-retail-properties-fund
SFPF,1115779,SF Sustainable Property Fund,Switzerland,CHF,http://www.investing.com/equities/sf-sustainable-property-fund
SFSN,945096,SFS Group AG,Switzerland,CHF,http://www.investing.com/equities/sfs-group-ag
SGSN,969252,SGS,Switzerland,CHF,http://www.investing.com/equities/sgs?cid=969252
SFZN,955626,Siegfried Holding Ltd,Switzerland,CHF,http://www.investing.com/equities/siegfried-holding-ltd
SIGNC,1096149,SIG Combibloc,Switzerland,CHF,http://www.investing.com/equities/sig-combibloc-group
SIKA,49827,Sika,Switzerland,CHF,http://www.investing.com/equities/sika-i
SWON,1153447,Softwareone,Switzerland,CHF,http://www.investing.com/equities/softwareone-holding
SOL,993584,Solvalor 61,Switzerland,CHF,http://www.investing.com/equities/solvalor-61-fonds-de-placement-immo
SOON,49955,Sonova H Ag,Switzerland,CHF,http://www.investing.com/equities/sonova-h-ag
SPCE,945906,Spice Priv AG,Switzerland,CHF,http://www.investing.com/equities/spice-priv-ag
SGKN,955627,St Galler Kantonalbank AG,Switzerland,CHF,http://www.investing.com/equities/st-galler-kantonalbank-ag
SRAIL,1128801,Stadler Rail,Switzerland,CHF,http://www.investing.com/equities/stadler-rail
STGN,955633,Starrag Group Holding AG,Switzerland,CHF,http://www.investing.com/equities/starrag-group-holding-ag
STMN,949731,Straumann Holding AG,Switzerland,CHF,http://www.investing.com/equities/straumann-holding-ag
SUN,49836,Sulzer,Switzerland,CHF,http://www.investing.com/equities/sulzer-n
SRCG,945677,Sunrise Communications AG,Switzerland,CHF,http://www.investing.com/equities/sunrise-communications-ag
UHRN,943210,Swatch Group N,Switzerland,CHF,http://www.investing.com/equities/swatch-group-n
UHR,969253,Swatch I,Switzerland,CHF,http://www.investing.com/equities/swatch-grp-i?cid=969253
SFPN,955625,Swiss Finance & Property Invest,Switzerland,CHF,http://www.investing.com/equities/swiss-finance---property-invest
SLHN,986244,Swiss Life Holding,Switzerland,CHF,http://www.investing.com/equities/swiss-life?cid=986244
SPSN,49828,Swiss Prime Site,Switzerland,CHF,http://www.investing.com/equities/swiss-prime-si
SRENH,969254,Swiss Re,Switzerland,CHF,http://www.investing.com/equities/swiss-re?cid=969254
SIC,993577,Swisscanto CH RE Ifca,Switzerland,CHF,http://www.investing.com/equities/swisscanto-ch-real-estate-fund-ifca
SCMN,969255,Swisscom,Switzerland,CHF,http://www.investing.com/equities/swisscom?cid=969255
SREIF,993589,Swissinvest RE,Switzerland,CHF,http://www.investing.com/equities/swissinvest-real-estate-investment
SQN,955632,Swissquote Group Holding SA,Switzerland,CHF,http://www.investing.com/equities/swissquote-group-holding-sa
TECN,48540,Tecan Group,Switzerland,CHF,http://www.investing.com/equities/tecan-hld-n
TEMN,949732,Temenos Group AG,Switzerland,CHF,http://www.investing.com/equities/temenos-group-ag
RLFB,955640,Therametrics holding,Switzerland,CHF,http://www.investing.com/equities/therametrics-holding-ag
TKBP,955639,Thurgauer Kantonalbank,Switzerland,CHF,http://www.investing.com/equities/thurgauer-kantonalbank
TOHN,955641,Tornos,Switzerland,CHF,http://www.investing.com/equities/tornos-holding-ag
TXGN,955637,TX Group,Switzerland,CHF,http://www.investing.com/equities/tamedia-ag
UBXN,955642,U Blox Holding AG,Switzerland,CHF,http://www.investing.com/equities/u-blox-holding-ag
DRPF,993410,UBS CH Property Direct Residential,Switzerland,CHF,http://www.investing.com/equities/ubs-ch-property-fund-direct-residen
ANFO,993344,UBS CH Property Fund Leman,Switzerland,CHF,http://www.investing.com/equities/ubs-ch-property-fund-leman-resident
SIMA,993578,UBS CH Property Swiss Mixed Sima,Switzerland,CHF,http://www.investing.com/equities/ubs-ch-property-fund-swiss-mixed-si
UBSG,986245,UBS Group,Switzerland,CHF,http://www.investing.com/equities/ubs-group-n?cid=986245
UBSGE,1081657,UBS Group,Switzerland,CHF,http://www.investing.com/equities/ubs-group
FONC,993438,Ubs Property Fd Leman Residential,Switzerland,CHF,http://www.investing.com/equities/ubs-(ch)-property-fd-leman-resident
SREA,993588,UBS SW Swissreal,Switzerland,CHF,http://www.investing.com/equities/ubs-sw-swissreal
VLRT,955649,Valartis,Switzerland,CHF,http://www.investing.com/equities/valartis-group-ag
VATN,49956,Valiant,Switzerland,CHF,http://www.investing.com/equities/valiant-n
VALN,48528,Valora Holding,Switzerland,CHF,http://www.investing.com/equities/valora-holding
VARN,994260,Varia US,Switzerland,CHF,http://www.investing.com/equities/varia-us-properties-ltd
VACN,976465,VAT Group,Switzerland,CHF,http://www.investing.com/equities/vat-group-ag
VAHN,955644,Vaudoise Assurances Holding SA,Switzerland,CHF,http://www.investing.com/equities/vaudoise-assurances-holding-sa
VET,955647,Vetropack Holding SA,Switzerland,CHF,http://www.investing.com/equities/vetropack-holding-sa
VIFN,49957,Vifor Pharma,Switzerland,CHF,http://www.investing.com/equities/galenica-n
VILN,955648,Villars Holding SA,Switzerland,CHF,http://www.investing.com/equities/villars-holding-sa
VOWG,993623,Volkswagen ST,Switzerland,CHF,http://www.investing.com/equities/volkswagen-ag?cid=993623
ROL,955622,Von Roll Holding AG,Switzerland,CHF,http://www.investing.com/equities/von-roll-holding-ag
VONN,48542,Vontobel Holding,Switzerland,CHF,http://www.investing.com/equities/vontobel-holding
VPBN,955650,VP Bank AG,Switzerland,CHF,http://www.investing.com/equities/vp-bank-ag
VZN,955651,VZ Holding AG,Switzerland,CHF,http://www.investing.com/equities/vz-holding-ag
METG,955654,Walter Meier,Switzerland,CHF,http://www.investing.com/equities/walter-meier-ag
WARN,955652,Warteck Invest Ltd,Switzerland,CHF,http://www.investing.com/equities/warteck-invest-ltd
WIHN,976078,Wisekey International,Switzerland,CHF,http://www.investing.com/equities/wisekey-international-holding-ag
YPSN,955655,Ypsomed Holding AG,Switzerland,CHF,http://www.investing.com/equities/ypsomed-holding-ag
ZEHN,48553,Zehnder,Switzerland,CHF,http://www.investing.com/equities/zehnder
ZBH,955656,Zimmer Biomet,Switzerland,CHF,http://www.investing.com/equities/zimmer-hldgs?cid=955656
ZUBN,955658,Zueblin Immobilien Holding AG,Switzerland,CHF,http://www.investing.com/equities/zueblin-immobilien-holding-ag
ZUGN,955659,Zug Estates Holding AG,Switzerland,CHF,http://www.investing.com/equities/zug-estates-holding-ag
ZUGER,955657,Zuger Kantonalbank,Switzerland,CHF,http://www.investing.com/equities/zuger-kantonalbank
ROSEG,1024762,Zur Rose,Switzerland,CHF,http://www.investing.com/equities/zur-rose
ZURN,969257,Zurich Insurance Group,Switzerland,CHF,http://www.investing.com/equities/zurich-fin?cid=969257
ZWM,955660,Zwahlen et Mayr SA,Switzerland,CHF,http://www.investing.com/equities/zwahlen-et-mayr-sa
