AMEAS,576,Amer Sports Corporation,OMXH25,EUR
CGCBV,573,Cargotec Oyj,OMXH25,EUR
ELISA,571,Elisa Oyj,OMXH25,EUR
FUM1V,574,Fortum Oyj,OMXH25,EUR
HUH1V,26410,Huhtamaki Oyj,OMXH25,EUR
KRA1V,26417,Kemira Oyj,OMXH25,EUR
KESBV,575,Kesko Oyj B,OMXH25,EUR
KNEBV,570,KONE Oyj,OMXH25,EUR
KCR1V,572,Konecranes Oyj,OMXH25,EUR
MEO1V,569,Metso Oyj,OMXH25,EUR
NESTE,578,Neste Oil Oyj,OMXH25,EUR
NOKIA,647,Nokia Oyj,OMXH25,EUR
NRE1V,583,Nokian Renkaat Oyj,OMXH25,EUR
NDA1V,8922,Nordea Bank AB,OMXH25,EUR
ORNBV,26435,Orion Oyj B,OMXH25,EUR
OUT1V,8745,Outokumpu Oyj,OMXH25,EUR
OTE1V,579,Outotec Oyj,OMXH25,EUR
SAMAS,582,Sampo Oyj A,OMXH25,EUR
STERV,580,Stora Enso Oyj R,OMXH25,EUR
TELIA1,648,Telia Company AB,OMXH25,EUR
TIE1V,584,Tieto Oyj,OMXH25,EUR
UPM1V,585,UPM-Kymmene Oyj,OMXH25,EUR
VALMT,49950,Valmt,OMXH25,EUR
WRT1V,8748,Wartsila Oyj Abp,OMXH25,EUR
YTY1V,586,YIT Oyj,OMXH25,EUR
