LP60047308,1011172,Fundo de Investimento Mobiliário Aberto de Obrigações CA Rendimento,,
LP60047302,1011178,Caixagest Obrigações -- Fundo de Investimento Mobiliário Aberto de Obrigações,,
LP60047415,1011179,BPI Obrigações Mundiais - Fundo de Investimento Aberto de Obrigações,,
LP60047848,1011174,NB Tesouraria Ativa - Fundo de Investimento Mobiliário Aberto,,
LP60098018,1011169,Popular Tesouraria - Fundo de Investimento Mobiliário Aberto,,
LP60047303,1011181,Caixagest Obrigações Longo Prazo - Fundo de Investimento Mobiliário Aberto Obrigações de Taxa Fixa,,
LP60065669,1011180,Bankinter PPR Obrigações - Fundo de Investimento Aberto de Poupança Reforma,,
LP60090725,1011177,Alves Ribeiro PPR - Fundo de Investimento Mobiliário Aberto,,
LP60047551,1011173,Caixagest Acções Portugal - Fundo de Investimento Mobiliário Aberto de Acções,,
LP60047275,1011175,BPI Portugal - Fundo de Investimento Aberto de Ações,,
LP60047410,1011183,IMGA Ações Portugal - Fundo de Investimento Aberto de Ações,,
LP68026022,1011170,Fundo de Investimento Alternativo Mobiliário Aberto Caixagest Oportunidades,,
0P0000Z31P,1011182,Optimize Europa Obrigações - Fundo de Investimento Aberto de Obrigações,,
LP60047313,1011176,Montepio Obrigações - Fundo de Investimento Mobiliário Aberto de Obrigações,,
LP68134126,1011171,BPI Metais Preciosos Fundo Especial de Investimento Fechado,,
