BHDEUR,1502,Baharain Dinar Euro,Forex,EUR
BHDPKR,1503,Baharain Dinar Pakistani Rupee,Forex,PKR
EURBHD,1613,Euro Baharain Dinar,Forex,BHD
GBPBHD,1733,British Pound Baharain Dinar,Forex,BHD
USDBHD,2098,US Dollar Baharain Dinar,Forex,BHD
AEDBHD,9310,UAE Dirham Baharain Dinar,Forex,BHD
ARSBHD,9363,Argentinian Peso Baharain Dinar,Forex,BHD
AUDBHD,9395,Australian Dollar Baharain Dinar,Forex,BHD
BRLBHD,9414,Brazil Real Baharain Dinar,Forex,BHD
CADBHD,9459,Canadian Dollar Baharain Dinar,Forex,BHD
CNYBHD,9492,Chinese Yuan Baharain Dinar,Forex,BHD
CHFBHD,9542,Swiss Franc Baharain Dinar,Forex,BHD
DKKBHD,9574,Danish Krone Baharain Dinar,Forex,BHD
HKDBHD,9616,Hong Kong Dollar Baharain Dinar,Forex,BHD
ILSBHD,9677,Israeli Shekel Baharain Dinar,Forex,BHD
NOKBHD,9840,Norwegian Krone Baharain Dinar,Forex,BHD
NZDBHD,9891,New Zealand Dollar Baharain Dinar,Forex,BHD
PLNBHD,9975,Polish Zloty Baharain Dinar,Forex,BHD
SARBHD,10073,Saudi Riyal Baharain Dinar,Forex,BHD
SEKBHD,10129,Swedish Krona Baharain Dinar,Forex,BHD
SGDBHD,10176,Singapore Dollar Baharain Dinar,Forex,BHD
THBBHD,10211,Thai Baht Baharain Dinar,Forex,BHD
TRYBHD,10245,Turkish Lira Baharain Dinar,Forex,BHD
TWDBHD,10299,Taiwan Dollar Baharain Dinar,Forex,BHD
VEFBHD,10349,Venezuelan Bolivar Baharain Dinar,Forex,BHD
ZARBHD,10406,South African Rand Baharain Dinar,Forex,BHD
BHDINR,1073188,Baharain Dinar Indian Rupee,Forex,INR
