LP68125463,1011743,Income Partners Renminbi High Yield Bond Fund 2B RMB Inc,,
LP68125462,1011742,Income Partners Renminbi High Yield Bond Fund 2B RMB Acc,,
Cayman,1046150,AHL,,
0P0000MZPH,1046159,Russian Prosperity Fund B,,
0P0000RRPN,1046161,Russian Prosperity Fund D,,
0P00007YI2,1046160,Russian Prosperity Fund C,,
LP68114787,1011733,UBS CAY China A Opportunity A,,
LP68125458,1011745,Income Partners Renminbi High Yield Bond Fund 1A USD Inc,,
LP68125460,1011738,Income Partners Renminbi High Yield Bond Fund 2A USD Acc,,
LP68125461,1011741,Income Partners Renminbi High Yield Bond Fund 2A USD Inc,,
LP68125464,1011737,Income Partners Renminbi High Yield Bond Fund 2C USD Inc,,
0P0000SQ2K,1046168,UBS Cay Investment Fund - Renminbi Diversified Fund A USD,,
0P0000SQ2P,1046166,UBS Cay Investment Fund - Renminbi Diversified Fund A RMB,,
0P0000SQ2O,1046167,UBS Cay Investment Fund - Renminbi Diversified Fund A SGD,,
0P0000SQ2M,1046164,UBS Cay Investment Fund - Renminbi Diversified Fund A EUR,,
0P0000SQ2L,1046163,UBS Cay Investment Fund - Renminbi Diversified Fund A CHF,,
0P0000SQ2N,1046165,UBS Cay Investment Fund - Renminbi Diversified Fund A HKD,,
0P00015ORW,1046170,Value Partners China Convergence Fund USD Unhedged,,
0P00008EB6,1046169,Value Partners China Convergence Fund,,
0P00011RS0,1046151,AQS MENA Fund Limited B1 USD,,
0P00008EW2,1046171,Value Partners Chinese Mainland Focus,,
0P0000X169,1046152,Avance Stability Fund EUR Class A Shares,,
LP68105231,1011744,Arava Fund A,,
0P00008EBC,1046155,Invesco SR Global Bond GP,,
0P00008E49,1046156,Invesco SR Global Bond SA,,
LP68215346,1011731,Fullerton China Focus A Share Fund A,,
LP68052208,1011739,Reliance Emergent India Fund Ltd -Class 1,,
LP68052086,1011740,Reliance Emergent India Fund Ltd-Class 2,,
0P0000YC9C,1046162,SMBC Nikko Premium Funds - Glbl Corporate Bond Class USD Unit,,
LP68051365,1011735,Eaton Vance International Cayman Islands Emerging Markets Local Income Fund- Class A,,
LP68051366,1011734,Eaton Vance International Cayman Islands Emerging Markets Local Income Fund- Class A2,,
LP68051368,1011729,Eaton Vance International Cayman Islands Emerging Markets Local Income Class C,,
0P0000JTUK,1046157,LOM Euro Fixed Income Fund B Acc,,
LP68051369,1011732,Eaton Vance International Cayman Islands Emerging Markets Local Income C2,,
0P0000MZPF,1046158,Prosperity Cub Fund A,,
0P000090PK,1046149,Access PCP Emerging Markets USD,,
