TMIN,39345,3M India Ltd.,BSE500,INR
8KMS,950609,8K Miles Software Services Ltd,BSE500,INR
ARTI,950636,Aarti Industries,BSE500,INR
ABAN,39348,Aban Offshore Ltd.,BSE500,INR
ABB,39346,ABB India Limited,BSE500,INR
ABOT,39748,Abbott India Limited,BSE500,INR
ACC,39347,ACC Ltd,BSE500,INR
APSE,39600,Adani Ports & Special Economic Zone,BSE500,INR
ADEL,39350,Adani Enterprises Ltd.,BSE500,INR
ADAN,39351,Adani Power Limited,BSE500,INR
ADAI,958772,Adani Transmission Ltd,BSE500,INR
ADIA,963771,Aditya Birla Fashion and Retail Ltd,BSE500,INR
ABRL,39352,Aditya Birla Nuvo Ltd,BSE500,INR
AEGS,950616,Aegis Logistics Ltd,BSE500,INR
AIAE,39355,AIA Engineering,BSE500,INR
AJPH,945749,Ajanta Pharma Ltd,BSE500,INR
AKZO,39356,Akzo Nobel India Limited,BSE500,INR
ALEM,945750,Alembic Pharmaceuticals Ltd,BSE500,INR
ALKE,962457,Alkem Laboratories Ltd,BSE500,INR
ALBK,39357,Allahabad Bank,BSE500,INR
ACLL,39358,Allcargo Logistics,BSE500,INR
ALOK,39359,Alok Industries Ltd.,BSE500,INR
GEPO,39360,Alstom SA,BSE500,INR
AMAR,39361,Amara Raja Batteries Ltd,BSE500,INR
ABUJ,39362,Ambuja Cements Ltd.,BSE500,INR
AMTK,39363,Amtek Auto Ltd,BSE500,INR
ADBK,39366,Andhra Bank,BSE500,INR
APLA,950630,APL Apollo Tubes Ltd,BSE500,INR
APLH,39367,Apollo Hospitals Enterprises Ltd.,BSE500,INR
APLO,39368,Apollo Tyres Ltd,BSE500,INR
ARVN,39370,Arvind Ltd.,BSE500,INR
AISG,39371,Asahi India Glass,BSE500,INR
ASOK,39372,Ashok Leyland Ltd.,BSE500,INR
ABDL,950610,Ashoka Buildcon Ltd,BSE500,INR
ASPN,39373,Asian Paints Ltd.,BSE500,INR
ASTM,950639,Astra Micro Wave Products Ltd,BSE500,INR
ASPT,945751,Astral Poly Technik Ltd,BSE500,INR
ASTR,39374,AstraZeneca Pharma India Ltd.,BSE500,INR
ATLP,945752,Atul Ltd,BSE500,INR
ARBN,39375,Aurobindo Pharma Ltd.,BSE500,INR
AVNT,950645,Avanti Feeds Ltd,BSE500,INR
AXBK,39377,AXIS Bank Ltd.,BSE500,INR
BAJA,39380,Bajaj Auto Limited,BSE500,INR
BACO,39753,Bajaj Corp Limited,BSE500,INR
BJEL,39381,Bajaj Electricals Ltd.,BSE500,INR
BJFN,39382,Bajaj Finance Ltd,BSE500,INR
BJFS,39383,Bajaj Finserv Limited,BSE500,INR
BJHN,39385,Bajaj Hindustan Ltd.,BSE500,INR
BJAT,39384,Bajaj Holdings & Investment Limited,BSE500,INR
BLKI,39756,Balkrishna Industries Ltd.,BSE500,INR
BLMR,39387,Balmer Lawrie & Co. Ltd.,BSE500,INR
BACH,39388,Balrampur Chini Mills Ltd.,BSE500,INR
BOB,39403,Bank Of Baroda,BSE500,INR
BOI,39389,Bank of India,BSE500,INR
BMBK,39757,Bank of maharashtra,BSE500,INR
BASF,39390,BASF SE NA O.N.,BSE500,INR
BATA,39391,Bata India Limited,BSE500,INR
BAYE,39754,Bayer Cropscience Limited,BSE500,INR
BEML,39392,BEML Ltd,BSE500,INR
BRGR,39393,Berger Paints India Ltd,BSE500,INR
BFUT,39394,BF Utilities Ltd.,BSE500,INR
BAJE,39399,Bharat Electronics Ltd.,BSE500,INR
BHAF,39679,Bharat Financial Inclusion Ltd,BSE500,INR
BFRG,39395,Bharat Forge Ltd,BSE500,INR
BHEL,39398,Bharat Heavy Electricals Ltd.,BSE500,INR
BPCL,39396,Bharat Petroleum Corp. Ltd.,BSE500,INR
BRTI,39397,Bharti Airtel Ltd.,BSE500,INR
BHRI,39755,Bharti Infratel Limited,BSE500,INR
BION,39401,Biocon Ltd.,BSE500,INR
BRLC,39402,Birla Corporation,BSE500,INR
BLIS,950655,Bliss GVS Pharma Ltd,BSE500,INR
BLDT,39404,Blue Dart Express Ltd.,BSE500,INR
BLUS,39405,Blue Star Ltd,BSE500,INR
BBRM,945753,Bomburmah,BSE500,INR
BDYN,39406,Bombay Dyeing & Mfg. Co. Ltd.,BSE500,INR
BOSH,39408,Bosch Ltd,BSE500,INR
BRIT,39409,Britannia Industries Ltd.,BSE500,INR
CADI,39410,Cadila Healthcare Ltd.,BSE500,INR
CNFH,950673,Can Fin Homes Ltd.,BSE500,INR
CNBK,39412,Canara Bank,BSE500,INR
CAPF,39469,Capital First Ltd,BSE500,INR
CAPL,950667,Caplin Point Laboratories Ltd,BSE500,INR
CRBR,39413,Carborundum Universal,BSE500,INR
CAST,39414,Castrol India Ltd,BSE500,INR
CBI,39415,Central Bank of India,BSE500,INR
CCLP,950668,CCL Products India Ltd,BSE500,INR
CEAT,945755,CEAT Ltd,BSE500,INR
CNTP,950675,Century Plyboards Ltd,BSE500,INR
CNTY,39416,Century Textiles & Industries Ltd.,BSE500,INR
CERA,950671,Cera Sanitaryware Ltd,BSE500,INR
CESC,39417,CESC Limited,BSE500,INR
CHMB,39418,Chambal Fertilisers & Chemicals Ltd,BSE500,INR
CHPC,39419,Chennai Petroleum Corporation,BSE500,INR
CHLA,39420,Cholamandalam Investment & Finance,BSE500,INR
CIPL,39421,Cipla Ltd.,BSE500,INR
CTBK,39422,City Union Bank Ltd,BSE500,INR
CLAC,39423,Clariant Chemicals India Ltd,BSE500,INR
COAL,39425,Coal India Limited,BSE500,INR
CODE,960906,Coffee Day Enterprises Ltd,BSE500,INR
COLG,39426,Colgate-Palmolive Company,BSE500,INR
CCRI,39427,Container Corporation Of India Ltd.,BSE500,INR
CORF,39430,Coromandel International Limited,BSE500,INR
CRBK,39429,Corporation Bank Ltd,BSE500,INR
COKI,39431,Cox & Kings Limited,BSE500,INR
CREI,39759,Credit Analysis And Research Ltd,BSE500,INR
CRSL,39432,CRISIL Ltd.,BSE500,INR
CROM,39433,Crompton Greaves Ltd.,BSE500,INR
CUMM,39434,Cummins Inc,BSE500,INR
CYIE,39539,Cyient Ltd-B,BSE500,INR
DBCL,39743,D.B.Corp Limited,BSE500,INR
DABU,39436,Dabur India Ltd.,BSE500,INR
DALA,39760,Dalmia Bharat Limited,BSE500,INR
DCMS,945757,DCM Shriram Consolidated,BSE500,INR
DPFE,39437,Deepak Fertilizers &Petrochemicals,BSE500,INR
DELT,39438,Delta Corp Limited,BSE500,INR
DENN,39742,Den Networks Limited,BSE500,INR
DENA,39439,Dena Bank,BSE500,INR
DCBA,39440,Development Credit Bank Ltd.,BSE500,INR
DWNH,39441,Dewan Housing Finance Corp. Ltd.,BSE500,INR
DHNP,950678,Dhanuka Agritech Ltd,BSE500,INR
DSTV,39443,Dish TV India Limited,BSE500,INR
DISH,945759,Dishman Pharmaceuticals & Chemicals,BSE500,INR
DIVI,39444,Divi's Laboratories Ltd.,BSE500,INR
DLF,39445,DLF LIMITED,BSE500,INR
DLPA,962462,Dr Lal PathLabs Ltd,BSE500,INR
REDY,39446,Dr Reddys Laboratories Ltd,BSE500,INR
DYNM,950684,Dynamatic Technologies,BSE500,INR
EIDP,39452,E.I.D-Parry Ltd,BSE500,INR
ECLE,39448,eClerx Services Limited,BSE500,INR
EDEL,39449,Edelweiss Financial Services Ltd.,BSE500,INR
EICH,39451,Eicher Motors Ltd.,BSE500,INR
EIHO,39447,EIH Ltd,BSE500,INR
ELGE,39454,Elgi Equipments,BSE500,INR
EMAM,39455,Emami Ltd,BSE500,INR
ENGI,39456,Engineers India Ltd.,BSE500,INR
ENIL,39457,Entertainment Network India,BSE500,INR
EQHL,976505,Equitas Holdings Ltd,BSE500,INR
EROS,39763,Eros International Media Limited,BSE500,INR
ESCO,39459,Escorts Limited,BSE500,INR
ESSL,977014,Essel Propack ltd.,BSE500,INR
ERDY,977010,Eveready Industries India Ltd,BSE500,INR
EXID,39461,Exide Industries Ltd.,BSE500,INR
FAGB,39463,Fag Bearings India Ltd.,BSE500,INR
FDC,39462,FDC Ltd.,BSE500,INR
FED,39464,Federal Bank Ltd.,BSE500,INR
FNXC,945198,Finolex Cables Ltd.,BSE500,INR
FINX,39466,Finolex Industries Ltd.,BSE500,INR
FISO,945760,Firstsource Solutions Ltd.,BSE500,INR
FORC,987635,Force Motors Ltd,BSE500,INR
FOHE,39467,Fortis Healthcare Ltd,BSE500,INR
FTRE,39470,Future Ventures India Limited,BSE500,INR
GAIL,39471,GAIL Ltd,BSE500,INR
GATE,39473,GATEWAY DISTRIPARKS LTD.,BSE500,INR
GATI,945762,Gati,BSE500,INR
GAPR,977042,Gayatri Projects Ltd,BSE500,INR
GETD,39750,Ge T&D India Ltd,BSE500,INR
GEOM,39474,Geometric Ltd,BSE500,INR
GHCH,977052,GHCL Ltd.,BSE500,INR
GICH,945763,GIC Housing Finance Ltd,BSE500,INR
GILE,39476,Gillette India Ltd.,BSE500,INR
GLSM,39479,GlaxoSmithkline Consumer Healthcare,BSE500,INR
GLAX,39478,GlaxoSmithkline Pharmaceuticals Ltd,BSE500,INR
GLEN,39480,Glenmark Pharmaceuticals Ltd,BSE500,INR
GMRI,39481,GMR Infrastructure Limited,BSE500,INR
GDFR,39482,Godfrey Phillips India Ltd.,BSE500,INR
GOCP,39483,Godrej Consumer Products Ltd.,BSE500,INR
GODI,39484,Godrej Industries Ltd.,BSE500,INR
GODR,39485,Godrej Properties Limited,BSE500,INR
GRAN,948403,Granules India Ltd,BSE500,INR
GRAS,39487,Grasim Industries Ltd,BSE500,INR
GESC,39475,Great Eastern Shipping Co. Ltd.,BSE500,INR
GRVL,39489,Greaves Cotton Ltd.,BSE500,INR
GRPL,962616,Greenply Industries Ltd,BSE500,INR
GRNN,945765,Grindwell Norton Ltd,BSE500,INR
GRUH,39770,GRUH Finance Ltd,BSE500,INR
GFLR,39493,Gujarat Fluorochemicals Ltd.,BSE500,INR
GGAS,39500,Gujarat Gas Co. Ltd.,BSE500,INR
GMDC,39494,Gujarat Mineral Development,BSE500,INR
GNFC,39495,Gujarat Narmada Valley Fert.Co.Ltd,BSE500,INR
GPPL,39498,Gujarat Pipavav Port Limited,BSE500,INR
GSFC,39497,Gujarat State Fertilizers & Chem.,BSE500,INR
GSPT,39499,Gujarat State Petronet Ltd.,BSE500,INR
GOLU,945766,Gulf Oil Lubricants India Ltd,BSE500,INR
GVKP,39501,GVK Power & Infrastructure Ltd,BSE500,INR
HAWY,39502,Hathway Cable & Datacom Limited,BSE500,INR
HAPL,945767,Hatsun Agro Product Ltd,BSE500,INR
HVEL,39503,Havells India Limited,BSE500,INR
HCLI,39504,HCL Infosystems Ltd,BSE500,INR
HCLT,39505,HCL Technologies Ltd,BSE500,INR
HDBK,39506,HDFC Bank Limited,BSE500,INR
HEID,953733,Heidelbergcement AG O.N.,BSE500,INR
HROM,39508,Hero MotoCorp Limited,BSE500,INR
HEXT,39509,Hexaware Technologies Ltd.,BSE500,INR
HMFC,39510,Himachal Futuristic Communications,BSE500,INR
HMSD,977097,Himatsingka Seide,BSE500,INR
HALC,39515,Hindalco Industries Ltd.,BSE500,INR
HCNS,39511,Hindustan Construction Co. Ltd.,BSE500,INR
HCPR,39771,Hindustan Copper Limited,BSE500,INR
HINS,977093,Hindustan Media Ventures Ltd,BSE500,INR
HPCL,39512,Hindustan Petroleum Corporation Ltd,BSE500,INR
HLL,39513,Hindustan Unilever Ltd.,BSE500,INR
HZNC,39514,Hindustan Zinc Ltd.,BSE500,INR
HMTL,39772,HMT Ltd,BSE500,INR
HONE,39517,Honeywell Automation India Ltd.,BSE500,INR
HDIL,39520,Housing Development&Infrastructure,BSE500,INR
HDFC,39519,Housing Development Finance Corp.,BSE500,INR
HSNT,39521,HSIL Limited,BSE500,INR
HTML,39522,HT Media,BSE500,INR
ICBK,39526,ICICI Bank Limited,BSE500,INR
ICRA,39773,ICRA Limited,BSE500,INR
IDBI,39527,IDBI Bank Ltd,BSE500,INR
IDEA,39528,Idea Cellular Ltd,BSE500,INR
IDFC,39540,IDFC LIMITED,BSE500,INR
IDFB,960912,IDFC Bank Ltd,BSE500,INR
IFCI,39523,IFCI Ltd.,BSE500,INR
IIFL,39530,IIFL Holdings Ltd,BSE500,INR
ILFT,39774,IL&FS Transportation Networks Ltd,BSE500,INR
ICMN,39529,India Cements Ltd.,BSE500,INR
INBF,945771,Indiabulls,BSE500,INR
INRL,39775,Indiabulls Real Estate Limited,BSE500,INR
INBA,39532,Indian Bank,BSE500,INR
IHTL,39533,Indian Hotels Co. Ltd,BSE500,INR
IOC,39525,Indian Oil Corporation Ltd.,BSE500,INR
IOBK,39534,Indian Overseas Bank,BSE500,INR
ICNT,977110,Indo Count Industries Ltd,BSE500,INR
INRM,945772,Indoco Remedies Ltd,BSE500,INR
IGAS,39535,Indraprashtha Gas Ltd.,BSE500,INR
INBK,39536,IndusInd Bank Ltd.,BSE500,INR
INFC,976249,Infibeam Incorporation Ltd,BSE500,INR
INED,39537,Info Edge India Ltd,BSE500,INR
INFY,39538,Infosys Limited,BSE500,INR
INGR,39541,Ingersoll-Rand Ltd,BSE500,INR
INOL,945773,Inox Leisure Limited,BSE500,INR
INWN,950695,Inox Wind Ltd,BSE500,INR
INEE,977133,Intellect Design Arena Ltd,BSE500,INR
INGL,961714,Interglobe Aviation Ltd,BSE500,INR
IPAP,39749,International Paper APPM Ltd,BSE500,INR
IPCA,39542,Ipca Laboratories Ltd.,BSE500,INR
IRBI,39543,IRB Infrastructure Developers Ltd,BSE500,INR
ISGE,987841,Isgec Heavy Engineering Ltd,BSE500,INR
ITC,39544,ITC Ltd,BSE500,INR
ITCM,959157,ITD Cementation India Ltd,BSE500,INR
JKIP,962016,J Kumar Infraprojects Ltd,BSE500,INR
JBCH,39554,J.B. Chemicals & Pharmaceuticals,BSE500,INR
JKCE,39778,J.K. CEMENT LTD,BSE500,INR
JAGP,39547,Jagran Prakashan Limited,BSE500,INR
JAIC,39548,Jai Corp Limited,BSE500,INR
JAIR,39549,Jain Irrigation Systems Ltd.,BSE500,INR
JAIA,39550,Jaiprakash Associates Limited,BSE500,INR
JAPR,39551,Jaiprakash Power Ventures Limited,BSE500,INR
JKBK,39552,Jammu and Kashmir Bank Ltd.,BSE500,INR
JYPE,39553,Jaypee Infratech Limited,BSE500,INR
JBFI,39776,JBF Industries Ltd.,BSE500,INR
JET,39555,Jet Airways Ltd,BSE500,INR
JPLY,39556,Jindal Poly Films Ltd.,BSE500,INR
JNSP,39559,Jindal Steel & Power Ltd,BSE500,INR
JKLC,39779,JK Lakshmi Cement Limited,BSE500,INR
JKIN,945774,JK Tyre & Industries Ltd.,BSE500,INR
JMSH,39560,JM Financial Limited,BSE500,INR
JCHA,945770,Johnson Controls-Hitachi Air Conditioning India Ltd,BSE500,INR
JSWE,39561,JSW Energy Limited,BSE500,INR
JSTL,39546,JSW Steel Limited,BSE500,INR
JUBI,39564,Jubilant Foodworks Limited,BSE500,INR
JULS,39563,JUBILANT LIFE SCIENCES LIMITED,BSE500,INR
JUST,945199,Just Dial Ltd,BSE500,INR
JYOI,39780,Jyothy Laboratories Limited,BSE500,INR
KSBP,977211,KSB Pumps,BSE500,INR
KAJR,39566,Kajaria Ceramics Ltd,BSE500,INR
KAPT,39567,Kalpataru Power Transmission Ltd.,BSE500,INR
KANE,39568,Kansai Nerolac Paints,BSE500,INR
KBNK,39569,Karnataka Bank Ltd.,BSE500,INR
KVRI,39783,Kaveri Seed Company Ltd,BSE500,INR
KECL,39570,KEC International Ltd.,BSE500,INR
KSRM,39572,Kesoram Industries,BSE500,INR
KIRO,39782,Kirloskar Oil Engines Limited,BSE500,INR
KITE,953736,Kitex Garments Ltd,BSE500,INR
KTKM,39573,Kotak Mahindra Bank Ltd.,BSE500,INR
KPIT,39574,KPIT Cummins Infosystems Limited.,BSE500,INR
KPRM,977204,KPR Mill Ltd,BSE500,INR
KRBL,953737,KRBL Ltd,BSE500,INR
KSKE,39575,KSK Energy Ventures,BSE500,INR
KDAI,977184,Kwality Ltd,BSE500,INR
LTFH,39785,L&T Finance Holdings Limited,BSE500,INR
LAOP,977217,La Opala R G Ltd,BSE500,INR
LKMC,39576,Lakshmi Machine Works Ltd.,BSE500,INR
LVLS,945777,LAKSHMI VILAS BANK LTD,BSE500,INR
LART,39578,Larsen & Toubro Limited,BSE500,INR
LICH,39579,Lic Housing Finance Ltd.,BSE500,INR
LIND,39379,Linde India Limited,BSE500,INR
LUPN,39580,Lupin Ltd,BSE500,INR
LYCO,39844,Lycos Internet Ltd,BSE500,INR
MRF,39597,M.R.F. Ltd.,BSE500,INR
MAGM,39786,Magma Fincorp Ltd,BSE500,INR
MTNL,39599,Mahanagar Telephone Nigam Ltd.,BSE500,INR
MAHN,945779,Mahindra CIE Automotive Ltd,BSE500,INR
MAHH,39787,Mahindra Holidays & Resorts India,BSE500,INR
MALD,39584,Mahindra Lifespace Developers Ltd.,BSE500,INR
MAHM,39583,Mahindra & Mahindra Ltd.,BSE500,INR
MMFS,39581,Mahindra and Mahindra Financial Services Ltd,BSE500,INR
MAJC,959165,Majesco Ltd,BSE500,INR
MNFL,39791,Manappuram Finance Limited,BSE500,INR
MRPL,39598,Mangalore Refinery & Petrochemicals,BSE500,INR
MRCO,39586,Marico Limited,BSE500,INR
MARK,953738,Marksans Pharma Ltd,BSE500,INR
MRTI,39587,Maruti Suzuki India Ltd.,BSE500,INR
MAXI,39588,Max Financial Services Ltd,BSE500,INR
MCLE,39589,McLeod Russel India Limited,BSE500,INR
MNDA,977266,Minda Industries Ltd,BSE500,INR
MINT,39591,MindTree Limited,BSE500,INR
MMTC,39790,MMTC Limited,BSE500,INR
MOIL,39792,MOIL Limited,BSE500,INR
MNSN,39593,Monsanto India Ltd.,BSE500,INR
MOSS,39594,Motherson Sumi Systems Ltd.,BSE500,INR
MOFS,39595,Motilal Oswal Financials,BSE500,INR
MBFL,39596,Mphasis Limited,BSE500,INR
MCEI,39789,Multi Commodity Exchange of India,BSE500,INR
MUTT,39793,Muthoot Finance Limited,BSE500,INR
NARY,962618,Narayana Hrudayalaya Ltd,BSE500,INR
NATP,39794,Natco Pharma Ltd.,BSE500,INR
NALU,39604,National Aluminum Co. Ltd.,BSE500,INR
NAFL,977289,Navin Fluorine International,BSE500,INR
NAVR,959167,Navkar Corporation Ltd,BSE500,INR
NAVN,39606,Navneet Education Limited,BSE500,INR
NBCC,945196,NBCC India Ltd,BSE500,INR
NCCL,39607,NCC Limited,BSE500,INR
NEST,39745,Nestle India Limited,BSE500,INR
NEFI,39608,Network 18 Media & Investments Ltd,BSE500,INR
NHPC,39610,NHPC Limited,BSE500,INR
NIIT,39601,NIIT Ltd.,BSE500,INR
NITT,39796,NIIT Technologies Limited,BSE500,INR
NKML,977315,Nilkamal,BSE500,INR
NIRL,988159,Nirlon Ltd,BSE500,INR
NLCI,39609,NLC India Ltd,BSE500,INR
NMDC,39611,NMDC Ltd,BSE500,INR
NOIN,39837,Novartis India Ltd,BSE500,INR
NTPC,39602,NTPC Limited,BSE500,INR
OEBO,39614,Oberoi Realty Limited,BSE500,INR
ONGC,39613,Oil And Natural Gas Corporation Ltd,BSE500,INR
OILI,39615,Oil India Limited,BSE500,INR
OMAX,39616,OMAXE LIMITED,BSE500,INR
ONMO,39798,OnMobile Global Ltd.,BSE500,INR
ORCL,39618,Oracle Financial Services Software,BSE500,INR
ORBC,39620,Oriental Bank Of Commerce,BSE500,INR
ORCE,945781,Orient Cement Ltd,BSE500,INR
PAGE,39621,Page Industries Ltd.,BSE500,INR
PCJE,39799,PC Jeweller Limited,BSE500,INR
PERS,39626,Persistent Systems Limited,BSE500,INR
PLNG,39627,PETRONET LNG LTD.,BSE500,INR
PFIZ,39628,Pfizer Inc,BSE500,INR
PIIL,39838,P I Industr,BSE500,INR
PIDI,39630,Pidilite Industries Ltd.,BSE500,INR
PIRA,39632,Piramal Enterprises Limited,BSE500,INR
PNCI,953945,PNC Infratech Ltd,BSE500,INR
POLA,39633,Polaris Financial Technology Ltd,BSE500,INR
PWFC,39634,Power Finance Corporation Ltd,BSE500,INR
PGRD,39635,POWER GRID CORPORATION OF INDIA,BSE500,INR
PRAJ,39636,Praj Industries Ltd.,BSE500,INR
PREG,39637,Prestige Estates Projects Limited,BSE500,INR
PRIS,39638,Prism Cement,BSE500,INR
PROC,39639,Procter & Gamble Company,BSE500,INR
PTCI,39640,PTC India Ltd,BSE500,INR
PTCN,977390,PTC India Financial Services,BSE500,INR
PUJL,39641,Punj LLoyd Ltd,BSE500,INR
PNBK,39642,Punjab National Bank,BSE500,INR
PVRL,945197,PVR Ltd,BSE500,INR
RADC,39644,Radico Khaitan Ltd.,BSE500,INR
RAID,39803,Rain Commodities Ltd,BSE500,INR
REXP,39645,Rajesh Exports Ltd.,BSE500,INR
RALL,39646,Rallis India Ltd,BSE500,INR
RMCS,977420,Ramco Systems Ltd,BSE500,INR
RKFO,977417,Ramkrishna Forgings Ltd,BSE500,INR
RSTC,39648,Rashtriya Chemicals & Fertilizers,BSE500,INR
RTNP,945787,RattanIndia Power Ltd,BSE500,INR
RYMD,39649,Raymond Limited,BSE500,INR
REDI,39650,Redington India Ltd,BSE500,INR
RLXO,977418,Relaxo Footwears Ltd,BSE500,INR
RLCP,39652,Reliance Capital Limited,BSE500,INR
RLCM,39653,Reliance Communications Limited,BSE500,INR
RELD,39631,Reliance Defence and Engineering Ltd,BSE500,INR
RELI,39657,Reliance Industries Ltd,BSE500,INR
RLIN,39655,Reliance Infrastructure Ltd,BSE500,INR
RPOL,39656,Reliance Power Limited,BSE500,INR
RELG,39658,Religare Enterprises Ltd,BSE500,INR
RHFL,945788,Repco Home Finance Ltd,BSE500,INR
ROLT,39659,Rolta India Ltd.,BSE500,INR
RURL,39661,Rural Electrification Corporation,BSE500,INR
SHKE,961722,S H Kelkar And Company Ltd,BSE500,INR
SADE,39665,Sadbhav Engineering,BSE500,INR
SANO,39376,Sanofi India Ltd,BSE500,INR
SBI,39666,State Bank Of India,BSE500,INR
SEIN,39746,Schneider Electric SE,BSE500,INR
SEQU,963766,SeQuent Scientific Ltd,BSE500,INR
SHCR,945790,Sharda Cropchem Ltd,BSE500,INR
SHME,953747,Shilpa Medicare Ltd,BSE500,INR
SCI,39669,Shipping Corporation Of India Ltd,BSE500,INR
SHOP,39670,Shoppers Stop Ltd,BSE500,INR
SHCM,39672,Shree Cements Ltd.,BSE500,INR
SRES,39673,Shree Renuka Sugars Ltd.,BSE500,INR
SRTR,39674,Shriram Transport Finance Co. Ltd.,BSE500,INR
SHCU,39807,Shriram-City Union Finance Ltd.,BSE500,INR
SIEM,39675,Siemens AG,BSE500,INR
SINF,39676,Simplex Infrastructures,BSE500,INR
SNTX,39677,Sintex Industries Ltd,BSE500,INR
SITI,39810,Siti Networks Ltd,BSE500,INR
SJVN,39811,SJVN Limited,BSE500,INR
SKFB,39678,SKF AB ser. B,BSE500,INR
SMLI,977489,SML Isuzu Ltd,BSE500,INR
SOBH,39680,Sobha Developers Ltd.,BSE500,INR
SLIN,39812,Solar Industries India Ltd,BSE500,INR
SOFT,945793,Sonata Software Ltd.,BSE500,INR
SIBK,39681,South Indian Bank Ltd.,BSE500,INR
SPJT,39840,Spicejet Ltd,BSE500,INR
SREI,39682,SREI Infrastructure Finance limited,BSE500,INR
SRFL,39683,SRF Ltd.,BSE500,INR
STRF,977525,Star Ferro Cement Ltd,BSE500,INR
SBKB,39662,State Bank of Bikaner & Jaipur,BSE500,INR
SBKT,39663,State Bank of Travancore,BSE500,INR
SAIL,39685,Steel Authority of India Ltd.,BSE500,INR
STTE,39687,Sterlite Technologies Limited.,BSE500,INR
STSA,39688,Strides Shasun Ltd,BSE500,INR
SUN,39689,Sun Pharmaceutical Industries Ltd.,BSE500,INR
SPRC,39813,Sun Pharma Adv. Research,BSE500,INR
SUTV,39690,SUN TV NETWORK LIMITED,BSE500,INR
SNFS,39691,Sundram Fasteners,BSE500,INR
SUNT,39692,Sunteck Realty Limited,BSE500,INR
SUPI,39693,Supreme Industries Ltd.,BSE500,INR
SUVP,953750,Suven Life Sciences Ltd,BSE500,INR
SUZL,39694,SUZLON ENERGY LTD.,BSE500,INR
SWAN,39814,Swan Energy Limited,BSE500,INR
SYMP,39841,Symphony Ltd,BSE500,INR
SBNK,39695,Syndicate Bank,BSE500,INR
SYNN,958790,Syngene International Ltd,BSE500,INR
TAKE,977551,Take Solutions Ltd,BSE500,INR
TNNP,39710,Tamil Nadu Newsprint And Papers Ltd,BSE500,INR
TTCH,39696,Tata Chemicals Ltd,BSE500,INR
TACO,39697,Tata Coffee Ltd,BSE500,INR
TATA,39698,Tata Communications Limited,BSE500,INR
TCS,39699,Tata Consultancy Services Ltd.,BSE500,INR
TTEX,39700,Tata Elxsi Ltd,BSE500,INR
TAGL,39701,Tata Global Beverages Limited,BSE500,INR
TINV,39702,Tata Investment Corporation Ltd.,BSE500,INR
TAMO,39703,Tata Motors Ltd,BSE500,INR
TAMdv,977554,Tata Motors DV Ltd,BSE500,INR
TTPW,39704,Tata Power Co. Ltd,BSE500,INR
TTSP,945796,Tata Sponge Iron Ltd,BSE500,INR
TISC,39705,TATA STEEL LIMITED,BSE500,INR
TEML,39706,Tech Mahindra Limited,BSE500,INR
TEEC,39815,Techno Electric & Engineering Co,BSE500,INR
TEXA,39816,Texmaco Rail & Engineering Limited,BSE500,INR
PHOE,39629,The Phoenix Mills Ltd.,BSE500,INR
TRCE,39582,The Ramco Cements Limited,BSE500,INR
THMX,39707,Thermax Ltd.,BSE500,INR
THOM,39708,Thomas Cook Ltd,BSE500,INR
TIMK,39819,Timken India Ltd,BSE500,INR
TITW,39820,Titagarh Wagons Ltd,BSE500,INR
TITN,39709,Titan Company Ltd,BSE500,INR
TORP,39711,Torrent Pharmaceuticals Ltd.,BSE500,INR
TOPO,39712,TORRENT POWER LIMITED,BSE500,INR
TREN,39713,Trent Ltd,BSE500,INR
TRIE,977588,Trident,BSE500,INR
TRVT,39821,Triveni Turbine Limited,BSE500,INR
TTKL,39822,TTK Prestige Ltd.,BSE500,INR
TUBE,39714,Tube Investments of India Ltd.,BSE500,INR
TVTO,977597,T.V.Today Network Limited,BSE500,INR
TVEB,39716,TV18 Broadcast Ltd.,BSE500,INR
TVSM,39717,TVS Motor Company Ltd.,BSE500,INR
TVSC,977596,TVS Srichakra Ltd,BSE500,INR
UCBK,39718,UCO Bank,BSE500,INR
UFLX,39719,Uflex Limited,BSE500,INR
ULTC,39720,UltraTech Cement Ltd,BSE500,INR
UNLB,39721,Unichem Laboratories Ltd.,BSE500,INR
UNBK,39722,Union Bank of India,BSE500,INR
UNTE,39723,Unitech Ltd.,BSE500,INR
UBBW,39724,United Breweries Ltd.,BSE500,INR
UNSP,39726,United Spirits Limited,BSE500,INR
UPLL,39725,UPL Ltd,BSE500,INR
VGUA,39829,V Guard Industries Ltd,BSE500,INR
VATE,39828,Va Tech Wabag Ltd,BSE500,INR
VAKR,39826,Vakrangee Softwares Ltd.,BSE500,INR
VART,39827,Vardhman Textiles Limited,BSE500,INR
VDAN,39667,Vedanta Ltd,BSE500,INR
VEDI,39729,Videocon Industries Ltd.,BSE500,INR
VJBK,39730,Vijaya Bank,BSE500,INR
VNTI,977633,Vinati Organics Ltd,BSE500,INR
VIPI,39731,V I P Industries Ltd,BSE500,INR
VOLT,39732,Voltas Ltd.,BSE500,INR
VRLL,953147,VRL Logistics Ltd,BSE500,INR
VSTI,39733,VST Industries Ltd.,BSE500,INR
WABC,39830,WABCO India Ltd,BSE500,INR
WGSR,39734,Welspun Corp Limited,BSE500,INR
WLSP,969212,Welspun India Ltd,BSE500,INR
WEST,945747,Westlife Development Ltd-BO,BSE500,INR
WHIR,39735,Whirlpool Corporation,BSE500,INR
WIPR,39736,Wipro Limited,BSE500,INR
WCKH,39737,Wockhardt Ltd,BSE500,INR
WOHL,950716,Wonderla Holidays Ltd,BSE500,INR
YAMI,945940,Yamini Investments Company Ltd,BSE500,INR
YESB,39739,Yes Bank Ltd.,BSE500,INR
ZEE,39740,Zee Entertainment Enterprises Ltd.,BSE500,INR
ZENT,945748,Zensar Technologies Ltd.,BSE500,INR
ZYDS,39741,Zydus Wellness Limited,BSE500,INR
