ABBN,320,ABB Ltd,SSMI,CHF
ATLN,323,Actelion Ltd,SSMI,CHF
ADEN,317,Adecco SA,SSMI,CHF
CSGN,316,Credit Suisse Group AG,SSMI,CHF
GEBN,39129,Geberit AG,SSMI,CHF
GIVN,325,Givaudan SA,SSMI,CHF
BAER,319,Julius Baer Gruppe AG,SSMI,CHF
LHN,321,LafargeHolcim Ltd,SSMI,CHF
NESN,334,Nestle SA,SSMI,CHF
NOVN,332,Novartis AG,SSMI,CHF
CFR,318,Compagnie Financiere Richemont SA,SSMI,CHF
ROG,337,Roche GS,SSMI,CHF
SGSN,13818,SGS SA,SSMI,CHF
UHR,330,Swatch Group I,SSMI,CHF
SLHN,331,Swiss Life Holding AG,SSMI,CHF
SRENH,335,Swiss Re AG,SSMI,CHF
SCMN,339,Swisscom AG,SSMI,CHF
SYNN,7001,Syngenta AG,SSMI,CHF
UBSG,943811,UBS Group AG,SSMI,CHF
ZURN,329,Zurich Insurance Group AG,SSMI,CHF
