THBJPY,76,Thai Baht Japanese Yen,Forex,JPY
EURTHB,94,Euro Thai Baht,Forex,THB
GBPTHB,95,British Pound Thai Baht,Forex,THB
NZDTHB,120,New Zealand Dollar Thai Baht,Forex,THB
DKKTHB,129,Danish Krone Thai Baht,Forex,THB
AUDTHB,130,Australian Dollar Thai Baht,Forex,THB
USDTHB,147,US Dollar Thai Baht,Forex,THB
CADTHB,1536,Canadian Dollar Thai Baht,Forex,THB
CHFTHB,1558,Swiss Franc Thai Baht,Forex,THB
HKDTHB,1830,Hong Kong Dollar Thai Baht,Forex,THB
IDRTHB,1853,Indonesian Rupiah Thai Baht,Forex,THB
INRTHB,1874,Indian Rupee Thai Baht,Forex,THB
JPYTHB,1908,Japanese Yen Thai Baht,Forex,THB
KRWTHB,1925,Korean Won Thai Baht,Forex,THB
MYRTHB,1967,Malaysian Ringgit Thai Baht,Forex,THB
SGDTHB,2042,Singapore Dollar Thai Baht,Forex,THB
THBCNY,2050,Thai Baht Chinese Yuan,Forex,CNY
THBIDR,2053,Thai Baht Indonesian Rupiah,Forex,IDR
THBINR,2054,Thai Baht Indian Rupee,Forex,INR
THBKRW,2055,Thai Baht Korean Won,Forex,KRW
THBPKR,2058,Thai Baht Pakistani Rupee,Forex,PKR
THBTWD,2060,Thai Baht Taiwan Dollar,Forex,TWD
TWDTHB,2081,Taiwan Dollar Thai Baht,Forex,THB
ZARTHB,2251,South African Rand Thai Baht,Forex,THB
AEDTHB,9302,UAE Dirham Thai Baht,Forex,THB
ARSTHB,9355,Argentinian Peso Thai Baht,Forex,THB
BRLTHB,9450,Brazil Real Thai Baht,Forex,THB
CNYTHB,9534,Chinese Yuan Thai Baht,Forex,THB
HUFTHB,9665,Hungarian Forint Thai Baht,Forex,THB
ILSTHB,9720,Israeli Shekel Thai Baht,Forex,THB
ISKTHB,9766,Icelandic Kr Thai Baht,Forex,THB
MXNTHB,9828,Mexican Peso Thai Baht,Forex,THB
NOKTHB,9879,Norwegian Krone Thai Baht,Forex,THB
PHPTHB,9948,Philippine Peso Thai Baht,Forex,THB
PKRTHB,9963,Pakistani Rupee Thai Baht,Forex,THB
PLNTHB,10015,Polish Zloty Thai Baht,Forex,THB
RUBTHB,10061,Russian Ruble Thai Baht,Forex,THB
SARTHB,10116,Saudi Riyal Thai Baht,Forex,THB
SEKTHB,10165,Swedish Krona Thai Baht,Forex,THB
THBAED,10208,Thai Baht UAE Dirham,Forex,AED
THBARS,10209,Thai Baht Argentinian Peso,Forex,ARS
THBAUD,10210,Thai Baht Australian Dollar,Forex,AUD
THBBHD,10211,Thai Baht Baharain Dinar,Forex,BHD
THBBRL,10212,Thai Baht Brazil Real,Forex,BRL
THBCLP,10213,Thai Baht Chilean Peso,Forex,CLP
THBCZK,10214,Thai Baht Czech Koruna,Forex,CZK
THBDKK,10215,Thai Baht Danish Krone,Forex,DKK
THBEGP,10217,Thai Baht Egyptian Pound,Forex,EGP
THBHKD,10218,Thai Baht Hong Kong Dollar,Forex,HKD
THBHUF,10219,Thai Baht Hungarian Forint,Forex,HUF
THBILS,10220,Thai Baht Israeli Shekel,Forex,ILS
THBISK,10221,Thai Baht Icelandic Kr,Forex,ISK
THBJMD,10222,Thai Baht Jamaican Dollar,Forex,JMD
THBKES,10223,Thai Baht Kenyan Shilling,Forex,KES
THBLBP,10224,Thai Baht Lebanese Pound,Forex,LBP
THBLKR,10225,Thai Baht Sri Lankan Rupee,Forex,LKR
THBMAD,10226,Thai Baht Moroccan Dirham,Forex,MAD
THBMXN,10227,Thai Baht Mexican Peso,Forex,MXN
THBMYR,10228,Thai Baht Malaysian Ringgit,Forex,MYR
THBNAD,10229,Thai Baht Namibian Dollar,Forex,NAD
THBNOK,10230,Thai Baht Norwegian Krone,Forex,NOK
THBNPR,10231,Thai Baht Nepalese Rupee,Forex,NPR
THBPHP,10232,Thai Baht Philippine Peso,Forex,PHP
THBQAR,10233,Thai Baht Qatari Riyal,Forex,QAR
THBRUB,10234,Thai Baht Russian Ruble,Forex,RUB
THBSAR,10235,Thai Baht Saudi Riyal,Forex,SAR
THBSEK,10236,Thai Baht Swedish Krona,Forex,SEK
THBTRY,10237,Thai Baht Turkish Lira,Forex,TRY
THBXAF,10238,Thai Baht Central African Franc,Forex,XAF
THBXOF,10239,Thai Baht West African CFA franc,Forex,XOF
THBZAR,10240,Thai Baht South African Rand,Forex,ZAR
TRYTHB,10288,Turkish Lira Thai Baht,Forex,THB
VEFTHB,10394,Venezuelan Bolivar Thai Baht,Forex,THB
