BRLCLP,1509,Brazil Real Chilean Peso,Forex,CLP
EURCLP,1622,Euro Chilean Peso,Forex,CLP
GBPCLP,1739,British Pound Chilean Peso,Forex,CLP
USDCLP,2110,US Dollar Chilean Peso,Forex,CLP
AEDCLP,9280,UAE Dirham Chilean Peso,Forex,CLP
ARSCLP,9334,Argentinian Peso Chilean Peso,Forex,CLP
AUDCLP,9384,Australian Dollar Chilean Peso,Forex,CLP
CADCLP,9460,Canadian Dollar Chilean Peso,Forex,CLP
CNYCLP,9496,Chinese Yuan Chilean Peso,Forex,CLP
CHFCLP,9543,Swiss Franc Chilean Peso,Forex,CLP
CLPKRW,9569,Chilean Peso Korean Won,Forex,KRW
CLPIDR,9570,Chilean Peso Indonesian Rupiah,Forex,IDR
DKKCLP,9577,Danish Krone Chilean Peso,Forex,CLP
HKDCLP,9620,Hong Kong Dollar Chilean Peso,Forex,CLP
HUFCLP,9656,Hungarian Forint Chilean Peso,Forex,CLP
ILSCLP,9681,Israeli Shekel Chilean Peso,Forex,CLP
INRCLP,9729,Indian Rupee Chilean Peso,Forex,CLP
ISKCLP,9756,Icelandic Kr Chilean Peso,Forex,CLP
JPYCLP,9774,Japanese Yen Chilean Peso,Forex,CLP
MXNCLP,9795,Mexican Peso Chilean Peso,Forex,CLP
NOKCLP,9843,Norwegian Krone Chilean Peso,Forex,CLP
NZDCLP,9893,New Zealand Dollar Chilean Peso,Forex,CLP
PHPCLP,9922,Philippine Peso Chilean Peso,Forex,CLP
PKRCLP,9953,Pakistani Rupee Chilean Peso,Forex,CLP
PLNCLP,9979,Polish Zloty Chilean Peso,Forex,CLP
RUBCLP,10026,Russian Ruble Chilean Peso,Forex,CLP
SARCLP,10077,Saudi Riyal Chilean Peso,Forex,CLP
SEKCLP,10132,Swedish Krona Chilean Peso,Forex,CLP
SGDCLP,10177,Singapore Dollar Chilean Peso,Forex,CLP
THBCLP,10213,Thai Baht Chilean Peso,Forex,CLP
TRYCLP,10248,Turkish Lira Chilean Peso,Forex,CLP
TWDCLP,10303,Taiwan Dollar Chilean Peso,Forex,CLP
VEFCLP,10353,Venezuelan Bolivar Chilean Peso,Forex,CLP
ZARCLP,10410,South African Rand Chilean Peso,Forex,CLP
CLPARS,10451,Chilean Peso Argentinian Peso,Forex,ARS
CLPBRL,10462,Chilean Peso Brazil Real,Forex,BRL
CLPPYG,10468,Chilean Peso Paraguayan Guarani,Forex,PYG
CLPUYU,10469,Chilean Peso Uruguayan Peso,Forex,UYU
CLPCOP,10470,Chilean Peso Colombian Peso,Forex,COP
CLPPEN,10471,Chilean Peso Peru Sol,Forex,PEN
CLPBOB,10472,Chilean Peso Bolivian Boliviano,Forex,BOB
PYGCLP,10473,Paraguayan Guarani Chilean Peso,Forex,CLP
UYUCLP,10474,Uruguayan Peso Chilean Peso,Forex,CLP
COPCLP,10475,Colombian Peso Chilean Peso,Forex,CLP
PENCLP,10476,Peru Sol Chilean Peso,Forex,CLP
BOBCLP,10477,Bolivian Boliviano Chilean Peso,Forex,CLP
CLPMXN,10501,Chilean Peso Mexican Peso,Forex,MXN
CLPVEF,10516,Chilean Peso Venezuelan Bolivar,Forex,VEF
CLPUSD,11758,Chilean Peso US Dollar,Forex,USD
