LCC,8860,London Cocoa Futures,CFD,GBP
LRC,8911,London Robusta Coffee Futures,CFD,USD
LSU,8834,London Sugar Futures,CFD,USD
LB,959198,Lumber Futures,CFD,USD
OJ,8891,Orange Juice Futures,CFD,USD
CC,8894,US Cocoa Futures,CFD,USD
KC,8832,US Coffee C Futures,CFD,USD
CT,8851,US Cotton #2 Futures,CFD,USD
SB,8869,US Sugar #11 Futures,CFD,USD
MOM,49770,Cardamom Futures,MCX,INR
MCS,997362,Castor Seed Futures,MCX,INR
MCOT,49773,Cotton Futures,MCX,INR
MCA,49775,Crude Palm Oil Futures,MCX,INR
MCT,49782,Kapas Futures,MCX,INR
MMO,49785,Mentha Oil Futures,MCX,INR
