ARIJ,41384,African Rainbow Minerals Ltd,invsaf40,ZAR
AGLJ,41372,Anglo American PLC,invsaf40,ZAR
ANGJ,41383,Anglogold Ashanti Ltd,invsaf40,ZAR
APNJ,41386,Aspen Pharmacare Holdings Ltd,invsaf40,ZAR
BGAJ,41398,Barclays Africa Group Ltd,invsaf40,ZAR
BILJ,41366,BHP Billiton PLC,invsaf40,ZAR
BVTJ,41393,Bidvest Group Ltd,invsaf40,ZAR
BTIJ,41367,British American Tobacco PLC,invsaf40,ZAR
CCOJ,50081,Capital & Counties Properties Plc,invsaf40,ZAR
CFRJ,41365,Compagnie Financiere Richemont SA,invsaf40,ZAR
DSYJ,41379,Discovery Holdings Ltd,invsaf40,ZAR
EXXJ,41391,Exxaro Resources Ltd,invsaf40,ZAR
FSRJ,41358,Firstrand Ltd,invsaf40,ZAR
GRTJ,41399,Growthpoint Properties Ltd,invsaf40,ZAR
IMPJ,41390,Impala Platinum Holdings Ltd,invsaf40,ZAR
IPLJ,41387,Imperial Holdings Ltd,invsaf40,ZAR
ITUJ,41369,Intu Properties PLC,invsaf40,ZAR
INLJ,41359,Investec Ltd,invsaf40,ZAR
INPJ,41370,Investec Plc,invsaf40,ZAR
KIOJ,41392,Kumba Iron Ore Ltd,invsaf40,ZAR
LHCJ,50185,Life Healthcar,invsaf40,ZAR
MNDJ,41397,Mondi Ltd,invsaf40,ZAR
MNPJ,41371,Mondi PLC,invsaf40,ZAR
MTNJ,41382,MTN Group Ltd,invsaf40,ZAR
NPNJn,41376,Naspers Ltd,invsaf40,ZAR
NEDJ,41360,Nedbank Group Ltd,invsaf40,ZAR
OMLJ,41373,Old Mutual PLC,invsaf40,ZAR
REIJ,50078,Reinet,invsaf40,ZAR
REMJ,41381,Remgro Ltd,invsaf40,ZAR
RMHJ,41380,RMB Holdings Ltd,invsaf40,ZAR
SLMJ,41361,Sanlam Ltd,invsaf40,ZAR
SOLJ,41374,Sasol Ltd,invsaf40,ZAR
SHPJ,41363,Shoprite Holdings Ltd,invsaf40,ZAR
SBKJ,41362,Standard Bank Group Ltd,invsaf40,ZAR
SNHJ,41377,Steinhoff International Holdings Ltd,invsaf40,ZAR
TBSJ,41388,Tiger Brands Ltd,invsaf40,ZAR
VODJ,41394,Vodacom Group Ltd,invsaf40,ZAR
WHLJ,41385,Woolworths Holdings Ltd,invsaf40,ZAR
