DK0060783462,998460,Nordea Bank AB Put DAX Bear DAX 15 N I,,
DKIGI,38934,Danske Invest Global,,
DK0060744217,998459,Nordea Bank AB Call DAX Bull DAX 15 N,,
SPIUSGKL,47688,Sparinvest US Growth,,
BAIEMOBA,38925,BankInvest Hojrentelande,,
BAIKDOBA,38926,BankInvest Korte Danske Obligationer,,
JYIUSAKL,47687,Jyske Invest USA Aktier,,
BAILDOBA,37430,BankInvest Lange Danske Obligationer,,
BAIVOIGA,38929,BankInvest Virksomhedsobligatione,,
DKIFJIX,38933,Danske Invest Fjernosten,,
DKIEUIX,38932,Danske Invest Europa Indeks,,
DKIDK,47681,Danske Invest Danmark,,
SPIUSSKL,47689,Sparinvest USA Small Cap,,
DKIEU,38930,Danske Invest Europa,,
DKIDKIX,47682,Danske Invest Danmark Indeks,,
ALIEUA,47668,Alm Brand Invest Europaeiske Aktier,,
SPIEUGKL,47678,Sparinvest Europa Growth,,
DK0060715118,1008784,Nordea Bank AB Call EURO STOXX 50 Bear 10 N,,
DKIGLOSP,956393,Danske Invest Global StockPicking,,
LSIVSE,47672,Gudme Raaschou Selection,,
SSILDBDKKR,38942,Sparinvest Long Danish Bonds,,
DKIEUFOK,38931,Danske Invest Europa Fokus,,
BAIUOBA,38928,Bankinvest Udenlandske Obligationer,,
DK0060714491,998454,Nordea Bank AB Put DAX Bear DAX 10 N,,
DK0060611176,1008789,Nordea Bank AB Call EURO STOXX 50 Bull N,,
CWIGAKL,47671,Carnegie WorldWide/Globale Aktier,,
SPIEUCKL,47679,Sparinvest Europa Small Cap,,
JYIEUAKL,47674,Jyske Invest Europaeiske Aktier,,
SPIUSVKL,47690,Sparinvest USA Value,,
SPIDJWKL,47677,Sparinvest DJSI World,,
DKIGLOSP2,38936,Danske Invest Global StockPicking 2,,
CWIDKKL,47680,Carnegie WorldWide/Danske Aktier,,
BAIGIOA,38924,BankInvest Globale Indeksobligationer,,
SPINOBKLA,38940,Sparinvest Nye Obligationsmarkeder KL,,
DK0060614519,998452,Nordea Bank AB Put DAX Bear DAX 2 N,,
SKIGLO,47675,SKAGEN Global A,,
SPIJASKL,38939,Sparinvest Japan Small Cap,,
DK0060744134,1008787,Nordea Bank AB Call EURO STOXX 50 Bull 15 N,,
HAIVER,47673,Handelsinvest Verden,,
SKIKON,47684,SKAGEN Kon-Tiki A,,
SSIGVEURR,38941,Sparinvest Global Value,,
SPIJAVKL,47686,Sparinvest Japan Value,,
SPIJAGKL,47685,Sparinvest Japan Growth,,
SKIAVK,38938,SKAGEN Avkastning,,
DK0060783546,1008785,Nordea Bank AB Call EURO STOXX 50 Bear 15 N,,
DK0060744050,1008786,Nordea Bank AB Call EURO STOXX 50 Bull 10 N,,
DK0060613388,1008788,Nordea Bank AB Call EURO STOXX 50 Bull 2 N,,
DK0060718211,998458,Skandinaviska Enskilda Banken AB Put DAX Bear DAX X6 SE,,
DK0060612810,998450,Nordea Bank AB Put DAX Bear DAX N,,
SSIPEURR,38943,Sparinvest SICAV Procedo,,
SSISEURR,38944,Sparinvest SICAV Securus,,
SKIVEK,47676,SKAGEN Vekst A,,
DK0060611259,998449,Nordea Bank AB Call DAX Bull DAX N,,
DK0060613461,998451,Nordea Bank AB Call DAX Bull DAX 2 N,,
DK0060714574,998455,Nordea Bank AB Put DAX Bear DAX 5 N,,
DK0060714301,998453,Nordea Bank AB Put DAX Bear DAX 15 N,,
DK0060715548,998456,Nordea Bank AB Call DAX Bull DAX 10 N,,
