USDDKK,43,US Dollar Danish Krone,Forex,DKK
EURDKK,44,Euro Danish Krone,Forex,DKK
NZDDKK,72,New Zealand Dollar Danish Krone,Forex,DKK
DKKHUF,77,Danish Krone Hungarian Forint,Forex,HUF
DKKCZK,81,Danish Krone Czech Koruna,Forex,CZK
DKKPLN,87,Danish Krone Polish Zloty,Forex,PLN
DKKSEK,98,Danish Krone Swedish Krona,Forex,SEK
NOKDKK,99,Norwegian Krone Danish Krone,Forex,DKK
DKKJPY,104,Danish Krone Japanese Yen,Forex,JPY
CADDKK,106,Canadian Dollar Danish Krone,Forex,DKK
DKKSGD,110,Danish Krone Singapore Dollar,Forex,SGD
DKKZAR,124,Danish Krone South African Rand,Forex,ZAR
DKKTHB,129,Danish Krone Thai Baht,Forex,THB
GBPDKK,134,British Pound Danish Krone,Forex,DKK
CHFDKK,136,Swiss Franc Danish Krone,Forex,DKK
AUDDKK,144,Australian Dollar Danish Krone,Forex,DKK
BRLDKK,1510,Brazil Real Danish Krone,Forex,DKK
CNYDKK,1562,Chinese Yuan Danish Krone,Forex,DKK
DKKAED,1577,Danish Krone UAE Dirham,Forex,AED
DKKBGN,1579,Danish Krone Bulgarian Lev,Forex,BGN
DKKCHF,1582,Danish Krone Swiss Franc,Forex,CHF
DKKCNY,1583,Danish Krone Chinese Yuan,Forex,CNY
DKKCOP,1584,Danish Krone Colombian Peso,Forex,COP
DKKHKD,1588,Danish Krone Hong Kong Dollar,Forex,HKD
DKKINR,1589,Danish Krone Indian Rupee,Forex,INR
DKKMXN,1591,Danish Krone Mexican Peso,Forex,MXN
DKKMYR,1592,Danish Krone Malaysian Ringgit,Forex,MYR
DKKNOK,1593,Danish Krone Norwegian Krone,Forex,NOK
DKKPHP,1595,Danish Krone Philippine Peso,Forex,PHP
DKKTWD,1597,Danish Krone Taiwan Dollar,Forex,TWD
DKKUAH,1598,Danish Krone Ukrainian Hryvnia,Forex,UAH
HKDDKK,1818,Hong Kong Dollar Danish Krone,Forex,DKK
JPYDKK,1894,Japanese Yen Danish Krone,Forex,DKK
MXNDKK,1945,Mexican Peso Danish Krone,Forex,DKK
MYRDKK,1956,Malaysian Ringgit Danish Krone,Forex,DKK
PLNDKK,2001,Polish Zloty Danish Krone,Forex,DKK
SEKDKK,2017,Swedish Krona Danish Krone,Forex,DKK
SGDDKK,2031,Singapore Dollar Danish Krone,Forex,DKK
UAHDKK,2084,Ukrainian Hryvnia Danish Krone,Forex,DKK
ZARDKK,2237,South African Rand Danish Krone,Forex,DKK
AEDDKK,9283,UAE Dirham Danish Krone,Forex,DKK
ARSDKK,9337,Argentinian Peso Danish Krone,Forex,DKK
DKKARS,9571,Danish Krone Argentinian Peso,Forex,ARS
DKKAUD,9572,Danish Krone Australian Dollar,Forex,AUD
DKKBBD,9573,Danish Krone Barbadian Dollar,Forex,BBD
DKKBHD,9574,Danish Krone Baharain Dinar,Forex,BHD
DKKBRL,9575,Danish Krone Brazil Real,Forex,BRL
DKKCAD,9576,Danish Krone Canadian Dollar,Forex,CAD
DKKCLP,9577,Danish Krone Chilean Peso,Forex,CLP
DKKEGP,9579,Danish Krone Egyptian Pound,Forex,EGP
DKKEUR,9580,Danish Krone Euro,Forex,EUR
DKKGBP,9581,Danish Krone British Pound,Forex,GBP
DKKIDR,9582,Danish Krone Indonesian Rupiah,Forex,IDR
DKKILS,9583,Danish Krone Israeli Shekel,Forex,ILS
DKKJMD,9584,Danish Krone Jamaican Dollar,Forex,JMD
DKKJOD,9585,Danish Krone Jordan Dinar,Forex,JOD
DKKKES,9586,Danish Krone Kenyan Shilling,Forex,KES
DKKKRW,9587,Danish Krone Korean Won,Forex,KRW
DKKLBP,9588,Danish Krone Lebanese Pound,Forex,LBP
DKKLKR,9589,Danish Krone Sri Lankan Rupee,Forex,LKR
DKKMAD,9592,Danish Krone Moroccan Dirham,Forex,MAD
DKKNAD,9593,Danish Krone Namibian Dollar,Forex,NAD
DKKNPR,9594,Danish Krone Nepalese Rupee,Forex,NPR
DKKNZD,9595,Danish Krone New Zealand Dollar,Forex,NZD
DKKOMR,9596,Danish Krone Omani Rial,Forex,OMR
DKKPAB,9597,Danish Krone Panamanian Balboa,Forex,PAB
DKKPKR,9598,Danish Krone Pakistani Rupee,Forex,PKR
DKKQAR,9599,Danish Krone Qatari Riyal,Forex,QAR
DKKRON,9600,Danish Krone Romanian Leu,Forex,RON
DKKRUB,9601,Danish Krone Russian Ruble,Forex,RUB
DKKSAR,9602,Danish Krone Saudi Riyal,Forex,SAR
DKKTRY,9603,Danish Krone Turkish Lira,Forex,TRY
DKKUSD,9604,Danish Krone US Dollar,Forex,USD
DKKVEF,9605,Danish Krone Venezuelan Bolivar,Forex,VEF
DKKXAF,9606,Danish Krone Central African Franc,Forex,XAF
DKKXCD,9607,Danish Krone East Caribbean Dollar,Forex,XCD
ILSDKK,9684,Israeli Shekel Danish Krone,Forex,DKK
INRDKK,9731,Indian Rupee Danish Krone,Forex,DKK
PHPDKK,9925,Philippine Peso Danish Krone,Forex,DKK
RUBDKK,10029,Russian Ruble Danish Krone,Forex,DKK
SARDKK,10080,Saudi Riyal Danish Krone,Forex,DKK
THBDKK,10215,Thai Baht Danish Krone,Forex,DKK
TRYDKK,10251,Turkish Lira Danish Krone,Forex,DKK
TWDDKK,10305,Taiwan Dollar Danish Krone,Forex,DKK
VEFDKK,10356,Venezuelan Bolivar Danish Krone,Forex,DKK
