AAA,41912,An Phat Plastic and Green Environment JSC,VN100,VND
BID,958398,Joint Stock Commercial Bank for Investment and Development of Vietnam,VN100,VND
BMI,958400,BaoMinh Insurance Corp,VN100,VND
BVH,958409,BaoViet Holdings,VN100,VND
IJC,958531,Becamex Infrastructure Development JSC,VN100,VND
BIC,958397,BIDV Insurance Corp,VN100,VND
BFC,959139,Binh Dien Fertilizer JSC,VN100,VND
KSB,958546,Binh Duong Mineral and Construction JSC,VN100,VND
BMP,958402,Binh Minh Plastics JSC,VN100,VND
SJD,958660,Can Don Hydro Power JSC,VN100,VND
CHP,953721,Central Hydropower JSC,VN100,VND
CMG,958426,CMC Corp,VN100,VND
CTD,958436,Cotec Construction JSC,VN100,VND
CTI,958438,CuongThuan Idico Development Investment Corp,VN100,VND
DRC,958462,Danang Rubber JSC,VN100,VND
DXG,958469,Dat Xanh Real Estate Service Contructions Corp,VN100,VND
DIG,958452,Development Investment Construction JSC,VN100,VND
DHG,958449,DHG Pharmaceutical JSC,VN100,VND
DQC,958461,Dien Quang JSC,VN100,VND
DMC,958454,DOMESCO Medical Import Export JSC,VN100,VND
DPR,958460,Dong Phu Rubber JSC,VN100,VND
DRH,958463,Dream House Investment Corp,VN100,VND
PAC,958591,Dry Cell and Storage Battery JSC,VN100,VND
THI,1017676,Electrical Equipment JSC,VN100,VND
ROS,987188,Faros Construction Corp,VN100,VND
FCN,958478,Fecon Foundation Engineering and Underground Construction JSC,VN100,VND
FIT,41999,FIT INVEST JSC,VN100,VND
FLC,958480,FLC Group JSC,VN100,VND
FPT,958482,FPT Corp,VN100,VND
GMD,958488,Gemadept Corp,VN100,VND
HDG,958504,Ha Do Group JSC,VN100,VND
HT1,958520,Ha Tien 1 Cement JSC,VN100,VND
CII,958421,Ho Chi Minh City Infrastructure Investment JSC,VN100,VND
HCM,958502,Ho Chi Minh City Securities Corp,VN100,VND
HBC,958501,Hoa Binh Construction & Real Estate Corp,VN100,VND
HPG,958514,Hoa Phat Group JSC,VN100,VND
HNG,958512,Hoang Anh Gia Lai Agricultural JSC,VN100,VND
HAG,958494,Hoang Anh Gia Lai JSC,VN100,VND
TCH,991210,Hoang Huy Investment Financial,VN100,VND
HHS,958507,Hoang Huy Investment Services JSC,VN100,VND
HQC,958516,Hoang Quan Consulting Trading Service Real Estate Corp,VN100,VND
HSG,958518,Hoasen Group,VN100,VND
IMP,958532,Imexpharm Corp,VN100,VND
KDH,958541,Khang Dien House Trading and Investment JSC,VN100,VND
KBC,958539,Kinh Bac City Development Share Holding Corp,VN100,VND
KDC,958540,Kinh Do Corp,VN100,VND
LDG,998172,LDG Investment JSC,VN100,VND
LIX,958558,Lix Detergent JSC,VN100,VND
MSN,958566,Masan Group Corp,VN100,VND
MBB,958561,Military Commercial Joint Stock Bank,VN100,VND
MWG,958570,Mobile World Investment Corp,VN100,VND
NKG,958578,Nam Kim Steel JSC,VN100,VND
NLG,958579,Nam Long Investment Corp,VN100,VND
NSC,958583,National Seed JSC,VN100,VND
NBB,958572,NBB Investment Corp,VN100,VND
NVL,994755,No Va Land Investment Group Corp,VN100,VND
NCT,958575,NoiBai Cargo Terminal Services JSC,VN100,VND
NNC,958581,Nui Nho Stone JSC,VN100,VND
PGI,958600,Petrolimex Insurance Corp,VN100,VND
DCM,950607,Petrovietnam Camau Fertilizer,VN100,VND
PVD,958621,PetroVietnam Drilling & Well Service Corp,VN100,VND
DPM,958459,PetroVietnam Fertilizer and Chemicals Corp,VN100,VND
GAS,958483,Petrovietnam Gas JSC,VN100,VND
PGD,958599,Petrovietnam Low Pressure Gas Distribution JSC,VN100,VND
NT2,958584,PetroVietnam Power Nhon Trach 2 JSC,VN100,VND
PVT,958622,PetroVietnam Transportation Corp,VN100,VND
PPC,958610,Pha Lai Thermal Power JSC,VN100,VND
PDR,958596,Phat Dat Real Estate Development Corp,VN100,VND
PNJ,958607,Phu Nhuan Jewelry JSC,VN100,VND
PTB,958616,Phu Tai JSC,VN100,VND
PHR,958602,Phuoc Hoa Rubber JSC,VN100,VND
PC1,993259,Power Construction JSC No 1,VN100,VND
QCG,958629,Quoc Cuong Gia Lai JSC,VN100,VND
REE,958633,Refrigeration Electrical Engineering Corp,VN100,VND
SAM,958636,Sacom Development and Investment Corp,VN100,VND
STB,958676,Sai Gon Thuong Tin Commercial Joint Stock Bank,VN100,VND
SAB,994073,Saigon Beer Alcohol Beverage Corp,VN100,VND
SSI,958674,Saigon Securities Incorporation,VN100,VND
SCR,42162,Saigon Thuong Tin Real Estate JSC,VN100,VND
ASM,958388,Sao Mai Group Corp,VN100,VND
SJS,958661,Song Da Urban & Industrial Zone Investment and Development JSC,VN100,VND
CSV,958434,South Basic Chemicals JSC,VN100,VND
STG,958677,South Logistics JSC,VN100,VND
CSM,958433,Southern Rubber Industry JSC,VN100,VND
SKG,958662,Superdong Fast Ferry Kien Giang JSC,VN100,VND
ITA,958534,Tan Tao Investment and Industry Corp,VN100,VND
SBT,958641,Thanh Thanh Cong Tay Ninh JSC,VN100,VND
GTN,958492,Thong Nhat Production and Investment JSC,VN100,VND
VFG,958736,Viet Nam Fumigation JSC,VN100,VND
VCB,958731,Joint Stock Commercial Bank for Foreign Trade of Vietnam,VN100,VND
VJC,997168,Vietjet Aviation JSC,VN100,VND
VSC,958757,Vietnam Container Shipping JSC,VN100,VND
CAV,958415,Vietnam Electric Cable Corp,VN100,VND
CTG,958437,Vietnam JSCmmercial Bank for Industry and Trade,VN100,VND
PLX,1009015,Vietnam National Petroleum Group,VN100,VND
VNS,958752,Vietnam Sun Corp,VN100,VND
VNM,958751,Vietnam Dairy Products JSC,VN100,VND
VIC,958739,Vingroup JSC,VN100,VND
VHC,958737,Vinh Hoan Corp,VN100,VND
VSH,958759,Vinh Son Song Hinh Hydropower JSC,VN100,VND
