EURLKR,1659,Euro Sri Lankan Rupee,Forex,LKR
GBPLKR,1771,British Pound Sri Lankan Rupee,Forex,LKR
USDLKR,2151,US Dollar Sri Lankan Rupee,Forex,LKR
AEDLKR,9318,UAE Dirham Sri Lankan Rupee,Forex,LKR
ARSLKR,9371,Argentinian Peso Sri Lankan Rupee,Forex,LKR
AUDLKR,9403,Australian Dollar Sri Lankan Rupee,Forex,LKR
BRLLKR,9431,Brazil Real Sri Lankan Rupee,Forex,LKR
CADLKR,9470,Canadian Dollar Sri Lankan Rupee,Forex,LKR
CNYLKR,9513,Chinese Yuan Sri Lankan Rupee,Forex,LKR
CHFLKR,9552,Swiss Franc Sri Lankan Rupee,Forex,LKR
DKKLKR,9589,Danish Krone Sri Lankan Rupee,Forex,LKR
HKDLKR,9633,Hong Kong Dollar Sri Lankan Rupee,Forex,LKR
HUFLKR,9669,Hungarian Forint Sri Lankan Rupee,Forex,LKR
ILSLKR,9699,Israeli Shekel Sri Lankan Rupee,Forex,LKR
INRLKR,9742,Indian Rupee Sri Lankan Rupee,Forex,LKR
ISKLKR,9770,Icelandic Kr Sri Lankan Rupee,Forex,LKR
JPYLKR,9782,Japanese Yen Sri Lankan Rupee,Forex,LKR
MXNLKR,9811,Mexican Peso Sri Lankan Rupee,Forex,LKR
NOKLKR,9859,Norwegian Krone Sri Lankan Rupee,Forex,LKR
NZDLKR,9902,New Zealand Dollar Sri Lankan Rupee,Forex,LKR
PHPLKR,9938,Philippine Peso Sri Lankan Rupee,Forex,LKR
PKRLKR,9967,Pakistani Rupee Sri Lankan Rupee,Forex,LKR
PLNLKR,9995,Polish Zloty Sri Lankan Rupee,Forex,LKR
RUBLKR,10046,Russian Ruble Sri Lankan Rupee,Forex,LKR
SARLKR,10097,Saudi Riyal Sri Lankan Rupee,Forex,LKR
SEKLKR,10147,Swedish Krona Sri Lankan Rupee,Forex,LKR
SGDLKR,10188,Singapore Dollar Sri Lankan Rupee,Forex,LKR
THBLKR,10225,Thai Baht Sri Lankan Rupee,Forex,LKR
TRYLKR,10267,Turkish Lira Sri Lankan Rupee,Forex,LKR
TWDLKR,10318,Taiwan Dollar Sri Lankan Rupee,Forex,LKR
VEFLKR,10373,Venezuelan Bolivar Sri Lankan Rupee,Forex,LKR
ZARLKR,10423,South African Rand Sri Lankan Rupee,Forex,LKR
