ABBT,104072,Abbott Laboratories Pakistan Ltd,KSE,PKR
ADIN,104073,Adamjee Insurance Company Ltd,KSE,PKR
ABL,104080,Allied Bank Ltd,KSE,PKR
ARM,950549,Allied Rental Modaraba,KSE,PKR
ARIF,104085,Arif Habib Corporation Ltd,KSE,PKR
ASBK,104088,Askari Bank Ltd,KSE,PKR
ASSC,103989,Associated Services Ltd,KSE,PKR
APL,104093,Attock Petroleum Ltd,KSE,PKR
ATOR,104094,Attock Refinery Ltd,KSE,PKR
BKEQ,104101,Bank Al-Habib Ltd,KSE,PKR
BAFL,104099,Bank Alfalah Ltd,KSE,PKR
BOPU,104104,Bank of Punjab,KSE,PKR
BANU,104007,Bannu Woollen Mills Ltd,KSE,PKR
BATA,104105,Bata Pakistan Ltd,KSE,PKR
BEST,103967,Bestway Cement Ltd,KSE,PKR
CHRC,104118,Cherat Cement Company Ltd,KSE,PKR
CHPR,104121,Cherat Packaging Ltd,KSE,PKR
COLG,104009,Colgate-Palmolive Pakistan Ltd,KSE,PKR
CRST,104128,Crescent Steel & Allied Products Ltd,KSE,PKR
DGKH,104130,D G Khan Cement Company Ltd,KSE,PKR
DAWH,104135,Dawood Hercules Corporation Ltd,KSE,PKR
DOLM,955781,Dolmen City REIT,KSE,PKR
EFUI,104148,EFU General Insurance Ltd,KSE,PKR
EGCH,104150,Engro Corporation Ltd,KSE,PKR
ENGR,950553,Engro Fertilizers Ltd,KSE,PKR
ENFL,940997,Engro Foods Ltd,KSE,PKR
FATF,104152,Fatima Fertilizer Company Ltd,KSE,PKR
FAUC,104158,Fauji Cement Company Ltd,KSE,PKR
JORD,104156,Fauji Fertilizer Bin Qasim Ltd,KSE,PKR
FAUF,104160,Fauji Fertilizer Company Ltd,KSE,PKR
FYBL,104159,Faysal Bank Ltd,KSE,PKR
FERZ,950554,Feroze1888 Mills Ltd,KSE,PKR
FERO,104163,Ferozsons Laboratories Ltd,KSE,PKR
GHGL,104169,Ghani Glass Ltd,KSE,PKR
GLAX,104172,GlaxoSmithKline Pakistan Ltd,KSE,PKR
HBL,104183,Habib Bank Ltd,KSE,PKR
HMB,104185,Habib Metropolitan Bank Ltd,KSE,PKR
HASC,958370,Hascol Petroleum Ltd,KSE,PKR
Pakistan,104192,Honda Atlas Cars,KSE,PKR
HPWR,104193,Hub Power Company Ltd,KSE,PKR
HUMN,104195,Hum Network Ltd,KSE,PKR
IBFL,104196,Ibrahim Fibres Ltd,KSE,PKR
ICI,104197,ICI Pakistan Ltd,KSE,PKR
IGI,104202,IGI Insurance Ltd,KSE,PKR
INDY,104043,Indus Dyeing & Manufacturing Co Ltd,KSE,PKR
INDM,104200,Indus Motor Company Ltd,KSE,PKR
INTE,940998,International Steels Ltd,KSE,PKR
JSCO,104209,Jahangir Siddiqui & Company Ltd,KSE,PKR
JDWS,940991,JDW Sugar Mills Ltd,KSE,PKR
JGIC,103991,Jubilee General Insurance Company Ltd,KSE,PKR
JLIC,104215,Jubilee Life Insurance Company Ltd,KSE,PKR
KELE,104212,K-Electric Ltd,KSE,PKR
KOHC,104225,Kohat Cement Company Ltd,KSE,PKR
KOHT,104229,Kohinoor Textile Mills Ltd,KSE,PKR
KAPCO,104222,KOT Addu Power Company Ltd,KSE,PKR
LUKC,104232,Lucky Cement Ltd,KSE,PKR
MPLF,104234,Maple Leaf Cement Factory Ltd,KSE,PKR
MGAS,104231,Mari Petroleum Company Ltd,KSE,PKR
MCB,104238,MCB Bank Ltd,KSE,PKR
AMZN,104240,Meezan Bank Ltd,KSE,PKR
MILM,104245,Millat Tractors Ltd,KSE,PKR
MUBR,104251,Murree Brewery Company Ltd,KSE,PKR
NBPK,104254,National Bank of Pakistan,KSE,PKR
NATF,104255,National Foods Ltd,KSE,PKR
NATR,104256,National Refinery Ltd,KSE,PKR
MLKP,104046,Nestle Pakistan Ltd,KSE,PKR
NCHU,104262,Nishat Chunian Ltd,KSE,PKR
NCPL,104261,Nishat Chunian Power Ltd,KSE,PKR
NISM,104263,Nishat Mills Ltd,KSE,PKR
NISH,104264,Nishat Power Ltd,KSE,PKR
OGDC,104266,Oil and Gas Development Co Ltd,KSE,PKR
ORIL,955785,ORIX Leasing Pakistan Ltd,KSE,PKR
PACK,104276,Packages Ltd,KSE,PKR
PKEL,104273,Pak Elektron Ltd,KSE,PKR
PKSU,104284,Pak Suzuki Motor Co Ltd,KSE,PKR
PICT,104277,Pakistan International Container Terminal Ltd,KSE,PKR
PIBT,955787,Pakistan International Bulk Terminal Private Ltd,KSE,PKR
PKOL,104279,Pakistan Oilfields Ltd,KSE,PKR
PPL,104281,Pakistan Petroleum Ltd,KSE,PKR
PKSV,104048,Pakistan Services Ltd,KSE,PKR
PSO,104278,Pakistan State Oil Company Ltd,KSE,PKR
PTCA,104272,Pakistan Telecommunication Company Ltd,KSE,PKR
PAKT,104286,Pakistan Tobacco Company Ltd,KSE,PKR
PHIM,104290,Philip Morris Ltd,KSE,PKR
PGFD,104291,PICIC Growth Fund,KSE,PKR
PION,104293,Pioneer Cement Ltd,KSE,PKR
PJBO,940996,Punjab Oil Mills Ltd,KSE,PKR
RAMZ,104298,Rafhan Maize Products Co Ltd,KSE,PKR
SAIP,943697,Saif Power Ltd,KSE,PKR
SVCI,104313,Service Industries Ltd,KSE,PKR
SHEL,104320,Shell Pakistan Ltd,KSE,PKR
SIHL,104322,Shifa International Hospitals Ltd,KSE,PKR
SONA,104328,Soneri Bank Ltd,KSE,PKR
SCBP,104329,Standard Chartered Bank Pakistan Ltd,KSE,PKR
SUIN,104335,Sui Northern Gas Pipelines Ltd,KSE,PKR
SUIS,104336,Sui Southern Gas Co Ltd,KSE,PKR
THAL,104338,Thal Ltd,KSE,PKR
SEAR,104312,The Searle Company Ltd,KSE,PKR
TRGP,104342,TRG Pakistan Ltd,KSE,PKR
UBL,104349,United Bank Ltd,KSE,PKR
