AUDTWD,1498,Australian Dollar Taiwan Dollar,Forex,TWD
CADTWD,1537,Canadian Dollar Taiwan Dollar,Forex,TWD
CHFTWD,1559,Swiss Franc Taiwan Dollar,Forex,TWD
DKKTWD,1597,Danish Krone Taiwan Dollar,Forex,TWD
EURTWD,1707,Euro Taiwan Dollar,Forex,TWD
GBPTWD,1798,British Pound Taiwan Dollar,Forex,TWD
HKDTWD,1831,Hong Kong Dollar Taiwan Dollar,Forex,TWD
IDRTWD,1854,Indonesian Rupiah Taiwan Dollar,Forex,TWD
INRTWD,1875,Indian Rupee Taiwan Dollar,Forex,TWD
JPYTWD,1909,Japanese Yen Taiwan Dollar,Forex,TWD
KRWTWD,1926,Korean Won Taiwan Dollar,Forex,TWD
MYRTWD,1968,Malaysian Ringgit Taiwan Dollar,Forex,TWD
NZDTWD,1989,New Zealand Dollar Taiwan Dollar,Forex,TWD
SGDTWD,2043,Singapore Dollar Taiwan Dollar,Forex,TWD
THBTWD,2060,Thai Baht Taiwan Dollar,Forex,TWD
TWDCNY,2069,Taiwan Dollar Chinese Yuan,Forex,CNY
TWDIDR,2073,Taiwan Dollar Indonesian Rupiah,Forex,IDR
TWDINR,2074,Taiwan Dollar Indian Rupee,Forex,INR
TWDJPY,2075,Taiwan Dollar Japanese Yen,Forex,JPY
TWDKRW,2076,Taiwan Dollar Korean Won,Forex,KRW
TWDPKR,2079,Taiwan Dollar Pakistani Rupee,Forex,PKR
TWDTHB,2081,Taiwan Dollar Thai Baht,Forex,THB
USDTWD,2206,US Dollar Taiwan Dollar,Forex,TWD
ZARTWD,2253,South African Rand Taiwan Dollar,Forex,TWD
AEDTWD,9327,UAE Dirham Taiwan Dollar,Forex,TWD
ARSTWD,9382,Argentinian Peso Taiwan Dollar,Forex,TWD
BRLTWD,9457,Brazil Real Taiwan Dollar,Forex,TWD
CNYTWD,9540,Chinese Yuan Taiwan Dollar,Forex,TWD
ILSTWD,9722,Israeli Shekel Taiwan Dollar,Forex,TWD
MXNTWD,9830,Mexican Peso Taiwan Dollar,Forex,TWD
NOKTWD,9881,Norwegian Krone Taiwan Dollar,Forex,TWD
PLNTWD,10017,Polish Zloty Taiwan Dollar,Forex,TWD
RUBTWD,10063,Russian Ruble Taiwan Dollar,Forex,TWD
SARTWD,10118,Saudi Riyal Taiwan Dollar,Forex,TWD
SEKTWD,10167,Swedish Krona Taiwan Dollar,Forex,TWD
TRYTWD,10289,Turkish Lira Taiwan Dollar,Forex,TWD
TWDAED,10295,Taiwan Dollar UAE Dirham,Forex,AED
TWDARS,10296,Taiwan Dollar Argentinian Peso,Forex,ARS
TWDAUD,10297,Taiwan Dollar Australian Dollar,Forex,AUD
TWDBBD,10298,Taiwan Dollar Barbadian Dollar,Forex,BBD
TWDBHD,10299,Taiwan Dollar Baharain Dinar,Forex,BHD
TWDBRL,10300,Taiwan Dollar Brazil Real,Forex,BRL
TWDCAD,10301,Taiwan Dollar Canadian Dollar,Forex,CAD
TWDCHF,10302,Taiwan Dollar Swiss Franc,Forex,CHF
TWDCLP,10303,Taiwan Dollar Chilean Peso,Forex,CLP
TWDCZK,10304,Taiwan Dollar Czech Koruna,Forex,CZK
TWDDKK,10305,Taiwan Dollar Danish Krone,Forex,DKK
TWDEGP,10307,Taiwan Dollar Egyptian Pound,Forex,EGP
TWDEUR,10308,Taiwan Dollar Euro,Forex,EUR
TWDGBP,10309,Taiwan Dollar British Pound,Forex,GBP
TWDHKD,10310,Taiwan Dollar Hong Kong Dollar,Forex,HKD
TWDHUF,10311,Taiwan Dollar Hungarian Forint,Forex,HUF
TWDILS,10312,Taiwan Dollar Israeli Shekel,Forex,ILS
TWDISK,10313,Taiwan Dollar Icelandic Kr,Forex,ISK
TWDJMD,10314,Taiwan Dollar Jamaican Dollar,Forex,JMD
TWDJOD,10315,Taiwan Dollar Jordan Dinar,Forex,JOD
TWDKES,10316,Taiwan Dollar Kenyan Shilling,Forex,KES
TWDLBP,10317,Taiwan Dollar Lebanese Pound,Forex,LBP
TWDLKR,10318,Taiwan Dollar Sri Lankan Rupee,Forex,LKR
TWDMAD,10321,Taiwan Dollar Moroccan Dirham,Forex,MAD
TWDMXN,10322,Taiwan Dollar Mexican Peso,Forex,MXN
TWDMYR,10323,Taiwan Dollar Malaysian Ringgit,Forex,MYR
TWDNAD,10324,Taiwan Dollar Namibian Dollar,Forex,NAD
TWDNOK,10325,Taiwan Dollar Norwegian Krone,Forex,NOK
TWDNPR,10326,Taiwan Dollar Nepalese Rupee,Forex,NPR
TWDNZD,10327,Taiwan Dollar New Zealand Dollar,Forex,NZD
TWDOMR,10328,Taiwan Dollar Omani Rial,Forex,OMR
TWDPAB,10329,Taiwan Dollar Panamanian Balboa,Forex,PAB
TWDPHP,10330,Taiwan Dollar Philippine Peso,Forex,PHP
TWDPLN,10331,Taiwan Dollar Polish Zloty,Forex,PLN
TWDQAR,10332,Taiwan Dollar Qatari Riyal,Forex,QAR
TWDRON,10333,Taiwan Dollar Romanian Leu,Forex,RON
TWDRUB,10334,Taiwan Dollar Russian Ruble,Forex,RUB
TWDSAR,10335,Taiwan Dollar Saudi Riyal,Forex,SAR
TWDSEK,10336,Taiwan Dollar Swedish Krona,Forex,SEK
TWDSGD,10337,Taiwan Dollar Singapore Dollar,Forex,SGD
TWDTRY,10338,Taiwan Dollar Turkish Lira,Forex,TRY
TWDUSD,10339,Taiwan Dollar US Dollar,Forex,USD
TWDVEF,10340,Taiwan Dollar Venezuelan Bolivar,Forex,VEF
TWDXAF,10341,Taiwan Dollar Central African Franc,Forex,XAF
TWDXCD,10342,Taiwan Dollar East Caribbean Dollar,Forex,XCD
TWDXOF,10343,Taiwan Dollar West African CFA franc,Forex,XOF
TWDZAR,10344,Taiwan Dollar South African Rand,Forex,ZAR
VEFTWD,10396,Venezuelan Bolivar Taiwan Dollar,Forex,TWD
