BTCUSD,945629,Bitcoin US Dollar,Bitfinex,USD
BTCEUR,1055846,Bitcoin Euro,Bitfinex,EUR
ETHUSD,997650,Ethereum US Dollar,Bitfinex,USD
ETHBTC,1001806,Ethereum Bitcoin,Bitfinex,BTC
EOSUSD,1024821,EOS US Dollar,Bitfinex,USD
EOSBTC,1024822,EOS Bitcoin,Bitfinex,BTC
EOSETH,1024823,EOS Ethereum,Bitfinex,ETH
BCHUSD,1031333,Bitcoin Cash US Dollar,Bitfinex,USD
BCHBTC,1031334,Bitcoin Cash Bitcoin,Bitfinex,BTC
BCHETH,1031335,Bitcoin Cash Ethereum,Bitfinex,ETH
XRPUSD,1010805,Ripple US Dollar,Bitfinex,USD
XRPBTC,1010804,Ripple Bitcoin,Bitfinex,BTC
LTCUSD,945630,Litecoin US Dollar,Bitfinex,USD
LTCBTC,945631,Litecoin Bitcoin,Bitfinex,BTC
ETCUSD,1029164,Ethereum Classic US Dollar,Bitfinex,USD
ETCBTC,1031079,Ethereum Classic Bitcoin,Bitfinex,BTC
IOTUSD,1031068,IOTA US Dollar,Bitfinex,USD
IOTBTC,1031069,IOTA Bitcoin,Bitfinex,BTC
IOTETH,1031084,IOTA Ethereum,Bitfinex,ETH
IOTGBP,1076566,IOTA British Pound,Bitfinex,GBP
QTUMUSD,1054930,Qtum US Dollar,Bitfinex,USD
QTUMBTC,1054892,Qtum Bitcoin,Bitfinex,BTC
QTUMETH,1054895,Qtum Ethereum,Bitfinex,ETH
ANSUSD,1054929,NEO US Dollar,Bitfinex,USD
ANSBTC,1054893,NEO Bitcoin,Bitfinex,BTC
ANSETH,1054931,NEO Ethereum,Bitfinex,ETH
DASHUSD,1010807,Dash US Dollar,Bitfinex,USD
DASHBTC,1031082,Dash Bitcoin,Bitfinex,BTC
ZECUSD,1031081,Zcash US Dollar,Bitfinex,USD
ZECBTC,1031083,Zcash Bitcoin,Bitfinex,BTC
OMGUSD,1036862,Omisego US Dollar,Bitfinex,USD
OMGBTC,1036863,Omisego Bitcoin,Bitfinex,BTC
OMGETH,1036864,Omisego Ethereum,Bitfinex,ETH
XMRUSD,1025083,Monero US Dollar,Bitfinex,USD
XMRBTC,1025082,Monero Bitcoin,Bitfinex,BTC
BTGUSD,1053071,Bitcoin Gold US Dollar,Bitfinex,USD
BTGBTC,1053072,Bitcoin Gold Bitcoin,Bitfinex,BTC
