ALFAA,27065,Alfa,MXX,MXN
ALSEA,27066,Alsea,MXX,MXN
AMXL,27012,America Movil SAB de CV,MXX,MXN
AC,27069,Arca Continental,MXX,MXN
ASURB,27014,Grupo Aeroportuario del Sureste,MXX,MXN
GFREGIOO,27074,Banregio Grupo Financiero SAB De CV,MXX,MXN
CMXCPO,27024,Cemex SAB de CV,MXX,MXN
KOFL,27016,Coca Cola Femsa SAB de CV,MXX,MXN
LIVEPOLC1,27093,El Puerto De Liverpool Sab De CV,MXX,MXN
ICA,27025,Empresas Ica Soc Contrladora,MXX,MXN
FMSAUBD,27102,Fomento Economico Mexicano,MXX,MXN
GAPB,26963,Grupo Aeroportuario Del Pacifico,MXX,MXN
LABB,27105,Genomma Lab Internacional SAB De CV,MXX,MXN
GENTERA,27084,Gentera SAB de CV,MXX,MXN
GRUMAB,27018,Gruma SAB de CV,MXX,MXN
BIMBOA,27075,Grupo Bimbo,MXX,MXN
GCARSOA1,27112,Grupo Carso,MXX,MXN
ELEKTRA,27094,Grupo Elektra,MXX,MXN
GFNORTEO,27101,Grupo Financiero Banorte,MXX,MXN
GFINBURO,27116,Grupo Financiero Inbursa,MXX,MXN
LALAB,942594,Grupo LALA SA de CV,MXX,MXN
GMEXICOB,27109,Grupo Mexico,MXX,MXN
SIMECB,27174,Grupo Simec,MXX,MXN
TLVACPO,27010,Grupo Televisa SA,MXX,MXN
IENOVA,41598,Infraestructura Energetica Nova SAB,MXX,MXN
ICHB,27137,Industrias CH,MXX,MXN
PENOLES,27161,Industrias Penoles Sab De CV,MXX,MXN
KIMBERA,27142,Kimberly - Clark De Mexico A,MXX,MXN
LCMRUBC,962595,La Comercial,MXX,MXN
MEXCHEM,27153,Mexichem,MXX,MXN
NEMAKA,959123,Nemak SAB de CV,MXX,MXN
OHLMEX,27159,Ohl Mexico,MXX,MXN
OMAB,26962,Grupo Aeroportuario Del CentroNorte,MXX,MXN
PINFRA,27162,PINFRA SAB De CV,MXX,MXN
SITESL,962437,Telesites SAB de CV,MXX,MXN
WALMEX,27186,Wal - Mart De Mexico,MXX,MXN
