BTCUSD,1058136,Bitcoin US Dollar,Huobi,USD
ETHUSD,1058267,Ethereum US Dollar,Huobi,USD
ETHBTC,1058262,Ethereum Bitcoin,Huobi,BTC
EOSUSD,1058198,EOS US Dollar,Huobi,USD
EOSETH,1058185,EOS Ethereum,Huobi,ETH
EOSBTC,1058250,EOS Bitcoin,Huobi,BTC
BCHUSD,1058255,Bitcoin Cash US Dollar,Huobi,USD
BCHBTC,1058193,Bitcoin Cash Bitcoin,Huobi,BTC
XRPUSD,1058260,Ripple US Dollar,Huobi,USD
XRPBTC,1058200,Ripple Bitcoin,Huobi,BTC
LTCUSD,1058201,Litecoin US Dollar,Huobi,USD
LTCBTC,1058249,Litecoin Bitcoin,Huobi,BTC
ETCUSD,1058235,Ethereum Classic US Dollar,Huobi,USD
ETCBTC,1058272,Ethereum Classic Bitcoin,Huobi,BTC
QTUMUSD,1058202,Qtum US Dollar,Huobi,USD
QTUMBTC,1058275,Qtum Bitcoin,Huobi,BTC
QTUMETH,1058227,Qtum Ethereum,Huobi,ETH
ZILBTC,1061991,Zilliqa Bitcoin,Huobi,BTC
ZILETH,1061992,Zilliqa Ethereum,Huobi,ETH
ANSUSD,1058209,NEO US Dollar,Huobi,USD
ANSBTC,1058222,NEO Bitcoin,Huobi,BTC
DASHUSD,1058256,Dash US Dollar,Huobi,USD
DASHBTC,1058187,Dash Bitcoin,Huobi,BTC
VENBTC,1058242,VeChain Bitcoin,Huobi,BTC
VENETH,1058226,VeChain Ethereum,Huobi,ETH
ONTBTC,1072989,Ontology Bitcoin,Huobi,BTC
ICXBTC,1058230,ICON Bitcoin,Huobi,BTC
ICXETH,1058257,ICON Ethereum,Huobi,ETH
ZECBTC,1058231,Zcash Bitcoin,Huobi,BTC
ZECUSD,1058186,Zcash US Dollar,Huobi,USD
OMGUSD,1058183,Omisego US Dollar,Huobi,USD
OMGBTC,1058269,Omisego Bitcoin,Huobi,BTC
OMGETH,1058287,Omisego Ethereum,Huobi,ETH
BTGBTC,1058279,Bitcoin Gold Bitcoin,Huobi,BTC
XEMBTC,1058283,NEM Bitcoin,Huobi,BTC
