BTCUSD,1058296,Bitcoin US Dollar,Kucoin,USD
ETHBTC,1058348,Ethereum Bitcoin,Kucoin,BTC
ETHUSD,1058297,Ethereum US Dollar,Kucoin,USD
EOSBTC,1058404,EOS Bitcoin,Kucoin,BTC
EOSETH,1058405,EOS Ethereum,Kucoin,ETH
EOSANS,1058379,EOS NEO,Kucoin,ANS
BCHBTC,1058358,Bitcoin Cash Bitcoin,Kucoin,BTC
BCHUSD,1058298,Bitcoin Cash US Dollar,Kucoin,USD
BCHETH,1058359,Bitcoin Cash Ethereum,Kucoin,ETH
BCHKCS,1058360,Bitcoin Cash KuCoin Shares,Kucoin,KCS
BCHANS,1058304,Bitcoin Cash NEO,Kucoin,ANS
LTCBTC,1058349,Litecoin Bitcoin,Kucoin,BTC
LTCETH,1058350,Litecoin Ethereum,Kucoin,ETH
LTCANS,1058383,Litecoin NEO,Kucoin,ANS
ETCBTC,1058345,Ethereum Classic Bitcoin,Kucoin,BTC
ETCETH,1058346,Ethereum Classic Ethereum,Kucoin,ETH
ETCKCS,1058347,Ethereum Classic KuCoin Shares,Kucoin,KCS
QTUMBTC,1058432,Qtum Bitcoin,Kucoin,BTC
QTUMANS,1058433,Qtum NEO,Kucoin,ANS
ANSBTC,1058316,NEO Bitcoin,Kucoin,BTC
ANSETH,1058317,NEO Ethereum,Kucoin,ETH
ANSUSD,1058307,NEO US Dollar,Kucoin,USD
ANSKCS,1058300,NEO KuCoin Shares,Kucoin,KCS
DASHBTC,1058393,Dash Bitcoin,Kucoin,BTC
DASHETH,1058394,Dash Ethereum,Kucoin,ETH
DASHKCS,1058395,Dash KuCoin Shares,Kucoin,KCS
VENBTC,1058351,VeChain Bitcoin,Kucoin,BTC
VENETH,1058352,VeChain Ethereum,Kucoin,ETH
OMGBTC,1058410,Omisego Bitcoin,Kucoin,BTC
OMGETH,1058439,Omisego Ethereum,Kucoin,ETH
BTGBTC,1058417,Bitcoin Gold Bitcoin,Kucoin,BTC
BTGETH,1058418,Bitcoin Gold Ethereum,Kucoin,ETH
XRBBTC,1058305,Nano Bitcoin,Kucoin,BTC
XRBETH,1058306,Nano Ethereum,Kucoin,ETH
XRBUSD,1069506,Nano US Dollar,Kucoin,USD
