CARLb,551,Carlsberg A/S B,OMXC20,DKK
CHRH,26250,Chr. Hansen Holding A/S,OMXC20,DKK
COLOb,14228,Coloplast A/S,OMXC20,DKK
DANSKE,549,Danske Bank A/S,OMXC20,DKK
DSV,553,DSV,OMXC20,DKK
FLS,562,FLSmidth & Co.,OMXC20,DKK
GEN,561,Genmab,OMXC20,DKK
GN,563,GN Store Nord,OMXC20,DKK
ISS,942733,ISS A/S,OMXC20,DKK
JYSK,26292,Jyske Bank A/S,OMXC20,DKK
MAERSKa,559,A.P. Moller - Maersk A,OMXC20,DKK
MAERSKb,556,A.P. Moller - Maersk B,OMXC20,DKK
NDA,554,Nordea Bank AB,OMXC20,DKK
NOVOb,555,Novo Nordisk A/S B,OMXC20,DKK
NZYMb,558,Novozymes A/S B,OMXC20,DKK
PNDORA,26322,Pandora A/S,OMXC20,DKK
TDC,26353,TDC A/S,OMXC20,DKK
TRYG,567,Tryg A/S,OMXC20,DKK
VWS,564,Vestas Wind Systems A/S,OMXC20,DKK
WDH,566,William Demant Holding,OMXC20,DKK
