0P0000Z78D,1040457,JPMorgan Funds - Japan Equity Fund C dist - GBP,,
0P00000C1X,1040453,JPMorgan Funds - Japan Equity Fund A dist - GBP,,
0P0000V2TV,1036533,Pictet-Japanese Equity Opportunities I GBP,,
0P0000V2TU,1036532,Pictet-Japanese Equity Opportunities P GBP,,
0P0000VFD3,1033513,Tokio Marine Japanese Equity Focus Fund F,,
0P0000123D,1033460,Russell Investment Company plc - Russell Investments Japan Equity Fund P Income,,
0P00000WZH,1033458,Russell Investment Company plc - Russell Investments Japan Equity Fund I,,
0P000019Y1,1033457,Russell Investment Company plc - Russell Investments Japan Equity Fund D,,
0P0000123E,1033459,Russell Investment Company plc - Russell Investments Japan Equity Fund I Income,,
Hedged,1033416,PIMCO Funds: Global Investors Series plc Income Fund R Inc GBP,,
Hedged,1033415,PIMCO Funds: Global Investors Series plc Income Fund Institutional Inc GBP,,
0P0000VO3V,1033350,Lindsell Train Japanese Equity B Sterling Quoted Distributing Shares,,
0P0000N66F,1039914,HSBC Global Investment Funds - Economic Scale Index Japan Equity Class PD,,
0P0000Y5PZ,1036131,HSBC Global Investment Funds - Economic Scale Index Japan Equity Class BDGBP,,
Hedged,1033413,PIMCO Funds: Global Investors Series plc Global Investment Grade Credit Fund R Inc GBP,,
Hedged,1033411,PIMCO Funds: Global Investors Series plc Global Investment Grade Credit Fund Inst Inc GBP,,
Hedged,1033412,PIMCO Funds: Global Investors Series plc Global Investment Grade Credit Fund Inv Inc GBP,,
Hedged,1033409,PIMCO Funds: Global Investors Series plc Global Investment Grade Credit Fund Adm Inc GBP,,
Hedged,1033410,PIMCO Funds: Global Investors Series plc Global Investment Grade Credit Fund Inst Acc GBP,,
0P0000YGHC,1041394,Nordea 1 - Stable Return Fund BC GBP,,
0P0000W9Y4,1042614,Templeton Global Total Return Fund W Mdis GBP,,
0P00007W4F,1036670,Templeton Global Total Return Fund A Mdis GBP,,
0P0000KSDF,1042608,Templeton Global Total Return Fund I Mdis GBP,,
0P0000SWHL,1033221,BlackRock Index Selection Fund Developed World Index Sub Fund Flexible Inc GBP,,
0P0000ZF4H,1033223,BlackRock Index Selection Fund Developed World Index Sub Fund Institutional GBP Inc,,
0P0000V8HR,1033222,BlackRock Index Selection Fund Developed World Index Sub Fund GBP Institutional Acc,,
0P0000W9DT,1033220,BlackRock Index Selection Fund Developed World Index Sub Fund Flexible Acc,,
0P0000W9Y3,1042594,Templeton Global Bond Fund W Mdis GBP,,
0P0000KM22,1073152,Vanguard Emerging Markets Stock Index Fund GBP Accumulation,,
0P000147LW,1033523,Vanguard Global Bond Index Fund Instl Pls GBP Hedged Inc,,
0P0000Q887,1041052,Morgan Stanley Investment Funds Global Brands Fund BX,,
0P0000NBBW,1036348,Morgan Stanley Investment Funds Global Brands Fund ZX,,
0P0000Q884,1041046,Morgan Stanley Investment Funds Global Brands Fund AX,,
0P0000WDWR,1041060,Morgan Stanley Investment Funds Global Brands Fund Z,,
0P0000GABM,1043853,Invesco Perpetual High Income No Trail Acc,,
0P0000GABL,1043854,Invesco Perpetual High Income No Trail Inc,,
0P00012APV,1052860,Invesco Perpetual High Income Fund Y Inc,,
0P0000XBRJ,1045125,Invesco Perpetual High Income Z Inc,,
0P0000XBRI,1045124,Invesco Perpetual High Income Z Acc,,
0P000025CD,1044782,BlackRock UK Equity Tracker Fund L Acc,,
0P0000VAGY,1044783,BlackRock UK Equity Tracker Fund X Acc,,
0P0000WV76,1044784,BlackRock UK Equity Tracker Fund X Income,,
0P0000WGT6,1044781,BlackRock UK Equity Tracker Fund D Acc,,
0P0000YFFB,1040612,Jupiter Global Fund - Jupiter Dynamic Bond Class D GBP Q Inc HSC,,
0P0000W1LF,1040617,Jupiter Global Fund - Jupiter Dynamic Bond Class I GBP Q Inc HSC,,
0P0000YFF8,1040611,Jupiter Global Fund - Jupiter Dynamic Bond Class D GBP Acc HSC,,
Hedged,1033399,PIMCO Funds: Global Investors Series plc Global Bond Fund Administrative Inc GBP,,
Hedged,1033400,PIMCO Funds: Global Investors Series plc Global Bond Fund E Inc GBP,,
Hedged,1033402,PIMCO Funds: Global Investors Series plc Global Bond Fund Institutional Inc GBP,,
Hedged,1033403,PIMCO Funds: Global Investors Series plc Global Bond Fund Investor Acc GBP,,
Hedged,1033404,PIMCO Funds: Global Investors Series plc Global Bond Fund R Inc GBP,,
Hedged,1033401,PIMCO Funds: Global Investors Series plc Global Bond Fund Institutional Acc GBP,,
0P0000SAVS,1044520,Vanguard FTSE UK All Share Index Unit Trust Accumulation,,
0P000147Q2,1044522,Vanguard FTSE UK All Share Index Unit Trust Institutional Plus GBP Accumulation,,
0P000147Q1,1044523,Vanguard FTSE UK All Share Index Unit Trust Institutional Plus GBP Income,,
0P000147Q3,1044521,Vanguard FTSE UK All Share Index Unit Trust Income,,
0P0000RU81,1045061,Fundsmith Equity I Acc,,
0P0000K8XY,1041960,Robeco BP US Premium Equities IE £,,
0P0000X4OU,1040351,JPMorgan Funds - Emerging Markets Equity Fund C dist - GBP,,
0P00000T09,1040347,JPMorgan Funds - Emerging Markets Equity Fund A dist - GBP,,
0P0000VCRI,1033235,Comgest Growth Emerging Markets GBP I Acc,,
0P0000VCRL,1033713,Comgest Growth Emerging Markets USD I Acc,,
0P0000M0RV,1041716,Pictet-Global Megatrend Selection I dy GBP,,
0P0000I3X2,1041721,Pictet-Global Megatrend Selection P dy GBP,,
0P000173KP,1036351,Morgan Stanley Investment Funds Global Opportunity Fund Z,,
0P0000NAFZ,1045511,Royal London FTSE 350 Tracker Z Fund Accumulation,,
0P0000NAG0,1045510,Royal London FTSE 350 Tracker Fund Class Z Inc,,
0P000131Y9,1052862,CF Woodford Equity Income Fund C Sterling Inc,,
0P000131YE,1061606,LF Woodford Equity Income Fund Z Sterling Accumulation,,
0P000023C8,1045263,Legal & General UK Index Trust I Acc,,
0P000023C7,1045264,Legal & General UK Index Trust I Dist,,
0P000102MD,1045262,Legal & General UK Index Trust C Dist,,
0P000102ME,1045261,Legal & General UK Index Trust C Acc,,
0P0000ZMET,1041707,Pictet-Global Emerging Debt I GBP,,
0P0000NAG2,1045521,Royal London US Tracker Z Fund Accumulation,,
Hedged,1033396,PIMCO Funds: Global Investors Series plc Diversified Income Fund Institutional Acc GBP,,
0P0000U20D,1045205,Jupiter European I Acc,,
Hedged,1033397,PIMCO Funds: Global Investors Series plc Diversified Income Fund Institutional Inc GBP,,
0P00000C8S,1045207,Jupiter European Inc,,
0P0000U20C,1045206,Jupiter European I Inc,,
0P00000H6Q,1044424,Stewart Investors Asia Pacific Leaders Fund Class B Accumulation GBP,,
0P0000KSPA,1045774,Vanguard US Equity Index Acc,,
0P0000KSPB,1045775,Vanguard US Equity Index Inc,,
0P000147QD,1044530,Vanguard US Equity Index Institutional Plus GBP Accumulation,,
0P000147QC,1044531,Vanguard US Equity Index Institutional Plus GBP Income,,
0P0000UIIL,1036334,Morgan Stanley Investment Funds Global Balanced Risk Control Fund of Funds B Acc,,
0P0000UIIJ,1036337,Morgan Stanley Investment Funds Global Balanced Risk Control Fund of Funds A Acc,,
0P00017581,1040910,MFS Meridian Funds - Global Equity Fund W1 GBP,,
0P00001B5V,1040908,MFS Meridian Funds - Global Equity Fund I1 GBP,,
0P0000RU80,1045062,Fundsmith Equity I Inc,,
0P0000Y9LH,1040419,JPMorgan Funds - Global Corporate Bond Fund X acc - GBP Hedged,,
0P0000ZE7Y,1042665,UBAM - Global High Yield Solution AH GBP Acc,,
0P00015OCF,1042677,UBAM - Global High Yield Solution UH GBP Acc,,
0P0000ZDJ7,1042673,UBAM - Global High Yield Solution IH GBP Acc,,
0P0000SO5H,1042674,UBAM - Global High Yield Solution IH GBP Inc,,
0P00009QL6,1036415,MFS Meridian Funds - European Value Fund A1 GBP,,
0P0001757M,1040894,MFS Meridian Funds - European Value Fund W1 GBP,,
0P0000TX58,1040889,MFS Meridian Funds - European Value Fund I1 GBP,,
0P0000NMRS,1043495,Baillie Gifford Global Alpha Growth Fund B Accumulation,,
0P0000NMRT,1043496,Baillie Gifford Global Alpha Growth Fund B Income,,
