CHRTS,104398,Severstal Future,StockFutureMoscow,
SPRTS,104414,Sberbank pref Future,StockFutureMoscow,
SRRTS,104415,Sberbank Future,StockFutureMoscow,
TNRTS,104416,Transneft Future,StockFutureMoscow,
TTRTS,104417,Tatneft Future,StockFutureMoscow,
VBRTS,104419,VTB Bank JSC Future,StockFutureMoscow,
AFRTS,1025087,Aeroflot Future,StockFutureMoscow,
NMRTS,1073172,NLMK Future,StockFutureMoscow,
MNRTS,1073173,Magnit Future,StockFutureMoscow,
ALRTS,1073174,ALROSA Future,StockFutureMoscow,
SNRTS,104413,Surgutneftegaz Future,StockFutureMoscow,
SGRTS,104411,Surgutneftegas pref Future,StockFutureMoscow,
FSRTS,104400,FGC UES Future,StockFutureMoscow,
GMRTS,104401,MMC Norilsk Nickel Future,StockFutureMoscow,
GZRTS,104402,Gazprom Future,StockFutureMoscow,
HYRTS,104403,RusHydro Future,StockFutureMoscow,
LKRTS,104404,Lukoil Future,StockFutureMoscow,
MTRTS,104406,MTS OJSC Future,StockFutureMoscow,
NKRTS,104408,NOVATEK Future,StockFutureMoscow,
RNRTS,104409,Rosneft OAO Future,StockFutureMoscow,
RTRTS,104410,Rostelecom Future,StockFutureMoscow,
MERTS,1073175,Moscow Exchange Equity Future,StockFutureMoscow,
