AALB,6920,Aalberts Industries,Amsterdam,EUR,http://www.investing.com/equities/aalberts-industr
ABNd,961622,ABN AMRO,Amsterdam,EUR,http://www.investing.com/equities/abn-amro-group-nv
ACCG,7061,Accell,Amsterdam,EUR,http://www.investing.com/equities/accell
ACCS,17902,Accsys,Amsterdam,EUR,http://www.investing.com/equities/accsys-technologies?cid=17902
ADYEN,1081623,Adyen,Amsterdam,EUR,http://www.investing.com/equities/adyen
AEGN,304,Aegon,Amsterdam,EUR,http://www.investing.com/equities/aegon
AD,6909,Ahold Delhaize,Amsterdam,EUR,http://www.investing.com/equities/ahold-kon
AJAX,7261,Ajax,Amsterdam,EUR,http://www.investing.com/equities/afc-ajax
AKZO,6902,Akzo Nobel,Amsterdam,EUR,http://www.investing.com/equities/akzo-nobel
ALFEN,1072318,Alfen Beheer,Amsterdam,EUR,http://www.investing.com/equities/alfen-n.v
ATCA,958272,Altice,Amsterdam,EUR,http://www.investing.com/equities/altice-nv
ATCB,961769,Altice NV B,Amsterdam,EUR,http://www.investing.com/equities/altice-nv-b
AMG,6895,AMG,Amsterdam,EUR,http://www.investing.com/equities/amg
ARBN,312,Amsterdam Commodities,Amsterdam,EUR,http://www.investing.com/equities/amsterdam-commod
ANDP,17904,AND,Amsterdam,EUR,http://www.investing.com/equities/and-international-publishers
AAA,40223,AP Alternative Asset,Amsterdam,EUR,http://www.investing.com/equities/ap-alternative-assets-lp
APAM,13813,Aperam,Amsterdam,EUR,http://www.investing.com/equities/aperam
ARDS,6930,Arcadis,Amsterdam,EUR,http://www.investing.com/equities/arcadis
MT,6910,ArcelorMittal,Amsterdam,EUR,http://www.investing.com/equities/arcelormittal-reg
ARCPF,19712,Arcona Property,Amsterdam,EUR,http://www.investing.com/equities/mei-real-estate
ASMI,6888,ASM,Amsterdam,EUR,http://www.investing.com/equities/asm-international
ASML,6917,ASML Holding,Amsterdam,EUR,http://www.investing.com/equities/asml-holding
ASRNL,985157,ASR Nederland,Amsterdam,EUR,http://www.investing.com/equities/asr-nederland-nv
ATRS,17905,Atrium Ltd,Amsterdam,EUR,http://www.investing.com/equities/atrium-euro-real?cid=17905
AVTX,997438,Avantium,Amsterdam,EUR,http://www.investing.com/equities/avantium-holding-bv
BSGR,1073107,B&S Group,Amsterdam,EUR,http://www.investing.com/equities/b-s-group
BAMN,6915,BAM Groep,Amsterdam,EUR,http://www.investing.com/equities/bam-groep-kon
BFIT,985181,Basic Fit,Amsterdam,EUR,http://www.investing.com/equities/basic-fit-nv
BESI,7185,BE Semiconductor,Amsterdam,EUR,http://www.investing.com/equities/be-semicond
BETR,7115,Beter Bed,Amsterdam,EUR,http://www.investing.com/equities/beter-bed
BEVA,40226,Bever Holding NV,Amsterdam,EUR,http://www.investing.com/equities/bever-holding-nv
BINCK,6911,Binckbank,Amsterdam,EUR,http://www.investing.com/equities/binck
BOSN,6932,Boskalis Westminster,Amsterdam,EUR,http://www.investing.com/equities/boskalis-westmin
BGHL,17906,Boussard Gavaudan,Amsterdam,EUR,http://www.investing.com/equities/boussard---gavaudan-holding
BRIL,7321,Brill,Amsterdam,EUR,http://www.investing.com/equities/brill
BRUN,6931,Brunel,Amsterdam,EUR,http://www.investing.com/equities/brunel
CMCOM,1153071,CM.com,Amsterdam,EUR,http://www.investing.com/equities/cm-com
CCEP,29568,Coca-Cola European,Amsterdam,EUR,http://www.investing.com/equities/coca-cola-ent?cid=29568
CORB,6891,Corbion,Amsterdam,EUR,http://www.investing.com/equities/csm
CLB,40221,Core Laboratories,Amsterdam,EUR,http://www.investing.com/equities/core-laboratories
CTAN,7107,CTAC,Amsterdam,EUR,http://www.investing.com/equities/ctac
CURE,961653,Curetis NV,Amsterdam,EUR,http://www.investing.com/equities/curetis-ag
DGB,7593,DGB Group,Amsterdam,EUR,http://www.investing.com/equities/rsdb
DPA,9259,DPA Group,Amsterdam,EUR,http://www.investing.com/equities/dpa-group
DSC1,1064343,Dutch Star Companies ONE NV,Amsterdam,EUR,http://www.investing.com/equities/dutch-star-companies-one-nv
EAS2P,7783,Ease2pay,Amsterdam,EUR,http://www.investing.com/equities/docdata
ENVI,989465,Envipco,Amsterdam,EUR,http://www.investing.com/equities/envipco-holding-nv
ESPE,17907,Esperite,Amsterdam,EUR,http://www.investing.com/equities/cryo-save-group
ECT,40230,Eurocastle Investment,Amsterdam,EUR,http://www.investing.com/equities/eurocastle-investments-ltd
SIPFc,7064,Eurocommercial Properties,Amsterdam,EUR,http://www.investing.com/equities/eurocom-prop
FASTN,1131555,Fastned BV,Amsterdam,EUR,http://www.investing.com/equities/fastned-bv
FLOW,955872,Flow Traders NV,Amsterdam,EUR,http://www.investing.com/equities/flow-traders-bv
FFARM,980200,ForFarmers,Amsterdam,EUR,http://www.investing.com/equities/forfarmers-bv
FUGRc,6890,Fugro,Amsterdam,EUR,http://www.investing.com/equities/fugro
GLPG,15225,Galapagos,Amsterdam,EUR,http://www.investing.com/equities/galapagos
GVNV,945680,Grandvision BV,Amsterdam,EUR,http://www.investing.com/equities/grandvision-bv
HLAN,6933,Hal Trust,Amsterdam,EUR,http://www.investing.com/equities/hal-trust-unit
MORE,40224,HeadFirst Source,Amsterdam,EUR,http://www.investing.com/equities/source-group
HEIJ,6937,Heijmans,Amsterdam,EUR,http://www.investing.com/equities/heijmans
HEIN,303,Heineken,Amsterdam,EUR,http://www.investing.com/equities/heineken
HEIO,40231,Heineken,Amsterdam,EUR,http://www.investing.com/equities/heineken-holding-nv
HOLCO,341,Holland Colours,Amsterdam,EUR,http://www.investing.com/equities/holland-col
HUDN,7095,Hunter Douglas,Amsterdam,EUR,http://www.investing.com/equities/hunter-douglas
HYDRA,14162,Hydratec,Amsterdam,EUR,http://www.investing.com/equities/hydratec-industries
ICTA,7272,ICT Group,Amsterdam,EUR,http://www.investing.com/equities/ict
IEX,14165,Iex Group,Amsterdam,EUR,http://www.investing.com/equities/mty-holdings-nv
IMCD,943214,IMCD NV,Amsterdam,EUR,http://www.investing.com/equities/imcd
INGA,301,ING Groep,Amsterdam,EUR,http://www.investing.com/equities/ing-groep
INTER,960701,Intertrust Group Holding SA,Amsterdam,EUR,http://www.investing.com/equities/intertrust-group-holding-sa
PHLX,9262,Inverko,Amsterdam,EUR,http://www.investing.com/equities/vivenda-media-gr
TKWY,991179,Just Eat Takeaway,Amsterdam,EUR,http://www.investing.com/equities/takeaway-com-holding-bv
KARD,6907,Kardan NV,Amsterdam,EUR,http://www.investing.com/equities/kardan-nv
KASNc,7163,KAS Bank,Amsterdam,EUR,http://www.investing.com/equities/kas-bank
SVEL,6938,Kendrion,Amsterdam,EUR,http://www.investing.com/equities/kendrion
KDS,955873,Kiadis Pharma,Amsterdam,EUR,http://www.investing.com/equities/kiadis-pharma-bv
DSMN,6905,Koninklijke DSM,Amsterdam,EUR,http://www.investing.com/equities/koninklijke-dsm
KPN,6913,Koninklijke KPN,Amsterdam,EUR,http://www.investing.com/equities/kpn-kon
KVW,1009127,Koninklijke Volker Wessels Stevin,Amsterdam,EUR,http://www.investing.com/equities/volkerwessels-nv
BSWSc,6906,Koninklijke Wessanen,Amsterdam,EUR,http://www.investing.com/equities/wessanen-kon
LVIDE,7098,Lavide,Amsterdam,EUR,http://www.investing.com/equities/lavide
BOLS,945679,Lucas Bols,Amsterdam,EUR,http://www.investing.com/equities/lucas-bols-bv
MAREL,1136170,Marel hf,Amsterdam,EUR,http://www.investing.com/equities/marel?cid=1136170
NEDP,7229,Nedap,Amsterdam,EUR,http://www.investing.com/equities/nedap
NEDSE,13169,NedSense,Amsterdam,EUR,http://www.investing.com/equities/nedsense-enterpr
NRP,1024885,NEPI Rockcastle,Amsterdam,EUR,http://www.investing.com/equities/nepi-rockcastle-plc
NSEN,17914,New Sources Energy,Amsterdam,EUR,http://www.investing.com/equities/new-sources-energy
NEWN,7717,Neways Electronics,Amsterdam,EUR,http://www.investing.com/equities/neways
NIBC,1073108,NIBC Holding,Amsterdam,EUR,http://www.investing.com/equities/nibc-holding
NN,943213,NN Group NV,Amsterdam,EUR,http://www.investing.com/equities/nn-group
NOVI,40222,Novisource,Amsterdam,EUR,http://www.investing.com/equities/1nomi
NSTEc,6919,NSI,Amsterdam,EUR,http://www.investing.com/equities/niewwe-steen-inv
OCI,40233,OCI NV,Amsterdam,EUR,http://www.investing.com/equities/oci-nv
ORANW,7328,Oranjewoud NV,Amsterdam,EUR,http://www.investing.com/equities/oranjewoud
ORDN,6900,Ordina,Amsterdam,EUR,http://www.investing.com/equities/ordina
PSH,942433,Pershing Square,Amsterdam,EUR,http://www.investing.com/equities/pershing
PHAR,6940,Pharming Group,Amsterdam,EUR,http://www.investing.com/equities/pharco-d
PHG,305,Philips,Amsterdam,EUR,http://www.investing.com/equities/philips-kon
PRCF,32560,Porceleyne Fles,Amsterdam,EUR,http://www.investing.com/equities/porceleyne-fles-nv
PTNL,13814,PostNL,Amsterdam,EUR,http://www.investing.com/equities/postnl
PRX,1152300,Prosus,Amsterdam,EUR,http://www.investing.com/equities/prosus
RAND,6889,Randstad,Amsterdam,EUR,http://www.investing.com/equities/randstad
REINA,1055959,Reinet Invest,Amsterdam,EUR,http://www.investing.com/equities/reinet-invest?cid=1055959
REL,8991,Relx,Amsterdam,EUR,http://www.investing.com/equities/reed-elsevier?cid=8991
RWI,1156735,Renewi,Amsterdam,EUR,http://www.investing.com/equities/shanks?cid=1156735
RNTO,960702,Robeco Global,Amsterdam,EUR,http://www.investing.com/equities/rorento-nv
RBEN,989547,Robeco Global Stars,Amsterdam,EUR,http://www.investing.com/equities/robeco
RLIN,989548,Rolinco,Amsterdam,EUR,http://www.investing.com/equities/rolinco
ROON,7562,Roodmicrotec,Amsterdam,EUR,http://www.investing.com/equities/rood-testhouse
RDSa,302,Royal Dutch Shell A,Amsterdam,EUR,http://www.investing.com/equities/royal-dutch-shell-a-shr
RDSb,327,Royal Dutch Shell B,Amsterdam,EUR,http://www.investing.com/equities/royal-dutch-shell-b-shr
SBMO,6898,SBM Offshore,Amsterdam,EUR,http://www.investing.com/equities/sbm-offshore
SIFG,978749,Sif Holding NV,Amsterdam,EUR,http://www.investing.com/equities/sif-holding-nv
LIGHT,979019,Signify,Amsterdam,EUR,http://www.investing.com/equities/philips-lighting-bv
SLIGR,17915,Sligro Food,Amsterdam,EUR,http://www.investing.com/equities/sligro-food-group
SNOW,7146,SnowWorld NV,Amsterdam,EUR,http://www.investing.com/equities/fornix
ARTN,7790,Stern Groep,Amsterdam,EUR,http://www.investing.com/equities/stern
TFG,14164,Tetragon,Amsterdam,EUR,http://www.investing.com/equities/tetragon-fin-group
THXLE,945099,Theta Legends,Amsterdam,EUR,http://www.investing.com/equities/legends-funds
TBIRD,40235,Thunderbird Resorts,Amsterdam,EUR,http://www.investing.com/equities/thunderbird-resorts
TIEH,25400,Tie Holding,Amsterdam,EUR,http://www.investing.com/equities/tie-holding-nv?cid=25400
TWKNc,7151,TKH Group,Amsterdam,EUR,http://www.investing.com/equities/tkh-group
TOM2,6904,TomTom,Amsterdam,EUR,http://www.investing.com/equities/tomtom-n.v
UNA,989550,Unilever NV,Amsterdam,EUR,http://www.investing.com/equities/unilever-ord
VALU8,40229,Value8,Amsterdam,EUR,http://www.investing.com/equities/value8-nv
PREVA_p,1056909,Value8 Pref,Amsterdam,EUR,http://www.investing.com/equities/value8-pref
VLAN,7464,Van Lanschot,Amsterdam,EUR,http://www.investing.com/equities/van-lanschot
VASN,6894,Vastned Retail,Amsterdam,EUR,http://www.investing.com/equities/vastned-retail
VON,1006172,VEON,Amsterdam,EUR,http://www.investing.com/equities/veon-ltd
VVY,942515,Vivoryon Therapeutics,Amsterdam,EUR,http://www.investing.com/equities/probiodrug-ag
VTA,40236,Volta Finance,Amsterdam,EUR,http://www.investing.com/equities/volta-finance-ltd
VOPA,6903,Vopak,Amsterdam,EUR,http://www.investing.com/equities/vopak
WEHA,6922,Wereldhave,Amsterdam,EUR,http://www.investing.com/equities/wereldhave
URW,671,WFD Unibail Rodamco,Amsterdam,EUR,http://www.investing.com/equities/uniball
WLSNc,6897,Wolters Kluwer,Amsterdam,EUR,http://www.investing.com/equities/wolters-kluwer
YATRA,8816,Yatra Capital,Amsterdam,EUR,http://www.investing.com/equities/yatra
