US30,8873,Dow Jones 30 Futures,CFD,USD
US500,8839,S&P 500 Futures,CFD,USD
NDX100,8874,Nasdaq 100 Futures,CFD,USD
US2000,8864,SmallCap 2000 Futures,CFD,USD
VX,8884,S&P 500 VIX Futures,CFD,USD
DE30,8826,DAX Futures,CFD,EUR
F40,8853,CAC 40 Futures,CFD,EUR
UK100,8838,FTSE 100 Futures,CFD,GBP
EU50,8867,Euro Stoxx 50 Futures,CFD,EUR
IT40,8858,FTSE MIB Futures,CFD,EUR
SWI20,8837,SMI Futures,CFD,CHF
ES35,8828,IBEX 35 Futures,CFD,EUR
A20,8825,ATX Futures,CFD,EUR
P20,8863,WIG20 Futures,CFD,PLN
NL25,8878,AEX Futures,CFD,EUR
HU14,8882,BUX Futures,CFD,HUF
RTS,104396,RTS cash-settled Futures,CFD,USD
NOR25,8835,OBX Futures,CFD,NOK
SWE30,8892,OMX Stockholm 30 Futures,CFD,SEK
GRE20,961616,Greece 20 Futures,CFD,EUR
iBOV,941612,iBovespa Futures,CFD,BRL
MEX35,8896,S&P BMV IPC Futures,CFD,MXN
J225,8859,Nikkei 225 Futures,CFD,JPY
TOPIX,961129,Topix Futures,CFD,JPY
HK50,8984,Hang Seng Futures,CFD,HKD
CHINAH,8982,China H-Shares Futures,CFD,HKD
CSI300,941616,CSI 300 Futures,CFD,CNY
CHINA50,44486,China A50 Futures,CFD,USD
AUS200,8824,S&P ASX 200 Futures,CFD,AUD
SING,8897,Singapore MSCI Futures,CFD,SGD
IND50,8985,Nifty 50 Futures,CFD,INR
NIFTY,104423,Bank NIFTY Futures,CFD,INR
KOR200,8987,KOSPI 200 Futures,CFD,KRW
MSCIT,961128,MSCI Taiwan Futures,CFD,USD
TAIEX,1013057,TAIEX Future,CFD,TWD
SA40,8840,FTSEJSE Top 40 Futures,CFD,ZAR
DETEC30,15288,TecDAX Futures,CFD,EUR
