KFF,1013062,AcBel Polytech Inc Future,StockFutureTAIFEX,
DSF,1013063,Acer Future,StockFutureTAIFEX,
NDF,1013064,Adata Technology Co Ltd Future,StockFutureTAIFEX,
NBF,1013065,Advanced Ceramic Future,StockFutureTAIFEX,
EPF,1013067,Airtac International Group Future,StockFutureTAIFEX,
IZF,1013068,Alpha Networks Future,StockFutureTAIFEX,
HAF,1013069,Amtran Technology Future,StockFutureTAIFEX,
NEF,1013070,Ardentec Corp Future,StockFutureTAIFEX,
DYF,1013071,Asia Cement Future,StockFutureTAIFEX,
DJF,1013072,Asustek Computer Future,StockFutureTAIFEX,
CHF,1013073,Au Optronics Future,StockFutureTAIFEX,
HHF,1013074,Bes Engineering Future,StockFutureTAIFEX,
OGF,1013075,BoardTek Electronics Corp Future,StockFutureTAIFEX,
OOF,1013076,Capital SZSE SME Price Index ETF Future,StockFutureTAIFEX,
JZF,1013077,Career Technology Manufacturing Future,StockFutureTAIFEX,
GXF,1013078,Catcher Technology Future,StockFutureTAIFEX,
CKF,1013079,Cathay Financial Holding Future,StockFutureTAIFEX,
OJF,1013080,Cathay FTSE China A50 ETF Future,StockFutureTAIFEX,
NIF,1013081,Center Laboratories Inc Future,StockFutureTAIFEX,
LVF,1013087,Chailease Holding Future,StockFutureTAIFEX,
DCF,1013082,Chang Hwa Commercial Bank First Adjusted Future,StockFutureTAIFEX,
FKF,1013083,Cheng Shin Rubber Industry Future,StockFutureTAIFEX,
MEF,1013084,Chi Mei Future,StockFutureTAIFEX,
DQF,1013086,Chimei Innolux Future,StockFutureTAIFEX,
MBF,1013097,Chin-Poon Industrial Future,StockFutureTAIFEX,
LRF,1013088,China Development Financial Holding Future,StockFutureTAIFEX,
HYF,1013090,China Life Insurance Future,StockFutureTAIFEX,
EYF,1013091,China Man Made Fiber Future,StockFutureTAIFEX,
EGF,1013093,China Petrochemical Development Future,StockFutureTAIFEX,
CBF,1013094,China Steel Future,StockFutureTAIFEX,
NSF,1013098,Chipbond Technology Corp Future,StockFutureTAIFEX,
JWF,1013099,Chong Hong Construction Future,StockFutureTAIFEX,
MJF,1013100,Chroma ATE Future,StockFutureTAIFEX,
DLF,1013101,Chunghwa Telecom Future,StockFutureTAIFEX,
LZF,1013102,Cleanaway Future,StockFutureTAIFEX,
CUF,1013103,CMC Magnetics Future,StockFutureTAIFEX,
CGF,1013104,Compal Electronics Future,StockFutureTAIFEX,
FTF,1013105,Compeq Manufacturing Future,StockFutureTAIFEX,
NMF,1013106,Coretronic Corp Future,StockFutureTAIFEX,
CNF,1013096,CTBC Financial Holding Future,StockFutureTAIFEX,
ODF,1013107,Cub Elecparts Inc Future,StockFutureTAIFEX,
FWF,1013110,D-Link Future,StockFutureTAIFEX,
KKF,1013108,Darfon Electronics Future,StockFutureTAIFEX,
NCF,1013111,Dynapack International Future,StockFutureTAIFEX,
NVF,1013112,E Ink Holdings Inc Future,StockFutureTAIFEX,
DNF,1013113,E.Sun Financial Holding Future,StockFutureTAIFEX,
LWF,1013114,Eclat Textile Future,StockFutureTAIFEX,
GWF,1013115,Elan Microelectronics Future,StockFutureTAIFEX,
IIF,1013116,Elite Semiconductor Memory Technology Future,StockFutureTAIFEX,
FVF,1013117,Elitegroup Computer Systems Future,StockFutureTAIFEX,
DUF,1013118,Epistar Future,StockFutureTAIFEX,
HSF,1013119,Eva Airways Future,StockFutureTAIFEX,
CZF,1013120,Evergreen Marine Corp Taiwan Future,StockFutureTAIFEX,
GMF,1013122,Everlight Electronics Future,StockFutureTAIFEX,
CRF,1013123,Far Eastern New Century Future,StockFutureTAIFEX,
LTF,1013089,Far EasTone Telecommunications Future,StockFutureTAIFEX,
IPF,1013124,Faraday Technology Future,StockFutureTAIFEX,
DPF,1013125,First Financial Holding Future,StockFutureTAIFEX,
LIF,1013126,Flexium Interconnect Inc Future,StockFutureTAIFEX,
DGF,1013128,Formosa Chemicals & Fibre Future,StockFutureTAIFEX,
CFF,1013129,Formosa Plastics Future,StockFutureTAIFEX,
GCF,1013130,Foxconn Technology Future,StockFutureTAIFEX,
CEF,1013131,Fubon Financial Holding Future,StockFutureTAIFEX,
OAF,1013132,Fubon SSE180 ETF Future,StockFutureTAIFEX,
OKF,1013133,Fubon SZSE 100 ETF Future,StockFutureTAIFEX,
GHF,1013134,Gigabyte Technology Future,StockFutureTAIFEX,
NGF,1013135,Gigasolar Materials Corp Future,StockFutureTAIFEX,
ONF,1013136,Gigasolar Materials Mini Future,StockFutureTAIFEX,
GPF,1013137,Gigastorage Future,StockFutureTAIFEX,
JDF,1013138,Gintech Energy Future,StockFutureTAIFEX,
JBF,1013139,Global Unichip Future,StockFutureTAIFEX,
NJF,1013140,Gloria Material Technology Corp Future,StockFutureTAIFEX,
EEF,1013141,Grand Pacific Petrochemical Future,StockFutureTAIFEX,
MAF,1013142,Grape King Adjusted Future,StockFutureTAIFEX,
DZF,1013143,Great Wall Enterprise Future,StockFutureTAIFEX,
OEF,1013144,Hannstar Display Corp Future,StockFutureTAIFEX,
HLF,1013145,Highwealth Construction Future,StockFutureTAIFEX,
FFF,1013146,Hiwin Technologies Future,StockFutureTAIFEX,
DHF,1013147,Hon Hai Precision Industry Future,StockFutureTAIFEX,
HCF,1013148,Htc Future,StockFutureTAIFEX,
OHF,1013149,Hu Lane Associate Inc Future,StockFutureTAIFEX,
CJF,1013150,Hua Nan Financial Holdings Future,StockFutureTAIFEX,
HOF,1013151,Huaku Development Future,StockFutureTAIFEX,
HMF,1013152,Huang Hsiang Construction Future,StockFutureTAIFEX,
INF,1013153,IEI Integration Future,StockFutureTAIFEX,
LQF,1013154,Inventec corp Future,StockFutureTAIFEX,
HIF,1013155,Kindom Construction Future,StockFutureTAIFEX,
FGF,1013156,King Slide Works Future,StockFutureTAIFEX,
GRF,1013157,King Yuan Electronics Future,StockFutureTAIFEX,
IXF,1013158,Kinsus Interconnect Technology Future,StockFutureTAIFEX,
IJF,1013159,Largan Precision Future,StockFutureTAIFEX,
OLF,1013160,LARGAN Precision Mini Futures Stock,StockFutureTAIFEX,
ESF,1013161,LCY Chemical Future,StockFutureTAIFEX,
MCF,1013162,Lextar Electronics Future,StockFutureTAIFEX,
FQF,1013163,Lite On Technology Future,StockFutureTAIFEX,
JFF,1013164,Lotes Future,StockFutureTAIFEX,
KSF,1013165,Makalot Industrial Co Ltd Future,StockFutureTAIFEX,
DVF,1013166,Mediatek Future,StockFutureTAIFEX,
CLF,1013167,Mega Financial Holding Future,StockFutureTAIFEX,
LMF,1013168,Merida Industry Co Ltd Future,StockFutureTAIFEX,
MKF,1013169,Merry Electro Future,StockFutureTAIFEX,
GIF,1013170,Micro-Star International Future,StockFutureTAIFEX,
IVF,1013171,Min Aik Technology Future,StockFutureTAIFEX,
NTF,1013172,Motech Industries Inc Future,StockFutureTAIFEX,
ERF,1013173,Namchow Chemical Industrial Future,StockFutureTAIFEX,
CAF,1013174,Nan Ya Plastics Future,StockFutureTAIFEX,
JIF,1013175,Neo Solar Power Future,StockFutureTAIFEX,
IOF,1013176,Novatek Microelectronics Future,StockFutureTAIFEX,
FYF,1013177,Optotech Future,StockFutureTAIFEX,
KWF,1013178,Pan-International Industrial Corp Future,StockFutureTAIFEX,
NUF,1013179,PChome Online Inc Future,StockFutureTAIFEX,
JSF,1013180,Pegatron Future,StockFutureTAIFEX,
NWF,1013181,Phison Electronics Corp Future,StockFutureTAIFEX,
KLF,1013184,Pou Chen Future,StockFutureTAIFEX,
KCF,1013185,Powertech Technology Future,StockFutureTAIFEX,
DKF,1013186,Quanta Computer Future,StockFutureTAIFEX,
KAF,1013187,Radiant Opto-Electronics Future,StockFutureTAIFEX,
GJF,1013188,Realtek Semiconductor Future,StockFutureTAIFEX,
KPF,1013189,Ruentex Development Future,StockFutureTAIFEX,
DWF,1013190,Ruentex Industries Future,StockFutureTAIFEX,
DDF,1013192,Shin Kong Financial Holding Future,StockFutureTAIFEX,
IYF,1013193,Shin Zu Shing Future,StockFutureTAIFEX,
MQF,1013194,Sigurd Microelectronics Future,StockFutureTAIFEX,
NQF,1013196,Simplo Technology Co Ltd Future,StockFutureTAIFEX,
NOF,1013197,Sino-American Silicon Products Inc Future,StockFutureTAIFEX,
DEF,1013198,Sinopac Financial Holdings Future,StockFutureTAIFEX,
NNF,1013199,Soft-World International Corp Future,StockFutureTAIFEX,
JGF,1013200,Solartech Energy Future,StockFutureTAIFEX,
MYF,1013201,St.Shine Optical Co Ltd Future,StockFutureTAIFEX,
OMF,1013202,St.Shine Optical Mini Future,StockFutureTAIFEX,
GNF,1013203,Sunplus Technology Future,StockFutureTAIFEX,
MIF,1013204,Sunspring Metal Future,StockFutureTAIFEX,
GAF,1013205,Synnex Technology International Future,StockFutureTAIFEX,
MPF,1013206,Systex rp Future,StockFutureTAIFEX,
KIF,1013207,Taiflex Scientific Future,StockFutureTAIFEX,
CMF,1013208,Taishin Financial Holding Future,StockFutureTAIFEX,
IAF,1013209,Taiwan Business Bank Future,StockFutureTAIFEX,
DFF,1013210,Taiwan Cement Future,StockFutureTAIFEX,
LOF,1013211,Taiwan Cooperative Financial Holding Company Future,StockFutureTAIFEX,
KOF,1013213,Taiwan Hon Chuan Enterprise Future,StockFutureTAIFEX,
LCF,1013214,Taiwan Mobile Co Ltd Future,StockFutureTAIFEX,
MVF,1013215,Taiwan Paiho Future,StockFutureTAIFEX,
CDF,1013216,Taiwan Semiconductor Manufacturing Future,StockFutureTAIFEX,
IHF,1013217,Taiwan Tea Future,StockFutureTAIFEX,
CXF,1013218,Tatung Future,StockFutureTAIFEX,
EMF,1013219,Teco Electric & Machinery Future,StockFutureTAIFEX,
KDF,1013220,Tong Hsing Electronic Industries Future,StockFutureTAIFEX,
EHF,1013221,Tong Yang Industry Future,StockFutureTAIFEX,
OFF,1013222,Toung LoongTextile Manufacturing Future,StockFutureTAIFEX,
JNF,1013223,TPK Holding Future,StockFutureTAIFEX,
LBF,1013224,Tripod Technology Corp Future,StockFutureTAIFEX,
NHF,1013225,TTY Biopharm Co Ltd Future,StockFutureTAIFEX,
ITF,1013226,Txc Future,StockFutureTAIFEX,
CQF,1013228,Uni-President Enterprises Future,StockFutureTAIFEX,
IRF,1013227,Unimicron Technology Future,StockFutureTAIFEX,
GOF,1013229,United Integrated Services Future,StockFutureTAIFEX,
CCF,1013230,United Micro Electronics Future,StockFutureTAIFEX,
ECF,1013231,Usi Future,StockFutureTAIFEX,
NLF,1013232,Vanguard International Future,StockFutureTAIFEX,
GUF,1013233,Visual Photonics Epitaxy Future,StockFutureTAIFEX,
MLF,1013234,Vivotek Future,StockFutureTAIFEX,
NZF,1013238,W.I.S.E. Yuanta/P-shares CSI 300 ETF Future,StockFutureTAIFEX,
CSF,1013235,Walsin Lihwa Future,StockFutureTAIFEX,
NAF,1013237,WIN Semiconductors Corp Future,StockFutureTAIFEX,
DXF,1013239,Wistron Future,StockFutureTAIFEX,
KGF,1013240,Wistron Neweb Future,StockFutureTAIFEX,
JPF,1013241,Wpg Holdings Future,StockFutureTAIFEX,
IQF,1013242,Wt Microelectronics Future,StockFutureTAIFEX,
NXF,1013243,Xxentria Technology Materials Co Ltd Future,StockFutureTAIFEX,
DOF,1013244,Yuanta Financial Holding Future,StockFutureTAIFEX,
OBF,1013182,Yuanta/P-shares SSE50 ETF Future,StockFutureTAIFEX,
NYF,1013245,Yuanta/P-shares Taiwan Top 50 ETF Future,StockFutureTAIFEX,
LUF,1013095,Zhen Ding Technology Holding Future,StockFutureTAIFEX,
GZF,1013246,Zinwell Future,StockFutureTAIFEX,
