BVH,958409,BaoViet Holdings,VNI30,VND
FLC,958480,FLC Group JSC,VNI30,VND
FPT,958482,FPT Corp,VNI30,VND
GMD,958488,Gemadept Corp,VNI30,VND
CII,958421,Ho Chi Minh City Infrastructure Investment JSC,VNI30,VND
HCM,958502,Ho Chi Minh City Securities Corp,VNI30,VND
HPG,958514,Hoa Phat Group JSC,VNI30,VND
HAG,958494,Hoang Anh Gia Lai JSC,VNI30,VND
HHS,958507,Hoang Huy Investment Services JSC,VNI30,VND
HSG,958518,Hoasen Group,VNI30,VND
HVG,958527,Hung Vuong Corp,VNI30,VND
VCB,958731,JSCmmercial Bank for Foreign Trade of Viet Nam,VNI30,VND
KBC,958539,Kinh Bac City Development Share Holding Corp,VNI30,VND
KDC,958540,Kinh Do Corp,VNI30,VND
MSN,958566,Masan Group Corp,VNI30,VND
MBB,958561,Military Commercial Joint Stock Bank,VNI30,VND
PVD,958621,PetroVietnam Drilling & Well Service Corp,VNI30,VND
DPM,958459,PetroVietnam Fertilizer and Chemicals Corp,VNI30,VND
NT2,958584,PetroVietnam Power Nhon Trach 2 JSC,VNI30,VND
PVT,958622,PetroVietnam Transportation Corp,VNI30,VND
PPC,958610,Pha Lai Thermal Power JSC,VNI30,VND
REE,958633,Refrigeration Electrical Engineering Corp,VNI30,VND
STB,958676,Sai Gon Thuong Tin Commercial Joint Stock Bank,VNI30,VND
SSI,958674,Saigon Securities Incorporation,VNI30,VND
ITA,958534,Tan Tao Investment and Industry Corp,VNI30,VND
SBT,958641,Thanh Thanh Cong Tay Ninh JSC,VNI30,VND
VNM,958751,Vietnam Dairy Products JSC,VNI30,VND
EIB,958472,Vietnam Export Import Commercial Joint Stock Bank,VNI30,VND
CTG,958437,Vietnam JSCmmercial Bank for Industry and Trade,VNI30,VND
VIC,958739,Vingroup JSC,VNI30,VND
