0P0000XTVQ,1022434,GF 30 days Financial Mgmt Bond Fund B,,
0P0000XTVP,1022435,GF 30 days Financial Mgmt Bond Fund A,,
0P0000XBR3,1022467,E Funds Month Wealth Management Fund B,,
0P0000XBR2,1022466,E Funds Month Wealth Management Fund A,,
0P0000XF7V,1022459,DaCheng Yueyueying Short Term Final Bd A,,
0P0000XF7W,1022458,DaCheng Yueyueying Short Term Final Bd B,,
0P0000YI7Z,1022734,MinSheng Royal JiaYing Monthly Bond Fund B,,
0P0000YXIX,1022628,GF 7 Days Financial Mgmt Bond Fund B,,
0P0000W27C,1022542,China Universal 30 Days Cash-Management Fund B,,
0P0000WLUA,1022533,China Southern 14 Days Cash-Management Fund B,,
0P0000XPDA,1022476,BOC 7 Days Financial Management Bond Fund B,,
0P0000YUB7,1022544,China Universal 7 Days Cash-Management Fund B,,
0P0000WSTV,1022659,Harvest LiCaiBao 7 Days Bond B,,
0P0000WSTU,1022658,Harvest LiCaiBao 7 Days Bond A,,
0P0000P5UD,1022590,E Fund Consumer Sector,,
LP63500860,1011528,Industrial Trend Investment Hybrid Securities Investment FundLOF,,
LP63500607,1011526,Bosera Theme Industry Stock FdLOF,,
0P0000XOVV,1022514,CCB-Principal Monthly Bond Fund B,,
0P0000KNLS,1022556,ChinaAMC CSI 300 ETF Feeder Fund,,
0P00007KGN,1022599,E Fund SSE50 Index,,
0P00009JDL,1022679,Huaan Tactical Select Fund,,
0P00007KK6,1022601,E Fund Stable Income Bond Fund A,,
0P00007KK7,1022602,E Fund Stable Income Bond Fund B,,
0P0000ZK4P,1022701,IGW CSI 300 Enhance Index Fd,,
0P0000T3GW,1022604,E Fund Stable Value Bond Fund B,,
0P0000T3GV,1022603,E Fund Stable Value Bond Fund A,,
0P0000WZE6,1022583,DaCheng Monthly Income Financial Bond Fund B,,
0P0000F87W,1022709,Industrial Social Responsibility Securities Investment Fund,,
0P00008UM7,1022549,China Universal Focus Growth Fund,,
0P0000X7W1,1022694,ICBCCS 14 Day-Rolling Financial Seed Fund B,,
0P00011NK0,1022562,CIFM Core Growth Equity Fund,,
0P00007ZXK,1022784,Yinhua Wealth Theme Stock Fund,,
0P0000J3XR,1022555,China Universal Selective Mixed Securities Investment Fund A,,
LP63500854,1011527,Fullgoal Tianhui Selected Growth Mixed A,,
0P00007KIO,1022496,BoseraYufu CSI 300 Index Fund A,,
0P0000KBYA,1022667,HSBC Jintrust Large Cap Equity Securities Investment Fund A,,
0P0000NHK0,1022707,Industrial Herun Structured Mixed Securities Investment Fund,,
0P0000CRAI,1022462,E Fund Increasing Return Bond Fund B,,
0P0000CRAJ,1022463,E Fund Increasing Return Bond Fund A,,
0P0000VDDE,1022652,GuoTai Optimum Growth Fund,,
0P0000VGNO,1022704,Industrial Asset-light Equity FundLOF,,
0P0000G7H2,1022545,China Universal Blue Chip Equity Fund,,
0P0000K0OV,1022708,Industrial Organic Growth Securities Investment Fund,,
0P0000G2YI,1022598,E Fund Mid Small Cap,,
0P0000KBYE,1022721,Lombarda China Value Discovery Hybrid Fund A,,
0P00009NN4,1022605,Everbright Pramerica Advantage Allocation Stock Fund,,
0P0000YYWK,1022686,Huatai-PineBridge Quantitative Index Enhanced Equity Fund,,
0P0000NI9W,1022554,China Universal Privately-owned Enterprises Mixed Securities Investment Fund A,,
0P000090GG,1022539,China Southern Select Fund,,
0P00011MQ2,1022749,Orient New Energy Flexible-Configuration Balance Fund,,
0P00007KIU,1022656,Harvest Growth Income A,,
0P0000O85P,1022683,Huatai-PB Quantitative Driven Equity Fund,,
0P0000YEN5,1022546,China Universal Consumer Industries Fund,,
0P0000KS4N,1022594,E Fund CSI300 ETF Feeder Fund,,
LP63500188,1011530,ChinaAMC Blue Chip Core Fund,,
0P0000FXXY,1022662,Harvest Research Selected A,,
0P0000GBQO,1022719,Lombarda China New Blue Chip Flexible Allocation Blend Fund A,,
0P0000P1AG,1022690,ICBC Credit Suisse Double Interest Bond Fund A,,
0P0000P1AH,1022695,ICBCCS Allocation Gains Bond Fund B,,
0P00011RK1,1022538,China Southern Privileged Opportunity Balanced Fund,,
0P0000IU7T,1022587,Dacheng Strategy Return Stock Fund,,
0P0000PYF2,1022524,Changxin Quantified Pioneer Stock Fd A,,
LP68144200,1011535,Guotai Valuation Advantage Separated Stk,,
0P00007KGW,1022638,GF Stable Growth Mixed Assets Fund,,
0P00007KH2,1022489,Bosera Selection Stock Fd A,,
0P0000W8X3,1022543,China Universal 60 Days Cash-Management Fund B,,
0P00009MU0,1022642,Great Wall Brand Merit-choosed Equity Fund,,
0P0000M2OJ,1022650,Guotai Mid-cap and Small-cap Growth Stock Fund,,
0P0000M7W1,1022623,Fullgoal CSI 300 Strengthen Fund,,
0P00007KHG,1022647,Guotai Jinlong Sector-Select Equites Fund,,
0P0000W8X4,1022660,Harvest Optimized Dividend,,
0P0000X2VJ,1022534,China Southern 60 Days Cash-Management Fund B,,
0P0000K2N8,1022774,Wanjia Selected Stock Fund,,
0P00007KKB,1022472,Bank of Communications Schroders Selected Fund,,
0P0000ZDIS,1022753,Penghua Global High Yield Bond Securities Investment Fund QDII,,
0P00011NOM,1022498,CCB Principal CSI 500 Index Fund,,
0P00007KLS,1022616,Franklin Templeton Sealand Flexi Cap Stock Fund,,
0P00007KHQ,1022705,Industrial Convertible Bond Hybrid Securities Investment Fund,,
0P00007KKJ,1022559,ChinaAMC Income Fund,,
0P0000T3GY,1022468,Bank of Communications Schroder Advanced Manufacture Stock Fund,,
0P0000FY4E,1022655,Harfor Income Enhanced Bond Fund B,,
0P0000FY4F,1022654,Harfor Income Enhanced Bond Fund A,,
0P0000UNXI,1022671,Hua An Technology Power Investment Fund,,
0P0000Z7V9,1022596,E Fund Great-Return Bond Fund,,
0P0000W7MZ,1022783,YinHua Midcap Smallcap Mixed Fund,,
0P0000XWHL,1022447,ICBCCS 60 Days-Rolling Financial Bond Fund A,,
0P0000XWHM,1022446,ICBCCS 60 Days-Rolling Financial Bond Fund B,,
LP65013253,1011534,Lombarda China New Trend Hybrid FundLOFA,,
0P0000IKEE,1022597,E Fund Kexiang,,
0P0000RROK,1022670,Hua An Stable Income Bond Fund C,,
LP63501155,1011529,Penghua Value Advantage Fund LOF,,
0P0000KNLR,1022710,Industrial Stable Return Bond Securities Investment Fund,,
0P00007KKT,1022644,GTJA Allianz Selected Stock Fund,,
0P00007KJ8,1022600,E Fund Stable Growth,,
0P00009JCY,1022634,GF Large-Cap Growth Mixed Type Fund,,
0P00007KNG,1022625,Fullgoal Tianhe Stable Selected Stock Fund,,
0P0000XF7O,1022742,New China Enhance Pure Bond Fund A,,
0P0000XF7P,1022743,New China Enhance Pure Bond Fund C,,
0P0000SUEF,1022737,Morgan Stanley Huaxin Multiple Factor Selected Strategy Stock Fund,,
LP65013922,1011541,Changxin Lifeng Bond Fd C,,
