BTCKRW,1059888,Bitcoin Korean Won,GOPAX,KRW
ETHKRW,1059887,Ethereum Korean Won,GOPAX,KRW
ETHBTC,1059896,Ethereum Bitcoin,GOPAX,BTC
BCHKRW,1059891,Bitcoin Cash Korean Won,GOPAX,KRW
LTCKRW,1059892,Litecoin Korean Won,GOPAX,KRW
LTCBTC,1059898,Litecoin Bitcoin,GOPAX,BTC
XLMKRW,1059886,Stellar Lumens Korean Won,GOPAX,KRW
XLMBTC,1059895,Stellar Lumens Bitcoin,GOPAX,BTC
XLMETH,1059894,Stellar Lumens Ethereum,GOPAX,ETH
ZECKRW,1059893,Zcash Korean Won,GOPAX,KRW
ZECBTC,1059897,Zcash Bitcoin,GOPAX,BTC
