VFIAX,997364,Vanguard 500 Index Admiral,,
VTSAX,997365,Vanguard Total Stock Market Index Admiral,,
VSMPX,997370,Vanguard Total Stock Market Index Instl Plus,,
VTSMX,997367,Vanguard Total Stock Market Index Inv,,
VINIX,997366,Vanguard Institutional Index I,,
VGTSX,997368,Vanguard Total International Stock Index Inv,,
VITSX,997371,Vanguard Total Stock Market Index I,,
VIIIX,997369,Vanguard Institutional Index Instl Pl,,
FCNTX,997625,Fidelity Contrafund,,
VTPSX,997993,Vanguard Total Intl Stock Idx InstlPls,,
VTBIX,997994,Vanguard Total Bond Market II Index Fund Investor Shares,,
AGTHX,997372,American Funds Growth Fund of America A,,
0P0000V5FB,1049651,State Street S&P 500 Index Non-Lending Series Fund Class D,,
0P0000V5FE,1049652,State Street S&P 500 Index Non-Lending Series Fund Class E,,
0P0000GFS2,1049650,State Street S&P 500 Index Non-Lending Series Fund Class C,,
0P00018O7Z,1049647,State Street S&P 500 Index Securities Lending Series Fund - Class VII,,
0P00018O7X,1049646,State Street S&P 500 Index Securities Lending Series Fund - Class VI,,
0P0000V5F9,1049653,State Street S&P 500 Index Non-Lending Series Fund Class N,,
0P00018O7W,1049648,State Street S&P 500 Index Securities Lending Series Fund - Class VIII,,
0P00018O7Y,1049649,State Street S&P 500 Index Non-Lending Series Fund - Class K,,
0P0000GFRY,1049658,State Street S&P 500 Index Securities Lending Series Fund Class III,,
0P0000V5FX,1049660,State Street S&P 500 Index Securities Lending Series Fund Class V,,
0P0000V5HK,1049661,State Street S&P 500 Index Securities Lending Series Fund Class XII,,
0P0000V5FJ,1049654,State Street S&P 500 Index Securities Lending Series Fund Class F,,
0P0000V5F8,1049659,State Street S&P 500 Index Securities Lending Series Fund Class IV,,
0P0000GFRX,1049657,State Street S&P 500 Index Securities Lending Series Fund Class II,,
0P0000GFRW,1049656,State Street S&P 500 Index Securities Lending Series Fund Class I,,
0P0000GFPE,1049655,State Street S&P 500 Index Securities Lending Series Fund Class H,,
VMMXX,1052082,Vanguard Prime Money Market Fund Investor Shares,,
VWENX,997373,Vanguard Wellington Admiral,,
VBTLX,997992,Vanguard Total Bond Market Index Adm,,
FUSVX,997996,Fidelity 500 Index Premium,,
AMECX,997624,American Funds Income Fund of Amer A,,
VTIAX,998005,Vanguard Total Intl Stock Index Admiral,,
DODGX,997997,Dodge & Cox Stock,,
RERGX,998007,American Funds Europacific Growth R6,,
CAIBX,997995,American Funds Capital Income Builder A,,
DODFX,998000,Dodge & Cox International Stock,,
ABALX,997999,American Funds American Balanced A,,
AIVSX,997998,American Funds Invmt Co of Amer A,,
VTBNX,998042,Vanguard Total Bond Market II Idx I,,
VPMAX,998013,Vanguard PRIMECAP Adm,,
AWSHX,998001,American Funds Washington Mutual A,,
CWGIX,998003,American Funds Capital World Gr&Inc A,,
DODIX,998009,Dodge & Cox Income,,
VWIUX,998010,Vanguard Interm-Term Tx-Ex Adm,,
ANCFX,998006,American Funds Fundamental Investors Class A,,
PTTRX,998002,PIMCO Total Return Instl,,
VFFSX,998203,Vanguard 500 Index Institutional Select,,
PIMIX,998027,PIMCO Income Instl,,
MWTIX,998004,Metropolitan West Total Return Bd I,,
FKINX,998011,Franklin Income A,,
ANWPX,998017,American Funds New Perspective A,,
VITPX,998015,Vanguard Instl Ttl Stk Mkt Idx InstlPls,,
DBLTX,998012,DoubleLine Total Return Bond I,,
VFSUX,998014,Vanguard Short-Term Investment-Grade Adm,,
VTABX,998175,Vanguard Total Intl Bd Idx Admiral,,
0P00003708,1047771,Vanguard Target Retirement 2025 Fund Investor Shares,,
VWIAX,998018,Vanguard Wellesley Income Admiral,,
VBTIX,998019,Vanguard Total Bond Market Index I,,
TRBCX,998039,T. Rowe Price Blue Chip Growth,,
PRGFX,998016,T. Rowe Price Growth Stock,,
VIMAX,998024,Vanguard Mid Cap Index Adm,,
FPCIX,998029,Strategic Advisers Core Income,,
VGHAX,998020,Vanguard Health Care Admiral,,
VSMAX,998030,Vanguard Small Cap Index Adm,,
FXAIX,998591,Fidelity 500 Index Institutional Prem,,
VWNAX,998021,Vanguard Windsor II Admiral,,
VTHRX,998037,Vanguard Target Retirement 2030 Inv,,
0P0000SGEI,1046887,Fidelity 500 Index Fund Institutional Class,,
VTTHX,998040,Vanguard Target Retirement 2035 Inv,,
VTWNX,998032,Vanguard Target Retirement 2020 Inv,,
VDIGX,998025,Vanguard Dividend Growth Inv,,
SWPPX,998177,Schwab S&P 500 Index,,
FCNKX,998028,Fidelity Contrafund K,,
0P00003HUZ,1074120,BNY Mellon EB DV Stock Index,,
SGIIX,998174,First Eagle Global I,,
VTSNX,998189,Vanguard Total Intl Stock Index I,,
AMCPX,998036,American Funds AMCAP A,,
VWILX,998568,Vanguard International Growth Adm,,
RGAGX,998215,American Funds Growth Fund of Amer R6,,
DFCEX,998198,DFA Emerging Markets Core Equity I,,
DFIEX,998207,DFA International Core Equity I,,
AEPGX,998041,American Funds Europacific Growth A,,
FLPSX,998033,Fidelity Low-Priced Stock,,
OAKIX,998038,Oakmark International Investor,,
FSTVX,998183,Fidelity Total Market Index Premium,,
FSIGX,998630,Fidelity Series Investment Grade Bond,,
VIGAX,998199,Vanguard Growth Index Adm,,
FDGRX,998188,Fidelity Growth Company,,
VFINX,998035,Vanguard 500 Index Investor,,
VTIBX,998181,Vanguard Total Intl Bd Idx Investor,,
VTIFX,998214,Vanguard Total Intl Bd Idx Institutional,,
VFIDX,998173,Vanguard Interm-Term Investment-Grde Adm,,
AEPFX,998182,American Funds Europacific Growth F2,,
VRIVX,998572,Vanguard Instl Trgt Retire 2025 Instl,,
BSIIX,998210,BlackRock Strategic Income Opps Instl,,
AMRMX,998176,American Funds American Mutual A,,
PRWCX,998179,T. Rowe Price Capital Appreciation,,
DFLVX,998196,DFA US Large Cap Value I,,
