AMMB,41603,AMMB Holdings Bhd,KLSE,MYR
ASTR,41690,Astro Malaysia Holdings Bhd,KLSE,MYR
AXIA,41692,Axiata Group Bhd,KLSE,MYR
BATO,41636,British American Tobacco PLC,KLSE,MYR
CIMB,41604,Bumiputra - Commerce Holdings Bhd,KLSE,MYR
DSOM,41693,DiGi.Com Bhd,KLSE,MYR
GENT,41626,Genting Bhd,KLSE,MYR
GENM,41655,Genting Malaysia Bhd,KLSE,MYR
HAPS,41625,Hap Seng Consolidated Bhd,KLSE,MYR
HLBB,41685,Hong Leong Bank Bhd,KLSE,MYR
HLCB,41606,Hong Leong Financial Group Bhd,KLSE,MYR
IHHH,41678,IHH Healthcare Bhd,KLSE,MYR
IOIB,41615,IOI Corporation Bhd,KLSE,MYR
KLCC,41680,KLCC Property Holdings Bhd,KLSE,MYR
KLKK,41620,Kuala Lumpur Kepong Bhd,KLSE,MYR
MBBM,41607,Malayan Banking Bhd,KLSE,MYR
MXSC,41688,Maxis Bhd,KLSE,MYR
MISC,41632,MISC Bhd,KLSE,MYR
PCGB,41669,Petronas Chemicals Group Bhd,KLSE,MYR
PETR,41684,Petronas Dagangan Bhd,KLSE,MYR
PGAS,41689,Petronas Gas Bhd,KLSE,MYR
PEPT,41635,PPB Group Bhd,KLSE,MYR
PUBM,41609,Public Bank Bhd,KLSE,MYR
RHBC,41605,RHB Bank Bhd,KLSE,MYR
SKPE,41676,Sapurakencana Petroleum Bhd,KLSE,MYR
SIME,41637,Sime Darby Bhd,KLSE,MYR
TLMM,41641,Telekom Malaysia Bhd,KLSE,MYR
TENA,41648,Tenaga Nasional Bhd,KLSE,MYR
WPHB,950534,Westports Holdings Bhd,KLSE,MYR
YTLS,41640,YTL Corporation Bhd,KLSE,MYR
