0P00000YGS,1046148,Orbis Global Equity Fund,,
0P0000KRTC,1046127,Butterfield US Bond B,,
LP60000944,1011725,Butterfield USD Bond,,
LP68313033,1011723,HSBC Managed Portfolios - World Selection - 2 Class IC,,
LP60089601,1011724,HSBC Managed Portfolios - World Selection - 2 Class AD,,
0P00012DRX,1046143,HSBC Managed Portfolios - World Selection - 2 Class LC,,
LP68313032,1011719,HSBC Managed Portfolios - World Selection - 2 Class AC,,
LP60085655,1011721,Butterfield Select Equity,,
0P00012DS1,1046144,HSBC Short Duration Fixed Income Fund Class CC,,
0P00012DS0,1046145,HSBC Short Duration Fixed Income Fund Class CD,,
LP68303027,1011726,HSBC Short Duration Fixed Income Fund Class ID,,
0P00008VNC,1046147,LOM Fixed Income Fund USD,,
LP68279765,1011715,HSBC Managed Portfolios - World Selection - 1 Class AD,,
LP68279761,1011716,HSBC Managed Portfolios - World Selection - 1 Class AC,,
LP68279764,1011717,HSBC Managed Portfolios - World Selection - 1 Class ID,,
LP68279762,1011718,HSBC Managed Portfolios - World Selection - 1 Class IC,,
LP68279763,1011714,HSBC Managed Portfolios - World Selection - 1 Class LC,,
LP60004346,1011710,Moneda Chile Fund Ltd,,
LP60085656,1011722,Butterfield Select Fixed Income,,
0P000015PG,1046128,Fidelity Advisor World Asian Special Situations Fund A Inc,,
0P0000P35M,1046141,Global Voyager Global Fixed Income,,
LP60007054,1011711,Butterfield Bermuda A,,
0P0000P35O,1046142,Global Voyager Small Cap Growth,,
0P000015PI,1046135,Fidelity Advisor World International Fund A Inc,,
0P00001ASO,1046133,Fidelity Advisor World Europe Fund I Inc,,
0P000015PH,1046131,Fidelity Advisor World Europe Fund A Inc,,
0P00001ATP,1046140,Fidelity Advisor World Pacific Fund I Inc,,
LP65030676,1011720,Fidelity Advisor World Asian Special Situations Fund C Inc,,
0P0000KC0G,1046126,Butterfield Select Invest Fund,,
0P00001ATM,1046138,Fidelity Advisor World International Fund L Inc,,
0P00001ASX,1046134,Fidelity Advisor World Europe Fund L Inc,,
0P00001ASC,1046130,Fidelity Advisor World Asian Special Situations Fund L Inc,,
0P00001ASV,1046132,Fidelity Advisor World Europe Fund C Inc,,
0P00001ATN,1046136,Fidelity Advisor World International Fund C Inc,,
0P00001AS4,1046129,Fidelity Advisor World Asian Special Situations Fund I Inc,,
0P00001AU2,1046137,Fidelity Advisor World International Fund I Inc,,
0P00001ATU,1046139,Fidelity Advisor World Limited Term Bond Fund I Inc,,
LP60002063,1011713,Fidelity Advisor World U.S. High Income Fund I Inc,,
LP60007249,1011712,Fidelity Advisor World U.S. Dollar Bond Fund I Inc,,
