AALLON,1128920,Aallon,Helsinki,EUR,http://www.investing.com/equities/aallon
ADMCM,1062588,Admicom,Helsinki,EUR,http://www.investing.com/equities/admicom
AFAGR,26447,Afarak Group,Helsinki,EUR,http://www.investing.com/equities/ruukki-group-oyj
AHM1,101941,Ahlstrom-Munksjo,Helsinki,EUR,http://www.investing.com/equities/munksjo
AKTIA,26378,Aktia Bank,Helsinki,EUR,http://www.investing.com/equities/aktia-a-plc
ALBAV,26380,Alandsbanken Abp A,Helsinki,EUR,http://www.investing.com/equities/bank-of-aland-plc-a
ALBBV,26381,Alandsbanken Abp B,Helsinki,EUR,http://www.investing.com/equities/bank-of-aland-plc
ALMAC,26382,Alma Media,Helsinki,EUR,http://www.investing.com/equities/alma-media
ALTIA,1073056,Altia,Helsinki,EUR,http://www.investing.com/equities/altia
APETIT,26421,Apetit,Helsinki,EUR,http://www.investing.com/equities/apetit-plc
ATG1V,949776,Asiakastieto Group Oyj,Helsinki,EUR,http://www.investing.com/equities/asiakastieto-group-oyj
ASPO,26383,Aspo Oyj,Helsinki,EUR,http://www.investing.com/equities/aspo-oyj
ACG1V,26375,Aspocomp Group Oyj,Helsinki,EUR,http://www.investing.com/equities/aspocomp-group
ATRAV,26384,Atria Oyj A,Helsinki,EUR,http://www.investing.com/equities/atria-oyj
AVIDLY,953080,Avidly,Helsinki,EUR,http://www.investing.com/equities/zeeland-oyj
BAS1V,26385,Basware Oyj,Helsinki,EUR,http://www.investing.com/equities/basware
BONEH,1071986,BBS,Helsinki,EUR,http://www.investing.com/equities/bbs
BIOBV,26386,Biohit Oyj B,Helsinki,EUR,http://www.investing.com/equities/biohit
BITTI,26396,Bittium,Helsinki,EUR,http://www.investing.com/equities/elektrobit-corp
CAPMAN,26389,CapMan B,Helsinki,EUR,http://www.investing.com/equities/capman-b
CGCBV,573,Cargotec Oyj,Helsinki,EUR,http://www.investing.com/equities/cargotec-corp
CAV1V,44454,Caverion Ord,Helsinki,EUR,http://www.investing.com/equities/caverion-ord
CTY1S,26393,Citycon,Helsinki,EUR,http://www.investing.com/equities/citycon-oyj
LOUD,958992,Cleantech Invest,Helsinki,EUR,http://www.investing.com/equities/cleantech-invest-oyj
CTH1V,26391,Componenta Oyj,Helsinki,EUR,http://www.investing.com/equities/componenta
CONSTI,961789,Consti Yhtiot Oy,Helsinki,EUR,http://www.investing.com/equities/consti-yhtiot-oy
CRA1V,26390,Cramo Oyj,Helsinki,EUR,http://www.investing.com/equities/cramo
DETEC,948358,Detection Technology OY,Helsinki,EUR,http://www.investing.com/equities/detection-technology-oy
DIGIA,26394,Digia,Helsinki,EUR,http://www.investing.com/equities/digia
DNAO,994035,DNA,Helsinki,EUR,http://www.investing.com/equities/dna-oyj
DOV1V,26395,Dovre Group Plc,Helsinki,EUR,http://www.investing.com/equities/dovre-group
EABG,961790,EAB,Helsinki,EUR,http://www.investing.com/equities/elite-asset-management-ltd
EEZY,1082115,Eezy,Helsinki,EUR,http://www.investing.com/equities/vmp
EFECTE,1056237,Efecte,Helsinki,EUR,http://www.investing.com/equities/efecte
ELEAV,26398,Elecster Oyj A,Helsinki,EUR,http://www.investing.com/equities/elecster
ELISA,571,Elisa Oyj,Helsinki,EUR,http://www.investing.com/equities/elisa-corporat.
ENDOM,101942,Endomines AB,Helsinki,EUR,http://www.investing.com/equities/endomines-publ-ab?cid=101942
ENEDO,26397,Enedo,Helsinki,EUR,http://www.investing.com/equities/efore-a
ESENSE,1073803,Enersense,Helsinki,EUR,http://www.investing.com/equities/enersense
EQV1V,26399,eQ Oyj,Helsinki,EUR,http://www.investing.com/equities/eq-plc
ETTE,26400,Etteplan,Helsinki,EUR,http://www.investing.com/equities/etteplan
EVLI,961791,Evli Pankki Oyj,Helsinki,EUR,http://www.investing.com/equities/evli-pankki-oyj
EXL1V,26401,Exel Composites,Helsinki,EUR,http://www.investing.com/equities/exel-composites-oyj
FSC1V,26405,F-Secure Oyj,Helsinki,EUR,http://www.investing.com/equities/f-secure-oyj
FARON,1156854,Faron Pharmaceuticals Oy,Helsinki,EUR,http://www.investing.com/equities/faron-pharmaceuticals-oy?cid=1156854
FELLOW,1096535,Fellow Finance,Helsinki,EUR,http://www.investing.com/equities/fellow-finance
FIA1S,26402,Finnair Oyj,Helsinki,EUR,http://www.investing.com/equities/finnair-oyj
FSKRS,26403,Fiskars,Helsinki,EUR,http://www.investing.com/equities/fiskars-oyj-abp
FODELIA,1155849,Fodelia,Helsinki,EUR,http://www.investing.com/equities/fodelia-oyj
FONDIA,1006180,Fondia,Helsinki,EUR,http://www.investing.com/equities/fondia-oyj
FORTUM,574,Fortum,Helsinki,EUR,http://www.investing.com/equities/fortum
GLA1V,26407,Glaston,Helsinki,EUR,http://www.investing.com/equities/glaston-corp
GOFORE,1055083,Gofore,Helsinki,EUR,http://www.investing.com/equities/gofore
HARVIA,1073019,Harvia Oyj,Helsinki,EUR,http://www.investing.com/equities/harvia-oyj
HEEROS,993244,Heeros,Helsinki,EUR,http://www.investing.com/equities/heeros-oyj
HRTIS,958993,Herantis Pharma Oyj,Helsinki,EUR,http://www.investing.com/equities/herantis-pharma-oyj
HKSAV,26408,HKScan Oyj A,Helsinki,EUR,http://www.investing.com/equities/hkscan-corp
HONBS,26409,Honkarakenne Oyj B,Helsinki,EUR,http://www.investing.com/equities/honkarakenne-oyj
HUH1V,26410,Huhtamaki Oyj,Helsinki,EUR,http://www.investing.com/equities/huhtamaki
ILK1S,1050054,Ilkka Yhtyma,Helsinki,EUR,http://www.investing.com/equities/ilkka-yhtyma
ILK2S,26413,Ilkka-Yhtyma Oyj 2,Helsinki,EUR,http://www.investing.com/equities/ilkka-2
ICP1V,26411,Incap Oyj,Helsinki,EUR,http://www.investing.com/equities/incap-oyj
IFA1V,26412,Innofactor Oyj,Helsinki,EUR,http://www.investing.com/equities/innofactor-plc
INVEST,26455,Investors House,Helsinki,EUR,http://www.investing.com/equities/ssk-suomen-saastajien-kiinteistot
DIGIGR,26478,Ixonos,Helsinki,EUR,http://www.investing.com/equities/ixonos
KAMUX,1010692,Kamux Suomi,Helsinki,EUR,http://www.investing.com/equities/kamux-suomi-oy
KEMIRA,26417,Kemira Oyj,Helsinki,EUR,http://www.investing.com/equities/kemira-oy
KSLAV,26418,Keskisuomalainen A,Helsinki,EUR,http://www.investing.com/equities/keskisuomalainen-oyj
KESKOA,26416,Kesko,Helsinki,EUR,http://www.investing.com/equities/kesko-a
KESKOB,575,Kesko,Helsinki,EUR,http://www.investing.com/equities/kesko
KELAS,26415,Kesla Oyj A,Helsinki,EUR,http://www.investing.com/equities/kesla-a
KOJAMO,1081898,Kojamo,Helsinki,EUR,http://www.investing.com/equities/kojamo
KNEBV,570,KONE Oyj,Helsinki,EUR,http://www.investing.com/equities/kone-corporation
KCRA,572,Konecranes,Helsinki,EUR,http://www.investing.com/equities/konecranes
LAT1V,26419,Lassila&Tikanoja,Helsinki,EUR,http://www.investing.com/equities/lassila---tikanoja-oyj
LEADD,1122510,Leaddesk,Helsinki,EUR,http://www.investing.com/equities/leaddesk
LEHTO,978753,Lehto Group Oyj,Helsinki,EUR,http://www.investing.com/equities/lehto-group-oyj
ERIBR,1050055,LM Ericsson B,Helsinki,EUR,http://www.investing.com/equities/ericsson-b?cid=1050055
MMO1V,26425,Marimekko Oyj,Helsinki,EUR,http://www.investing.com/equities/marimekko
MARAS,26422,Martela Oyj A,Helsinki,EUR,http://www.investing.com/equities/martela-a
METSA,26423,Metsa Board Oyj A,Helsinki,EUR,http://www.investing.com/equities/metsa-board-a
METSB,577,Metsa Board Oyj B,Helsinki,EUR,http://www.investing.com/equities/metsa-board-oyj-b
METSO,569,Metso Oyj,Helsinki,EUR,http://www.investing.com/equities/metso
NEO1V,26426,Neo Industrial Oyj,Helsinki,EUR,http://www.investing.com/equities/neo-industrial
NESTE,578,Neste Oil Oyj,Helsinki,EUR,http://www.investing.com/equities/neste-oil
NXTMH,942735,Nexstim,Helsinki,EUR,http://www.investing.com/equities/nexstim-ltd?cid=942735
NXTGMS,999068,Next Games,Helsinki,EUR,http://www.investing.com/equities/next-games-oyj
NIXU,942734,Nixu Oyj,Helsinki,EUR,http://www.investing.com/equities/nixu-oyj
NOHOP,101940,NoHo Partners,Helsinki,EUR,http://www.investing.com/equities/resta
NOKIA,647,Nokia Oyj,Helsinki,EUR,http://www.investing.com/equities/nokia-finland
TYRES,583,Nokian Renkaat,Helsinki,EUR,http://www.investing.com/equities/nokian-renkaat
NDAFI,8922,Nordea Bank,Helsinki,EUR,http://www.investing.com/equities/nordea-bank-finland
NORDID,1114559,Nordic Iron Ore,Helsinki,EUR,http://www.investing.com/equities/nordic-id
NLG1V,26427,Nurminen Logistics,Helsinki,EUR,http://www.investing.com/equities/nurminen
OLVAS,26432,Olvi Oyj A,Helsinki,EUR,http://www.investing.com/equities/olvi-a
OMASP,1115205,Oma Saastopankki,Helsinki,EUR,http://www.investing.com/equities/oma-saastopankki
OPTOMED,1156009,Optomed,Helsinki,EUR,http://www.investing.com/equities/optomed-plc
OKDAV,26429,Oriola-KD Oyj A,Helsinki,EUR,http://www.investing.com/equities/oriola-kd-a
OKDBV,26430,Oriola-KD Oyj B,Helsinki,EUR,http://www.investing.com/equities/oriola-kd-b
ORNAV,26434,Orion Oyj A,Helsinki,EUR,http://www.investing.com/equities/orion-a
ORNBV,26435,Orion Oyj B,Helsinki,EUR,http://www.investing.com/equities/orion-b
OUT1V,8745,Outokumpu Oyj,Helsinki,EUR,http://www.investing.com/equities/outokumpu-oyj
OTE1V,579,Outotec Oyj,Helsinki,EUR,http://www.investing.com/equities/outotec
OVARO,101938,Ovaro Kiinteistosijoitus,Helsinki,EUR,http://www.investing.com/equities/oreit
AHOLA,958870,Oyj Ahola Transport Abp,Helsinki,EUR,http://www.investing.com/equities/oyj-ahola-transport-abp
PNA1V,26438,Panostaja Oyj,Helsinki,EUR,http://www.investing.com/equities/panostaja
PIHLIS,953867,Pihlajalinna Oy,Helsinki,EUR,http://www.investing.com/equities/pihlajalinna-oy
PIIPPO,949777,Piippo OYJ,Helsinki,EUR,http://www.investing.com/equities/piippo-oyj
PON1V,26440,Ponsse Oyj 1,Helsinki,EUR,http://www.investing.com/equities/ponsse
POY1V,26441,Poyry Oyj,Helsinki,EUR,http://www.investing.com/equities/poyry
PRIVA,985192,Privanet Group,Helsinki,EUR,http://www.investing.com/equities/privanet-group-oyj
PUMU,26437,PunaMusta Media,Helsinki,EUR,http://www.investing.com/equities/pohjois-karjalan-kirjapaino
QPR1V,26442,QPR Software Oyj,Helsinki,EUR,http://www.investing.com/equities/qpr-software
QTCOM,977688,Qt,Helsinki,EUR,http://www.investing.com/equities/qt-group-oyj
RAIKV,1050053,Raisio,Helsinki,EUR,http://www.investing.com/equities/raisio-oyj
RAIVV,26443,Raisio Vaihto-osake,Helsinki,EUR,http://www.investing.com/equities/raisio
RAMIR,26446,Ramirent,Helsinki,EUR,http://www.investing.com/equities/ramirent
RAP1V,26444,Rapala VMC Oyj,Helsinki,EUR,http://www.investing.com/equities/rapala-vmc
RAUTE,26448,Raute,Helsinki,EUR,http://www.investing.com/equities/raute
RELAIS,1155851,Relais,Helsinki,EUR,http://www.investing.com/equities/relais-group-oyj
REMEDY,1010890,Remedy Entertainment,Helsinki,EUR,http://www.investing.com/equities/remedy-entertainment-oyj
REG1V,26445,Revenio Group,Helsinki,EUR,http://www.investing.com/equities/revenio-group-co
ROBIT,953868,Robit Oyj,Helsinki,EUR,http://www.investing.com/equities/robit-oyj
ROVIO,1050740,Rovio Entertainment,Helsinki,EUR,http://www.investing.com/equities/rovio-entertainment
RUSHF,1097918,Rush Factory,Helsinki,EUR,http://www.investing.com/equities/rush-factory
SAGCV,26449,Saga Furs Oyj C,Helsinki,EUR,http://www.investing.com/equities/saga-furs-oyj
SAMPO,582,Sampo Oyj A,Helsinki,EUR,http://www.investing.com/equities/sampo-plc
SAA1V,8809,Sanoma Oyj,Helsinki,EUR,http://www.investing.com/equities/sanoma-corp
SAVOH,951020,Savo Solar Oy,Helsinki,EUR,http://www.investing.com/equities/savo-solar-oy
SCANFL,26451,Scanfil,Helsinki,EUR,http://www.investing.com/equities/scanfil-plc
SIEVI,26450,Sievi Capital,Helsinki,EUR,http://www.investing.com/equities/sievi-capital
SIILI,958994,Siili Solutions Oyj,Helsinki,EUR,http://www.investing.com/equities/siili-solutions-oyj
SILMA,1017274,Silmaasema,Helsinki,EUR,http://www.investing.com/equities/silmaasema
SOLTEQ,26459,Solteq,Helsinki,EUR,http://www.investing.com/equities/solteq
SOPRA,101939,Soprano Oy,Helsinki,EUR,http://www.investing.com/equities/soprano-oy
SOSI1,40341,Sotkamo Silver AB,Helsinki,EUR,http://www.investing.com/equities/sotkamo-silver-ab
SRV1V,26454,SRV Group plc,Helsinki,EUR,http://www.investing.com/equities/srv-group
SSABAH,943818,SSAB A,Helsinki,EUR,http://www.investing.com/equities/ssab?cid=943818
SSABBH,943819,SSAB B,Helsinki,EUR,http://www.investing.com/equities/ssab-ab?cid=943819
SSH1V,26462,SSH Oyj,Helsinki,EUR,http://www.investing.com/equities/ssh-oyj
STCAS,26456,Stockmann Abp A,Helsinki,EUR,http://www.investing.com/equities/stockmann-a
STCBV,26457,Stockmann Abp B,Helsinki,EUR,http://www.investing.com/equities/stockmann-oyj
STEAV,26458,Stora Enso Oyj A,Helsinki,EUR,http://www.investing.com/equities/stora-enso-(he)
STERV,580,Stora Enso Oyj R,Helsinki,EUR,http://www.investing.com/equities/stora-enso
HOIVA,976087,Suomen Hoivatilat,Helsinki,EUR,http://www.investing.com/equities/suomen-hoivatilat-oyj
SUY1V,26460,Suominen Oyj,Helsinki,EUR,http://www.investing.com/equities/suominen-oyj
TAALA,958995,Taaleri,Helsinki,EUR,http://www.investing.com/equities/taaleritehdas-oyj
TNOM,954921,Talenom Oyj,Helsinki,EUR,http://www.investing.com/equities/talenom-oyj
TALLINK,1115132,Tallink,Helsinki,EUR,http://www.investing.com/equities/tallink-grupp-fdg
TEM1V,26463,Tecnotree Oyj,Helsinki,EUR,http://www.investing.com/equities/tecnotree-oyj
TLT1V,26466,Teleste Oyj,Helsinki,EUR,http://www.investing.com/equities/teleste
TELIA1,648,Telia Company,Helsinki,EUR,http://www.investing.com/equities/teliasonera?cid=648
TTALO,1052378,Terveystalo,Helsinki,EUR,http://www.investing.com/equities/terveystalo
TIETO,584,TietoEVRY,Helsinki,EUR,http://www.investing.com/equities/tietoenator
TIK1V,26465,Tikkurila Oyj,Helsinki,EUR,http://www.investing.com/equities/tikkurila-oyj
TITAN,1052353,Titanium,Helsinki,EUR,http://www.investing.com/equities/titanium
TOKMAN,977689,Tokmanni,Helsinki,EUR,http://www.investing.com/equities/tokmanni-group-oyj
TRH1V,26469,Trainers House,Helsinki,EUR,http://www.investing.com/equities/trainers-house
TULAV,26471,Tulikivi Oyj A,Helsinki,EUR,http://www.investing.com/equities/tulikivi-a
UNIAV,942736,United Bankers Oyj,Helsinki,EUR,http://www.investing.com/equities/united-bankers-oyj
UPM,585,UPM-Kymmene,Helsinki,EUR,http://www.investing.com/equities/upm-kymmene
UPONOR,587,Uponor,Helsinki,EUR,http://www.investing.com/equities/uponor
UUTEC,26476,Uutechnic Group,Helsinki,EUR,http://www.investing.com/equities/vaahto-group
VAIAS,26474,Vaisala Oyj A,Helsinki,EUR,http://www.investing.com/equities/vaisala-a
VALMT,49950,Valmet,Helsinki,EUR,http://www.investing.com/equities/valmt
VALOE,26388,Valoe Corp,Helsinki,EUR,http://www.investing.com/equities/cencorp-oyj
VERK,958996,Verkkokauppa.com Oyj,Helsinki,EUR,http://www.investing.com/equities/verkkokauppa.com-oyj
VIAFIN,1105675,Viafin Service,Helsinki,EUR,http://www.investing.com/equities/viafin-service-oyj
VIK1V,26475,Viking Line Abp,Helsinki,EUR,http://www.investing.com/equities/viking-line
VINCIT,992782,Vincit Group,Helsinki,EUR,http://www.investing.com/equities/vincit-group-oyj
WRT1V,8748,Wartsila,Helsinki,EUR,http://www.investing.com/equities/wartsila-b
WUF1V,26477,Wulff-Yhtiot Oy,Helsinki,EUR,http://www.investing.com/equities/wulff-group
YIT,586,YIT,Helsinki,EUR,http://www.investing.com/equities/yit
YEINT,26479,Yleiselektroniikka,Helsinki,EUR,http://www.investing.com/equities/yleiselektroniikka-oyj
