0P0000SGFP,1027203,LD Aktier & Obligationer,,
0P0000UV7M,1027220,Nordea Invest Portefølje Aktier,,
0P0000UV7R,1027221,Nordea Invest Portefølje Lange obligationer,,
0P0000SO8F,1027206,Jyske Portefølje Balanceret Akk KL,,
0P0000SO8E,1027205,Jyske Portefølje Stabil Akk KL,,
NYILOA,1011238,Nykredit Invest Lange obligationer,,
0P00000L2A,1027117,Nordea Invest Engros Internationale Aktier Inc,,
0P00000MUV,1027123,Nordea Invest Basis 2 Acc,,
0P00000JIN,1027082,Nykredit Invest Balance Defensiv,,
0P00000JIH,1027081,Nykredit Invest Balance Moderat,,
0P00000MUX,1027124,Nordea Invest Basis 3 Acc,,
0P00006ELL,1027167,Danske Invest Engros Flexinvest Udenlandske Obligationer KL,,
0P00001E7U,1027160,Maj Invest Value Aktier,,
0P00006ELS,1027168,Nordea Invest Stabile Aktier,,
0P00001BVK,1027153,Nykredit Invest Lange Obligationer Long-Term Bonds,,
0P00000YYT,1027151,Nykredit Invest Engros Lange Obligationer,,
Prtlly Hdg,1032697,PIMCO Funds: Global Investors Series plc Global Advantage Fund Insitutional DKK,,
0P0000UBCA,1027216,Nykredit Invest Taktisk Allokering,,
0P0000SO8G,1027207,Jyske Portefølje Vækst Akk KL,,
0P00000HD2,1027079,Nordea Invest HøjrenteLande Inc,,
0P0000WA04,1027223,Investin Balanced Risk Allocation,,
0P00000L1Q,1027115,Nordea Invest Virksomhedsobligationer Højrente,,
0P00000NEF,1027125,Danske Invest Nye Markeder Obligationer,,
0P00000ITP,1027080,Jyske Invest Virksomhedsobligationer Inc KL,,
0P00000KOL,1027087,ValueInvest Global KL,,
0P00000KOT,1027089,C WorldWide Globale Aktier KL,,
0P00001NO6,1027162,Danske Invest Mix KL,,
0P000069ZP,1032134,Nordea Invest Engros Absolute Return Equities II,,
BLKGA,1011234,BLS Invest Globale Aktier KL,,
0P0000MLHD,1027194,LI Obligationer Europa,,
0P000087TM,1027172,Sparinvest INDEX Globale Akt Min Risiko KL,,
0P0000X4HD,1027227,PFA Invest Balance B,,
0P0000X7ZW,1027228,MMI Globale Aktier Akk. – Harding Loevner,,
0P00000KUT,1027101,Danske Invest Global Indeks KL,,
0P00000KXO,1027108,Jyske Invest Globale Aktier KL,,
NDIEHY,1011240,Nordea Invest Euro High Yield Bonds,,
0P00000NJX,1027127,BankInvest Lange Danske Obligationer KL,,
0P00000NJT,1027126,BankInvest Korte Danske Obligationer KL,,
0P000100XK,1027238,Jyske Invest Aktier Lav Volatilitet KL,,
0P000124DD,1027241,PFA Invest Balance A,,
0P0000MLHC,1027193,LI Obligationer Globale High Yield Akk KL,,
0P00000KQ1,1027093,Danske Invest Japan,,
0P00000L12,1027114,Nordea Invest Aktier,,
0P00001E72,1027158,Maj Invest Globale Obligationer,,
0P0000OPRI,1027197,Danske Invest Mix Defensiv KL,,
0P00000OAD,1027134,SKAGEN Avkastning,,
0P0000CNVW,1032661,SKAGEN Avkastning,,
0P0000K7T3,1027183,Nykredit Invest Engros Global Opportunities,,
0P00000XNP,1027138,Nordea Invest Engros Corporate Bonds,,
0P00000NK7,1027129,TRP-Invest Global High Yield Bonds Acc,,
0P00000KVG,1027102,Danske Invest Fonde,,
0P00000MPX,1027120,SEBinvest Europa Small Cap,,
0P00000KWA,1027103,Nykredit Invest Almen Bolig Korte Obligationer,,
0P00000KPI,1027091,Danske Invest Danmark,,
0P0000OPRJ,1027198,Danske Invest Mix Offensiv KL,,
0P0000YK9E,1041385,Nordea 1 - Stable Emerging Markets Equity Fund BP DKK,,
0P00001CLP,1027155,Nordea Invest Stabil Balanceret,,
0P000093TD,1027174,C WorldWide Asien KL,,
0P00001E77,1027159,Maj Invest Danske Obligationer,,
LP65117669,1011225,Nordea Invest Engros Emerging Market Bonds,,
0P0000PV4S,1027200,Danske Invest Engros Flexinvest Fonde,,
0P000064KD,1027163,Nykredit Invest Korte Obligationer,,
0P00000T9V,1027137,Fundamental Invest Stock Pick,,
0P0000TD7Y,1027208,BankInvest Højt Udbytte Aktier KL,,
0P000089EA,1027173,Nordea Invest Basis 4,,
0P0000MLH7,1027190,LI Aktier Globale II,,
0P0000U6MF,1027214,BankInvest Optima 55 Akk. KL,,
0P000064L5,1027164,Nykredit Invest Danske Aktier Akk,,
0P0000X4HB,1027225,PFA Invest Globale Aktier,,
0P0000U04E,1027211,Sparinvest SICAV Balance EUR R,,
0P0000U06K,1027212,Sparinvest SICAV Balance DKK R,,
0P00001EU8,1027161,Nordea Invest Danske Aktier Fokus,,
0P00000KRH,1055315,Danske Invest Teknologi KL,,
LP68011957,1011228,LI Aktier Globale,,
0P0000Q3TO,1027201,Investin Optimal VerdensIndex Moderat,,
0P00000KWK,1027104,Nykredit Invest Globale Aktier Basis,,
0P00000H1J,1027078,Danske Invest Europa Højt Udbytte,,
0P0000RRJF,1027202,LI Obligationer Globale High Yield,,
0P0000SKUK,1027204,Nordea Invest Korte Obligationer,,
0P0000X4HC,1027226,PFA Invest Kreditobligationer,,
0P0000UV88,1027222,Nordea Invest Verdens Obligationsmarkeder,,
0P00000NQO,1027131,Sparinvest SICAV Procedo EUR R,,
0P0000UDRA,1027218,Sparinvest SICAV Procedo DKK R,,
0P00001CLO,1027154,Nordea Invest Korte Obligationer Lagerbeskattet,,
0P00000KU0,1027100,BankInvest Globalt Forbrug Inc KL,,
0P00000O4I,1027132,Danske Invest Engros Kommuner 4,,
0P00000L2G,1027118,Nordea Invest Aktier II,,
DKIEUHUAKLDK,1011239,Danske Invest Europa Højt Udbytte Akk,,
0P0000X7ZX,1027229,MMI Globale Aktier – Harding Loevner,,
NYKDFA,1011236,Nykredit Invest Danske Fokusaktier,,
0P00007Y49,1027170,ValueInvest Global Akk KL,,
0P0000XMRU,1027230,Nordea Invest Globale Aktier Indeks,,
LP68284017,1011231,Wealth Invest AKL SEB Globalt Aktieindeks DKK IC,,
0P00001E6R,1027157,Maj Invest Pension,,
0P0000WLAK,1027224,Nykredit Invest Balance Offensiv,,
0P0000ONQ7,1027196,Nykredit Invest Engros Danske Fokusaktier - KL,,
0P0000OPRK,1027199,Danske Invest Mix Offensiv Plus KL,,
0P00000KQN,1027097,Danske Invest Danmark Fokus,,
0P00000KPE,1027090,Danske Invest Bioteknologi,,
0P00000GY4,1027077,Danske Invest Udenlandske Obligationsmarkeder KL,,
