LBES,945881,Goldman Sachs Liquid BeES,,
ICPR,1055310,Bharat 22 ETF,,
GOMS,945871,Goldman Sachs CPSE,,
ICNI,945873,ICICI Prudential Nifty,,
ICPR,1055311,Bharat 22 ETF,,
KOTK,945878,Kotak Nifty,,
SBFP,962270,SBI-Nifty 50,,
JBES,945877,Goldman Sachs Junior BeES,,
NBES,945883,Goldman Sachs Nifty BeES,,
M100,945855,Motilal Oswal Most Shares Midcap 100,,
PSUB,945884,Goldman Sachs PSU Bank BeES,,
GBES,945861,Goldman Sachs Gold BeES,,
KOTM,945879,Kotak Banking,,
ICIU,987065,ICICI Prudential Midcap Select iWIN,,
KTPU,945880,Kotak PSU Bank,,
KTGF,945865,Kotak Gold,,
SBIF,956432,SBI Nifty Bank,,
DSPB,1073349,DSP BR Liquid NS,,
RELC,945894,R Shares Consumption,,
RELF,945887,Reliance R Shares CNX 100,,
SBIG,945892,SBI Gold,,
KOTK,1010599,Kotak Nifty,,
ICNI,1010597,ICICI Prudential Nifty,,
BBES,945869,Goldman Sachs Banking,,
DSPB,1073381,DSP BR Liquid NS,,
SBIN,956431,SBI Nifty Next 50,,
QTGF,945866,Quantum Gold,,
IPEG,945864,ICICI Prudential Gold,,
LICO,962268,LIC MF Nifty 50,,
KONV,962267,Kotak NV 20 Dividend,,
ICIC,945872,ICICI Prudential Nifty100,,
IFRB,945875,Goldman Sachs Infrastructure BeES,,
UTIN,962271,UTI-Nifty,,
HDFN,1010590,HDFC Nifty Growth,,
UTII,1031754,UTI Nifty Next 50,,
ICSP,1080064,ICICI Prudential S&P BSE 500,,
N100,945859,Motilal Oswal MOSt Shares NASDAQ 100,,
HDGO,945863,HDFC Gold,,
RDOF,945893,R Shares Dividend Opportunities,,
UTGF,945862,UTI Gold,,
IDBE,945874,IDBI Gold,,
ICIN,987066,ICICI Prudential NV20 iWIN,,
HDFN,1010595,HDFC Nifty Growth,,
SBET,945891,Goldman Sachs CNX Nifty Shariah BeES,,
NBES,1010601,Goldman Sachs Nifty BeES,,
LICN,945882,LIC MF G-SEC Long Term,,
M50,945856,Motilal Oswal MOSt Shares M50,,
UTII,1031769,UTI Nifty Next 50,,
IFCN,1010591,IDFC Nifty,,
ICIC,1010596,ICICI Prudential Nifty100,,
AISN,1031755,Axis Nifty,,
HNGS,945858,Goldman Sachs Hang Seng,,
ADIY,945857,Birla Sun Life Nifty,,
ICII,945896,ICICI Prudential Sensex iWIN,,
EDEE,1010589,Edelweiss Nifty Quality 30,,
AXGF,945860,Axis Gold,,
ICSP,1080071,ICICI Prudential S&P BSE 500,,
AITY,945870,Birla Sun Life Gold,,
EETS,956433,Edelweiss Nifty 50,,
UTIN,1010602,UTI-Nifty,,
CRMF,945868,Canara Robeco Gold,,
RELF,1010600,Reliance R Shares CNX 100,,
QUAN,945895,Quantum,,
RENV,962269,R Shares NV 20,,
INVO,945889,Invesco India Nifty,,
INVS,945886,Invesco India Gold,,
UTIS,962272,UTI-Sensex,,
EDEW,976600,Edelweiss Nifty Bank,,
LICM,985883,LIC MF Sensex,,
LICU,985882,AMP Capital Global Property Securities,,
INVS,1010598,Invesco India Gold,,
