0P00000OIW,1027014,Star Fund - capitalisation,,
0P00000NCK,1027009,BNP Paribas B Pension Balanced Classic EUR Acc,,
LP65053399,1011208,BNP Paribas B Pension Balanced Fintro EUR Acc,,
0P00000OLC,1027020,Belfius Pension Fund High Equities,,
0P00000NFB,1027011,Argenta Pensioenspaarfonds,,
0P0000XZ4E,1027065,ING B Collect Portfolio - ING Core Fund Balanced - capitalisation,,
0P0000XZ4F,1027066,ING B Collect Portfolio - ING Core Fund Balanced - distribution,,
0P0000JQ2M,1032038,DPAM INVEST B Equities Euroland S Distribution,,
0P0000K74I,1032037,DPAM INVEST B Equities Euroland F Capitalisation,,
0P0000UNAP,1027059,DPAM HORIZON B Balanced Strategy B,,
LP68135189,1011211,DPAM HORIZON B Balanced Strategy A,,
0P0000M6CT,1032088,DPAM CAPITAL B Equities US Index F EUR Capitalisation,,
0P00000DA6,1032086,DPAM CAPITAL B Equities US Index B EUR Capitalisation,,
0P0000M6CR,1032085,DPAM CAPITAL B Equities US Index B USD Capitalisation,,
0P0000M6CU,1032087,DPAM CAPITAL B Equities US Index F USD Capitalisation,,
0P00000OKZ,1027019,Metropolitan Rentastro Growth Classic,,
0P0000YNFS,1027071,C+F Vega Equity Inc,,
0P0000YNFR,1027070,C+F Vega Equity Acc,,
0P00001WNW,1032026,AG Life Stability,,
LP68236110,1011216,BNPP B Control Quam Dynamic Bonds Acc,,
LP68238447,1011217,BNPP B Control Quam Dynamic Bonds Inc,,
0P0000908B,1032027,DPAM INVEST B Balanced Defensive Growth B Capitalisation,,
0P00006TUR,1032029,DPAM INVEST B Balanced Dynamic Growth B Capitalisation,,
0P00006TWJ,1032028,DPAM INVEST B Balanced Dynamic Growth A Distribution,,
LP65118221,1011222,BNP Paribas B Pension Growth,,
0P00001CO0,1027032,Belfius Pension Fund Low Equities,,
0P0000IQQ3,1027040,BNP Paribas B Pension Stability Fintro,,
0P0000KPQW,1027048,AXA B Pension Fund Stability,,
LP65053396,1011221,BNP Paribas B Pension Stability Classic,,
0P00012HBS,1027074,BNP Paribas B Pension Stability O,,
0P00000N7R,1032071,Belfius Equities Robotics & Innovative Technology C USD Cap,,
0P00000KGA,1032069,Belfius Equities Robotics & Innovative Technology C Dis,,
0P0000SKZ0,1032070,Belfius Equities Robotics & Innovative Technology L Cap,,
0P0000AA5A,1027039,ING B Collect Portfolio - Personal Portfolio White - capitalisation,,
LP65104373,1011207,ING B Collect Portfolio - Personal Portfolio White - distribution,,
0P0000AA58,1027037,ING B Collect Portfolio - Personal Portfolio Yellow - capitalisation,,
0P0000AA59,1027038,ING B Collect Portfolio - Personal Portfolio Yellow - distribution,,
0P0000MONE,1027051,C+F Balanced Dynamic Classic Inc,,
0P000067JP,1027034,C+F Balanced Dynamic Classic Acc,,
0P00000ON1,1032045,DPAM INVEST B Real Estate Europe A Distribution,,
0P00000ON0,1032046,DPAM INVEST B Real Estate Europe B Capitalisation,,
0P0000KXQP,1032050,DPAM INVEST B Real Estate Europe E Distribution,,
0P0000KANK,1032051,DPAM INVEST B Real Estate Europe F Capitalisation,,
LP68282753,1011218,Van Lanschot Bevek Defensive Portfolio B-Capitalisation,,
LP68282754,1011219,Van Lanschot Bevek Defensive Portfolio B-Distribution,,
0P000013S5,1027026,C+F Euro Equities Inc,,
0P00008FPG,1027035,C+F Euro Equities Acc,,
0P0000MONN,1027054,C+F Euro Equities D Inc,,
0P0000MONG,1027053,C+F Euro Equities D Acc,,
0P0000XSUY,1027064,Belfius Pension Fund Balanced Plus,,
0P00000ON7,1032030,DPAM INVEST B Bonds Eur A Distribution,,
0P00000ON6,1032031,DPAM INVEST B Bonds Eur B Capitalisation,,
0P0000KANM,1032032,DPAM INVEST B Bonds Eur E Distribution,,
0P0000KANL,1032033,DPAM INVEST B Bonds Eur F Capitalisation,,
0P00000BOQ,1032058,Belfius Equities Global Health Care C Cap,,
0P0000SKYY,1032057,Belfius Equities Global Health Care L Cap,,
0P00000BOR,1032059,Belfius Equities Global Health Care C Dis,,
0P00000BP9,1032053,Belfius Equities Bope Small & Mid Caps C Dis,,
0P00000BP7,1032052,Belfius Equities Bope Small & Mid Caps C Cap,,
0P0000VR9Y,1032084,DPAM Capital B - Equities US Dividend B USD Capitalisation,,
0P0000M6CN,1032083,DPAM Capital B - Equities US Dividend F Capitalisation,,
0P0000M6CM,1032082,DPAM Capital B - Equities US Dividend B Capitalisation,,
0P00000OMR,1032040,DPAM INVEST B Equities Europe Small Caps A Distribution,,
0P00000OMQ,1032041,DPAM INVEST B Equities Europe Small Caps B Capitalisation,,
0P0000KANB,1032042,DPAM INVEST B Equities Europe Small Caps F Capitalisation,,
0P0000S1S8,1032047,DPAM INVEST B Real Estate Europe Dividend A Distribution,,
0P0000S1S9,1032048,DPAM INVEST B Real Estate Europe Dividend B Capitalisation,,
0P0000S1SA,1032049,DPAM INVEST B Real Estate Europe Dividend F Capitalisation,,
0P0000RQ8P,1027056,Argenta Pensioenspaarfonds Defensive,,
LP68135187,1011209,DPAM HORIZON B Active Strategy A,,
LP68135188,1011210,DPAM HORIZON B Active Strategy B,,
0P0000M6C2,1032091,Real Estate EMU F,,
0P00000OK6,1032090,Real Estate EMU B,,
0P00000TQP,1027022,DPAM DBI-RDT B Euro Diversified D EUR Distribution,,
0P0000M6C6,1027049,DPAM DBI-RDT B Euro Diversified S EUR Distribution,,
0P0000UNAR,1027061,DPAM HORIZON B Defensive Strategy B,,
0P0000UNAQ,1027060,DPAM HORIZON B Defensive Strategy A,,
0P00000ONL,1027021,Belfius Plan Equities,,
0P0000YNFV,1027072,C+F Belgian Growth Acc,,
0P0000YNFW,1027073,C+F Belgian Growth Inc,,
0P0000ITWF,1027041,AXA B Fund FoF Patrimonial Selection,,
0P00000N86,1027008,Transparant Balanced Acc,,
0P0000YNFO,1027069,C+F Global Opportunities Inc,,
0P0000YNFN,1027068,C+F Global Opportunities Acc,,
0P0000ITWI,1027043,AXA B Fund FoF Growth Selection,,
0P0000UQZ3,1032075,Candriam Sustainable - Euro Bonds I Inc,,
LP65104374,1011206,ING B Collect Portfolio - Personal Portfolio Orange - capitalisation,,
LP65104375,1011205,ING B Collect Portfolio - Personal Portfolio Orange - distribution,,
LP60099573,1011213,C+F Optimum Classic Capitalisation,,
0P0000MONF,1027052,C+F Optimum Classic Distribution,,
0P0000UQZG,1032078,Candriam Sustainable - Europe I Inc,,
0P00000RZK,1032067,Belfius Equities Leading Brands C Dis,,
0P0000SKYV,1032068,Belfius Equities Leading Brands L Cap,,
0P00000BP4,1032066,Belfius Equities Leading Brands C Cap,,
0P00000OIP,1027013,Hermes Pensioenfonds Acc,,
LP68121621,1011224,Rainbow Indigo,,
0P0000KAN8,1032039,DPAM INVEST B Equities Europe F Capitalisation,,
0P0000W4OS,1032077,Candriam Sustainable Euro Corporate Bonds I Inc,,
0P0000OWWK,1032076,Candriam Sustainable Euro Corporate Bonds I Acc,,
LP68039035,1011214,Amonis Equity Emerging Markets - Institutional,,
