ETHBTC,1063918,Ethereum Bitcoin,CoinExchange,BTC
BCHBTC,1064116,Bitcoin Cash Bitcoin,CoinExchange,BTC
LTCDOGE,1063988,Litecoin Dogecoin,CoinExchange,DOGE
ETCETH,1063920,Ethereum Classic Ethereum,CoinExchange,ETH
ETCBTC,1063919,Ethereum Classic Bitcoin,CoinExchange,BTC
QTUMBTC,1064212,Qtum Bitcoin,CoinExchange,BTC
QTUMETH,1064213,Qtum Ethereum,CoinExchange,ETH
DASHBTC,1064024,Dash Bitcoin,CoinExchange,BTC
DASHETH,1064025,Dash Ethereum,CoinExchange,ETH
ZECBTC,1063975,Zcash Bitcoin,CoinExchange,BTC
