SX7EEX,46471,iShares EURO STOXX Banks 30-15 UCITS,,
OD7L,46072,ETFS Natural Gas,,
GDAXIEX,37595,iShares Core DAX UCITS,,
DBPD,38571,db x-trackers ShortDAX x2 Daily UCITS 1C,,
OD7A,45798,ETFS Commodity Securities Aluminium,,
STX50EEX,46087,iShares EURO STOXX 50 UCITS,,
LYXGRE,46161,Lyxor UCITS FTSE ATHEX Large Cap,,
AMEM,45949,Amundi ETF MSCI Emerging Markets UCITS,,
OD7J,45866,ETFS Lean Hogs,,
STOXXIEX,37496,iShares STOXX Europe 600 UCITS,,
36BY,994115,iShares JPX-Nikkei 400 EUR Hedged UCITS,,
DR,46383,db x-trackers Euro Stoxx 50 UCITS,,
4GLD,37597,Deutsche Boerse Commodities Xetra-Gold,,
2B76,1009408,iShares Automation & Robotics UCITS Acc,,
SX7PEX,38543,iShares STOXX Europe 600 Banks UCITS,,
OD7S,45794,ETFS Wheat,,
XBAN,45810,db x-trackers MSCI Bangladesh IM UCITS 1C,,
TECDAXEX,38663,iShares TecDAX UCITS,,
SXEPEX,38546,iShares STOXX Europe 600 Oil & Gas UCITS,,
SX8PEX,38549,iShares STOXX Europe 600 Technology UCITS,,
DBPK,46813,db x-trackers S&P 500 2x Inverse Daily UCITS 1C,,
IBCH,46487,iShares MSCI World EUR Hedged UCITS,,
OD7T,45805,ETFS Zinc,,
OD7B,46051,ETFS Commodity Securities Coffe,,
X0B4,46568,Coba ETC 4x WTI Oil Daily Long,,
XMEU,45815,db x-trackers MSCI Europe UCITS DR,,
4RT2,45876,ETFS 2x Daily Long Coffee ETC,,
2B78,1009026,iShares Healthcare Innovation UCITS Acc,,
DJCOMEX,38579,iShares Diversified Commodity Swap UCITS DE,,
IS3N,994133,iShares Core MSCI Emerging Markets IMI UCITS,,
XDES2,37596,ETFS DAX Daily 2x Short GO UCITS,,
IBCF,46822,iShares S&P 500 EUR Hedged UCITS,,
SXAPEX,38540,iShares STOXX Europe 600 Automobiles & Parts UCITS,,
IBCZ,994123,iShares Edge MSCI World Multifactor UCITS,,
XESX,45814,db x-trackers Euro Stoxx 50 UCITS DR 1D,,
SREEEX,38551,iShares STOXX Europe 600 Real Estate UCITS,,
XSDX,46683,db x-trackers ShortDAX Daily UCITS 1C,,
D5BK,38569,db x-trackers FTSE EPRA/NAREIT Developed Europe Real Estate UCITS,,
XDAX,38682,db x-trackers DAX UCITS DR,,
CEMS,995628,iShares MSCI Europe Value Factor UCITS,,
ETFGDAXI,46684,Deka DAX UCITS,,
SXIPEX,38541,iShares STOXX Europe 600 Insurance UCITS,,
IUSA,45782,iShares S&P 500 UCITS Dist,,
XDJP,949274,db x-trackers Nikkei 225 UCITS DR,,
ETFGDAXP,37502,Deka DAX ausschuttend UCITS,,
3DEO,998419,Boost ShortDAX 3x Daily,,
ETFEUAC,46430,Deka MSCI Europe UCITS,,
LSTXXE,45813,iShares EURO STOXX 50 UCITS Dist,,
ETFSTOXX50E,46426,Deka EURO STOXX 50 UCITS,,
GY3S,998423,ETFS 3x Daily Short DAX 30,,
4RT3,45878,ETFS 2x Daily Long Copper ETC,,
XMAW,949266,db x-trackers MSCI AC World UCITS DR,,
XMIB,46727,db x-trackers FTSE MIB UCITS DR,,
GY3L,998422,ETFS 3x Daily Long DAX 30,,
XCS6,46543,db x-trackers MSCI China UCITS DR 1C,,
IQQE,46607,iShares MSCI Emerging Markets UCITS Dist,,
STOXXEEX,37495,iShares EURO STOXX UCITS,,
EUNL,45873,iShares Core MSCI World UCITS,,
QDVE,994140,iShares S&P 500 USD Information Technology Sector UCITS,,
XFFE,46746,db x-trackers II Fed Funds Effective Rate UCITS 1C,,
OD7F,46073,ETFS WTI Crude Oil,,
CBBUND,46675,ComStage Commerzbank Bund-Future TR UCITS,,
IS04,956312,iShares Treasury Bond 20+ UCITS,,
SD3EEX,46081,iShares EURO STOXX Select Dividend 30 UCITS,,
00XP,46054,ETFS EUR Daily Hedged Natural Gas,,
OD7K,45791,ETFS Live Cattle,,
X0D2,46302,Coba ETC 4x Brent Oil Daily Long,,
QDVF,994141,iShares S&P 500 USD Energy Sector UCITS,,
EUN5,46455,iShares Core Corporate Bond UCITS,,
CBGDAXI,46669,ComStage DAX TR UCITS,,
OD7M,45802,ETFS Nickel,,
USTE,46271,Lyxor UCITS Nasdaq-100 D-EUR,,
RQFI,949276,db x-trackers Harvest CSI300 UCITS DR,,
ETFGS51,46689,Deka Deutsche Boerse EUROGOV Ger 5-10 UCITS,,
NDXEX,38632,iShares NASDAQ-100 UCITS,,
XMK9,46737,db x-trackers MSCI Japan UCITS 4C DR,,
CBMINWO,46322,ComStage MSCI World TRN UCITS,,
SDJE50,46447,Source Euro Stoxx 50 TR A UCITS,,
SXDPEX,38553,iShares STOXX Europe 600 Health Care UCITS,,
SUBEEX,46462,iShares Dow Jones Eurozone Sustainability Screened UCITS,,
SXR8,45844,iShares Core S&P 500 UCITS,,
IQQY,46485,iShares MSCI Europe UCITS Dist,,
AMEA,45806,Amundi MSCI EM Asia UCITS,,
EUNW,46480,iShares Euro High Yield Corporate Bond UCITS,,
SPYW,45853,SSgA SPDR S&P Euro Dividend Aristocrats,,
H4ZF,45867,HSBC S&P 500 UCITS,,
XMRC,46771,db x-trackers MSCI Russia Capped UCITS 1C,,
00XM,46572,ETFS EUR Daily Hedged WTI Crude Oil,,
QDVL,994145,iShares Euro Corporate Bond Sustainability Screened 0-3yr UCITS,,
LYXCRB,45795,Lyxor UCITS Commodities Thomson Reuters/Corecommodity CRB TR C-EUR,,
SYBJ,38660,SPDR Barclays Capital Euro High Yield Bond,,
SDGPEX,37513,iShares STOXX Global Select Dividend 100 UCITS,,
XD5E,949275,db x-trackers MSCI EMU UCITS DR,,
SXPPEX,38544,iShares STOXX Europe 600 Basic Resources UCITS,,
MCXPEX,38624,iShares STOXX Europe Mid 200 UCITS,,
SXNPEX,38538,iShares STOXX Europe 600 Industrial Goods & Services UCITS,,
SX6PEX,38536,iShares STOXX Europe 600 Utilities UCITS,,
IS06,956302,iShares Corporate Bond BBB-BB UCITS,,
XSX6,46414,db x-trackers STOXX Europe 600 UCITS DR 1C,,
D5BI,46743,db x-trackers MSCI Mexico UCITS DR 1C,,
SXRT,45848,iShares CoreO STOXX 50 UCITS,,
CBSTOXXR,46323,ComStage STOXX Europe 600 NR UCITS,,
IQQI,38611,iShares Global Infrastructure UCITS,,
LSTXX,46056,iShares STOXX Europe 50 UCITS,,
XMJP,45809,db x-trackers MSCI Japan UCITS 1C DR,,
CBBUNDS,46668,ComStage Commerzbank Bund-Future Short TR UCITS,,
XDWT,1009153,db x-trackers MSCI World Information Technology UCITS DR 1C,,
CEMR,995617,iShares Edge MSCIope Momentum Factor UCITS,,
EUNK,46060,iShares MSCIope UCITS,,
SX3PEX,38545,iShares STOXX Europe 600 Food & Beverage UCITS,,
ETFSD3E,46428,Deka EURO STOXX Select Dividend 30 UCITS,,
IQQU,44523,iShares MSCI Europe ex-UK UCITS,,
SXTPEX,38542,iShares STOXX Europe 600 Travel & Leisure UCITS,,
IUSU,38620,iShares Treasury Bond 1-3 UCITS,,
IQQB,45778,iShares MSCI Brazil UCITS Dist,,
CBPSI20,46190,ComStage PSI 20 UCITS,,
LYXCSH,46019,Lyxor UCITSo Cash,,
ESREUA,46237,UBS MSCI EMU Socially Responsible UCITS,,
ETFGS35,46688,Deka Deutsche Boerse EUROGOV Germany 3-5 UCITS,,
CBHUI,46806,ComStage NYSE Arca Gold BUGS UCITS,,
SD3PEX,37497,iShares STOXX Europe Select Dividend 30 UCITS,,
IS0E,46490,iShares S&P Gold Producers UCITS,,
GSUKEX,38592,iShares DivDAX UCITS DE,,
IQQJ,45811,iShares MSCI Japan UCITS Dist,,
XMWO,46409,db x-trackers MSCI World UCITS 1C,,
DJDVPEX,38580,Ishares Dow Jones U.S. Select Dividend UCITS,,
IQQ7,38606,iShares US Property Yield UCITS,,
EUN0,994117,iShares Edge MSCI Europe Min Volatility UCITS,,
OD7U,45789,ETFS Agriculture,,
SPY5,45785,SPDR S&P 500 UCITS,,
UEF5,997105,UBS MSCI Emerging Markets Socially Responsible UCITS A-dis,,
QDVH,994143,iShares S&P 500 USD Financials Sector UCITS,,
IBCG,46741,iShares MSCI Japan EUR Hedged UCITS,,
X0BG,46552,Coba -4x Cocoa Daily Short,,
IQQG,38610,iShares EURO Total Market Growth Large UCITS,,
LYY0,46018,Lyxor UCITS MSCI All Country World C-EUR,,
IQQF,38609,iShares MSCI AC Far East ex-Japan UCITS,,
XDDX,998424,db x-trackers DAX UCITS DR Income 1D,,
IUSM,38618,iShares Treasury Bond 7-10 UCITS,,
QDVS,994151,iShares Sustainable MSCI Emerging Markets SRI UCITS,,
QDVN,994147,iShares Sustainable MSCI Japan SRI EUR Hedged UCITS,,
03V1,951489,ETFS EUR Daily Hedge Physical Gold,,
MSE,45829,Lyxor UCITS Stoxx 50 D-EUR,,
LYXAEJ,45950,Lyxor UCITS MSCI AC Asia-Pacific Ex Japan C-E,,
ETFGS13,37433,Deka Deutsche Boerse EUROGOV Germany 1-3 UCITS,,
RXRGEX,38638,iShares eb.rexx Government Germany UCITS,,
DBPE,46682,db x-trackers LevDAX Daily UCITS 1C,,
XMBR,46295,db x-trackers MSCI Brazil UCITS DR 1C,,
LYXDAX,46694,Lyxor UCITS DAX,,
EQQQ,45852,PowerShares EQQQ Nasdaq-100 UCITS,,
ETFDXMD,46685,DEKA DAXplus Maximum Dividend UCITS,,
IE,46132,CS,,
IQQW,38614,iShares MSCI World UCITS,,
IROB,956305,ROBO-STOX Global Robotics and Automation GO UCITS,,
IQQM,46473,iShares EURO STOXX Mid UCITS,,
IS3S,959560,iShares MSCI World Value Factor UCITS,,
XCTL,45942,db Brent Crude Oil Booster,,
Ibovespa,46022,Lyxor UCITS Brazil,,
E50EUA,46536,UBS ETF - EURO STOXX 50 UCITS EUR A-dis,,
QDVG,994142,iShares S&P 500 USD Health Care Sector UCITS,,
SXKPEX,38554,iShares STOXX Europe 600 Telecommunications UCITS,,
CBSHORTDAX,46674,ComStage ShortDAX TR UCITS,,
MDAXIEX,38626,iShares MDAX UCITS DE,,
GC40,46109,Amundi CAC 40 UCITS,,
XFVT,37490,db x-trackers FTSE Vietnam UCITS 1C,,
LYXLEM,46020,Lyxor UCITS MSCI Emerging Markets C-EUR,,
CBSTOXX50ER,46325,ComStage EURO STOXX 50 NR UCITS,,
QDVR,994150,iShares Sustainable MSCI USA SRI UCITS,,
00XQ,46440,ETFS EUR Daily Hedged Precious Metals,,
IQQA,46474,iShares EURO Dividend UCITS,,
EUN4,46464,iShares Aggregate Bond UCITS,,
XXSC,46497,db x-trackers MSCI Europe Small Cap UCITS DR 1C,,
LYXINR,46155,Lyxor UCITS MSCI India C-EUR,,
EUNT,46465,iShares Euro Corporate Bond 1-5Yr UCITS,,
HSI,46152,Lyxor UCITS Hong Kong,,
XAD6,45931,db Physical Silver,,
EUNN,46059,iShares Core MSCI Japan IMI UCITS,,
OD7R,45906,ETFS Sugar,,
ETFUSAC,46814,Deka MSCI USA UCITS,,
ETFJPAC,46738,Deka MSCI Japan UCITS,,
XAD1,45928,db Physical Gold Euro Hedged,,
IQQH,45836,iShares Global Clean Energy UCITS,,
EUNM,46604,iShares MSCI Emerging Markets UCITS,,
LYXAPX,45956,Lyxor UCITS MSCI Asia Ex Japan C-EUR,,
IQQR,46484,iShares MSCI Easternope Capped UCITS,,
IUS3,45781,iShares S&P Small Cap 600 UCITS,,
LYXSDAX2,46143,Lyxor UCITS Daily ShortDAX x2 C-EUR,,
L8I2,46166,Lyxor UCITS Eastern Europe CECE NTR EUR C-EUR,,
CBMINUSS,46809,ComStage MSCI USA Small Cap TRN UCITS,,
D5BM,38570,db x-trackers S&P 500 UCITS 1C,,
AUM5,45826,Amundi S&P 500 UCITS,,
WSREUA,46264,UBS ETF MSCI World Socially Responsible UCITS USD A-dis,,
IUSQ,46483,iShares MSCI ACWI UCITS,,
MRIC,46584,RBS Market Access Rogers International Commodity UCITS,,
XJSE,949283,db x-trackers II iBoxx Japan Sovereign UCITS 1C,,
XEON,46747,db x-trackers II EONIA UCITS 1C,,
CBMINAP,46321,ComStage MSCI Pacific TRN UCITS,,
DJAPSDEEX,46460,iShares Dow Jones Asia Pacific Select Dividend 30 UCITS,,
CBSX5TS,46326,ComStage EURO STOXX 50 Daily Short GR UCITS,,
IUSC,37521,iShares MSCI Emerging Market Latin America UCITS,,
LYXSP,46039,Lyxor UCITS S&P 500 D-EUR,,
IS0D,46489,iShares S&P Commodity Producers Oil and Gas UCITS,,
36BZ,994116,iShares MSCI China A UCITS USD,,
ZPRR,949268,SPDR Russell 2000 U.S. Small Cap UCITS,,
LYXWAT,46017,Lyxor UCITS World Water D-EUR,,
IQQ5,44548,iShares MSCI Turkey UCITS,,
LYXBRE,46068,Lyxor UCITS Stoxx Europe 600 Basic Resources,,
E950,1009023,ComStage 1 EURO STOXX 50 UCITS I,,
EUNI,46606,iShares MSCI Emerging Market Small Cap UCITS,,
XCS3,46742,db x-trackers MSCI Malaysia UCITS DR 1C,,
XDBC,38683,db x-trackers DBLCI - OY Balanced UCITS 1C,,
XSMI,45945,db x-trackers Swiss Large Cap UCITS DR 1D,,
6AQQ,45825,Amundi ETF Nasdaq-100 UCITS,,
EUNS,46467,iShares Corporate Bond ex-Financials 1-5 UCITS,,
IS3C,994129,iShares J.P. Morgan Emerging Markets Bond EUR Hedged UCITS,,
SCXPEX,38639,iShares STOXX Europe Small 200 UCITS,,
IBC4,45776,iShares MSCI South Africa UCITS,,
AMEL,45953,Amundi MSCI EM Latin America UCITS,,
CBFAZI,46671,ComStage F.A.Z. UCITS,,
SPYZ,46223,SPDR MSCI Europe Financials UCITS,,
DJGTEEX,38581,iShares Dow Jones Global Titans 50 UCITS,,
IQQV,38613,iShares EURO Total Market Value Large UCITS,,
DJ Turkey Titans 20,46015,Lyxor UCITS Turkey,,
XSGI,38694,db x-trackers S&P Global Infrastructure UCITS 1C,,
D5BL,46402,db x-trackers MSCI Europe Value UCITS 1C,,
XMAS,46399,db x-trackers MSCI EM Asia UCITS 1C,,
XSSX,46384,db x-trackers Euro Stoxx 50 Short Daily UCITS 1C,,
ETFEMMA,37516,Deka MSCI Emerging Markets UCITS,,
ISEUNZ,994135,iShares MSCI Emerging Markets Minimum Volatility UCITS,,
IQQN,37538,iShares MSCI North America UCITS,,
IBCQ,994121,iShares Global Corporate Bond EUR Hedged UCITS,,
IS3R,959557,iShares MSCI World Momentum Factor UCITS,,
XBAG,949282,db x-trackers II Barclays Global Aggregate Bond UCITS 5C,,
IS3U,959556,iShares MSCI France UCITS,,
LYXWLD,46273,Lyxor UCITS MSCI World D-EUR,,
CBCOMMO,46576,ComStage Commerzbank Commodity ex-Agriculture EW TR UCITS,,
OSX6,46502,Ossiam Stoxx Europe 600 Equal Weight NR UCITS 1C,,
IQQ0,994124,iShares Edge MSCI World Minimum Volatility UCITS,,
XCAC,45996,db x-trackers CAC 40 UCITS 1D DR,,
XS7R,46411,db x-trackers STOXX Europe 600 Banks UCITS,,
XD9U,949267,db x-trackers MSCI USA UCITS DR,,
XMKA,46364,db x-trackers MSCI Africa Top 50 UCITS,,
OD7C,45799,ETFs Copper,,
EUNR,46466,iShares Euro Corporate Bond ex-Financials UCITS,,
XMLA,46401,db x-trackers MSCI EM LatAm UCITS 1C,,
4RUH,45887,ETFS 2x Daily Long Sugar ETC,,
UBUD,1024390,UBS Irl plc Solactive Global Pure Gold Miners UCITS A-dis,,
XMEM,45821,db x-trackers MSCI Emerging Markets UCITS,,
XMCX,46097,db x-trackers FTSE 250 UCITS DR,,
SDJ600,46526,Source STOXX Europe 600 UCITS,,
N225EX,38631,iShares Nikkei 225 UCITS DE,,
4RUA,46063,ETFS 2x Daily Long Lean Hogs ETC,,
LYXLEVDAX,38623,Lyxor UCITS LevDAX,,
XDWH,986887,db x-trackers MSCI World Health Care UCITS 1C,,
IQQS,46475,iShares EURO STOXX Small UCITS,,
PJS1,46504,PIMCO Euro Short Maturity Source UCITS,,
CBNDX,46805,ComStage Nasdaq-100 UCITS,,
XGSD,46096,db x-trackers STOXX Global Select Dividend 100 UCITS 1D,,
ETFSG2P,46435,Deka STOXX Europe Strong Growth 20 UCITS,,
IUS4,38616,iShares MSCI Japan Small Cap UCITS Dist,,
LYXOIL,46021,Lyxor UCITS Stoxx Europe 600 Oil & Gas,,
IUS7,46602,iShares J.P. Morgan Emerging Market Bond UCITS,,
ETFGS11,46686,Deka Deutsche Boerse EUROGOV Germany UCITS,,
XDUK,997714,db x-trackers FTSE 100 UCITS DR 1C,,
LYXBUND,45998,Lyxor UCITS Daily Double Short Bund,,
CBGSUL,46670,ComStage DivDAX TR UCITS,,
ETFGS10,46687,Deka Deutsche Boerse EUROGOV Germany 10+ UCITS,,
ETSZ,976561,BNP Paribas Easy Stoxx Europe 600 UCITS,,
IQQ6,38605,iShares Developed Markets Property Yield UCITS,,
AMEW,46139,Amundi MSCI World UCITS,,
4RUC,46064,ETFS 2x Daily Long Natural Gas,,
D5BH,46540,db x-trackers MSCI Canada UCITS 1C,,
RXP1EX,38634,iShares eb.rexx Government Germany 1.5-2.5,,
IUSK,46461,iShares Dow Jones Europe Sustainability Screened UCITS,,
XMUS,45827,db x-trackers MSCI USA UCITS 1C,,
CBMINEM,46588,ComStage MSCI Emerging Markets TRN UCITS,,
IQQQ,46491,iShares Global Water UCITS,,
XCHA,46094,db x-trackers CSI300 UCITS 1C,,
CBMINNA,46332,ComStage MSCI North America TRN UCITS,,
IBCS,46481,iShares Euro Corporate Bond Large Cap UCITS,,
XDWC,1024387,db x-trackers MSCI World Consumer Discretionary UCITS DR 1C,,
IS0R,46820,iShares High Yield Corporate Bond UCITS,,
CT5,46135,Amundi ETF MSCI Europe Telecom Services UCITS,,
XAXJ,46398,db x-trackers MSCI AC Asia Ex Japan UCITS,,
GZUR,45834,ETFS Physical Swiss Gold,,
OESA,45796,ETFs Brent 1mth,,
XSKR,38701,db x-trackers STOXX Europe 600 Telecom UCITS,,
EUNH,46457,iShares Core Government Bond UCITS,,
XSFR,38693,db x-trackers S&P Select Frontier UCITS 1C,,
ACWE,46046,SSgA SPDR MSCI ACWI,,
XAD5,45927,db Physical Gold,,
LYXLVE,46016,Lyxor UCITS Stoxx 50 Daily Leverage,,
CBSXMR,46337,ComStage STOXX Europe 600 Media NR UCITS,,
WTD0,1011904,WisdomTree India Quality UCITS Acc,,
EMMEUA,46613,UBS MSCI Emerging Markets UCITS,,
DJCHOS50EX,46545,Ishares Dow Jones China Offshore 50 UCITS,,
EUN9,46456,iShares Government Bond 5-7 UCITS,,
00XJ,38555,ETFS EUR Daily Hedged Agriculture,,
IQQK,45779,iShares MSCI Korea UCITS Dist,,
4RT6,38556,ETFS 2x Daily Long WTI Crude Oil,,
X0D1,38671,Coba 3x Brent Oil Daily Long,,
VZLC,46074,ETFS Physical Silver,,
IQQ9,38607,iShares BRIC 50 UCITS,,
ETFGSMM,46690,Deka Deutsche Boerse EUROGOV Germany Money Market UCITS,,
IQQP,38612,iShares European Property Yield UCITS,,
00XT,45932,ETFS EUR Daily Hedged Brent Crude,,
OD7D,45790,ETFs Corn,,
XGIN,38686,db x-trackers II iBoxx Global Inflation-Linked UCITS 1C,,
STX50EX,38647,iShares STOXX Europe 50 UCITS,,
IQQ4,38604,iShares Asia Property Yield UCITS,,
X0D4,46303,Coba -4x Brent Oil Daily Short,,
GOVY,37431,SPDR Barclays Cap Euro Government Bond,,
X0B2,46564,Coba 2x WTI Oil Daily Long,,
CANEUA,46235,UBS ETF MSCI Canada UCITS CAD A-dis,,
SXFPEX,38537,iShares STOXX Europe 600 Financial Services UCITS,,
WRDEUA,38667,UBS ETF MSCI World UCITS USD A-dis,,
SXR1,46126,iShares Core MSCI Pacific ex Japan UCITS,,
IS0M,46728,iShares Italy Government Bond UCITS,,
EBMMEX,38586,iShares eb.rexx Money Market,,
IUS6,46482,iShares Covered Bond UCITS,,
XDEL2,46692,ETFS DAX Daily 2x Long GO UCITS,,
IS3M,959555,iShares Euro Ultrashort Bond UCITS,,
DBPG,38573,db x-trackers S&P 500 2x Leveraged Daily UCITS 1C,,
XBJQ,46624,ETFS Short USD Long EUR,,
LYXCNB,46120,Lyxor UCITS Euro Corporate Bond ex Financials C-EUR,,
Irl,949270,UBS,,
CEBL,45840,iShares MSCI Emerging Market Asia UCITS,,
OOEA,45839,ETFS Brent Crude,,
H4ZE,45862,HSBC MSCI EUROPE UCITS GER,,
CBSXDR,46346,ComStage STOXX Europe 600 Health Care NR UCITS,,
EUN3,46459,iShares Global Government Bond UCITS,,
CBEONIA,46744,ComStage Commerzbank EONIA TR UCITS,,
XMIN,46726,db x-trackers MSCI Indonesia UCITS 1C,,
EHDV,1009027,PowerShares EURO STOXX High Dividend Low Volatility UCITS,,
SXR2,46129,iShares MSCI Canada UCITS,,
RXP5EX,38636,iShares eb.rexx Government Germany 5.5-10.5Yr UCITS,,
LYQ2,46169,Lyxor UCITS EuroMTS 1-3Y Investment Grade DR,,
IQQL,46492,iShares Listed Private Equity UCITS,,
ETFCHINA,46544,Deka MSCI China UCITS,,
IS3Q,959558,iShares MSCI World Quality Factor UCITS,,
R1JKEX,38633,iShares eb.rexx Jumbo Pfandbriefe,,
XBO2,45832,db x-trackers II MTS Ex-Bank of Italy BOT UCITS 1C,,
IS3T,959559,iShares MSCI World Size Factor UCITS,,
SDJMID,46527,Source STOXX Europe Mid 200 UCITS,,
AFIN,45951,Amundi Euro Corporate Financials IBOXX UCITS,,
CBSDAXI,46673,ComStage SDAX TR UCITS,,
H4ZG,45861,HSBC MSCI Brazil,,
UEFR,46535,UBS ETF Markit iBoxx Liquid Corporates UCITS EUR A-dis,,
SMLU,956310,Source Goldman Sachs Equity Factor Europe UCITS,,
XAUS,46291,db x-trackers S&P/ASX 200 UCITS DR 1C,,
SXOPEX,38550,iShares STOXX Europe 600 Construction & Materials UCITS,,
SXQPEX,38548,iShares STOXX Europe 600 Personal & Household Goods UCITS,,
XCS5,46725,db x-trackers MSCI India UCITS 1C,,
JPNEUA,38621,UBS ETF MSCI Japan UCITS JPY A-dis,,
SPY1,45924,SSgA SPDR S&P 500 Low Volatility,,
SXRZ,46050,iShares Nikkei 225 UCITS,,
CBSTOXX50E,46318,ComStage FR EURO STOXX 50 UCITS,,
SXRJ,38651,iShares MSCI EMU Small Cap UCITS,,
CG1,45976,Amundi MSCI Germany UCITS,,
LYXTNOW,46225,Lyxor MSCI World Information Technology TR UCITS C-EUR,,
LYS4,46177,Lyxor UCITS EuroMTS Highest Rated Macro-Weighted Govt Bond 1-3Y DR,,
IBCD,38601,iShares Corporate Bond UCITS,,
LYXBNK,46171,Lyxor UCITS Stoxx Europe 600 Banks,,
XS8R,46412,db x-trackers STOXX Europe 600 Tech UCITS,,
IS0P,46780,iShares Spain Government Bond UCITS,,
IQQX,38615,iShares Asia Pacific Dividend UCITS,,
SPYF,38641,SPDR FTSE UK All Share,,
XAD3,46092,db Physical Platinum Euro Hedged,,
IS0Y,994126,iShares Euro Corporate Bond Interest Rate Hedged UCITS,,
IUSL,38617,iShares Dow Jones Global Sustainability Screened UCITS,,
ZPRL,1009029,SPDR Euro Stoxx Low Volatility UCITS,,
IUS5,46479,iShares Global Inflation Linked Government Bond UCITS,,
ELFA,956314,Deka EURO STOXX 50,,
CBBUND2S,46666,ComStage Commerzbank Bund-Future Double Short TR UCITS,,
4RUP,45877,ETFS 2x Daily Long Cocoa ETC,,
S7XE,46448,Source EURO STOXX Optimised Banks,,
ESCEUA,46242,UBS ETF MSCI EMU Small Cap UCITS EUR A-dis,,
ETFSS4P,46436,Deka STOXX Europe Strong Style Composite 40 UCITS,,
SXR4,45846,iShares MSCI USA UCITS,,
EMUEUA,46228,UBS ETF MSCI EMU UCITS EUR A-dis,,
SXRV,46049,iShares NASDAQ 100 UCITS,,
SXRY,45842,iShares FTSE MIB UCITS,,
ATXEX,37492,iShares ATX UCITS DE,,
XSER,46415,db x-trackers STOXX Europe 600 Oil & Gas UCITS,,
XQPS,46533,Source STOXX 600 Optimised Personal & Household Goods,,
EUREUA,46230,UBS ETF MSCI Europe UCITS EUR A-dis,,
X0B8,46569,Coba -4x WTI Oil Daily Short,,
VZLA,45803,ETFS Physical Platinum,,
Irl,46250,UBS,,
M9SD,942310,Market Access NYSE Arca Gold BUGS,,
XD3E,38681,db x-trackers EuroStoxx Select Dividend 30 UCITS DR,,
IS3H,994132,iShares MSCI EMU Mid Cap UCITS,,
IQQC,45780,iShares China Large Cap UCITS,,
XUKS,46100,db x-trackers FTSE 100 Short Daily UCITS,,
ETLX,46443,ETFS DAXglobal Gold Mining GO UCITS,,
IBC6,45787,iShares MSCI Australia UCITS,,
XYP1,949281,db x-trackers II iBoxx Sovereign Eurozone Yield Plus 1-3 UCITS,,
OESB,45892,ETFS WTI 2mth,,
SPYJ,45857,SSga SPDR Dow Jones Global Real Estate UCITS,,
IUS8,46608,iShares Emerging Market Infrastructure UCITS,,
SXR7,45841,iShares MSCI EMU UCITS,,
IBC0,994118,iShares Edge MSCI Europe Multifactor UCITS,,
H4ZC,45864,HSBC MSCI Japan,,
DJIEX,38582,iShares Dow Jones Industrial Average UCITS,,
MEU,46183,Lyxor UCITS MSCI Europe D-EUR,,
CBSXAR,46341,ComStage STOXX Europe 600 A&P NR UCITS,,
IUST,38619,iShares TIPS UCITS,,
CEBB,45845,iShares MSCI Russia ADR/GDR UCITS,,
XPPS,46515,Source STOXX 600 Optimised Basic Resources,,
ETDD,46004,BNP Paribas Easy EURO STOXX 50 UCITS C,,
Topix,46011,Lyxor UCITS Japan,,
UEF6,949284,UBS ETF Barclays Euro Area Liquid Corporates 1-5 Year UCITS EUR A-dis,,
PSREUA,46239,UBS ETF MSCI Pacific Socially Responsible UCITS USD A-dis,,
UBUB,1024391,UBS Irl plc Solactive Global Oil Equities UCITS A-dis,,
BXX,46106,Lyxor UCITS Stoxx 50 Daily Double Short,,
LYXHLTW,46008,Lyxor UCITS MSCI World Health Care TR C-EUR,,
IBC9,994119,iShares Global High Yield Corporate Bond UCITS,,
8PSG,46082,Source Physical Markets PLC ZT Gold 30.12.2100,,
IS3L,959563,iShares USD Ultrashort Bond UCITS,,
IBCI,994120,iShares Inflation Linked Government Bond UCITS,,
XEMB,46589,db x-trackers IIEmerging Markets Liquid Eurobond UCITS 1C,,
IQQT,45775,iShares MSCI Taiwan UCITS,,
LYXTRV,46175,Lyxor UCITS Stoxx Europe 600 Travel & Leisure,,
IS3J,959561,iShares USD Short Duration Corp Bond UCITS,,
SXRPEX,38552,iShares STOXX Europe 600 Retail UCITS,,
LYMI,45830,Lyxor UCITS Daily Leveraged Bund,,
VZLD,46075,ETFS Physical Gold,,
XU61,38588,BNPP EasyNMX 30 Infrastructure Global UCITS,,
XETC,45943,db Brent Crude Oil Booster Euro Hedged,,
XQUI,46748,db x-trackers Portfolio Total Return UCITS 1C,,
9GA7,46571,ETFS Daily Short Crude Oil,,
CBBUND2L,46667,ComStage Commerzbank Bund-Future Leveraged TR UCITS,,
XIPS,46519,Source STOXX 600 Optimised Insurance,,
QDVQ,994149,iShares Fallen Angels High Yield Corporate Bond UCITS,,
X0BC,46551,Coba 4x Cocoa Daily Long,,
EAGG,38585,SPDR Barclays Euro Aggregate Bond UCITS,,
IMIE,45820,SPDR MSCI ACWI IMI,,
LYXNRJ,46168,Lyxor UCITS New Energy D-EUR,,
IS3K,959562,iShares $ Short DurationHigh Yield Corporate Bond UCITS,,
Irl,46246,UBS,,
ISF,997715,iShares Core FTSE 100 UCITS,,
LYXECB,46145,Lyxor UCITS EuroMTS Covered Bond Aggregate,,
CD8,45972,Amundi ETF MSCI EMU High Dividend UCITS,,
EMRG,45850,SSgA SPDR MSCI Emerging Markets UCITS,,
SXRU,46048,iShares Dow Jones Industrial Average UCITS,,
XSTR,37592,db x-trackers II Sterling Cash UCITS,,
LCXPEX,38622,iShares STOXX Europe Large 200 UCITS,,
IS0X,994125,iShares Global Corporate Bond UCITS,,
H1D5,45948,Amundi S&P 500 EUR Hedged Daily UCITS,,
E901,998420,ComStage 1 DAX UCITS I,,
OD73,45837,ETFS Precious Metals,,
VOOL,46045,Lyxor S&P 500 VIX Futures Enhanced Roll C-EUR,,
EMSD,45851,SSgA SPDR MSCI Emerging Markets Small Cap,,
CBGSPC,46807,ComStage S&P 500 UCITS,,
C030,46781,ComStage Dow Jones Switzerland Titans 30 Net TR UCITS,,
XLPE,46397,db x-trackers LPX MM Private Equity UCITS,,
XSNR,46370,db x-trackers STOXX Europe 600 Industrial Goods UCITS,,
XGSH,38689,db x-trackers II Global Sovereign UCITS 1C,,
DJE,46142,Lyxor UCITS Dow Jones Industrial Average D-EUR,,
LYXAUT,46104,Lyxor UCITS Stoxx Europe 600 Automobiles & Parts,,
J1GR,45983,Amundi ETF MSCI Japan UCITS,,
CBSX3R,46345,ComStage STOXX Europe 600 Food & Beverage NR UCITS,,
XSDR,46417,db x-trackers STOXX Europe 600 Health Care UCITS,,
EMAE,46144,SPDR MSCI EM Asia UCITS,,
EUL3,1009024,ETFS 3x Daily Long EURO STOXX 50,,
JPNH,962222,Lyxor UCITS Japan Topix Daily Hedged D-EUR,,
X0BF,46550,Coba -3x Cocoa Daily Short,,
LYXMDA,46181,Lyxor UCITS Stoxx Europe 600 Media,,
LYXINS,46176,Lyxor UCITS Stoxx Europe 600 Insurance,,
PSDE,45898,PowerShares FTSE RAFI Emerging Markets UCITS,,
CEM1,956306,iShares MSCI Target US Real Estate UCITS,,
CBGDAXP,46672,ComStage FR DAX UCITS,,
LYXTNO,46023,Lyxor UCITS Stoxx Europe 600 Technology,,
XMVE,1024388,db x-trackers MSCI EMU Minimum Volatility UCITS,,
XCS4,46786,db x-trackers MSCI Thailand UCITS DR 1C,,
ISIBCK,994136,iShares Edge S&P 500 Minimum Volatility UCITS,,
PACEUA,46233,UBS ETF MSCI Pacific ex Japan UCITS USD A-dis,,
LYXTEL,46040,Lyxor UCITS Stoxx Europe 600 Telecommunications,,
0LJI,1009021,Boost EURO STOXX Banks 3x Leverage Daily ETC,,
00XK,46578,ETFS EUR Daily Hedged All Commodities,,
CBMINUS,46804,ComStage MSCI USA TRN UCITS,,
SX4PEX,38539,iShares STOXX Europe 600 Chemicals UCITS,,
LYXFOD,46167,Lyxor UCITS Stoxx Europe 600 Food & Beverage,,
00XR,46147,ETFS EUR Daily Hedged Silver,,
XAPS,46529,Source STOXX 600 Optimised Automobiles & Parts,,
CBFEDFER,46317,ComStage Commerzbank FED Funds Effective Rate TR UCITS,,
DJ Russia GDR,46163,Lyxor UCITS Russia,,
AIGR,45858,ETFS Grains,,
LYXPHG,46174,Lyxor UCITS Stoxx Europe 600 Personal & Household Goods,,
IS0S,46463,iShares Emerging Asia Local Government Bond UCITS,,
CM9,45985,Amundi ETF MSCI World Ex EMU UCITS,,
EUCO,38589,SPDR Barclays Euro Corporate Bond UCITS,,
AME6,45967,Amundi ETF Stoxx Europe 600 UCITS,,
LYXCRP,46127,Lyxor UCITS Corporate Bond C-EUR,,
QDVD,994139,iShares MSCI USA Dividend IQ UCITS,,
XAD4,46275,db Physical Palladium Euro Hedged,,
EMVEUA,46232,UBS ETF MSCI EMU Value UCITS EUR Adis,,
SXR5,45843,iShares MSCI Japan UCITS Acc,,
XAD2,46285,db Physical Silver Euro Hedged,,
LYXRTA,46035,Lyxor UCITS Stoxx Europe 600 Retail,,
IQQD,38608,iShares UK Dividend UCITS,,
CBSX5EL,46324,ComStage EURO STOXX 50 Daily Leverage UCITS,,
CEUG,45975,Amundi ETF MSCI Europe UCITS,,
CP9,46125,Amundi ETF MSCI Pacific Ex Japan UCITS,,
SPYG,38642,SPDR S&P UK Dividend Aristocrats,,
ISCEMG,994134,iShares MSCI Emerging Markets Consumer Growth UCITS,,
GG9B,46703,ETFS Gold Bullion Securities,,
SSMIEX,38645,iShares SLI UCITS DE,,
S10,46037,Amundi ETF Short Govt Bond EuroMTS Broad Investment Grade 10-15 Daily UCITS,,
CBFCHI,46287,ComStage CAC 40 UCITS,,
P500,46824,Source S&P 500 UCITS,,
SXRW,45819,iShares FTSE 100 UCITS Acc,,
CBSD3T,46327,ComStage EURO STOXX Select Dividend 30 NR UCITS,,
V50A,45963,Amundi ETF Euro Stoxx 50 UCITS,,
EUNX,46819,iShares US Aggregate Bond UCITS,,
SMSWLD,46070,Source MSCI World UCITS,,
CBSX8R,46339,ComStage STOXX Europe 600 Technology NR UCITS,,
CBMINEE,46328,ComStage MSCI EM Eastern Europe TRN UCITS,,
LYXREEU,46182,Lyxor UCITS FTSE EPRA/NAREIT Developed Europe D-EUR,,
TSYE,46226,SPDR Barclays Cap US Treasury Bond,,
IS0Q,46603,iShares $ Emerging Markets Corporate Bond UCITS,,
XDPS,46518,Source STOXX 600 Optimised Health Care,,
SMSUSA,38640,Source MSCI USA UCITS,,
ZESM,46002,Amundi ETF Euro Stoxx Small Cap UCITS,,
IBCM,37559,iShareso Government Bond 7-10 UCITS,,
ESEE,976560,BNP Paribas Easy S&P 500 UCITS,,
4RT8,45875,ETFS 2x Daily Long Gold ETC,,
LYXSEL,46202,Lyxor UCITS Stoxx Europe Select Dividend 30,,
LYXPVX,46192,Lyxor UCITS Privex D-EUR,,
SXRG,46810,iShares MSCI USA Small Cap UCITS,,
SXRL,38653,iShares $ Treasury Bond 3-7Yr UCITS Acc,,
XMKO,37485,db x-trackers MSCI Korea UCITS DR,,
XSPR,46367,db x-trackers STOXX Europe 600 Basic Resources UCITS,,
LNOE,46615,ETFS Long NOK Short EUR,,
CBSXNR,46347,ComStage STOXX Europe 600 Industrial Goods & Services NR UCITS,,
XTPS,46534,Source STOXX 600 Optimised Travel & Leisure,,
CE8G,46114,Amundi ETF MSCI World Ex Europe UCITS,,
WDNR,45995,Amundi ETF MSCI World Energy UCITS,,
X0DC,46559,Coba 4x Copper Daily Long,,
XTXC,46390,db x-trackers II iTraxx Crossover 5y UCITS,,
SXRP,38655,iShares Euro Government Bond 3-7Yr UCITS Acc,,
IBCJ,45870,iShares MSCI Poland UCITS,,
SPYE,46001,SPDR MSCI Europe UCITS,,
WTED,956316,WisdomTree Emerging Markets SmallCap Dividend UCITS,,
RXPXEX,38637,iShares eb.rexx Government Germany 10.5+,,
XSPS,38704,db x-trackers S&P 500 Inverse Daily UCITS 1C,,
CBTFTSE,38564,ComStage FTSE 100 TR UCITS,,
WTDZ,1011902,WisdomTree India Quality UCITS Inc,,
S&P ASX 200,45957,Lyxor UCITS Australia,,
CBN225,46734,ComStage Nikkei 225 UCITS,,
VZLE,45801,ETFS Physical PM Basket,,
IBCL,38602,iShares Euro Government Bond 15-30Yr UCITS,,
LYXLTM,46173,Lyxor UCITS MSCI EM Latin America C-EUR,,
XRPS,46522,Source STOXX 600 Optimised Retail,,
LYXSTAW,45990,Lyxor MSCI World Consumer Staples TR UCITS C-EUR,,
LYXUTIW,46272,Lyxor UCITS MSCI World Utilities TR C-EUR,,
LYXCRN,45989,Lyxor UCITS Commodities Thomson Reuters/Corecommodity CRB ex-Energy TR C-EUR,,
SXRQ,38656,iShares Euro Government Bond 7-10Yr UCITS Acc,,
CBSXPR,46342,ComStage STOXX Europe 600 Basic Resources NR UCITS,,
XX25,45808,db x-trackers FTSE China 50 UCITS DR,,
X0BB,46549,Coba 3x Cocoa Daily Long,,
IBCN,37558,iShares Euro Government Bond 3-5Yr UCITS,,
LYXKRW,46156,Lyxor UCITS MSCI Korea C-EUR,,
X7PS,46091,Source STOXX Europe 600 Optimised Banks UCITS,,
XMPE,46404,db x-trackers MSCI Pan-Euro UCITS DR,,
EUN8,44514,iShares Euro Government Bond 10-15yr UCITS ,,
CBSX86R,46338,ComStage STOXX Europe 600 Real Estate NR UCITS,,
CBSX7R,46336,ComStage STOXX Europe 600 Banks NR UCITS,,
LYXHLT,46172,Lyxor UCITS Stoxx Europe 600 Health Care,,
XNIF,37482,db x-trackers Nifty 50 UCITS,,
ACU2,46137,Amundi MSCI USA UCITS,,
CBDJI,46802,ComStage Dow Jones Industrial Average TM UCITS,,
LYXREWLD,46031,Lyxor UCITS FTSE EPRA/NAREIT Global Developed D-EUR,,
XTC5,46360,db x-trackers II iTraxx Crossover 5y Short UCITS,,
MRAI,46506,Market Access RICI Agriculture UCITS,,
WTEE,956317,WisdomTree Europe Equity Income UCITS,,
SPYN,46184,SPDR MSCI Europe Energy UCITS,,
XUKX,46101,db x-trackers FTSE 100 UCITS DR Income,,
X0CJ,46701,Coba 4x Gold Daily Long,,
EUNJ,45777,iShares MSCI Pacific ex-Japan UCITS,,
LSK7,46105,Lyxor UCITS Stoxx 50 Daily Short,,
XBJP,46618,ETFS Long USD Short EUR,,
SYBE,46612,SPDR BofA Merryl Lynch Emerging Markets Corporate Bond UCITS,,
4RUB,46162,ETFS 2x Daily Long Live Cattle ETC,,
CBSXTR,46349,ComStage STOXX Europe 600 Travel & Leisure NR UCITS,,
CEBE,46128,iShares MSCI Brazil UCITS Acc,,
CBSXFR,46344,ComStage STOXX Europe 600 Financial Services NR UCITS,,
CB3G,45968,Amundi ETF Govt Bond EuroMTS Broad Investment Grade UCITS,,
RXP2EX,38635,iShares eb.rexx Government Germany 2.5-5.5,,
QDVK,994144,iShares S&P 500 USD Consumer Discretionary Sector UCITS,,
LYXIND,46153,Lyxor UCITS Stoxx Europe 600 Industrial Goods & Services,,
ETFIBOXGC,46691,Deka iBoxx Liquid Germany Covered Diversified UCITS,,
FTSE JSE Top 40,45824,Lyxor UCITS South Africa,,
WTES,956319,WisdomTree Europe SmallCap Dividend UCITS,,
CBATX,46292,ComStage ATX UCITS,,
OD7H,46047,ETFS Gold,,
USAEUA,38664,UBS ETF MSCI USA UCITS USD A-dis,,
EMSMI,45890,Source MSCI Emerging Markets UCITS,,
CBSXER,46352,ComStage STOXX Europe 600 Oil & Gas NR UCITS,,
EMSV,46499,Source MSCI Europe Value,,
XCTH,46282,db Energy Booster Euro Hedged,,
VZLB,46077,ETFS Physical Palladium,,
H4ZI,45863,HSBC MSCI EM Far East UCITS,,
CBSX6R,46340,ComStage STOXX Europe 600 Utilities NR UCITS,,
4RUE,45886,ETFS 2x Daily Long Silver ETC,,
MRMI,38630,Market Access RICI Metals UCITS,,
CI3,45979,Amundi ETF Euro Inflation UCITS,,
ETFEUMC,46432,Deka MSCI Europe MC UCITS,,
UIQI,46538,UBS ETFs plc - MSCI AC Asia Ex Japan SF UCITS USD A-acc,,
CBMINEUS,46331,ComStage MSCI Europe Small Cap TRN UCITS,,
CL2,46118,Amundi ETF Leveraged MSCI USA Daily UCITS,,
MABI,46610,Market Access DAXGlobal BRIC UCITS,,
LYS0,46042,Lyxor UCITS Thailand Set 50 Net TR C-EUR,,
HSCEI,45807,Lyxor UCITS China Enterprise,,
C73,46110,Amundi ETF Govt Bond EuroMTS Broad Investment Grade 7-10 UCITS,,
XTXE,46395,db x-trackers II iTraxx Europe 5-year UCITS,,
C10,45960,Amundi ETF Govt Bond EuroMTS Broad Investment Grade 10-15 UCITS,,
OD7V,37575,ETFS All Commodities,,
EUN6,46458,iShares Government Bond 0-1 UCITS,,
SB0,46200,Amundi ETF Short Govt Bond EuroMTS Broad Investment Grade Daily UCITS,,
CBMINUSM,46803,ComStage MSCI USA Mid Cap TRN UCITS,,
LYXUSA,46270,Lyxor UCITS MSCI USA D-EUR,,
CH5,45977,Amundi ETF MSCI Europe Healthcare UCITS,,
XEPS,46521,Source STOXX 600 Optimised Oil & Gas,,
SXKEEX,46477,iShares EURO STOXX Telecommunications 30-15 UCITS,,
IS0Z,994127,iShares Global AAA-AA Government Bond UCITS,,
EEE,45999,FTSE EPRA EuroZone THEAM Easy UCITS Classic Distribution,,
LYXMATW,46025,Lyxor UCITS MSCI World Materials TR C-EUR,,
CBMINRUC,46770,ComStage MSCI Russia 30 % Capped TRN UCITS,,
CBMINJP,46733,ComStage MSCI Japan TRN UCITS,,
CBSXQR,46348,ComStage STOXX Europe 600 Personal & Household Goods NR UCITS,,
SXRD,38648,iShares MSCI UK Small Cap UCITS,,
X4PS,46516,Source STOXX 600 Optimised Chemicals,,
XBO1,45831,db x-trackers II MTS Ex-Bank of Italy BTP UCITS 1D,,
XEUM,46496,db x-trackers MSCI Europe Mid Cap UCITS DR 1C,,
CBHSI,46724,ComStage HSI UCITS,,
ETFUSLC,46815,Deka MSCI USA LC UCITS,,
KX1G,46274,Amundi ETF Govt Bond Lowest Rated EuroMTS Investment Grade UCITS,,
CBHSCE,46542,ComStage HSCEI UCITS,,
CN1G,46119,Amundi ETF MSCI Nordic UCITS,,
LYXDISW,46122,Lyxor MSCI World Consumer Discretionary TR UCITS C-EUR,,
CU9,45994,Amundi ETF MSCI Europe Ex EMU UCITS,,
X00U,46652,Coba 4x TECDAXF Daily Long,,
CB5,45969,Amundi MSCI Europe Banks UCITS,,
4RUD,46065,ETFS 2x Daily Long Nickel,,
OSX4,46501,Ossiam iSTOXX Europe Minimum Variance NR UCITS 1C,,
CI2,45978,Amundi MSCI India UCITS,,
CBSXIR,46351,ComStage STOXX Europe 600 Insurance NR UCITS,,
ETFUSMC,46816,Deka MSCI USA MC UCITS,,
CBMINEUM,46330,ComStage MSCI Europe Mid Cap TRN UCITS,,
CBMINEU,46320,ComStage MSCI Europe TRN UCITS,,
CBSXOR,46343,ComStage STOXX Europe 600 Construction & Materials NR UCITS,,
CBSX4R,46350,ComStage STOXX Europe 600 Chemicals NR UCITS,,
XS3R,46369,db x-trackers STOXX Europe 600 Food & Beverage UCITS,,
AFIX,45958,Amundi ETF Euro Corporate Ex Financials iBoxx UCITS,,
AMEE,45955,Amundi ETF MSCI Europe Energy UCITS,,
EHF1,45973,Amundi ETF MSCI Europe High Dividend UCITS,,
C3M,45962,Amundi ETF Cash 3 Months EuroMTS Investment Grade UCITS,,
CC1,45970,Amundi MSCI China UCITS,,
UEFY,949278,UBS ETF - SBI Foreign AAA-BBB 1-5 UCITS CHF A-dis,,
CD6,45971,Amundi ETF MSCI Europe Consumer Discretionary UCITS,,
XD5F,949273,db x-trackers Euro Stoxx 50 ex Financials UCITS DR 1D,,
Irl,949272,UBS,,
UEFZ,949279,UBS ETF - SBI Foreign AAA-BBB 5-10 UCITSCHF A-dis,,
C5S,45966,Amundi ETF Short Euro Stoxx 50 Daily UCITS,,
Irl,949271,UBS,,
UEF0,949285,UBS ETF Barclays US Liquid Corporates UCITS hedged to EUR A-acc,,
C53,45964,Amundi ETF Govt Bond EuroMTS Broad Investment Grade 5-7 UCITS,,
C5L,45965,Amundi ETF Leveraged Euro Stoxx 50 Daily UCITS,,
C33,45961,Amundi ETF Govt Bond EuroMTS Broad Investment Grade 3-5 UCITS,,
ZPR5,1024389,SPDR BofA Merrill Lynch 0-5 Emerging Markets Government Bond UCITS,,
X0DL,46794,Coba 3x SPXF Daily Long,,
X0DS,46793,Coba -3x NDXF Daily Short,,
X0DJ,46791,Coba -3x DJIAF Daily Short,,
X0DN,46795,Coba -3x SPXF Daily Short,,
X0DI,46796,Coba 4x DJIAF Daily Long,,
X0DR,46798,Coba 4x NDXF Daily Long,,
X0DK,46797,Coba -4x DJIAF Daily Short,,
X0DH,46790,Coba 3x DJIAF Daily Long,,
SYB5,46787,SPDR Barclays Capital 1-5 Year Gilt,,
MDAI,38625,Market Access DAXGlobal Asia UCITS,,
LYXTELW,46041,Lyxor UCITS MSCI World Telecom Services TR C-EUR,,
X0CQ,46775,Coba -4x Silber Daily Short,,
XSLI,46782,db x-trackers SLI UCITS,,
CBSSHI,46784,ComStage SPI TR UCITS,,
LYQ3,46029,Lyxor UCITS EuroMTS 3-5Y Investment Grade DR,,
CBMINTW,46785,ComStage MSCI Taiwan TRN UCITS,,
X0DM,46800,Coba 4x SPXF Daily Long,,
X0DP,46801,Coba -4x SPXF Daily Short,,
CEBG,45987,iShares MSCI Mexico Capped UCITS,,
OSX2,46823,Ossiam US Minimum Variance NR UCITS 1C,,
AMAMED,45988,Amundi MSCI EMU UCITS,,
UEFF,46825,UBS ETF Barclays Capital US 1-3Y Treasury Bond USD A-dis,,
UEFI,46828,UBS ETF Barclays Capital US 7-10Y Treasury Bond USD A-dis,,
4RTG,47108,ETFS Daily Short Soybean Oil,,
XBJG,46830,ETFS Long INR Short USD,,
AMES,45991,Amundi ETF MSCI Spain UCITS,,
CS5,45992,Amundi ETF MSCI Europe Consumer Staples UCITS,,
LYXINDW,46010,Lyxor UCITS MSCI World Industrials TR C-EUR,,
LYXUTI,46024,Lyxor UCITS Stoxx Europe 600 Utilities,,
MDRI,38628,Market Access DAXglobal Russia UCITS,,
LYXFINW,46006,Lyxor UCITS MSCI World Financials TR C-EUR,,
ETBB,46003,BNP Paribas Easy EURO STOXX 50 UCITS D,,
ETLZ,46817,ETFS Russell 2000 US Small Cap GO UCITS,,
CU5,45993,Amundi ETF MSCI Europe Utilities UCITS,,
CIN,45982,Amundi ETF MSCI Europe Industrials UCITS,,
4RTD,45904,ETFS Daily Short Natural Gas,,
CEMT,995625,iShares Edge MSCIope Size Factor UCITS,,
CEMQ,995624,iShares Edge MSCIope Quality Factor UCITS,,
OD72,45797,ETFS Petroleum,,
OD7Z,45800,ETFS Industrial Metals,,
B4N9,1013326,RICI Enhanced Blei TR Hedge,,
OD7P,45719,ETFS Soybean Oil,,
B4N6,1013318,RICI Enhanced Nickel TR Hedge,,
XEOD,38685,db x-trackers II EONIA UCITS 1D,,
OD7N,45804,ETFS Silver,,
QDVP,994148,iShares US Mortgage Backed Securities UCITS,,
XMTW,37489,db x-trackers MSCI Taiwan UCITS DR,,
IUSR,994137,iShares EURO STOXX 50 ex-Financials UCITS,,
OD7X,45838,ETFS Ex-Energy,,
9GAA,45854,ETFS Longer Dated Agriculture,,
IXM035,45818,iNAV iShares FTSE 100 UCITS Acc in GBP iNAV,,
IXM041,45817,iNAV iShares MSCI UK UCITS in GBP iNAV,,
LYXMAL,45812,Lyxor UCITS MSCI Malaysia C-EUR,,
QDVM,994146,iShares TA-25 Israel UCITS,,
SXR3,45816,iShares MSCI UK UCITS,,
XBJL,38677,ETFS Long CAD Short EUR,,
ELF0,998421,Deka DAX ex Financials 30 UCITS,,
SYBS,38661,SSgA SPDR Barclays Cap Sterling Corporate Bond,,
EZEX,1009028,Source STOXX Eurozone Exporters UCITS,,
X0B9,38668,Coba 1x Cocoa Daily Long,,
OD79,37459,ETFS Longer Dated Industrial Metals,,
SYBG,38659,SSgA SPDR Barclays Capital UK Gilt,,
SXRM,38654,iShares $ Treasury Bond 7-10Yr UCITS Acc,,
B4N5,1013317,RICI Enhanced Kupfer TR Hedge,,
BNQX,1013298,RICI Enhanced Brent Oil TR Hedge,,
B4N4,1013297,RICI Enhanced Aluminium TR Hedge,,
UES3,1009025,ETFS 3x Daily Short EURO STOXX 50 ETN,,
X0BR,38669,Coba 2x Palladium Daily Long,,
XBJJ,38675,ETFS Long AUD Short EUR,,
X0BI,37463,Coba 2x Platinum Daily Long,,
X0CB,37480,Coba 2x HSCEIF Daily Long,,
PCFD,1009019,Boost EURO STOXX 50 3x Leverage Daily,,
PCFC,1009020,Boost EURO STOXX 50 3X Short Daily,,
X0CL,38670,Coba -4x Gold Daily Short,,
0LJJ,1009022,Boost EURO STOXX Banks 3x Short Daily ETC,,
XBJA,38672,ETFS Long CHF Short EUR,,
OD75,45855,ETFS Longer Dated All Commodities,,
OOEB,45856,ETFS Longer Dated Brent Crude,,
00XN,45933,ETFS EUR Daily Hedged Gold,,
00XL,45934,ETFS EUR Daily Hedged Copper,,
OSX9,45935,Ossiam Emerging Markets Minimum Variance NR UCITS 1C,,
00XS,45936,ETFS EUR Daily Hedged Wheat,,
USAG,45922,SSgA SPDR Barclays Cap US Aggregate Bond,,
UIQS,45919,UBS ETFs plc - MSCI Canada SF UCITS CAD A acc,,
LYX5,959564,Lyxor JP Morgan Multi-Factor Europe UCITS,,
UEFS,45909,UBS-ETF FTSE 100 I,,
UBU3,45916,UBS Irl ETF plc - MSCI USA UCITS USD A-dis,,
PPEU,45937,PowerShares EuroMTS Cash 3 Months UCITS,,
WTEU,956321,WisdomTree US Equity Income UCITS,,
XBO3,45944,db x-trackers II MTS Ex-Bank of Italy Aggregate UCITS 1D,,
WTEC,956313,WisdomTree US SmallCap Dividend UCITS,,
XMEA,37512,db x-trackers MSCI EM EMEA UCITS,,
CEM2,956311,iShares US Equity Buyback Achievers UCITS,,
WTEI,956315,WisdomTree Emerging Markets Equity Income UCITS,,
4RTC,45941,ETFS Daily Short Live Cattle,,
WTDX,956320,WisdomTree Japan Equity UCITS,,
WTDH,956318,WisdomTree Europe Equity UCITS,,
REES,1024381,Source GPR Real Estate Europe UCITS,,
4RTE,45905,ETFS Daily Short Nickel,,
FTG1,1024373,First Trust Germany AlphaDEX UCITS,,
4RTR,45874,ETFS 2x Daily Long Agriculture ETC,,
CEBP,38567,iShares MSCI EMU USD Hedged UCITS,,
4RT4,45879,ETFS 2x Daily Long Corn ETC,,
IBCY,994122,iShares Edge MSCI USA Multifactor UCITS,,
H4ZD,45865,HSBC MSCI USA UCITS,,
IS3B,994128,iShares Euro Corporate Bond Financials UCITS,,
OD7I,45860,ETFS Heating Oil,,
IS3G,994131,iShares MSCI EMU Large Cap UCITS,,
IS3F,994130,iShares Corporate Bond Interest Rate Hedged UCITS,,
4RUM,45883,ETFS 2x Daily Long Platinum ETC,,
B4N7,1013327,RICI Enhanced Zink TR Hedge,,
XBJF,45900,ETFS Short CNY Long USD,,
B4N8,1013328,RICI Enhanced Zinn TR Hedge,,
XBJH,45902,ETFS Short INR Long USD,,
PSWC,45899,PowerShares Dynamic US Market UCITS,,
PSRE,45897,PowerShares FTSE RAFI Europe UCITS,,
SMSJPN,45891,Source MSCI Japan UCITS,,
PSES,45893,PowerShares FTSE RAFI Europe Mid-Small UCITS,,
X0CN,46774,Coba 4x Silber Daily Long,,
DE5A,45954,Amundi ETF Govt Bond Highest Rated EuroMTS Investment Grade UCITS,,
X040,46720,Coba 4x HSCEIF Daily Long,,
SPYP,46216,SPDR MSCI Europe Materials UCITS,,
X0DF,46558,Coba -3x Copper Daily Short,,
X0DB,46557,Coba 3x Copper Daily Long,,
X0DE,46556,Coba -2x Copper Daily Short,,
X0DG,46560,Coba -4x Copper Daily Short,,
X0B1,46562,Coba 1x WTI Oil Daily Long,,
X0B6,46565,Coba -2x WTI Oil Daily Short,,
SPYK,46215,SPDR MSCI Europe Technology UCITS,,
X0B5,46563,Coba -1x WTI Oil Daily Short,,
X0DA,46555,Coba 2x Copper Daily Long,,
X0DD,46554,Coba -1x Copper Daily Short,,
X0BE,46548,Coba -2x Cocoa Daily Short,,
X0BA,46547,Coba 2x Cocoa Daily Long,,
X0BD,46546,Coba -1x Cocoa Daily Short,,
SPYU,46221,SPDR MSCI Europe Utilities UCITS,,
SPYT,46220,SPDR MSCI Europe Telecom UCITS,,
SPYC,46219,SPDR MSCI Europe Consumer Staples UCITS,,
X0D9,46553,Coba 1x Copper Daily Long,,
SPYQ,46217,SPDR MSCI Europe Industrials UCITS,,
SPYR,46218,SPDR MSCI Europe Consumer Discretionary UCITS,,
X0B3,46566,Coba 3x WTI Oil Daily Long,,
X0B7,46567,Coba -3x WTI Oil Daily Short,,
LYQS,46159,Lyxor UCITS iBoxx USD Liquid Emerging Markets Sovereigns,,
4RT7,46160,ETFS 2x Daily Long Gasoline ETC,,
LYXCST,46165,Lyxor UCITS Stoxx Europe 600 Construction & Materials,,
LYXTWN,46170,Lyxor UCITS MSCI Taiwan D-EUR,,
XBJE,46158,ETFS Long CNY Short USD,,
LYSZ,46154,Lyxor UCITS MSCI Indonesia C-EUR,,
SCHER,46619,ETFS Short CHF Long EUR,,
XBJD,46617,ETFS Long SEK Short EUR,,
SJPS,46614,ETFS Long JPY,,
LYS5,46178,Lyxor UCITS EuroMTS Highest Rated Macro-Weighted Govt Bond 3-5Y DR,,
LYS6,46179,Lyxor UCITS EuroMTS Highest Rated Macro-Weighted Govt Bond 5-7Y DR,,
SPYS,46208,SPDR MSCI Europe Small Cap UCITS,,
9GAB,46209,ETFS Longer Dated Softs,,
4RTF,46211,ETFS Daily Short Silver,,
4RTB,46207,ETFS Daily Short Lean Hogs,,
9GA3,46201,ETFS Daily Daily Short Coffee,,
LYXREUSA,46188,Lyxor UCITS FTSE EPRA/NAREIT United States D-EUR,,
4RTS,46580,ETFS 2x Daily Long All Commodities ETC,,
OD78,46579,ETFs Foward Ex-Energy DJ-UBSCI-F3,,
SPYH,46222,SPDR MSCI Europe Health Care UCITS,,
4RTK,46224,ETFS Daily Short Wheat,,
CBSXRR,46334,ComStage STOXX Europe 600 Retail NR UCITS,,
CBSXKR,46335,ComStage STOXX Europe 600 Telecom NR UCITS,,
IQQ1,38603,iShares FTSEurofirst 100 UCITS,,
SXMPEX,38547,iShares STOXX Europe 600 Media UCITS,,
IQQ8,46478,iShares FTSEurofirst 80 UCITS,,
CBMINAPJ,46333,ComStage MSCI Pacific ex Japan TRN UCITS,,
X0CH,46307,Coba -4x SX5EF Daily Short,,
H4ZA,46449,HSBC EURO STOXX 50,,
ETFSTX5,46434,Deka STOXX Europe 50 UCITS,,
ETFSV2P,46433,Deka STOXX Europe Strong Value 20 UCITS,,
ETFEULC,46431,Deka MSCI Europe LC UCITS,,
XS6R,46413,db x-trackers STOXX Europe 600 Utilities UCITS,,
OD7W,46437,ETFS Energy,,
SDJE5D,46446,Source EURO STOXX 50 B Total Return,,
OD76,46438,ETFS Longer Dated Energy,,
X0CF,46306,Coba 4x SX5EF Daily Long,,
SMSEUR,46498,Source MSCI Europe,,
X3PS,46531,Source STOXX 600 Optimised Food & Beverage,,
XOPS,46530,Source STOXX 600 Optimised Construction & Material,,
SDJSML,46528,Source STOXX Europe Small 200 UCITS,,
XCBE,46279,db x-trackers db CB Bloomberg UCITS 2C,,
XNPS,46532,Source STOXX 600 Optimised Industrial Goods & Services,,
OD7G,46268,ETFS Gasoline,,
S&P TSX 60,46227,Lyxor UCITS Canada,,
Irl,46248,UBS,,
ASREUA,46266,UBS MSCI USA Socially Responsible UCITS,,
X6PS,46525,Source STOXX 600 Optimised Utilities,,
XKPS,46524,Source STOXX 600 Optimised Telecommunications,,
X0D3,46301,Coba -3x Brent Oil Daily Short,,
X0CE,46304,Coba 3x SX5EF Daily Long,,
X0CG,46305,Coba -3x SX5EF Daily Short,,
XFPS,46517,Source STOXX 600 Optimised Financial Services,,
XCS2,46290,db x-trackers II Australia SSA Bonds UCITS 1C,,
X8PS,46523,Source STOXX 600 Optimised Technology,,
LYQY,46286,Lyxor UCITS iBoxx EUR Liquid High Yield 30 Ex-Financial,,
XMPS,46520,Source STOXX 600 Optimised Media,,
SJPL,46620,ETFS Short JPY Long EUR,,
9GAD,46151,ETFS Longer Dated Grains,,
X0C0,46717,Coba -3x HSCEIF Daily Short,,
X000,46716,Coba 3x HSCEIF Daily Long,,
X04Y,46715,Coba -2x HSIF Daily Short,,
X04W,46714,Coba 2x HSIF Daily Long,,
X0DY,46718,Coba 3x HSIF Daily Long,,
OD7Q,46086,ETFS Soybeans,,
100EUA,46088,UBS - FTSE 100 UCITS GBP A-dis,,
XASX,46093,db x-trackers FTSE All-Share UCITS DR,,
X0CD,46713,Coba -2x HSCEIF Daily Short,,
X04X,46712,Coba -1x HSIF Daily Short,,
X0CI,46699,Coba 3x Gold Daily Long,,
UEFL,46695,UBS ETF Markit iBoxx Germany 1-3 UCITS EUR A-dis,,
IS0L,46693,iShares Germany Government Bond UCITS,,
C13,46107,Amundi ETF Govt Bond EuroMTS Broad Investment Grade 1-3 UCITS,,
X0CK,46700,Coba -3x Gold Daily Short,,
OD74,46103,ETFS Softs,,
X04V,46711,Coba 1x HSIF Daily Long,,
X0CC,46710,Coba -1x HSCEIF Daily Short,,
X0CA,46709,Coba 1x HSCEIF Daily Long,,
9GA9,46080,ETFS Daily Short Gold,,
SR2000,46079,Source Russell 2000 UCITS,,
X0BV,46765,Coba -2x Palladium Daily Short,,
X0BU,46764,Coba -1x Palladium Daily Short,,
X0BQ,46763,Coba 1x Palladium Daily Long,,
X0D5,46757,Coba 3x Natural Gas Daily Long,,
X0BH,46766,Coba 1x Platinum Daily Long,,
X0BL,46767,Coba -1x Platinum Daily Short,,
X0CM,46772,Coba 3x Silber Daily Long,,
CBPSILV,46769,ComStage PSI 20 Leverage UCITS,,
X0BM,46768,Coba -2x Platinum Daily Short,,
X0D8,46754,Coba -4x Natural Gas Daily Short,,
X0D7,46752,Coba -3x Natural Gas Daily Short,,
ETFJPMC,46740,Deka MSCI Japan MC UCITS,,
ETFJPLC,46739,Deka MSCI Japan LC UCITS,,
PSRF,46078,PowerShares FTSE RAFI US 1000 UCITS,,
9GAE,46071,ETFS Longer Dated Natural Gas,,
4RUJ,46067,ETFS 2x Daily Long Wheat,,
XS7W,46749,db x-trackers Portfolio Income UCITS,,
H4ZH,46057,HSBC MSCI Pacific ExJapan,,
H4ZB,46058,HSBC FTSE 100,,
C8M,46111,Amundi ETF MSCI Europe Materials UCITS,,
TCC4,46113,Amundi Euro Corporates UCITS,,
X00K,46644,Coba 3x MDAXF Daily Long,,
X00G,46643,Coba -3x DAXF Daily Short,,
X00C,46642,Coba 3x DAXF Daily Long,,
X0C9,46641,Coba -15x SCHATZF Daily Short,,
X00P,46645,Coba -3x MDAXF Daily Short,,
X00T,46646,Coba 3x TECDAXF Daily Long,,
X00L,46650,Coba 4x MDAXF Daily Long,,
X00H,46649,Coba -4x DAXF Daily Short,,
X00D,46648,Coba 4x DAXF Daily Long,,
X0CZ,46640,Coba 15x SCHATZF Daily Long,,
X0CT,46638,Coba 15x BUNDF Daily Long,,
X0E5,46632,Coba -1x Gasoil Daily Short,,
X0E1,46631,Coba 1x Gasoil Daily Long,,
ETFFS11,46628,Deka Deutsche Boerse EUROGOV France UCITS,,
X0E2,46633,Coba 2x Gasoil Daily Long,,
X0E6,46634,Coba -2x Gasoil Daily Short,,
X049,46637,Coba -10x SCHATZF Daily Short,,
X0CY,46636,Coba 10x SCHATZF Daily Long,,
X0CS,46635,Coba 10x BUNDF Daily Long,,
X00Q,46651,Coba -4x MDAXF Daily Short,,
X0CR,46654,Coba 5x BUNDF Daily Long,,
OD7E,46124,ETFS Commodity Securities Cotton,,
CSW,46134,Amundi ETF MSCI Switzerland UCITS,,
CU1,46136,Amundi ETF MSCI UK UCITS,,
WDFI,46140,Amundi ETF MSCI World Financials UCITS,,
X0CV,37593,Coba -10x BUNDF Daily Short,,
ETL2,46123,ETFS Longer Dated All Commodities GO UCITS,,
CE9,46115,Amundi MSCI Eastern Europe Ex Russia UCITS,,
LYXCHM,46117,Lyxor UCITS Stoxx Europe 600 Chemicals,,
LYXFIN,46148,Lyxor UCITS Stoxx Europe 600 Financial Services,,
9GAC,46149,ETFS Longer Dated Livestock,,
X009,46657,Coba -5x SCHATZF Daily Short,,
X0CX,46656,Coba 5x SCHATZF Daily Long,,
X0CU,46655,Coba -5x BUNDF Daily Short,,
OD77,46150,ETFs Longer Dated Petroleum,,
X0CP,46773,Coba -3x Silber Daily Short,,
