DKKCOP,1584,Danish Krone Colombian Peso,Forex,COP
EURCOP,1624,Euro Colombian Peso,Forex,COP
GBPCOP,1741,British Pound Colombian Peso,Forex,COP
USDCOP,2112,US Dollar Colombian Peso,Forex,COP
ARSCOP,10448,Argentinian Peso Colombian Peso,Forex,COP
COPARS,10454,Colombian Peso Argentinian Peso,Forex,ARS
BRLCOP,10459,Brazil Real Colombian Peso,Forex,COP
COPBRL,10465,Colombian Peso Brazil Real,Forex,BRL
CLPCOP,10470,Chilean Peso Colombian Peso,Forex,COP
COPCLP,10475,Colombian Peso Chilean Peso,Forex,CLP
PYGCOP,10479,Paraguayan Guarani Colombian Peso,Forex,COP
COPPYG,10483,Colombian Peso Paraguayan Guarani,Forex,PYG
UYUCOP,10486,Uruguayan Peso Colombian Peso,Forex,COP
COPUYU,10488,Colombian Peso Uruguayan Peso,Forex,UYU
COPPEN,10491,Colombian Peso Peru Sol,Forex,PEN
COPBOB,10492,Colombian Peso Bolivian Boliviano,Forex,BOB
PENCOP,10493,Peru Sol Colombian Peso,Forex,COP
BOBCOP,10494,Bolivian Boliviano Colombian Peso,Forex,COP
COPMXN,10498,Colombian Peso Mexican Peso,Forex,MXN
MXNCOP,10508,Mexican Peso Colombian Peso,Forex,COP
VEFCOP,10509,Venezuelan Bolivar Colombian Peso,Forex,COP
COPVEF,10517,Colombian Peso Venezuelan Bolivar,Forex,VEF
COPUSD,11759,Colombian Peso US Dollar,Forex,USD
CADCOP,993165,Canadian Dollar Colombian Peso,Forex,COP
ILSCOP,1031406,Israeli Shekel Colombian Peso,Forex,COP
