BTCUSD,1057581,Bitcoin US Dollar,OKEx,USD
ETHUSD,1057410,Ethereum US Dollar,OKEx,USD
ETHBTC,1057409,Ethereum Bitcoin,OKEx,BTC
EOSBTC,1057418,EOS Bitcoin,OKEx,BTC
EOSBCH,1057482,EOS Bitcoin Cash,OKEx,BCH
BCHBTC,1057382,Bitcoin Cash Bitcoin,OKEx,BTC
LTCUSD,1057413,Litecoin US Dollar,OKEx,USD
LTCBTC,1057411,Litecoin Bitcoin,OKEx,BTC
LTCETH,1057457,Litecoin Ethereum,OKEx,ETH
LTCBCH,1057419,Litecoin Bitcoin Cash,OKEx,BCH
TRXBTC,1057451,TRON Bitcoin,OKEx,BTC
TRXETH,1057499,TRON Ethereum,OKEx,ETH
TRXUSD,1057454,TRON US Dollar,OKEx,USD
ETCBTC,1057412,Ethereum Classic Bitcoin,OKEx,BTC
ETCBCH,1057480,Ethereum Classic Bitcoin Cash,OKEx,BCH
IOTUSD,1057435,IOTA US Dollar,OKEx,USD
IOTBTC,1057430,IOTA Bitcoin,OKEx,BTC
IOTETH,1057465,IOTA Ethereum,OKEx,ETH
QTUMUSD,1057426,Qtum US Dollar,OKEx,USD
QTUMBTC,1057420,Qtum Bitcoin,OKEx,BTC
QTUMETH,1057485,Qtum Ethereum,OKEx,ETH
ANSUSD,1057446,NEO US Dollar,OKEx,USD
ANSBTC,1057436,NEO Bitcoin,OKEx,BTC
ANSETH,1057512,NEO Ethereum,OKEx,ETH
DASHBTC,1057448,Dash Bitcoin,OKEx,BTC
DASHETH,1057531,Dash Ethereum,OKEx,ETH
DASHBCH,1057578,Dash Bitcoin Cash,OKEx,BCH
XLMBTC,1057442,Stellar Lumens Bitcoin,OKEx,BTC
XLMUSD,1057463,Stellar Lumens US Dollar,OKEx,USD
XLMETH,1057519,Stellar Lumens Ethereum,OKEx,ETH
ICXUSD,1057481,ICON US Dollar,OKEx,USD
ICXBTC,1057417,ICON Bitcoin,OKEx,BTC
ICXETH,1057425,ICON Ethereum,OKEx,ETH
ZECBTC,1057455,Zcash Bitcoin,OKEx,BTC
OMGBTC,1057423,Omisego Bitcoin,OKEx,BTC
OMGUSD,1057440,Omisego US Dollar,OKEx,USD
OMGETH,1057491,Omisego Ethereum,OKEx,ETH
XMRBTC,1057472,Monero Bitcoin,OKEx,BTC
XMRUSD,1057539,Monero US Dollar,OKEx,USD
XMRETH,1057579,Monero Ethereum,OKEx,ETH
BTGBTC,1057452,Bitcoin Gold Bitcoin,OKEx,BTC
BTGBCH,1057490,Bitcoin Gold Bitcoin Cash,OKEx,BCH
XRBBTC,1069507,Nano Bitcoin,OKEx,BTC
XRBUSD,1069508,Nano US Dollar,OKEx,USD
XRBETH,1069509,Nano Ethereum,OKEx,ETH
XEMUSD,1057527,NEM US Dollar,OKEx,USD
XEMBTC,1057489,NEM Bitcoin,OKEx,BTC
XEMETH,1057566,NEM Ethereum,OKEx,ETH
