ABI,13111,Anheuser-Busch Inbev SA,BFX,EUR
ACKB,534,Ackermans V.Haaren,BFX,EUR
AGES,13129,Ageas,BFX,EUR
BEKB,533,NV Bekaert SA,BFX,EUR
BPOST,49947,bpost NV,BFX,EUR
COFB,538,Cofinimmo-Sicafi,BFX,EUR
DELB,536,Delhaize Group,BFX,EUR
ELI,15213,Elia,BFX,EUR
ENGIE,395,Engie SA,BFX,EUR
COLR,535,Etablissementen Fr Colruyt NV,BFX,EUR
GLPG,15225,Galapagos NV,BFX,EUR
GBLB,545,Groupe Bruxelles Lambert SA,BFX,EUR
ING,301,ING Groep NV,BFX,EUR
KBC,539,KBC,BFX,EUR
ONTEX,943394,Ontex Group,BFX,EUR
PROX,531,Proximus NV,BFX,EUR
SOLB,541,Solvay SA,BFX,EUR
TNET,7134,Telenet Group,BFX,EUR
UCB,547,UCB,BFX,EUR
UMI,13831,Umicore NV,BFX,EUR
