SLGOMXH25,38945,Seligson & Co OMX Helsinki 25,,
FI4000205018,998462,Nordea Bank AB Call DAX Bull DAX X15 NF1,,
FI4000231014,998466,Nordea Bank AB Put DAX Bear DAX X10 NF1,,
FI4000047717,1009160,Nordea Bank AB Put DJ EURO STOXX 50 BEAR EUROPE X2 NF,,
FI4000231022,1009162,Nordea Bank AB Put EURO STOXX 50 BEAR SX5E X15 NF1,,
FI4000205059,1009161,Nordea Bank AB Call EURO STOXX 50 BULL SX5E X15 NF,,
FI4000215264,998465,Nordea Bank AB Put DAX Bear DAX X15 NF2,,
FI4000205158,998463,Nordea Bank AB Put DAX Bear DAX X12 NF,,
TAPETFK,997374,LahiTapiola Korko 100,,
TAPETFO,997375,LahiTapiola Osake 100,,
FINFOCU,997376,Finlandia Fokus,,
FI4000040233,998461,Nordea Bank AB Call DAX Bull DAX X5 NF,,
FI4000205166,998464,Nordea Bank AB Put DAX Bear DAX X8 NF,,
