6857,44296,Advantest Corp.,N225,JPY
8267,44267,Aeon Co. Ltd.,N225,JPY
2802,44209,Ajinomoto Co. Inc.,N225,JPY
6770,44281,Alps Electric Co. Ltd.,N225,JPY
6113,44146,Amada Co. Ltd.,N225,JPY
9202,44248,ANA Holdings Inc.,N225,JPY
8304,44282,Aozora Bank Ltd.,N225,JPY
5201,44240,Asahi Glass Co. Ltd.,N225,JPY
2502,44184,Asahi Group Holdings Ltd.,N225,JPY
3407,44274,Asahi Kasei Corp.,N225,JPY
4503,44160,Astellas Pharma Inc.,N225,JPY
5108,44235,Bridgestone Corp.,N225,JPY
7751,44187,Canon Inc,N225,JPY
6952,44306,Casio Computer Co. Ltd.,N225,JPY
9022,44218,Central Japan Railway Co.,N225,JPY
6366,44176,Chiyoda Corp.,N225,JPY
7762,44197,Citizen Holdings Co. Ltd.,N225,JPY
1721,44124,Comsys Holdings Corp.,N225,JPY
8253,44262,Credit Saison Co. Ltd.,N225,JPY
7912,44207,Dai Nippon Printing Co. Ltd.,N225,JPY
4568,44190,Daiichi Sankyo Co. Ltd.,N225,JPY
6367,44181,Daikin Industries Ltd.,N225,JPY
1925,44149,Daiwa House Industry Co. Ltd.,N225,JPY
8601,44332,Daiwa Securities Group Inc.,N225,JPY
2432,102045,DeNA Co Ltd,N225,JPY
4061,44110,Denki Kagaku Kogyo K.K.,N225,JPY
6902,44301,Denso Corp.,N225,JPY
4324,44145,Dentsu Inc.,N225,JPY
5714,44111,DOWA Holdings Co. Ltd.,N225,JPY
9020,44208,East Japan Railway Co.,N225,JPY
6361,44171,Ebara Corp.,N225,JPY
4523,44180,Eisai Co. Ltd.,N225,JPY
6954,44311,Fanuc Corp.,N225,JPY
9983,44328,Fast Retailing Co. Ltd.,N225,JPY
6504,44221,Fuji Electric Co. Ltd.,N225,JPY
7270,44167,Fuji Heavy Industries Ltd.,N225,JPY
4901,44205,Fujifilm Holdings Corp.,N225,JPY
5803,44131,Fujikura Ltd.,N225,JPY
6702,44246,Fujitsu Ltd.,N225,JPY
8354,44317,Fukuoka Financial Group Inc.,N225,JPY
5715,44116,Furukawa Co. Ltd.,N225,JPY
5801,44121,Furukawa Electric Co. Ltd.,N225,JPY
6674,44236,GS Yuasa Corp.,N225,JPY
1808,942531,Haseko Corp,N225,JPY
7205,44142,Hino Motors Ltd.,N225,JPY
6501,44206,Hitachi Ltd.,N225,JPY
6305,44161,Hitachi Construction Machinery Co,N225,JPY
7004,44331,Hitachi Zosen Corp.,N225,JPY
3865,44299,Hokuetsu Kishu Paper Co. Ltd.,N225,JPY
7267,44157,Honda Motor Company Ltd,N225,JPY
7013,44122,IHI Corp.,N225,JPY
1605,44119,Inpex Corp.,N225,JPY
3099,44229,Isetan Mitsukoshi Holdings Ltd.,N225,JPY
7202,44132,Isuzu Motors Ltd.,N225,JPY
8001,44217,Itochu Corp.,N225,JPY
3086,44224,J.Front Retailing Co. Ltd.,N225,JPY
2914,44219,Japan Tobacco Inc,N225,JPY
5411,44290,JFE Holdings Inc.,N225,JPY
1963,44159,JGC Corp.,N225,JPY
6473,44196,JTEKT Corp.,N225,JPY
5020,44225,JX Holdings Inc.,N225,JPY
1812,44144,Kajima Corp.,N225,JPY
4452,44150,Kao Corp.,N225,JPY
7012,44117,Kawasaki Heavy Industries Ltd.,N225,JPY
9107,44243,Kawasaki Kisen Kaisha Ltd.,N225,JPY
9433,44268,KDDI Corp.,N225,JPY
9008,44198,Keio Corp.,N225,JPY
9009,44203,Keisei Electric Railway Co. Ltd.,N225,JPY
2801,44204,Kikkoman Corp.,N225,JPY
2503,44189,Kirin Holdings Co. Ltd.,N225,JPY
5406,44285,Kobe Steel Ltd.,N225,JPY
6301,44151,Komatsu Ltd.,N225,JPY
9766,44323,Konami Corp.,N225,JPY
4902,44210,Konica Minolta Inc.,N225,JPY
6326,44166,Kubota Corp.,N225,JPY
3405,44269,Kuraray Co. Ltd.,N225,JPY
6971,44316,Kyocera Corp.,N225,JPY
4151,44120,Kyowa Hakko Kirin Co. Ltd.,N225,JPY
8002,44222,Marubeni Corp.,N225,JPY
1333,102046,Maruha Nichiro Corp,N225,JPY
8252,44257,Marui Group Co. Ltd.,N225,JPY
8628,44118,Matsui Securities Co. Ltd.,N225,JPY
7261,44152,Mazda Motor Corp.,N225,JPY
6508,44231,Meidensha Corp.,N225,JPY
2269,44169,Meiji Holdings Co. Ltd.,N225,JPY
6479,44201,Minebea Co. Ltd.,N225,JPY
4188,44130,Mitsubishi Chemical Holdings Corp,N225,JPY
8058,44247,Mitsubishi Corp.,N225,JPY
6503,44216,Mitsubishi Electric Corp.,N225,JPY
8802,44158,Mitsubishi Estate Co. Ltd.,N225,JPY
7011,44112,Mitsubishi Heavy Industries Ltd.,N225,JPY
9301,44253,Mitsubishi Logistics Corp.,N225,JPY
5711,44325,Mitsubishi Materials Corp.,N225,JPY
7211,44147,Mitsubishi Motors Corp.,N225,JPY
8306,44287,Mitsubishi UFJ Financial Group Inc,N225,JPY
8031,44232,Mitsui & Co. Ltd.,N225,JPY
4183,44125,Mitsui Chemicals Inc.,N225,JPY
7003,44326,Mitsui Engineering & Shipbuilding,N225,JPY
8801,44153,Mitsui Fudosan Co. Ltd.,N225,JPY
5706,44315,Mitsui Mining and Smelting Co.,N225,JPY
9104,44238,Mitsui O.S.K. Lines Ltd.,N225,JPY
6767,44276,Mitsumi Electric Co. Ltd.,N225,JPY
8411,44327,Mizuho Financial Group Inc,N225,JPY
8725,44128,MS&AD Insurance Group Holdings,N225,JPY
6701,44241,NEC Corp.,N225,JPY
5333,44275,NGK Insulators Ltd.,N225,JPY
2871,44214,Nichirei Corp.,N225,JPY
7731,44172,Nikon Corp.,N225,JPY
5214,44250,Nippon Electric Glass Co. Ltd.,N225,JPY
9062,44223,Nippon Express Co. Ltd.,N225,JPY
4272,44140,Nippon Kayaku Co. Ltd.,N225,JPY
5703,44310,Nippon Light Metal Holdings Co.,N225,JPY
2282,44174,Nippon Meat Packers Inc.,N225,JPY
3863,44289,Nippon Paper Industries Co. Ltd.,N225,JPY
5202,44245,Nippon Sheet Glass Co. Ltd.,N225,JPY
4041,44319,Nippon Soda Co. Ltd.,N225,JPY
5401,44280,Nippon Steel&Sumitomo Metal Corp.,N225,JPY
1332,44109,Nippon Suisan Kaisha Ltd.,N225,JPY
9432,44263,Nippon Telegraph & Telephone Corp,N225,JPY
9101,44233,Nippon Yusen K.K,N225,JPY
4021,44314,Nissan Chemical Industries Ltd.,N225,JPY
7201,44127,Nissan Motor Co. Ltd.,N225,JPY
2002,44164,Nisshin Seifun Group Inc.,N225,JPY
5413,44295,Nisshin Steel Holdings Co. Ltd.,N225,JPY
3105,44244,Nisshinbo Holdings Inc.,N225,JPY
6988,44458,Nitto Denko Co,N225,JPY
8630,44123,NKSJ Holdings Inc.,N225,JPY
8604,44113,Nomura Holdings Inc,N225,JPY
6471,44186,NSK Ltd.,N225,JPY
6472,44191,NTN Corp.,N225,JPY
9613,44308,NTT Data Corp.,N225,JPY
9437,44273,NTT Docomo Inc.,N225,JPY
1802,44134,Obayashi Corp.,N225,JPY
9007,44193,Odakyu Electric Railway Co. Ltd.,N225,JPY
3861,44284,Oji Holdings Corp.,N225,JPY
6703,44251,Oki Electric Industry Co. Ltd.,N225,JPY
6103,44141,Okuma Corp.,N225,JPY
7733,44177,Olympus Corp.,N225,JPY
9532,44298,Osaka Gas Co. Ltd.,N225,JPY
5541,44300,Pacific Metals Co. Ltd.,N225,JPY
6752,44256,Panasonic Corp.,N225,JPY
6773,44286,Pioneer Corp.,N225,JPY
8308,44292,Resona Holdings Inc.,N225,JPY
7752,44192,Ricoh Co. Ltd.,N225,JPY
2501,44179,Sapporo Holdings Ltd.,N225,JPY
9735,44318,Secom Co. Ltd.,N225,JPY
1928,44154,Sekisui House Ltd.,N225,JPY
3382,44254,Seven & i Holdings Co. Ltd.,N225,JPY
6753,44261,Sharp Corp.,N225,JPY
1803,44139,Shimizu Corp.,N225,JPY
4063,44115,Shin-Etsu Chemical Co. Ltd.,N225,JPY
8303,44277,Shinsei Bank Ltd.,N225,JPY
4507,44170,Shionogi & Co. Ltd.,N225,JPY
4911,44215,Shiseido Co. Ltd.,N225,JPY
4004,44304,Showa Denko K.K.,N225,JPY
5002,44220,Showa Shell Sekiyu K.K.,N225,JPY
9412,44258,SKY Perfect JSAT Holdings Inc.,N225,JPY
9984,44333,Softbank Corp.,N225,JPY
2768,44199,Sojitz Corp.,N225,JPY
6758,44266,Sony Corp,N225,JPY
8729,44133,Sony Financial Holdings Inc.,N225,JPY
3436,44279,SUMCO Corp.,N225,JPY
4005,44309,Sumitomo Chemical Co. Ltd.,N225,JPY
8053,44242,Sumitomo Corp.,N225,JPY
4506,44165,Sumitomo Dainippon Pharma Co Ltd,N225,JPY
5802,44126,Sumitomo Electric Industries Ltd.,N225,JPY
6302,44156,Sumitomo Heavy Industries Ltd.,N225,JPY
5713,44330,Sumitomo Metal Mining Co. Ltd.,N225,JPY
8316,44302,Sumitomo Mitsui Financial,N225,JPY
8309,44297,Sumitomo Mitsui Trust Holdings,N225,JPY
5232,44255,Sumitomo Osaka Cement Co. Ltd.,N225,JPY
8830,44178,Sumitomo Realty & Development Co.,N225,JPY
7269,44162,Suzuki Motor Corp.,N225,JPY
8795,44148,T&D Holdings Inc.,N225,JPY
5233,44260,Taiheiyo Cement Corp.,N225,JPY
1801,44129,Taisei Corp.,N225,JPY
6976,44321,Taiyo Yuden Co. Ltd.,N225,JPY
2531,44194,Takara Holdings Inc.,N225,JPY
8233,44252,Takashimaya Co. Ltd.,N225,JPY
4502,44155,Takeda Pharmaceutical Co. Ltd.,N225,JPY
6762,44271,TDK Corp.,N225,JPY
3401,44259,Teijin Ltd.,N225,JPY
4543,44185,Terumo Corp.,N225,JPY
8331,44307,The Chiba Bank Ltd.,N225,JPY
8750,44138,The Dai-ichi Life Insurance Co.,N225,JPY
5631,44305,The Japan Steel Works Ltd.,N225,JPY
9503,44288,The Kansai Electric Power Co.,N225,JPY
8355,44322,The Shizuoka Bank Ltd.,N225,JPY
5101,44230,The Yokohama Rubber Co. Ltd.,N225,JPY
9001,44183,Tobu Railway Co. Ltd.,N225,JPY
9602,44303,Toho Co. Ltd.,N225,JPY
5707,44320,Toho Zinc Co. Ltd.,N225,JPY
5301,44265,Tokai Carbon Co. Ltd.,N225,JPY
8766,44143,Tokio Marine Holdings Inc.,N225,JPY
4043,44329,Tokuyama Corp.,N225,JPY
9681,44313,Tokyo Dome Corp.,N225,JPY
9501,44278,Tokyo Electric Power Co. Inc.,N225,JPY
8035,44237,Tokyo Electron Ltd.,N225,JPY
9531,44293,Tokyo Gas Co. Ltd.,N225,JPY
8804,44168,Tokyo Tatemono Co. Ltd.,N225,JPY
9005,44188,Tokyu Corp.,N225,JPY
3289,44457,Tokyu Fudosan,N225,JPY
7911,44202,Toppan Printing Co. Ltd.,N225,JPY
3402,44264,Toray Industries Inc.,N225,JPY
6502,44211,Toshiba Corp.,N225,JPY
4042,44324,Tosoh Corp.,N225,JPY
5332,44270,TOTO Ltd.,N225,JPY
5901,44136,Toyo Seikan Group Holdings Ltd.,N225,JPY
3101,44234,Toyobo Co. Ltd.,N225,JPY
7203,44137,Toyota Motor Corp Ltd Ord,N225,JPY
8015,44227,Toyota Tsusho Corp.,N225,JPY
4704,44200,Trend Micro Inc.,N225,JPY
4208,44135,Ube Industries Ltd.,N225,JPY
3103,44239,Unitika Ltd.,N225,JPY
8270,44272,Uny Group Holdings Co. Ltd.,N225,JPY
9021,44213,West Japan Railway Co.,N225,JPY
4689,44195,Yahoo Japan Corp.,N225,JPY
7951,44212,Yamaha Corp.,N225,JPY
9064,44228,Yamato Holdings Co. Ltd.,N225,JPY
6506,44226,Yaskawa Electric Corp.,N225,JPY
6841,44291,Yokogawa Electric Corp.,N225,JPY
