GB00BVZTP478,998431,Morgan Stanley & Co International plc Put DAX Bear DAX X10 AVA,,
XACTOMXS30,38921,XACT OMXS30,,
XACTBEAR2,38909,XACT Bear 2,,
SE0010296574,1073048,Ether Tracker One XBT Provider,,
GB00BVZX5X81,998438,Morgan Stanley & Co International plc Call DAX Bull DAX X15 AVA 6,,
XACTBEAR,38908,XACT Bear,,
XACTOMXSB,38922,XACT OMXSB,,
XACTBULL2,38911,XACT Bull 2,,
SE0010296582,1055309,Ether Tracker Euro XBT Provider,,
XACTHDIV,1013321,XACT Nordic High Dividend Low Volatility,,
SE0007126024,1072238,Bitcoin Tracker One XBT,,
XMRC,962147,db x-trackers MSCI Russia Capped UCITS 1C,,
XSPX,47654,db x-trackers S&P 500 UCITS 1C,,
XACTBULL,38910,XACT Bull,,
GB00BVZX8F15,997721,Morgan Stanley & Co Bear FTSE X10,,
XXSC,962152,db x-trackers MSCI Europe Small Cap UCITS DR 1C,,
XD3E,962149,db x-trackers EuroStoxx Select Dividend 30 UCITS DR,,
XMEM,47652,db x-trackers MSCI Emerging Markets UCITS,,
XMEU,962146,db x-trackers MSCI Europe UCITS DR,,
SE0007525332,1055308,Bitcoin Tracker EUR XBT Provider,,
XMJP,47650,db x-trackers MSCI Japan UCITS 1C DR,,
GB00BVZTP692,998433,Morgan Stanley & Co International plc Put DAX Bear DAX X4 AVA,,
DR,47657,db x-trackers Euro Stoxx 50 UCITS,,
XMWO,47658,db x-trackers MSCI World UCITS 1C,,
XACTNORDEN,38919,XACT Nordic 30,,
GB00BVZX5W74,998437,Morgan Stanley & Co International plc Call DAX Bull DAX X15 AVA 5,,
SE0008403422,998442,Nordea Bank AB Call DAX Bull DAX X15 N1,,
XMUS,47653,db x-trackers MSCI USA UCITS 1C,,
GB00BVZTS597,998434,Morgan Stanley & Co International plc Put DAX Bear DAX X2 AVA,,
XAXJ,962151,db x-trackers MSCI AC Asia Ex Japan UCITS,,
XDAX,47655,db x-trackers DAX UCITS DR,,
XNIF,962148,db x-trackers Nifty 50 UCITS,,
XMBR,962145,db x-trackers MSCI Brazil UCITS DR 1C,,
SPOTROMX,38902,SpotR OMXS30 UCITS IC,,
GB00BVZTP254,998430,Morgan Stanley & Co International plc Call DAX Bull DAX X2 AVA,,
SPOTRBEAR,37637,SpotR Bear OMXS30 UCITS IC,,
GB00BVZTR078,1009416,Morgan Stanley & Co International plc Call EURO STOXX 50 BULL ESTOXX X5 A,,
XX25,962150,db x-trackers FTSE China 50 UCITS DR,,
GB00BVZX8C83,997722,Morgan Stanley & Co Bull FTSE X5,,
SE0008403620,1009414,Nordea Bank AB Put EURO STOXX 50 BEAR SX5E X15 N,,
SE0009442585,998448,Nordea Bank AB Put DAX Bear DAX X15 N2,,
SE0008654289,998447,Nordea Bank AB Call DAX Bull DAX X15 N2,,
XACTDERBEAR,38913,XACT Derivative Bear,,
SE0008403604,998446,Nordea Bank AB Put DAX Bear DAX X12 N,,
XACTDERBULL,38914,XACT Derivative Bull,,
SE0008403463,1009417,Nordea Bank AB Call EURO STOXX 50 BULL SX5E X15 N,,
GB00BVZYZ196,1009415,Morgan Stanley & Co International plc Put EURO STOXX Banks BEAR SX7E X8 AVA,,
GB00BVZWCK10,998435,Morgan Stanley & Co International plc Call DAX Bull DAX X10 AVA 2,,
GB00BVZTP585,998432,Morgan Stanley & Co International plc Put DAX Bear DAX X5 AVA,,
GB00BVZTP031,998429,Morgan Stanley & Co International plc Call DAX Bull DAX X5 AVA,,
SPOTRBULL,37636,SpotR Bull OMXS30 UCITS IC,,
XS7R,47660,db x-trackers STOXX Europe 600 Banks UCITS,,
GB00BVZWJZ57,998436,Morgan Stanley & Co International plc Put DAX Bear DAX X15 AVA 3,,
GB00BVZX5Y98,998439,Morgan Stanley & Co International plc Call DAX Bull DAX X10 AVA 3,,
SE0008403448,998444,Nordea Bank AB Call DAX Bull DAX X10 N1,,
SE0008403430,998443,Nordea Bank AB Call DAX Bull DAX X12 N,,
GB00BVZY8Q51,998441,Morgan Stanley & Co International plc Put DAX Bear DAX X15 AVA,,
GB00BVZXDB27,998440,Morgan Stanley & Co International plc Call DAX Bull TESLA X2 AV,,
SE0008403596,998445,Nordea Bank AB Put DAX Bear DAX X15 N1,,
