USDTTHB,1065402,Tether Thai Baht,TDAX,THB
ETHTHB,1065395,Ethereum Thai Baht,TDAX,THB
ETHBTC,1065405,Ethereum Bitcoin,TDAX,BTC
LTCETH,1065415,Litecoin Ethereum,TDAX,ETH
LTCTHB,1065397,Litecoin Thai Baht,TDAX,THB
LTCBTC,1065407,Litecoin Bitcoin,TDAX,BTC
ANSTHB,1065398,NEO Thai Baht,TDAX,THB
ANSBTC,1065408,NEO Bitcoin,TDAX,BTC
ANSETH,1065416,NEO Ethereum,TDAX,ETH
OMGTHB,1065399,Omisego Thai Baht,TDAX,THB
OMGETH,1065417,Omisego Ethereum,TDAX,ETH
OMGBTC,1065409,Omisego Bitcoin,TDAX,BTC
BTGTHB,1065394,Bitcoin Gold Thai Baht,TDAX,THB
BTGBTC,1065404,Bitcoin Gold Bitcoin,TDAX,BTC
BTGETH,1065413,Bitcoin Gold Ethereum,TDAX,ETH
