BTCUSD,1058092,Bitcoin US Dollar,EXX,USD
ETHBTC,1058093,Ethereum Bitcoin,EXX,BTC
ETHUSD,1058077,Ethereum US Dollar,EXX,USD
ETHHSR,1058088,Ethereum Hshare,EXX,HSR
EOSBTC,1058082,EOS Bitcoin,EXX,BTC
EOSETH,1058076,EOS Ethereum,EXX,ETH
EOSQTUM,1058103,EOS Qtum,EXX,QTUM
BCCBTC,1058111,BitConnect Bitcoin,EXX,BTC
LTCBTC,1058105,Litecoin Bitcoin,EXX,BTC
LTCUSD,1058089,Litecoin US Dollar,EXX,USD
ETCBTC,1058085,Ethereum Classic Bitcoin,EXX,BTC
ETCUSD,1058071,Ethereum Classic US Dollar,EXX,USD
ETCETH,1058078,Ethereum Classic Ethereum,EXX,ETH
ETCHSR,1058083,Ethereum Classic Hshare,EXX,HSR
QTUMBTC,1058087,Qtum Bitcoin,EXX,BTC
QTUMUSD,1058110,Qtum US Dollar,EXX,USD
QTUMETH,1058095,Qtum Ethereum,EXX,ETH
QTUMHSR,1058084,Qtum Hshare,EXX,HSR
