EXX1d,1008901,iShares EURO STOXX Banks 30-15 UCITS,,
EXW1d,1008900,iShares EURO STOXX 50 UCITS,,
BX4p,997681,Lyxor UCITS CAC 40 Daily Double Short,,
ISFl,997781,iShares Core FTSE 100 UCITS,,
BNKp,1008908,Lyxor UCITS Stoxx Europe 600 Banks,,
DR,1010577,Lyxor UCITS Ibex35,,
BXXp,1008907,Lyxor UCITS Stoxx 50 Daily Double Short,,
EIMIl,1008899,iShares Core MSCI Emerging Markets IMI UCITS,,
DR,997680,Lyxor UCITS CAC 40,,
EXS1d,998542,iShares Core DAX UCITS,,
DAXp,998539,Lyxor UCITS DAX,,
DBXDd,998540,db x-trackers DAX UCITS DR,,
DBXEd,1008898,db x-trackers Euro Stoxx 50 UCITS DR 1D,,
3BASm,1008896,Boost Euro Stoxx Banks 3X Short Daily,,
C50p,1008894,Amundi ETF Euro Stoxx 50 UCITS,,
LVEp,1008905,Lyxor UCITS Stoxx 50 Daily Leverage,,
3BALm,1008895,Boost Euro Stoxx Banks 3X Leverage Daily,,
BNKEp,1008906,Lyxor UCITS Stoxx Banks C-EUR,,
IDNAl,1008903,iShares MSCI North America UCITS,,
VUKEl,997783,Vanguard FTSE 100 UCITS GBP Inc,,
DR,1008897,db x-trackers Euro Stoxx 50 UCITS,,
DEL2d,998541,ETFS DAX Daily 2x Long GO UCITS,,
CSSMIz,1010576,iShares SMI,,
SMICZz,1010578,UBS SMI A-dis,,
S7XEd,1008914,Source EURO STOXX Optimised Banks,,
DEMVz,1008913,Ossiam Emerging Markets Minimum Variance NR UCITS 1C USD,,
MSRUSm,1009206,UBS MSCI Emerging Markets Socially Responsible UCITS A-dis,,
IPOLl,1009470,iShares MSCI Poland UCITS,,
XSMIm,1010575,db x-trackers Swiss Large Cap UCITS DR 1D,,
XSMCz,1010573,db x-trackers Swiss Large Cap Index UCITS DR 1C,,
ISDUl,1009471,iShares MSCI USA Islamic UCITS,,
TELp,1008912,Lyxor UCITS Stoxx Europe 600 Telecommunications,,
XSMIz,1010574,db x-trackers Swiss Large Cap UCITS DR 1D,,
IUAGz,997354,iShares US Aggregate Bond UCITS,,
IDP6l,998543,iShares S&P Small Cap 600 UCITS,,
HUKXz,997780,HSBC FTSE 100 UCITS,,
SS1EUz,997357,UBS Barclays EUR Treasury 1-10,,
UST10z,997356,UBS Barclays Capital US 10+ Treasury Bond UCITS hedged to EUR A-dis,,
ISDEl,998544,iShares MSCI Emerging Markets Islamic UCITS,,
EMH5m,997355,SPDR BofA Merrill Lynch 0-5 Emerging Markets Government Bond UCITS,,
FOOp,1008910,Lyxor UCITS Stoxx Europe 600 Food & Beverage,,
BREp,1008909,Lyxor UCITS Stoxx Europe 600 Basic Resources,,
ITPSl,1008904,iShares TIPS UCITS,,
IDFFl,1008902,iShares MSCI AC Far East ex-Japan UCITS,,
INDp,1008911,Lyxor UCITS Stoxx Europe 600 Industrial Goods & Services,,
