USDAED,152,US Dollar UAE Dirham,Forex,AED
AEDJPY,1467,UAE Dirham Japanese Yen,Forex,JPY
AEDPKR,1469,UAE Dirham Pakistani Rupee,Forex,PKR
CADAED,1520,Canadian Dollar UAE Dirham,Forex,AED
CHFAED,1540,Swiss Franc UAE Dirham,Forex,AED
DKKAED,1577,Danish Krone UAE Dirham,Forex,AED
EURAED,1604,Euro UAE Dirham,Forex,AED
GBPAED,1727,British Pound UAE Dirham,Forex,AED
JPYAED,1887,Japanese Yen UAE Dirham,Forex,AED
AEDARS,9275,UAE Dirham Argentinian Peso,Forex,ARS
AEDAUD,9276,UAE Dirham Australian Dollar,Forex,AUD
AEDBRL,9277,UAE Dirham Brazil Real,Forex,BRL
AEDCAD,9278,UAE Dirham Canadian Dollar,Forex,CAD
AEDCHF,9279,UAE Dirham Swiss Franc,Forex,CHF
AEDCLP,9280,UAE Dirham Chilean Peso,Forex,CLP
AEDCNY,9281,UAE Dirham Chinese Yuan,Forex,CNY
AEDCZK,9282,UAE Dirham Czech Koruna,Forex,CZK
AEDDKK,9283,UAE Dirham Danish Krone,Forex,DKK
AEDEUR,9284,UAE Dirham Euro,Forex,EUR
AEDGBP,9285,UAE Dirham British Pound,Forex,GBP
AEDHKD,9286,UAE Dirham Hong Kong Dollar,Forex,HKD
AEDHUF,9287,UAE Dirham Hungarian Forint,Forex,HUF
AEDILS,9288,UAE Dirham Israeli Shekel,Forex,ILS
AEDINR,9289,UAE Dirham Indian Rupee,Forex,INR
AEDISK,9290,UAE Dirham Icelandic Kr,Forex,ISK
AEDKRW,9291,UAE Dirham Korean Won,Forex,KRW
AEDMAD,9292,UAE Dirham Moroccan Dirham,Forex,MAD
AEDMXN,9293,UAE Dirham Mexican Peso,Forex,MXN
AEDNOK,9294,UAE Dirham Norwegian Krone,Forex,NOK
AEDNZD,9295,UAE Dirham New Zealand Dollar,Forex,NZD
AEDPHP,9296,UAE Dirham Philippine Peso,Forex,PHP
AEDPLN,9297,UAE Dirham Polish Zloty,Forex,PLN
AEDRUB,9298,UAE Dirham Russian Ruble,Forex,RUB
AEDSAR,9299,UAE Dirham Saudi Riyal,Forex,SAR
AEDSEK,9300,UAE Dirham Swedish Krona,Forex,SEK
AEDSGD,9301,UAE Dirham Singapore Dollar,Forex,SGD
AEDTHB,9302,UAE Dirham Thai Baht,Forex,THB
AEDTRY,9303,UAE Dirham Turkish Lira,Forex,TRY
AEDUSD,9304,UAE Dirham US Dollar,Forex,USD
AEDVEF,9305,UAE Dirham Venezuelan Bolivar,Forex,VEF
AEDXAF,9306,UAE Dirham Central African Franc,Forex,XAF
AEDXCD,9307,UAE Dirham East Caribbean Dollar,Forex,XCD
AEDZAR,9308,UAE Dirham South African Rand,Forex,ZAR
AEDBBD,9309,UAE Dirham Barbadian Dollar,Forex,BBD
AEDBHD,9310,UAE Dirham Baharain Dinar,Forex,BHD
AEDJOD,9312,UAE Dirham Jordan Dinar,Forex,JOD
AEDNAD,9313,UAE Dirham Namibian Dollar,Forex,NAD
AEDOMR,9314,UAE Dirham Omani Rial,Forex,OMR
AEDQAR,9315,UAE Dirham Qatari Riyal,Forex,QAR
AEDJMD,9316,UAE Dirham Jamaican Dollar,Forex,JMD
AEDKES,9317,UAE Dirham Kenyan Shilling,Forex,KES
AEDLKR,9318,UAE Dirham Sri Lankan Rupee,Forex,LKR
AEDRON,9320,UAE Dirham Romanian Leu,Forex,RON
AEDLBP,9321,UAE Dirham Lebanese Pound,Forex,LBP
AEDNPR,9323,UAE Dirham Nepalese Rupee,Forex,NPR
AEDPAB,9324,UAE Dirham Panamanian Balboa,Forex,PAB
AEDEGP,9325,UAE Dirham Egyptian Pound,Forex,EGP
AEDIDR,9326,UAE Dirham Indonesian Rupiah,Forex,IDR
AEDTWD,9327,UAE Dirham Taiwan Dollar,Forex,TWD
AEDMYR,9328,UAE Dirham Malaysian Ringgit,Forex,MYR
AEDXOF,9329,UAE Dirham West African CFA franc,Forex,XOF
ARSAED,9330,Argentinian Peso UAE Dirham,Forex,AED
AUDAED,9383,Australian Dollar UAE Dirham,Forex,AED
BRLAED,9412,Brazil Real UAE Dirham,Forex,AED
CNYAED,9488,Chinese Yuan UAE Dirham,Forex,AED
HKDAED,9613,Hong Kong Dollar UAE Dirham,Forex,AED
ILSAED,9673,Israeli Shekel UAE Dirham,Forex,AED
MXNAED,9788,Mexican Peso UAE Dirham,Forex,AED
NOKAED,9836,Norwegian Krone UAE Dirham,Forex,AED
NZDAED,9888,New Zealand Dollar UAE Dirham,Forex,AED
PLNAED,9971,Polish Zloty UAE Dirham,Forex,AED
RUBAED,10024,Russian Ruble UAE Dirham,Forex,AED
SARAED,10069,Saudi Riyal UAE Dirham,Forex,AED
SEKAED,10125,Swedish Krona UAE Dirham,Forex,AED
SGDAED,10174,Singapore Dollar UAE Dirham,Forex,AED
THBAED,10208,Thai Baht UAE Dirham,Forex,AED
TRYAED,10241,Turkish Lira UAE Dirham,Forex,AED
TWDAED,10295,Taiwan Dollar UAE Dirham,Forex,AED
VEFAED,10345,Venezuelan Bolivar UAE Dirham,Forex,AED
ZARAED,10402,South African Rand UAE Dirham,Forex,AED
AEDKWD,14472,UAE Dirham Kuwaiti Dinar,Forex,KWD
EGPAED,14473,Egyptian Pound UAE Dirham,Forex,AED
KWDAED,14487,Kuwaiti Dinar UAE Dirham,Forex,AED
JODAED,950992,Jordan Dinar UAE Dirham,Forex,AED
