PETR4,48594,PETROBRAS PN,LATIBEX,EUR,http://www.investing.com/equities/petrobras-pn?cid=48594
PETR3,48603,PETROBRAS ON,LATIBEX,EUR,http://www.investing.com/equities/petrobras-on?cid=48603
BBDC,48614,BRADESCO PN EJ N1�,LATIBEX,EUR,http://www.investing.com/equities/bradesco-pn-n1?cid=48614
VALO,48606,VALE ON,LATIBEX,EUR,http://www.investing.com/equities/vale-on-n1?cid=48606
AMXL,48595,America Movil,LATIBEX,EUR,http://www.investing.com/equities/america-movil-l?cid=48595
ELEKTRA,48608,Grupo Elektra,LATIBEX,EUR,http://www.investing.com/equities/elektra?cid=48608
XNOR,48609,Grupo Financiero Banorte,LATIBEX,EUR,http://www.investing.com/equities/financiero-banorte?cid=48609
ELTO,48601,ELETROBRAS ON,LATIBEX,EUR,http://www.investing.com/equities/eletrobras-on?cid=48601
ELTB,48602,ELETROBRAS PNB,LATIBEX,EUR,http://www.investing.com/equities/eletrobras-pnb?cid=48602
GGBR4,48615,GERDAU PN N1,LATIBEX,EUR,http://www.investing.com/equities/gerdau-pn-n1?cid=48615
VOLB,48618,Volcan Cmp Min,LATIBEX,EUR,http://www.investing.com/equities/volcan-cmp-min
CMIG4,48613,CEMIG PN,LATIBEX,EUR,http://www.investing.com/equities/cemig-pn-n1?cid=48613
CPLE6,48600,COPEL PNB,LATIBEX,EUR,http://www.investing.com/equities/copel-pnb?cid=48600
USIM5,48605,USIMINAS PNA,LATIBEX,EUR,http://www.investing.com/equities/usiminas-pna?cid=48605
BRKM3,48599,BRASKEM PNA,LATIBEX,EUR,http://www.investing.com/equities/braskem-pna-n1?cid=48599
BRPO,48597,BRADESPAR ON,LATIBEX,EUR,http://www.investing.com/equities/bradespar-on-n1?cid=48597
BRPP,48598,BRADESPAR PN,LATIBEX,EUR,http://www.investing.com/equities/bradespar-pn-n1?cid=48598
ALFAA,48607,Alfa,LATIBEX,EUR,http://www.investing.com/equities/alfa-a?cid=48607
USIO,48604,USIMINAS ON,LATIBEX,EUR,http://www.investing.com/equities/usiminas-on?cid=48604
BBAR,48612,BBVA Banco Frances,LATIBEX,EUR,http://www.investing.com/equities/frances?cid=48612
TVAZ,48611,TV Azteca Cpo,LATIBEX,EUR,http://www.investing.com/equities/tv-azteca-cpo?cid=48611
