ABIGR,1010866,Abelco Investment,NGM,SEK,http://www.investing.com/equities/abelco-investment-group-ab
ASTGb,1152241,Advanced Stabilized Tech,NGM,SEK,http://www.investing.com/equities/advanced-stabilized-tech-group
ADVTY,1127987,Adverty,NGM,SEK,http://www.investing.com/equities/adverty
AIKb,986578,AIK Fotboll,NGM,SEK,http://www.investing.com/equities/aik-fotboll-ab
ARBONa,986579,Arbona A,NGM,SEK,http://www.investing.com/equities/arbona-publ-ab-a
ARBONb,986580,Arbona B,NGM,SEK,http://www.investing.com/equities/arbona-publ-ab-b
ALONb,995944,Archelon B,NGM,SEK,http://www.investing.com/equities/archelon-ab
LAIR,986577,Ascenditur,NGM,SEK,http://www.investing.com/equities/ascenditur-publ-ab
ATANA,1152230,Attana,NGM,SEK,http://www.investing.com/equities/attana-ab
BRIOX,986582,Briox,NGM,SEK,http://www.investing.com/equities/briox-ab
CMHM,997557,Chordate Medical,NGM,SEK,http://www.investing.com/equities/chordate-medical-holding-ab
CRWEN,986586,Crown Energy,NGM,SEK,http://www.investing.com/equities/crown-energy-ab
DIVIb,986587,Dividend Sweden,NGM,SEK,http://www.investing.com/equities/dividend-sweden-publ-ab
DIVIkv1b,986588,Dividend Sweden Pref,NGM,SEK,http://www.investing.com/equities/dividend-sweden-publ-ab-pref
BATTM,954915,Eurobattery Minerals,NGM,SEK,http://www.investing.com/equities/orezone-ab
ETIN,986589,ExeoTech Invest,NGM,SEK,http://www.investing.com/equities/exeotech-invest-publ-ab
EOID,1152234,Eyeonid,NGM,SEK,http://www.investing.com/equities/eyeonid-group-ab
FNOX,986591,Fortnox,NGM,SEK,http://www.investing.com/equities/fortnox-ab
F2M,986590,Free2Move,NGM,SEK,http://www.investing.com/equities/free2move-holding-ab
FRNTb,986592,FrontOffice Nordic,NGM,SEK,http://www.investing.com/equities/frontoffice-nordic-publ-ab
GTABb,986593,Glycorex Transplantation,NGM,SEK,http://www.investing.com/equities/glycorex-transplantation-publ-ab
GTGS,986594,Gold Town Games,NGM,SEK,http://www.investing.com/equities/gold-town-games-ab
GUGEO,986595,Guideline Geo,NGM,SEK,http://www.investing.com/equities/guideline-geo-publ-ab
IMSOLb,986596,Implementa Sol,NGM,SEK,http://www.investing.com/equities/implementa-hebe-ab
SUST,986597,IQS Energi,NGM,SEK,http://www.investing.com/equities/iqs-energi-komfort-ab
KOBR,986598,Kopparbergs Bryggeri,NGM,SEK,http://www.investing.com/equities/kopparbergs-bryggeri-ab
LCTE,986599,LC Tec,NGM,SEK,http://www.investing.com/equities/lc-tec-holding-ab
LIFEb,986600,LifeAssays,NGM,SEK,http://www.investing.com/equities/lifeassays-publ-ab
MEGRP,986603,Mediacle,NGM,SEK,http://www.investing.com/equities/mobilatervinning-i-sverige-ab
MEDNA,986601,Medica Clinical Nord,NGM,SEK,http://www.investing.com/equities/medica-clinical-nord-holding-ab
MERTa,41037,Mertiva,NGM,SEK,http://www.investing.com/equities/mertiva-ab
METV,986602,Metallvarden i Sverige,NGM,SEK,http://www.investing.com/equities/metallvarden-i-sverige-publ-ab
MULT,995194,MultiDocker Cargo,NGM,SEK,http://www.investing.com/equities/multidocker-cargo-handling-ab
MVVb,986604,MVV Holding,NGM,SEK,http://www.investing.com/equities/mvv-holding-publ-ab
NTGRP,1011880,Net Trading Group,NGM,SEK,http://www.investing.com/equities/net-trading-group-ntg-ab
N55,1031169,News55,NGM,SEK,http://www.investing.com/equities/news55
NICKE,994476,Nickel Mountain,NGM,SEK,http://www.investing.com/equities/nickel-mountain-resources-ab
NISCH,958944,Nischer Properties,NGM,SEK,http://www.investing.com/equities/nischer-publ-ab
OBDUb,986605,Obducat AB,NGM,SEK,http://www.investing.com/equities/obducat-ab?cid=986605
OBDUprefb,996142,Obducat Pref B,NGM,SEK,http://www.investing.com/equities/obducat-ab-pref-b
PNVA,986606,Paynova,NGM,SEK,http://www.investing.com/equities/paynova-ab
PRLD,1006227,Prolight Diagnostics,NGM,SEK,http://www.investing.com/equities/prolight-diagnostics-ab
QBIT,1142165,QuickBit,NGM,SEK,http://www.investing.com/equities/quickbit-eu-ab
QBITto1,1142164,QuickBit,NGM,SEK,http://www.investing.com/equities/quickbit-eu-ab-right
RAYTL,1152243,Raytelligence,NGM,SEK,http://www.investing.com/equities/raytelligence-ab
REALb,986608,Real Holding i Sverige,NGM,SEK,http://www.investing.com/equities/real-holding-i-sverige-publ-ab
RENT,1009393,Rentunder Holding,NGM,SEK,http://www.investing.com/equities/rentunder-holding-ab
SAMTb,997931,Samtrygg Group,NGM,SEK,http://www.investing.com/equities/samtrygg-group-ab
SBC,986610,Sbc Sveriges Bostadsrattscentrum,NGM,SEK,http://www.investing.com/equities/sbc-sveriges-bostadsrattscentrum
SARSYS,997558,Scandinavian Airport Road,NGM,SEK,http://www.investing.com/equities/scandinavian-airport-road-system
SOSIL,986612,Sotkamo Silver AB,NGM,SEK,http://www.investing.com/equities/sotkamo-silver-ab?cid=986612
SPINT,997559,Spintso International,NGM,SEK,http://www.investing.com/equities/spintso-international-ab
STRLNG,994013,Swedish Stirling,NGM,SEK,http://www.investing.com/equities/ripasso-energy-ab
SWEMb,986613,Swemet,NGM,SEK,http://www.investing.com/equities/swemet-ab
TCC,1017268,TC Connect,NGM,SEK,http://www.investing.com/equities/tc-connect
TIROINT,994477,Transiro Int,NGM,SEK,http://www.investing.com/equities/transiro-int-ab
MLTR,986614,Uni Light LED,NGM,SEK,http://www.investing.com/equities/uni-light-led-ab
WILAbt,42370,Wilderness Holdings,NGM,SEK,http://www.investing.com/equities/wilderness-holdings-ltd
XAVIb,999109,Xavitech,NGM,SEK,http://www.investing.com/equities/xavitech-ab
ZORDIXb,1152232,Zordix,NGM,SEK,http://www.investing.com/equities/zordix-ab
