EURPAB,1681,Euro Panamanian Balboa,Forex,PAB
USDPAB,2176,US Dollar Panamanian Balboa,Forex,PAB
AEDPAB,9324,UAE Dirham Panamanian Balboa,Forex,PAB
ARSPAB,9377,Argentinian Peso Panamanian Balboa,Forex,PAB
AUDPAB,9409,Australian Dollar Panamanian Balboa,Forex,PAB
BRLPAB,9441,Brazil Real Panamanian Balboa,Forex,PAB
CADPAB,9477,Canadian Dollar Panamanian Balboa,Forex,PAB
CNYPAB,9524,Chinese Yuan Panamanian Balboa,Forex,PAB
CHFPAB,9559,Swiss Franc Panamanian Balboa,Forex,PAB
DKKPAB,9597,Danish Krone Panamanian Balboa,Forex,PAB
GBPPAB,9610,British Pound Panamanian Balboa,Forex,PAB
HKDPAB,9642,Hong Kong Dollar Panamanian Balboa,Forex,PAB
ILSPAB,9710,Israeli Shekel Panamanian Balboa,Forex,PAB
MXNPAB,9818,Mexican Peso Panamanian Balboa,Forex,PAB
NOKPAB,9870,Norwegian Krone Panamanian Balboa,Forex,PAB
NZDPAB,9911,New Zealand Dollar Panamanian Balboa,Forex,PAB
PLNPAB,10006,Polish Zloty Panamanian Balboa,Forex,PAB
SARPAB,10108,Saudi Riyal Panamanian Balboa,Forex,PAB
SEKPAB,10157,Swedish Krona Panamanian Balboa,Forex,PAB
SGDPAB,10196,Singapore Dollar Panamanian Balboa,Forex,PAB
TRYPAB,10278,Turkish Lira Panamanian Balboa,Forex,PAB
TWDPAB,10329,Taiwan Dollar Panamanian Balboa,Forex,PAB
VEFPAB,10384,Venezuelan Bolivar Panamanian Balboa,Forex,PAB
ZARPAB,10432,South African Rand Panamanian Balboa,Forex,PAB
