BTCUSD,1031044,Bitcoin US Dollar,Bittrex,USD
ETHBTC,1031045,Ethereum Bitcoin,Bittrex,BTC
ETHUSD,1031047,Ethereum US Dollar,Bittrex,USD
BCHBTC,1031042,Bitcoin Cash Bitcoin,Bittrex,BTC
BCHUSD,1031048,Bitcoin Cash US Dollar,Bittrex,USD
BCHETH,1031051,Bitcoin Cash Ethereum,Bittrex,ETH
XRPBTC,1031049,Ripple Bitcoin,Bittrex,BTC
XRPUSD,1031056,Ripple US Dollar,Bittrex,USD
XRPETH,1031060,Ripple Ethereum,Bittrex,ETH
LTCBTC,1031046,Litecoin Bitcoin,Bittrex,BTC
LTCUSD,1031054,Litecoin US Dollar,Bittrex,USD
LTCETH,1031057,Litecoin Ethereum,Bittrex,ETH
ETCBTC,1031050,Ethereum Classic Bitcoin,Bittrex,BTC
ETCUSD,1031059,Ethereum Classic US Dollar,Bittrex,USD
ETCETH,1031058,Ethereum Classic Ethereum,Bittrex,ETH
ADABTC,1055143,Cardano Bitcoin,Bittrex,BTC
ADAUSD,1057246,Cardano US Dollar,Bittrex,USD
ADAETH,1055843,Cardano Ethereum,Bittrex,ETH
QTUMBTC,1031071,Qtum Bitcoin,Bittrex,BTC
QTUMETH,1031328,Qtum Ethereum,Bittrex,ETH
ANSBTC,1031074,NEO Bitcoin,Bittrex,BTC
ANSUSD,1031327,NEO US Dollar,Bittrex,USD
ANSETH,1031075,NEO Ethereum,Bittrex,ETH
DASHBTC,1031052,Dash Bitcoin,Bittrex,BTC
DASHUSD,1031061,Dash US Dollar,Bittrex,USD
DASHETH,1035788,Dash Ethereum,Bittrex,ETH
XVGBTC,1036890,Verge Bitcoin,Bittrex,BTC
XLMBTC,1036919,Stellar Lumens Bitcoin,Bittrex,BTC
XLMETH,1054909,Stellar Lumens Ethereum,Bittrex,ETH
ZECBTC,1031053,Zcash Bitcoin,Bittrex,BTC
ZECUSD,1031062,Zcash US Dollar,Bittrex,USD
ZECETH,1031393,Zcash Ethereum,Bittrex,ETH
OMGBTC,1036858,Omisego Bitcoin,Bittrex,BTC
OMGUSD,1054902,Omisego US Dollar,Bittrex,USD
OMGETH,1036859,Omisego Ethereum,Bittrex,ETH
XMRBTC,1031055,Monero Bitcoin,Bittrex,BTC
XMRUSD,1031063,Monero US Dollar,Bittrex,USD
XMRETH,1035787,Monero Ethereum,Bittrex,ETH
SCBTC,1031669,Siacoin Bitcoin,Bittrex,BTC
SCETH,1031671,Siacoin Ethereum,Bittrex,ETH
BTGBTC,1055872,Bitcoin Gold Bitcoin,Bittrex,BTC
BTGUSD,1055871,Bitcoin Gold US Dollar,Bittrex,USD
BTGETH,1055873,Bitcoin Gold Ethereum,Bittrex,ETH
XEMBTC,1031668,NEM Bitcoin,Bittrex,BTC
XEMETH,1031330,NEM Ethereum,Bittrex,ETH
LSKBTC,1035786,Lisk Bitcoin,Bittrex,BTC
