EURKRW,158,Euro Korean Won,Forex,KRW
JPYKRW,159,Japanese Yen Korean Won,Forex,KRW
USDKRW,650,US Dollar Korean Won,Forex,KRW
AUDKRW,1494,Australian Dollar Korean Won,Forex,KRW
CADKRW,1530,Canadian Dollar Korean Won,Forex,KRW
CHFKRW,1553,Swiss Franc Korean Won,Forex,KRW
GBPKRW,1767,British Pound Korean Won,Forex,KRW
HKDKRW,1823,Hong Kong Dollar Korean Won,Forex,KRW
IDRKRW,1849,Indonesian Rupiah Korean Won,Forex,KRW
INRKRW,1870,Indian Rupee Korean Won,Forex,KRW
KRWCNY,1915,Korean Won Chinese Yuan,Forex,CNY
KRWHKD,1918,Korean Won Hong Kong Dollar,Forex,HKD
KRWIDR,1919,Korean Won Indonesian Rupiah,Forex,IDR
KRWINR,1920,Korean Won Indian Rupee,Forex,INR
KRWJPY,1921,Korean Won Japanese Yen,Forex,JPY
KRWMYR,1922,Korean Won Malaysian Ringgit,Forex,MYR
KRWTHB,1925,Korean Won Thai Baht,Forex,THB
KRWTWD,1926,Korean Won Taiwan Dollar,Forex,TWD
KRWZAR,1928,Korean Won South African Rand,Forex,ZAR
MYRKRW,1963,Malaysian Ringgit Korean Won,Forex,KRW
NZDKRW,1986,New Zealand Dollar Korean Won,Forex,KRW
SGDKRW,2036,Singapore Dollar Korean Won,Forex,KRW
THBKRW,2055,Thai Baht Korean Won,Forex,KRW
TWDKRW,2076,Taiwan Dollar Korean Won,Forex,KRW
ZARKRW,2243,South African Rand Korean Won,Forex,KRW
AEDKRW,9291,UAE Dirham Korean Won,Forex,KRW
ARSKRW,9344,Argentinian Peso Korean Won,Forex,KRW
BRLKRW,9429,Brazil Real Korean Won,Forex,KRW
CNYKRW,9511,Chinese Yuan Korean Won,Forex,KRW
CLPKRW,9569,Chilean Peso Korean Won,Forex,KRW
DKKKRW,9587,Danish Krone Korean Won,Forex,KRW
HUFKRW,9661,Hungarian Forint Korean Won,Forex,KRW
ILSKRW,9697,Israeli Shekel Korean Won,Forex,KRW
ISKKRW,9761,Icelandic Kr Korean Won,Forex,KRW
MXNKRW,9809,Mexican Peso Korean Won,Forex,KRW
NOKKRW,9857,Norwegian Krone Korean Won,Forex,KRW
PHPKRW,9936,Philippine Peso Korean Won,Forex,KRW
PKRKRW,9958,Pakistani Rupee Korean Won,Forex,KRW
PLNKRW,9993,Polish Zloty Korean Won,Forex,KRW
RUBKRW,10044,Russian Ruble Korean Won,Forex,KRW
SARKRW,10095,Saudi Riyal Korean Won,Forex,KRW
SEKKRW,10145,Swedish Krona Korean Won,Forex,KRW
TRYKRW,10265,Turkish Lira Korean Won,Forex,KRW
VEFKRW,10371,Venezuelan Bolivar Korean Won,Forex,KRW
KRWUSD,13922,Korean Won US Dollar,Forex,USD
KRWEUR,13923,Korean Won Euro,Forex,EUR
KRWGBP,13924,Korean Won British Pound,Forex,GBP
KRWCAD,13925,Korean Won Canadian Dollar,Forex,CAD
KRWAUD,13926,Korean Won Australian Dollar,Forex,AUD
KRWCHF,13927,Korean Won Swiss Franc,Forex,CHF
KRWSGD,14486,Korean Won Singapore Dollar,Forex,SGD
KRWILS,1031410,Korean Won Israeli Shekel,Forex,ILS
