3NGL,945840,Boost Natural GAS 3X Leverage Daily,,
3OIL,945845,Boost WTI Oil 3X Leverage Daily,,
VIXL,1065336,Boost S&P 500 VIX Short-Term Futures 2.25x Leverage Daily,,
DESG409N,1073652,Societe Generale Effekten ZT FTSE MIB Total Return Index 21Dec18,,
DESG409M,1073125,Societe Generale Effekten ZT FTSE MIB Daily Ultra Leveraged RT Net-of-Tax Lux TR 21Dec18,,
IT3S,951530,ETFS 3X Daily Short FTSE MIB,,
XBRMIB,38742,Lyxor UCITS FTSE MIB Daily Double Short XBear,,
LU417034,1013265,SG Issuer ZT WTI X7 Short 18 Jun 21,,
NGAS,47098,ETFS Natural Gas,,
OIL3L,951549,SG WTI Oil +3x Daily Leveraged Collateralized,,
LEVMIB,38731,Lyxor UCITS FTSE MIB Daily Leveraged,,
CRUD,46889,ETFS WTI Crude Oil,,
IUSA,47089,iShares S&P 500 UCITS Dist,,
3ITS,945836,Boost FTSE MIB 3x Short Daily,,
IT3L,951529,ETFS 3X Daily Long FTSE MIB,,
WEAT,46841,ETFS Wheat,,
ETFMIB,47029,Lyxor UCITS FTSE MIB,,
AEEM,46984,Amundi ETF MSCI Emerging Markets UCITS,,
BTP2S,949318,Lyxor UCITS Daily Double Short BTP,,
MSE,46877,Lyxor UCITS Stoxx 50 D-EUR,,
RBOT,997103,iShares Automation & Robotics UCITS Acc,,
3OIS,945843,Boost WTI Oil 3X Short Daily,,
HEAL,1009030,iShares Healthcare Innovation UCITS Acc,,
XT21,47064,db x-trackers S&P 500 2x Inverse Daily UCITS 1C,,
DGTL,1077015,iShares Digitalisation UCITS Acc,,
QQQS,945839,Boost Nasdaq 100 3X Short Daily,,
BERMIB,37616,Lyxor UCITS FTSE MIB Daily Short Bear,,
ALMN,46844,ETFS Aluminium,,
HOGS,46898,ETFS Lean Hogs,,
CORN,46839,ETFS Corn,,
3USS,945851,Boost S&P 500 3X Short Daily,,
BULL,37599,ETFS Gold,,
XD5E,949502,db x-trackers MSCI EMU UCITS DR,,
COFF,47059,ETFS Coffee,,
XESX,46866,db x-trackers Euro Stoxx 50 UCITS DR 1D,,
LU417018,1013278,SG Issuer ZT WTI X7 Long 18 Jun 21,,
IEVL,956343,iShares MSCI Europe Value Factor UCITS,,
SWDA,46925,iShares Core MSCI World UCITS,,
FR3S,951519,ETFS 3X Daily Short Cac 40,,
IMIB,47083,iShares FTSE MIB UCITS Dist,,
3WHL,1024611,ETFS 3x Daily Long Wheat,,
IEEM,46831,iShares MSCI Emerging Markets UCITS Dist,,
AIGC,37578,ETFS All Commodities,,
LSUG,46939,ETFS Leveraged Sugar ETC,,
LGRE,47191,Lyxor UCITS FTSE ATHEX Large Cap,,
3SIL,945834,Boost Silver 3X Leverage Daily,,
LCOR,46932,ETFS Leveraged Corn ETC,,
BUND2S,47018,Lyxor UCITS Daily Double Short Bund,,
3SUL,1024609,ETFS 3x Daily Long Sugar,,
EUE,46865,iShares EURO STOXX 50 UCITS Dist,,
ROBO,949437,ROBO-STOX Global Robotics and Automation GO UCITS,,
ISPY,962083,Solutions Ise Cyber Security Go UCITS,,
LCFE,46930,ETFS Leveraged Coffee ETC,,
GE3S,951525,ETFS 3X Daily Short Dax 30,,
COCO,47161,ETFS Cocoa,,
3CRS,994156,ETFS 3X Daily Short Wti Crude Oil,,
USE3,37586,ETFs 3X Short USD Long EUR,,
LVO,47054,Lyxor S&P 500 VIX Futures Enhanced Roll C-EUR,,
USE5,951566,ETFS 5x Short USD Long EUR,,
LDAX2S,47177,Lyxor UCITS Daily ShortDAX x2 C-EUR,,
LOIL,46935,ETFS Leveraged WTI Crude Oil,,
C2U,949311,Amundi ETF Short MSCI USA Daily UCITS,,
3NIS,1024604,ETFS 3x Daily Short Nickel,,
LYXBNK,47200,Lyxor UCITS Stoxx Europe 600 Banks,,
DJSC,47070,iShares EURO STOXX Small UCITS,,
CRB,46842,Lyxor UCITS Commodities Thomson Reuters/Corecommodity CRB TR C-EUR,,
BSX,949297,Lyxor UCITS Stoxx 50 Daily Short,,
IUES,47090,iShares S&P 500 EUR Hedged UCITS,,
500H,46983,Amundi S&P 500 EUR Hedged Daily UCITS,,
3CRL,994155,ETFS 3X Daily Long Wti Crude Oil,,
CH3S,1024921,ETFS 3x Daily Short FTSE China 50,,
3BAL,945846,Boost Euro Stoxx Banks 3X Leverage Daily,,
3ITL,945827,Boost FTSE MIB 3x Leverage Daily,,
A500,46875,Amundi S&P 500 UCITS,,
3BRS,1024563,Boost Brent Oil 3X Short Daily,,
LEONIA,47032,Lyxor UCITSo Cash,,
GE3L,951524,ETFS 3X Daily Long Dax 30,,
PHAU,47101,ETFS Physical Gold,,
LTAM,46941,iShares MSCI Emerging Market Latin America UCITS,,
LALU,47188,ETFS Leveraged Aluminium ETC,,
AUTP,47150,Lyxor UCITS Stoxx Europe 600 Automobiles & Parts,,
PSEUHI,1055840,PIMCO Euro Short-Term High Yield Corporate Bond Source UCITS Income,,
LLHO,951538,ETFS Leveraged Lean Hogs ETC,,
IJPN,46918,iShares MSCI Japan UCITS Dist,,
EIMI,949423,iShares Core MSCI Emerging Markets IMI UCITS,,
IBTS,46902,iShares Treasury Bond 1-3 UCITS,,
3CFL,986902,ETFS 3X Daily Long Coffee,,
DR,47123,db x-trackers Euro Stoxx 50 UCITS,,
ECECRD,38717,ETFS EUR Daily Hedged WTI Crude Oil,,
3NGS,945832,Boost Natural Gas 3x Short Daily,,
JNKE,46968,SPDR Barclays Capital Euro High Yield Bond,,
BXX,47151,Lyxor UCITS Stoxx 50 Daily Double Short,,
E50EUA,47071,UBS ETF - EURO STOXX 50 UCITS EUR A-dis,,
LCOC,951534,ETFS Leveraged Cocoa ETC,,
IDVY,47078,iShares EURO Dividend UCITS,,
3HCL,945826,Boost Copper 3x Leverage Daily,,
XJSE,949518,db x-trackers II iBoxx Japan Sovereign UCITS 1C,,
IHYG,46916,iShares Euro High Yield Corporate Bond UCITS,,
USTE,47239,Lyxor UCITS Nasdaq-100 D-EUR,,
LCOP,46931,ETFS Leveraged Copper ETC,,
3BAS,945849,Boost Euro Stoxx Banks 3X Short Daily,,
ISF,46921,iShares Core FTSE 100 UCITS,,
XMEX,47062,db x-trackers MSCI Mexico UCITS DR 1C,,
IMEU,47082,iShares MSCI Europe UCITS Dist,,
INRG,47085,iShares Global Clean Energy UCITS,,
EMKT,47033,Lyxor UCITS MSCI Emerging Markets C-EUR,,
EIMT,951508,ETFS EUR Daily Hedged Industrial Metals,,
NICK,46848,ETFS Nickel,,
LNGA,47091,ETFS Leveraged Natural Gas,,
ITAMID,949333,Lyxor UCITS FTSE Italia Mid Cap D-EUR,,
XSPS,46980,db x-trackers S&P 500 Inverse Daily UCITS 1C,,
XCHA,47118,db x-trackers CSI300 UCITS 1C,,
CSSPX,46891,iShares Core S&P 500 UCITS,,
INDI,47186,Lyxor UCITS MSCI India C-EUR,,
BATT,1072065,ETFS Battery Value Chain GO UCITS,,
SUGA,46946,ETFS Sugar,,
LYXSP,47047,Lyxor UCITS S&P 500 D-EUR,,
AIGI,46846,ETFS Industrial Metals,,
3EUS,945835,Boost Euro Stoxx50 3X Short Daily,,
HFRN,995359,Amundi Floating Rate USD Corporate UCITS Hedged EUR,,
3CUS,1024600,ETFS 3x Daily Short Copper,,
BTP1S,996524,Lyxor BTP Daily Short UCITS,,
EZNC,38725,ETFS EUR Daily Hedged Zinc,,
DJLEV,47028,Lyxor UCITS Stoxx 50 Daily Leverage,,
MVEU,956353,iShares Edge MSCI Europe Min Volatility UCITS,,
FTS100,47096,Lyxor UCITS FTSE 100 C-GBP,,
STHE,949414,PIMCO Short-Term High Yield Corporate Bond Source UCITS EUR Hedged Class,,
SOIL,47106,ETFS WTI Short Crude Oil,,
UK3S,951565,ETFS 3x Daily Short FTSE 100,,
IWRD,46928,iShares MSCI World UCITS,,
XFVT,46861,db x-trackers FTSE Vietnam UCITS 1C,,
XAD1,46950,db Physical Gold Euro Hedged,,
XHY1,956338,db x-trackers II iBoxx EUR High Yield Bond 1-3Yr UCITS,,
COTN,47163,ETFS Cotton,,
XD3E,46970,db x-trackers EuroStoxx Select Dividend 30 UCITS DR,,
IWDE,46926,iShares MSCI World EUR Hedged UCITS,,
SEUC,949407,SPDR Barclays 0-3 Year Euro Corp Bond UCITS,,
USDV,46948,SSgA SPDR S&P US Dividend Aristocrats,,
AIGA,46838,ETFS Agriculture,,
DJ Turkey Titans 20,47027,Lyxor UCITS Turkey,,
EALU,951500,ETFS Daily Hedged Aluminum,,
3GOL,945828,Boost Gold 3X Leverage Daily,,
3DES,945841,Boost Shortdax 3X Daily,,
GBS,47074,ETFS Gold Bullion Securities,,
3SUS,1024608,ETFS 3X Daily Short Sugar,,
TELE,47050,Lyxor UCITS Stoxx Europe 600 Telecommunications,,
CSMIB,46888,iShares FTSE MIB UCITS,,
NG3L,1024603,ETFS 3x Daily Long Natural Gas,,
SPY4,949371,SSgA SPDR S&P 400 US Mid Cap,,
SGLD,951554,Source Physical Gold P Certs,,
IUKP,949337,iShares UK Property UCITS,,
Ibovespa,47035,Lyxor UCITS Brazil,,
DAXX,47095,Lyxor UCITS DAX,,
EQQQ,46896,PowerShares EQQQ Nasdaq-100 UCITS,,
ZINC,46851,ETFS Zinc,,
ENY,47197,Lyxor UCITS New Energy D-EUR,,
ERNE,949411,iShares Euro Ultrashort Bond UCITS,,
LWEA,47093,ETFS Leveraged Wheat,,
FMI,37615,Amundi ETF FTSE MIB UCITS,,
FLOT,956344,Lyxor UCITS Barclays Floating Rate Euro 0-7Y ,,
GLDV,949405,SPDR S&P Global Dividend Aristocrats UCITS,,
SPXH,949519,Lyxor UCITS S&P 500 Daily Hedged D-EUR,,
UKEUBH,949515,UBS ETF - MSCI United Kingdom 100% hedged to EUR UCITS EUR A-acc,,
OIL3S,951550,SG WTI Oil -3x Daily Short Collateralized,,
IJPE,46917,iShares MSCI Japan EUR Hedged UCITS,,
IGLT,46914,iShares Core UK Gilts UCITS,,
AFIN,46986,Amundi Euro Corporate Financials IBOXX UCITS,,
SJPA,949367,iShares Core MSCI Japan IMI UCITS,,
LZIC,951543,ETFS Leveraged Zinc ETC,,
AUCO,47055,ETFX DAXGlobal Gold Mining GO UCITS,,
XMEM,46870,db x-trackers MSCI Emerging Markets UCITS,,
BRNT,949439,ETFS Commodity Securities Brent Crude,,
EMUEUA,47230,UBS ETF MSCI EMU UCITS EUR A-dis,,
XMBR,47127,db x-trackers MSCI Brazil UCITS DR 1C,,
DESG5XGH,1072334,Societe Generale Effekten Call DAX 28Jun19,,
DES2,46880,ETFS DAX Daily 2x Short GO UCITS,,
3HCS,945848,Boost Copper 3x Short Daily,,
ALAT,46988,Amundi MSCI EM Latin America UCITS,,
LSFT,45885,ETFS Leveraged Softs DJ UBSCI ETC,,
CBUS5E,1010880,UBS Barclays US Liquid Corporates 1-5 UCITS hedged A-acc,,
HSI,47179,Lyxor UCITS Hong Kong,,
EGRA,1073497,WisdomTree Eurozone Quality Dividend Growth UCITS,,
SE15,46905,iShares Euro Corporate Bond 1-5Yr UCITS,,
PRFD,1054691,PowerShares Preferred Shares UCITS,,
GAGG,1013272,Amundi Index Solutions Barclays Global AGG 500M UCITS DR,,
XS2L,46957,db x-trackers S&P 500 2x Leveraged Daily UCITS 1C,,
XMIB,47130,db x-trackers FTSE MIB UCITS DR,,
EMBE,980292,iShares J.P. Morgan Emerging Markets Bond EUR Hedged UCITS,,
CSSX5E,46895,iShares CoreO STOXX 50 UCITS,,
IEMB,46910,iShares J.P. Morgan Emerging Market Bond UCITS,,
BTP10,1052106,Lyxor EuroMTS 10 Italy BTP Government Bond DR UCITS C-EUR,,
EUDV,46897,SSgA SPDR S&P Euro Dividend Aristocrats,,
BNKE,949332,Lyxor UCITS Stoxx Banks C-EUR,,
3BUS,945825,Boost Bund 10Y 3X Short Daily,,
XD9U,949420,db x-trackers MSCI USA UCITS DR,,
MVOL,956355,iShares Edge MSCI World Minimum Volatility UCITS,,
CBEU5,949522,UBS ETF Barclays Euro Area Liquid Corporates 1-5 Year UCITS EUR A-dis,,
BRES,47094,Lyxor UCITS Stoxx Europe 600 Basic Resources,,
BLOK,1080058,First Trust Indxx Innovative Transaction&Process,,
SF5EUA,949508,UBS ETF - SBI Foreign AAA-BBB 5-10 UCITSCHF A-dis,,
XMUS,46876,db x-trackers MSCI USA UCITS 1C,,
XSSX,47143,db x-trackers Euro Stoxx 50 Short Daily UCITS 1C,,
AFRN,956361,Amundi Floating Rate Euro Corporate 1-3 UCITS,,
IPIR,1045804,iShares FTSE Italia MidSmall Cap UCITS,,
STOXXIEX,46863,iShares STOXX Europe 600 UCITS,,
USFRN,998425,Amundi Floating Rate USD Corporate UCITS,,
ISFLTR,1054683,iShares USD Floating Rate Bond UCITS Dis,,
PRFE,1075600,PowerShares Preferred Shares UCITS EUR Hedged Dist,,
IFFF,46913,iShares MSCI AC Far East ex-Japan UCITS,,
IWDP,46927,iShares Developed Markets Property Yield UCITS,,
DJMC,47069,iShares EURO STOXX Mid UCITS,,
EM57,986906,Lyxor EuroMTS 5-7Y Investment Grade UCITS C,,
XMME,1052289,db x-trackers MSCI Emerging Markets UCITS DR 1C Unhedged,,
EU3L,951510,ETFS 3x Daliy Long Euro Stoxx 50,,
XSDX,47141,db x-trackers ShortDAX Daily UCITS 1C,,
BTP13,1052107,Lyxor EuroMTS 1-3 Italy BTP Government Bond DR UCITS C-EUR,,
IEAC,46906,iShares Core Corporate Bond UCITS,,
MIB3S,951545,SG FTSE MIB -3x Daily Short Collateralized,,
IEBB,994159,iShares Corporate Bond BBB-BB UCITS,,
IEAG,46907,iShares Aggregate Bond UCITS,,
5BTS,1024474,Boost BTP 10Y 5x Short Daily,,
INAA,47084,iShares MSCI North America UCITS,,
GBSE,951523,ETFS EUR Daily Hedged Physical Gold,,
CBUSE,949523,UBS ETF Barclays US Liquid Corporates UCITS hedged to EUR A-acc,,
LAFRI,46871,Lyxor UCITS Pan Africa C-EUR,,
OILW,951551,ETFS WTI 2Mth,,
CBUS5,956351,UBS Barclays US Liquid Corporates 1-5Yr UCITS,,
COPA,46845,ETFS Copper,,
3BTS,945824,Boost BTP 10Y 3X Short Daily,,
MIVO,949303,Amundi ETF MSCI Europe Minimum Volatility UCITS,,
DJ Russia GDR,47192,Lyxor UCITS Russia,,
STOXXEEX,46862,iShares EURO STOXX UCITS,,
BTP2L,949319,Lyxor UCITS Daily Leveraged BTP,,
LPLA,46936,ETFS Leveraged Platinum ETC,,
ITKY,47087,iShares MSCI Turkey UCITS,,
CRBN,47013,Lyxor UCITS Commodities Thomson Reuters/Corecommodity CRB ex-Energy TR C-EUR,,
X13G,949334,Amundi ETF Govt Bond Lowest Rated EuroMTS Investment Grade 1-3 UCITS,,
IBZL,46903,iShares MSCI Brazil UCITS Dist,,
XTXC,949451,db x-trackers II iTraxx Crossover 5y UCITS,,
H2O,47030,Lyxor UCITS World Water D-EUR,,
JELS,1072060,JPMorgan Ireland ICAV - Equity Long-Short UCITS USD acc,,
AASI,46852,Amundi MSCI EM Asia UCITS,,
PSWC,46943,PowerShares Dynamic US Market UCITS,,
SOYB,46212,ETFS Soybeans,,
Irl,949412,UBS,,
LYXHEA,47201,Lyxor UCITS Stoxx Europe 600 Health Care,,
LYXOIL,47034,Lyxor UCITS Stoxx Europe 600 Oil & Gas,,
XS7R,47138,db x-trackers STOXX Europe 600 Banks UCITS,,
IHYU,949370,iShares High Yield Corporate Bond UCITS,,
PHAG,47100,ETFS Physical Silver,,
XMRC,47134,db x-trackers MSCI Russia Capped UCITS 1C,,
GDAXIEX,46879,iShares Core DAX UCITS,,
XDJP,949501,db x-trackers Nikkei 225 UCITS DR,,
3NIL,1024605,ETFS 3x Daily Long Nickel,,
XAD5,46949,db Physical Gold,,
IFSE,994161,iShares Edge MSCI Europe Multifactor UCITS,,
SCOC,46944,ETFS Short Cocoa,,
ITPS,46923,iShares TIPS UCITS,,
ITBL,994153,Boost FTSE MIB Banks,,
C3M,46994,Amundi ETF Cash 3 Months EuroMTS Investment Grade UCITS,,
IUKD,38729,iShares UK Dividend UCITS,,
STHY,956350,PIMCO Short-Term High Yield Corporate Bond Source UCITS USD,,
EMLD,46837,SSgA SPDR Barclays Emerging Markets Local Bond UCITS,,
EUSE,1024578,ETFS Long SEK Short EUR,,
ITALI,1045805,Amundi ETF FTSE Italia PIR UCITS DR,,
BRIC,46885,iShares BRIC 50 UCITS,,
EUN,47072,iShares STOXX Europe 50 UCITS,,
SDJE50,949383,Source Euro Stoxx 50 TR A UCITS,,
IBCX,47075,iShares Euro Corporate Bond Large Cap UCITS,,
MIB3L,951544,SG FTSE MIB +3x Daily Leveraged Collateralized,,
ESUG,38723,ETFS EUR Daily Hedged Sugar,,
EGOVI,1013331,Amundi Index Solutions JP Morgan EMU Govies 1-10 UCITS DR,,
AEJ,46985,Lyxor UCITS MSCI AC Asia-Pacific Ex Japan C-E,,
ENGS,47250,ETFS EUR Daily Hedged Natural Gas,,
PSRF,47103,PowerShares FTSE RAFI US 1000 UCITS,,
PADV,949406,SPDR S&P Pan Asia Dividend Aristocrats UCITS,,
CSPXJ,949372,iShares Core MSCI Pacific ex Japan UCITS,,
3AUL,995358,ETFS 3x Daily Long Gold Exchange Traded Commodity EUR,,
XMAW,949417,db x-trackers MSCI AC World UCITS DR,,
SEMA,47079,iShares MSCI Emerging Markets UCITS,,
XDWT,1009157,db x-trackers MSCI World Information Technology UCITS DR 1C,,
CSEMUS,46965,iShares MSCI EMU Small Cap UCITS,,
EU3S,951511,ETFS 3X Daily Short Euro Stoxx 50,,
CSBGE3,46836,iShares Government Bond 1-3 UCITS,,
SW2CHB,949521,UBS ETF - MSCI Switzerland 20/35 UCITS CHF A-acc,,
IH2O,46915,iShares Global Water UCITS,,
XUTE,1011914,db x-trackers II iBoxx $ Treasuries UCITS DR 2D,,
XCS3,47119,db x-trackers MSCI Malaysia UCITS DR 1C,,
LQDE,46937,iShares Corporate Bond UCITS,,
CSBGE7,46967,iShares Euro Government Bond 3-7Yr UCITS Acc,,
WLD,47240,Lyxor UCITS MSCI World D-EUR,,
PJS1,949381,PIMCO Euro Short Maturity Source UCITS,,
S&P TSX 60,47229,Lyxor UCITS Canada,,
XCAN,47061,db x-trackers MSCI Canada UCITS 1C,,
3WHS,1024610,ETFS 3x Daily Short Wheat,,
ECBIOT,1072064,ETFS Pharma Breakthrough GO UCITS,,
XYP1,949562,db x-trackers II iBoxx Sovereign Eurozone Yield Plus 1-3 UCITS,,
XFFE,47124,db x-trackers II Fed Funds Effective Rate UCITS 1C,,
CCEUAS,949376,UBS ETFs plc - CMCI Composite SF UCITS EUR A-acc,,
3USL,945850,Boost S&P 500 3X Leverage Daily,,
XMTW,46860,db x-trackers MSCI Taiwan UCITS DR,,
M7USAS,949403,UBS ETFs plc - MAP Balanced 7 SF UCITS USD A-acc,,
EUS5,951515,ETFS 5x Long USD Short EUR,,
IFSW,994163,iShares Edge MSCI World Multifactor UCITS,,
EM35,47041,Lyxor UCITS EuroMTS 3-5Y Investment Grade DR,,
IBGY,38726,iShares Government Bond 5-7 UCITS,,
PIRB,1072252,Lyxor Italia Bond PIR DR UCITS,,
SEL,47219,Lyxor UCITS Stoxx Europe Select Dividend 30,,
ITAPIR,1010881,Lyxor Italia Equity PIR UCITS C Acc,,
GENDEE,1072347,UBS Irl ETF plc - Global Gender Equality UCITS ETF Hedged A Acc,,
EM13,47198,Lyxor UCITS EuroMTS 1-3Y Investment Grade DR,,
C50,46995,Amundi ETF Euro Stoxx 50 UCITS,,
MTX,47212,Lyxor UCITS EuroMTS All-Maturity Investment Grade DR,,
JPNEUA,46960,UBS ETF MSCI Japan UCITS JPY A-dis,,
DAXLEV,46961,Lyxor UCITS LevDAX,,
ISJP,949342,iShares MSCI Japan Small Cap UCITS Dist,,
AHYE,994154,Amundi Euro High Yield Liquid Bond IBOXX UCITS,,
LYYQ,47204,Lyxor UCITS Stoxx Europe 600 Insurance,,
SOYO,45720,ETFS Soybean Oil,,
IBGX,47182,iShares Euro Government Bond 3-5Yr UCITS,,
X1G,47242,Amundi ETF Govt Bond Lowest Rated EuroMTS Investment Grade UCITS,,
LBUL,46929,ETFS Leveraged Gold ETC,,
S&P ASX 200,46991,Lyxor UCITS Australia,,
IAPD,46899,iShares Asia Pacific Dividend UCITS,,
IEMO,956341,iShares Edge MSCIope Momentum Factor UCITS,,
EM1015,47210,Lyxor UCITS EuroMTS 10-15Y Investment Grade DR,,
XMWO,47135,db x-trackers MSCI World UCITS 1C,,
IBTM,46922,iShares Treasury Bond 7-10 UCITS,,
ECSCTO,951505,ETFS Short Cotton,,
AGEB,46987,Amundi ETF Global Emerging Bond Markit iBoxx UCITS,,
XBAG,949513,db x-trackers II Barclays Global Aggregate Bond UCITS 1C,,
LSIL,46938,ETFS Leveraged Silver ETC,,
DFE,956370,WisdomTree Europe SmallCap Dividend UCITS,,
S10,949314,Amundi ETF Short Govt Bond EuroMTS Broad Investment Grade 10-15 Daily UCITS,,
XSFR,46977,db x-trackers S&P Select Frontier UCITS 1C,,
EUS3,37587,ETFS 3x Long USD Short EUR,,
DJST,47194,Lyxor UCITS Stoxx Europe 600 Construction & Materials,,
XBAE,949563,db x-trackers II Barclays Global Aggregate Bond UCITS 5C,,
WTID,1024463,Boost WTI Oil,,
SEEU,951553,ETFS Short SEK Long EUR,,
PHPD,47102,ETFS Physical Palladium,,
XSPX,46954,db x-trackers S&P 500 UCITS 1C,,
3CFS,986903,ETFS 3X Daily Short Coffee,,
NG3S,1024602,ETFS 3x Daily Short Natural Gas,,
CC4,47154,Amundi Euro Corporates UCITS,,
EMKTB,47189,Lyxor UCITS iBoxx USD Liquid Emerging Markets Sovereigns,,
EUGB,951512,ETFS Long GBP Short EUR,,
DJDVPEX,46959,Ishares Dow Jones U.S. Select Dividend UCITS,,
CSNDX,47057,iShares NASDAQ 100 UCITS,,
USEU,951567,ETFS Short USD Long EUR,,
5BUS,1024475,Boost Bund 10Y 5x Short Daily,,
SGBS,46882,ETFS Physical Swiss Gold,,
USAEUY,949393,UBS Irl ETF plc - MSCI USA UCITS USD A-dis,,
SEGA,46908,iShares Core Government Bond UCITS,,
SHEMB,1056189,UBS J.P. Morgan USD EM Diversified Bond 1-5 UCITS A-dis,,
CI3,949305,Amundi ETF Euro Inflation UCITS,,
IFSU,994162,iShares Edge MSCI USA Multifactor UCITS,,
3BTL,945823,Boost BTP 10Y 3X Leverage Daily,,
IITB,949398,iShares Italy Government Bond UCITS,,
EMGEAS,949357,UBS ETFs plc - MSCI Emerging Markets SF UCITS USD A-acc,,
LYXTNO,47036,Lyxor UCITS Stoxx Europe 600 Technology,,
XXSC,47147,db x-trackers MSCI Europe Small Cap UCITS DR 1C,,
XDWS,1055037,db x-trackers MSCI World Consumer Staples UCITS DR 1C,,
2OIS,956366,Boost WTI Oil 2x Short Daily,,
SDHY,949410,iShares $ Short DurationHigh Yield Corporate Bond UCITS,,
FTSE JSE Top 40,46873,Lyxor UCITS South Africa,,
XMIN,47131,db x-trackers MSCI Indonesia UCITS 1C,,
XGIU,949511,db x-trackers II iBoxx Global Inflation Linked UCITS 5C,,
JPNK,956360,Amundi JPX-Nikkei 400 UCITS,,
SD3PEX,46864,iShares STOXX Europe Select Dividend 30 UCITS,,
3EUL,945829,Boost Euro Stoxx50 3X Leverage Daily,,
ISFLOE,1054673,iShares USD Floating Rate Bond UCITS Hedged Dis,,
IUSP,46924,iShares US Property Yield UCITS,,
CSEMU,46887,iShares MSCI EMU UCITS,,
Topix,47023,Lyxor UCITS Japan,,
LATAM,47202,Lyxor UCITS MSCI EM Latin America C-EUR,,
XAUS,47115,db x-trackers S&P/ASX 200 UCITS DR 1C,,
MKTN,1061956,Amundi ETF iStoxx Europe Multi-Factor Market Neutral UCITS,,
XX25,46855,db x-trackers FTSE China 50 UCITS DR,,
EM15,986905,Lyxor EuroMTS 15+Y Investment Grade UCITS C,,
CEU2,1013342,Amundi Index Solutions MSCI Europe UCITS DR,,
MWRD,1013343,Amundi Index Solutions MSCI World UCITS DR,,
MEU,47208,Lyxor UCITS MSCI Europe D-EUR,,
IRCP,949391,iShares Euro Corporate Bond Interest Rate Hedged UCITS,,
HSCEI,46854,Lyxor UCITS China Enterprise,,
DJE,47176,Lyxor UCITS Dow Jones Industrial Average D-EUR,,
XDBC,46971,db x-trackers DBLCI - OY Balanced UCITS 1C,,
BRZ,46992,Amundi MSCI Brazil UCITS,,
IBCI,46900,iShares Inflation Linked Government Bond UCITS,,
HYLD,986904,iShares Global High Yield Corporate Bond UCITS,,
IBGL,47180,iShares Euro Government Bond 15-30Yr UCITS,,
AAA35,949555,Lyxor UCITS EuroMTS Highest Rated Macro-Weighted Govt Bond 3-5Y DR,,
EUJP,951513,ETFS Long JPY Short EUR,,
SF1EUA,949507,UBS ETF - SBI Foreign AAA-BBB 1-5 UCITS CHF A-dis,,
IWVL,956358,iShares MSCI World Value Factor UCITS,,
DJCOMEX,949295,iShares Diversified Commodity Swap UCITS DE,,
CRPE,47165,Lyxor UCITS Corporate Bond C-EUR,,
AUE3,38709,ETFS 3x Short AUD Long EUR,,
HY,47246,Lyxor UCITS iBoxx EUR Liquid High Yield 30 Ex-Financial,,
S2EUBH,949520,UBS ETF - MSCI Switzerland 20/35 100% hedged to EUR UCITS EUR A-acc,,
CH3L,1024595,ETFS 3x Daily Long FTSE China 50,,
JPNH,949328,Lyxor UCITS Japan Topix Daily Hedged D-EUR,,
CP9,47164,Amundi ETF MSCI Pacific Ex Japan UCITS,,
LYACWI,47031,Lyxor UCITS MSCI All Country World C-EUR,,
XLKS,949347,Source Technology S&P US Select Sector UCITS,,
SX5E3L,951562,SG Euro Stoxx 50 +3x Daily Leveraged Collateralized,,
SMRTA,949335,Amundi ETF Global Equity Multi Smart Allocation Scientific Beta UCITS,,
OILB,46843,ETFS Brent Oil 1 Month USD,,
BUND2L,949320,Lyxor UCITS Daily Leveraged Bund,,
3TYS,945844,Boost US Treasuries 10Y 3X Short Daily,,
LNIK,47092,ETFS Leveraged Nickel,,
IWMO,994164,iShares MSCI World Momentum Factor UCITS,,
3BUL,956349,Boost Bund 10Y 3X Leverage Daily,,
REEU,949316,Lyxor UCITS FTSE EPRA/NAREIT Developed Europe D-EUR,,
AIGO,47351,ETFS Petroleum,,
XMLA,949455,db x-trackers MSCI EM LatAm UCITS 1C,,
Irl,949434,UBS,,
IKOR,46919,iShares MSCI Korea UCITS Dist,,
XMJP,46857,db x-trackers MSCI Japan UCITS 1C DR,,
MINT,949387,PIMCO US Dollar Short Maturity Source UCITS,,
MGT,47209,Lyxor UCITS DJ Global Titans 50,,
XDWH,986901,db x-trackers MSCI World Health Care UCITS 1C,,
XLDX,47063,db x-trackers LevDAX Daily UCITS 1C,,
3BRL,1024562,Boost Brent Oil 3X Leverage Daily,,
PHPM,46847,ETFS Physical PM Basket,,
RTA,47045,Lyxor UCITS Stoxx Europe 600 Retail,,
XGSD,47125,db x-trackers STOXX Global Select Dividend 100 UCITS 1D,,
GRNS,47384,ETFS Grains,,
MTI,47211,Lyxor UCITS EuroMTS Inflation Linked Investment Grade DR,,
LDISW,949472,Lyxor MSCI World Consumer Discretionary TR UCITS C-EUR,,
TIPU,1024753,Lyxor US TIPS DR UCITS D-USD,,
ENIK,38721,ETFS EUR Daily Hedged Nickel,,
MALA,46859,Lyxor UCITS MSCI Malaysia C-EUR,,
XLFS,949358,Source Financials S&P US Select Sector UCITS USD,,
5EUS,945833,Boost Short USD Long EUR 5x Daily,,
LYEE,47195,Lyxor UCITS Eastern Europe CECE NTR EUR C-EUR,,
C13,47152,Amundi ETF Govt Bond EuroMTS Broad Investment Grade 1-3 UCITS,,
CORP,949396,iShares Global Corporate Bond UCITS,,
LIME,951536,ETFS Leveraged Industrial Metal DJ UBSCI ETC,,
EM710,1011061,Lyxor EuroMTS 7-10 Investment Grade DR UCITS C,,
XG7S,949510,db x-trackers II Global Sovereign EUR UCITS 5C,,
EFAG,37441,ETFS EUR Daily Hedged Forward Agriculture,,
XDAX,949446,db x-trackers DAX UCITS DR,,
LUSA,47238,Lyxor UCITS MSCI USA D-EUR,,
EJP3,38719,ETFS 3x Long JPY Short EUR,,
IPRP,46920,iShares European Property Yield UCITS,,
EUCO,949345,SPDR Barclays Euro Corporate Bond UCITS,,
ITWN,47088,iShares MSCI Taiwan UCITS,,
CU2,47172,Amundi MSCI USA UCITS,,
FXC,47073,iShares China Large Cap UCITS,,
XMEU,46867,db x-trackers MSCI Europe UCITS DR,,
XETC,38751,db Brent Crude Oil Booster Euro Hedged,,
SLHO,47221,ETFS Short Lean Hogs,,
KOR,47187,Lyxor UCITS MSCI Korea C-EUR,,
PSREUA,949493,UBS ETF MSCI Pacific Socially Responsible UCITS USD A-dis,,
DAX3L,951498,SG DAX +3x Daily Leveraged Collateralized,,
JPEUBH,949516,UBS ETF - MSCI Japan 100% hedged to EUR UCITS EUR A-acc,,
CONV,956369,SPDR Thomson Reuters Global Convertible Bond UCITS,,
SAUS,949373,iShares MSCI Australia UCITS,,
CB3,46998,Amundi ETF Govt Bond EuroMTS Broad Investment Grade UCITS,,
SR2000,949386,Source Russell 2000 UCITS,,
PACEUA,47233,UBS ETF MSCI Pacific ex Japan UCITS USD A-dis,,
CANEUA,949466,UBS ETF MSCI Canada UCITS CAD A-dis,,
PPEU,38732,PowerShares EuroMTS Cash 3 Months UCITS,,
ELOW,949416,SPDR Euro Stoxx Low Volatility UCITS,,
ANX,46874,Amundi ETF Nasdaq-100 UCITS,,
FINS,47178,Lyxor UCITS Stoxx Europe 600 Financial Services,,
XAD4,951568,db Physical Palladium Euro Hedged,,
XSTR,46878,db x-trackers II Sterling Cash UCITS,,
GLUX,47007,Amundi ETF S&P Global Luxury UCITS,,
GLAG,1072055,SPDR Bloomberg Barclays Global Aggregate Bond UCITS USD unhedged,,
LCUS,1073402,Lyxor Core Morningstar US DR UCITS Acc,,
XBTP,37613,db x-trackers II MTS Ex-Bank of Italy BTP UCITS 1D,,
AIGS,47149,ETFS Softs,,
FR3L,951518,ETFS 3X Daily Long Cac 40,,
ISEMV,956354,iShares MSCI Emerging Markets Minimum Volatility UCITS,,
3CUL,1024601,ETFS 3x Daily Long Copper,,
XNIF,46856,db x-trackers Nifty 50 UCITS,,
C5S,46997,Amundi ETF Short Euro Stoxx 50 Daily UCITS,,
EPIE,1011916,WisdomTree India Quality UCITS Acc,,
IBGM,47181,iShareso Government Bond 7-10 UCITS,,
CMU,47012,Amundi MSCI EMU UCITS,,
CSBGU7,949351,iShares $ Treasury Bond 3-7Yr UCITS Acc,,
SRSA,994160,iShares MSCI South Africa UCITS,,
VCEU,1011933,Amundi ETF MSCI Europe Value UCITS,,
ASREUA,949491,UBS MSCI USA Socially Responsible UCITS,,
EUUS,951516,ETFS Long USD Short EUR,,
WSREUA,949490,UBS ETF MSCI World Socially Responsible UCITS USD A-dis,,
CSUS,46893,iShares MSCI USA UCITS,,
XS8R,949454,db x-trackers STOXX Europe 600 Tech UCITS,,
XEON,47122,db x-trackers II EONIA UCITS 1C,,
INFR,949336,iShares Global Infrastructure UCITS,,
IEXF,949368,iShares Euro Corporate Bond ex-Financials UCITS,,
ESREUA,949492,UBS MSCI EMU Socially Responsible UCITS,,
CBEF,47160,Lyxor UCITS Euro Corporate Bond ex Financials C-EUR,,
EAU5,951501,ETFS 5x Short CAD Long EUR,,
XSGI,949459,db x-trackers S&P Global Infrastructure UCITS 1C,,
LHLTW,47021,Lyxor UCITS MSCI World Health Care TR C-EUR,,
WTDEM,956362,WisdomTree Emerging Markets Equity Income UCITS,,
LGAS,47190,ETFS Leveraged Gasoline ETC,,
LTNOW,47228,Lyxor MSCI World Information Technology TR UCITS C-EUR,,
US10,47235,Lyxor UCITS iBoxx USD Treasuries 10Y+ DR,,
US1S,1013256,Lyxor 10 US Treasury Daily Short UCITS C-USD,,
XBOT,37614,db x-trackers II MTS Ex-Bank of Italy BOT UCITS 1C,,
ECECOP,38716,ETFS EUR Daily Hedged Copper,,
SPY5,46835,SPDR S&P 500 UCITS,,
LAPEX,46990,Lyxor UCITS MSCI Asia Ex Japan C-EUR,,
STNX,949426,SPDR MSCI Europe Energy UCITS,,
CB5,46999,Amundi MSCI Europe Banks UCITS,,
2OIL,1024464,Boost WTI Oil 2x Leverage Daily,,
XSX6,47144,db x-trackers STOXX Europe 600 UCITS DR 1C,,
EROX,949432,SPDR MSCI Europe UCITS,,
XAD2,47245,db Physical Silver Euro Hedged,,
XCAC,47016,db x-trackers CAC 40 UCITS 1D DR,,
CSBGU3,46966,iShares $ Treasury Bond 1-3Yr UCITS Acc,,
LBRT,949438,ETFS Leveraged Brent Crude,,
QQQ3,945838,Boost Nasdaq 100 3X Leverage Daily,,
EWAT,38724,ETFS EUR Daily Hedged Wheat,,
EMVEUA,47232,UBS ETF MSCI EMU Value UCITS EUR Adis,,
Irl,949435,UBS,,
SMSWLD,949385,Source MSCI World UCITS,,
OIL1L,951548,SG WTI Oil Collateralized,,
R2US,949421,SPDR Russell 2000 U.S. Small Cap UCITS,,
ECECOM,1072063,ETFS Ecommerce Logistics GO UCITS,,
CI1,949298,Amundi ETF MSCI Italy UCITS,,
PSPIRI,1062628,PowerShares Italian PIR Multi-Asset Portfolio UCITS,,
STKX,949430,SPDR MSCI Europe Technology UCITS,,
IASP,46853,iShares Asia Property Yield UCITS,,
CSNKY,47058,iShares Nikkei 225 UCITS,,
SSALU,951559,ETFS Short Aluminium,,
XCS4,47120,db x-trackers MSCI Thailand UCITS DR 1C,,
XGIN,46973,db x-trackers II iBoxx Global Inflation-Linked UCITS 1C,,
EMAE,949363,SPDR MSCI EM Asia UCITS,,
XEMB,47121,db x-trackers IIEmerging Markets Liquid Eurobond UCITS 1C,,
2PAL,951491,Boost Palladium 2X Leverage Daily,,
XS6R,1009156,db x-trackers STOXX Europe 600 Utilities UCITS,,
SLVR3L,951557,SG Silver +3X Daily Leveraged Collateralized,,
Irl,949436,UBS,,
ECSCOR,951504,ETFS Short Corn,,
ECA3,38715,ETFS 3x Long CAD Short EUR,,
CHE3,38711,ETFS 3X Short CHF Long EUR,,
EUHD,1009159,PowerShares EURO STOXX High Dividend Low Volatility UCITS,,
EPRE,949309,Amundi ETF FTSE EPRA Europe Real Estate UCITS,,
SBRT,47104,ETFS Short Brent Crude,,
EMLI,995336,PIMCO Emerging Markets Advantage Local Bond Source UCITS EUR,,
HMWD,1057225,HSBC MSCI World UCITS,,
XRS2,956340,db x-trackers Russell 2000 UCITS GBP,,
SI3L,1024607,ETFS 3x Daily Long Silver,,
EMCO,949397,SPDR BofA Merryl Lynch Emerging Markets Corporate Bond UCITS,,
SI3S,1024606,ETFS 3x Daily Short Silver,,
CW8,47173,Amundi MSCI World UCITS,,
XMAS,47126,db x-trackers MSCI EM Asia UCITS 1C,,
US13,47236,Lyxor UCITS iBoxx USD Treasuries 1-3Y DR,,
SJNK,949404,SPDR Barclays 0-5 Year US High Yield Bond UCITS,,
CSRU,46892,iShares MSCI Russia ADR/GDR UCITS,,
XSNR,47142,db x-trackers STOXX Europe 600 Industrial Goods UCITS,,
EMRG,949364,SSgA SPDR MSCI Emerging Markets UCITS,,
LSYO,47193,ETFS Leveraged Soybean Oil ETC,,
3AUS,1024478,ETFS 3x Daily Short Gold Exchange Traded Commodity,,
SSUG,47225,ETFS Short Sugar,,
WRDEUA,949462,UBS ETF MSCI World UCITS USD A-dis,,
TWNL,47199,Lyxor UCITS MSCI Taiwan D-EUR,,
NDXH,949317,Amundi ETF Nasdaq-100 EUR Hedged Daily UCITS,,
XLES,949360,Source Energy S&P US Select Sector UCITS USD,,
XLVS,949353,Health Care S&P US Sector Source,,
XCTL,38744,db Brent Crude Oil Booster,,
SMEA,47081,iShares MSCIope UCITS,,
GFA,1080148,VanEck Vectors Global Fallen Angel High Yield Bond UCITS A,,
JPE3,38730,ETFS 3x Short JPY Long EUR,,
STZX,949427,SPDR MSCI Europe Financials UCITS,,
MSGW,1052199,Lyxor MSCI EMU Growth DR UCITS C EUR,,
NRAM,1013336,Amundi Index Solutions MSCI North America UCITS DR,,
XGSH,46975,db x-trackers II Global Sovereign UCITS 1C,,
ECRPI,1013270,Amundi Index Solutions Barclays Euro AGG Corporate UCITS DR,,
IEUX,46912,iShares MSCI Europe ex-UK UCITS,,
EMDV,46881,SSgA SPDR S&P Emerging Markets Dividend,,
S500,1013345,Amundi Index Solutions S&P 500 UCITS DR,,
LXEMU,47038,Lyxor UCITS MSCI EMU,,
XMK9,47132,db x-trackers MSCI Japan UCITS 4C DR,,
GAS3S,951521,SG Natural Gas -3x Daily Short Collateralized,,
LYXUTI,47037,Lyxor UCITS Stoxx Europe 600 Utilities,,
RQFI,949505,db x-trackers Harvest CSI300 UCITS DR,,
GGOVI,1013332,Amundi Index Solutions J.P. Morgan GBI Global Govies UCITS DR,,
CS1,47015,Amundi ETF MSCI Spain UCITS,,
CASH,949419,ETFS-E Fund MSCI China A GO UCITS,,
MSSM,1052200,Lyxor MSCI EMU Small Cap UCITS C EUR,,
CU1,47171,Amundi ETF MSCI UK UCITS,,
3DEL,945830,Boost Levdax 3X Daily,,
XQUI,1056530,db x-trackers Portfolio Total Return UCITS 1C,,
XSPR,949452,db x-trackers STOXX Europe 600 Basic Resources UCITS,,
LYXPER,47203,Lyxor UCITS Stoxx Europe 600 Personal & Household Goods,,
INDO,47185,Lyxor UCITS MSCI Indonesia C-EUR,,
UKDV,949388,SPDR S&P UK Dividend Aristocrats,,
EUMV,949485,Ossiam iSTOXX Europe Minimum Variance NR UCITS 1C,,
ESM,1009154,Amundi ETF Euro Stoxx Small Cap UCITS,,
ENERW,949473,Lyxor UCITS MSCI World Energy TR C-EUR,,
ISMVUS,956359,iShares Edge S&P 500 Minimum Volatility UCITS,,
TPXH,949325,Amundi ETF Japan Topix EUR Hedged Daily UCITS,,
UK3L,951564,ETFS 3x Daily Long FTSE 100,,
CJ1,47008,Amundi ETF MSCI Japan UCITS,,
SLEA,951556,ETFS Short Lead,,
INDG,47184,Lyxor UCITS Stoxx Europe 600 Industrial Goods & Services,,
DSUS,949330,Lyxor UCITS Daily Double Short 10Y US Treasury C-USD,,
CAE5,951496,ETFS 5x Short AUD Long EUR,,
LCTO,46933,ETFS Leveraged Cotton ETC,,
MLPD,949400,Source Morningstar US Energy Infrastructure MLP UCITS B,,
EMCR,949389,iShares $ Emerging Markets Corporate Bond UCITS,,
CH5,47005,Amundi ETF MSCI Europe Healthcare UCITS,,
3EML,1024564,Boost Emerging Markets 3x Leverage Daily,,
MSED,1052198,Lyxor Euro Stoxx 50 DR UCITS C,,
SLVR,46850,ETFS Silver,,
FEDF,1024739,Lyxor Fed Funds US Dollar Cash UCITS C-USD,,
100EUA,949441,UBS - FTSE 100 UCITS GBP A-dis,,
CSUSS,47109,iShares MSCI USA Small Cap UCITS,,
CWE,949308,Amundi ETF MSCI World Energy UCITS,,
RTWO,949343,ETFX Russell 2000 US Small CAP GO UCITS,,
IMIE,949356,SPDR MSCI ACWI IMI,,
CSJP,46890,iShares MSCI Japan UCITS Acc,,
CSCA,47167,iShares MSCI Canada UCITS,,
US57,47237,Lyxor UCITS iBoxx USD Treasuries 5-7Y DR,,
EFCM,1024587,ETFS EUR Daily Hedged Forward All Commodities,,
XMVE,1011922,db x-trackers MSCI EMU Minimum Volatility UCITS,,
PVX,47216,Lyxor UCITS Privex D-EUR,,
C53,949306,Amundi ETF Govt Bond EuroMTS Broad Investment Grade 5-7 UCITS,,
RS2K,949331,Amundi ETF Russell 2000 UCITS,,
FCRU,951517,ETFS Forward WTI Crude Oil,,
AUE5,951495,ETFS 5x Long AUD Short EUR,,
3GOS,945837,Boost Gold 3X Short Daily,,
LSOB,46940,ETFS Leveraged Soybeans ETC,,
CSEMAS,46886,iShares MSCI Emerging Market Asia UCITS,,
ECOEUA,949499,UBS ETF Markit iBoxx Liquid Corporates UCITS EUR A-dis,,
XSMI,38753,db x-trackers Swiss Large Cap UCITS DR 1D,,
LPET,951540,ETFS Leveraged Petroleum DJ UBSCI,,
USYH,1052593,Lyxor BofAML USD High Yield Bond UCITS Monthly Hedged D-EUR,,
GOLD3L,951527,SG Gold +3X Daily Leveraged Collateralized,,
XMEA,46869,db x-trackers MSCI EM EMEA UCITS,,
CSKR,47170,iShares MSCI Korea UCITS Acc,,
XS3R,47137,db x-trackers STOXX Europe 600 Food & Beverage UCITS,,
SMCX,949431,SPDR MSCI Europe Small Cap UCITS,,
5USE,945847,Boost Long USD Short EUR 5x Daily,,
SWEA,47227,ETFS Short Wheat,,
CN1,47159,Amundi ETF MSCI Nordic UCITS,,
1PAS,951490,Boost Palladium 1X Short Daily,,
XD5F,949500,db x-trackers Euro Stoxx 50 ex Financials UCITS DR 1D,,
ECOF,47247,ETFS EUR Daily Hedged Coffee,,
CMOD,1013319,Source Bloomberg Commodity UCITS,,
IWSZ,956357,iShares MSCI World Size Factor UCITS,,
SPXS,949355,Source S&P 500 UCITS,,
GAS3L,951520,SG Natural Gas +3x Daily Leveraged Collateralized,,
JPMF,1072061,JPMorgan Ireland ICAV - Managed Futures UCITS USD acc,,
EGB3,37472,ETFS 3x Long GBP Short EUR,,
XSER,949453,db x-trackers STOXX Europe 600 Oil & Gas UCITS,,
XMKO,46858,db x-trackers MSCI Korea UCITS DR,,
CC1,47000,Amundi MSCI China UCITS,,
LALL,951533,ETFS Leveraged All Commodities DJ UBSCI ETC,,
LEMU,1052108,Lyxor MSCI EMU Value DR UCITS C EUR,,
SPMV,47099,Ossiam US Minimum Variance NR UCITS 1C,,
U10H,1011900,Lyxor iBoxx $ Treasuries 10+ DR UCITS Monthly Hedged D-EUR,,
XLPE,949457,db x-trackers LPX MM Private Equity UCITS,,
AAA13,949321,Lyxor UCITS EuroMTS Highest Rated Macro-Weighted Govt Bond 1-3Y DR,,
SX5E3S,951563,SG Euro Stoxx 50 -3x Daily Short Collateralized,,
XTXE,949450,db x-trackers II iTraxx Europe 5-year UCITS,,
ICOV,46904,iShares Covered Bond UCITS,,
DJFOO,47196,Lyxor UCITS Stoxx Europe 600 Food & Beverage,,
CEU,47003,Amundi ETF MSCI Europe UCITS,,
C73,949307,Amundi ETF Govt Bond EuroMTS Broad Investment Grade 7-10 UCITS,,
IWQU,956352,iShares MSCI World Quality Factor UCITS,,
C10,46993,Amundi ETF Govt Bond EuroMTS Broad Investment Grade 10-15 UCITS,,
EMBH,1024459,Lyxor iBoxx $ Liquid Emerging Markets Sovereigns UCITS Monthly Hedged D-EUR,,
STRX,949424,SPDR MSCI Europe Consumer Discretionary UCITS,,
EMMV,38720,Ossiam Emerging Markets Minimum Variance NR UCITS 1C,,
CSMXCP,47011,iShares MSCI Mexico Capped UCITS,,
EAU3,38712,ETFS 3x Long AUD Short EUR,,
C40,47153,Amundi CAC 40 UCITS,,
U13H,1011908,Lyxor iBoxx $ Treasuries 1-3 DR UCITS Monthly Hedged D-EUR,,
CHM,47157,Lyxor UCITS Stoxx Europe 600 Chemicals,,
GOLDL,38453,Lyxor Long Gold,,
INDGW,47022,Lyxor UCITS MSCI World Industrials TR C-EUR,,
JPE5,951531,ETFS 5x Short JPY Long EUR,,
UGAS,47234,ETFS Gasoline,,
PHPT,46849,ETFS Physical Platinum,,
LMATW,949475,Lyxor UCITS MSCI World Materials TR C-EUR,,
XDPE,956368,db x-trackers S&P 500 UCITS,,
LFINSW,949474,Lyxor UCITS MSCI World Financials TR C-EUR,,
ATIP,1013257,Amundi Index Solutions Barclays US Gov Inflation-Linked Bond UCITS DR,,
M7EUAS,956363,UBS MAP Balanced 7 SF UCITS,,
CHNA,949418,CSOP Source FTSE China A50 UCITS,,
SDJ600,949382,Source STOXX Europe 600 UCITS,,
EUREUA,47231,UBS ETF MSCI Europe UCITS EUR A-dis,,
3SIS,945842,Boost Silver 3X Short Daily,,
XAD3,47251,db Physical Platinum Euro Hedged,,
GLAE,1072054,SPDR Bloomberg Barclays Global Aggregate Bond UCITS EUR Hedged,,
LUTIW,949476,Lyxor UCITS MSCI World Utilities TR C-EUR,,
IBGZ,38727,iShares Euro Government Bond 10-15yr UCITS ,,
DEL2,47068,ETFX DAX Daily 2x Long GO UCITS,,
EFIW,949415,Source Goldman Sachs Equity Factor World UCITS,,
SNGA,46945,ETFS Short Natural Gas,,
S6EW,949486,Ossiam Stoxx Europe 600 Equal Weight NR UCITS 1C,,
2NGS,945831,Boost Natural Gas 2X Short Daily,,
GLRE,949401,SSga SPDR Dow Jones Global Real Estate UCITS,,
C5L,46996,Amundi ETF Leveraged Euro Stoxx 50 Daily UCITS,,
XLYS,949361,Source Consumer Discretionary S&P US Select Sector UCITS,,
CL2,47158,Amundi ETF Leveraged MSCI USA Daily UCITS,,
MFDD,1009158,Lyxor Euro Stoxx 300 DR UCITS D,,
EXS3,994158,iShares MDAX UCITS DE,,
BOT6M,949326,Lyxor UCITS BOT MTS Ex-Bank of Italy C-EUR,,
USMUFE,1075599,UBS plc MSCI USA Select Factor Mix UCITS hedged to EUR A-acc,,
SGIOIL2L,1075590,SG WTI +2x Daily Leveraged Collat,,
CBUSIH,1045779,UBS Bloomberg Barclays US Liquid Corporates Interest Rate hedged UCITS A-dis,,
GDIG,1080149,VanEck Vectors Global Mining UCITS A,,
XMVU,1011907,db x-trackers MSCI USA Minimum Volatility UCITS DR 1D,,
CEUDIM,1013341,iShares MSCI EMU UCITS Dist,,
GBEU,1024579,ETFS Short GBP Long EUR,,
4EUS,1024477,Boost Short USD Long EUR 4x Daily,,
4USE,1024476,Boost Long USD Short EUR 4x Daily,,
GASD,1024465,Boost Natural Gas,,
ECRN,1024585,ETFS EUR Daily Hedged Corn,,
3UBS,1056433,Boost Bund 30Y 3X Short Daily,,
INFL,1052288,Lyxor EUR 2-10 Inflation Expectations UCITS C-EUR,,
XQUE,1052290,db x-trackers iBoxx USD Emerging Sovereigns Quality Weighted UCITS DR 2D Hedged,,
ESVR,1024588,ETFS EUR Daily Hedged Silver,,
SDJMID,1056432,Source STOXX Europe Mid 200 UCITS,,
WLDX,1024458,Lyxor MSCI World Ex EMU UCITS C,,
HEDJ,1024443,Wisdomtree Europe Equity UCITS,,
EBBB,1013285,Amundi Index Solutions Barclays Euro Corp BBB 1-5 UCITS DR,,
FLXX,1062627,Franklin LibertyQ Global Dividend UCITS,,
JPST,1072062,JPMorgan Ireland ICAV - USD Ultra-Short Income UCITS ETF USD dist,,
EJAH,1075384,BNP Paribas Easy MSCI Jap ex CW UCITS,,
FLXG,1062626,Franklin LibertyQ Global Equity SRI UCITS,,
FLXD,1062625,Franklin LibertyQ European Dividend UCITS,,
B500,1062617,Amundi S&P 500 Buyback EUR UCITS,,
FLXE,1062624,Franklin LibertyQ Emerging Markets UCITS,,
EPRA,1013309,Amundi Index Solutions FTSE EPRA NAREIT Global UCITS DR,,
UBBB,1013301,Amundi Index Solutions Barclays US Corp BBB 1-5 UCITS DR,,
EEMK,1075385,BNP Paribas Easy MSCI Emerging Markets ex CW UCITS EUR Cap,,
TRVL,949296,Lyxor UCITS Stoxx Europe 600 Travel & Leisure,,
SCFE,47218,ETFS Short Coffee,,
REUSA,47213,Lyxor UCITS FTSE EPRA/NAREIT United States D-EUR,,
SGAS,47220,ETFS Short Gasoline,,
SPLA,47223,ETFS Short Platinum,,
WOMV,47241,Ossiam World Minimum Variance NR UCITS 1C,,
SSIL,47224,ETFS Short Silver,,
MDA,47207,Lyxor UCITS Stoxx Europe 600 Media,,
XSDR,47140,db x-trackers STOXX Europe 600 Health Care UCITS,,
TELEW,47051,Lyxor UCITS MSCI World Telecom Services TR C-EUR,,
REWLD,47043,Lyxor UCITS FTSE EPRA/NAREIT Global Developed D-EUR,,
TAI,47052,Lyxor UCITS Thailand Set 50 Net TR C-EUR,,
SBUL,47105,ETFS Short Gold,,
XAXJ,47116,db x-trackers MSCI AC Asia Ex Japan UCITS,,
ECTN,47248,ETFS EUR Daily Hedged Cotton,,
SSYO,47347,ETFS Short Soybean Oil,,
XLUS,949346,Source Utilities S&P US Select Sector UCITS,,
GOVY,949344,SPDR Barclays Cap Euro Government Bond,,
XLIS,949354,Ind. S&P US Sel Sector Source,,
EMSD,949365,SSgA SPDR MSCI Emerging Markets Small Cap,,
RDXS,949379,Source RDX UCITS,,
PSDE,949340,PowerShares FTSE RAFI Emerging Markets UCITS,,
PSES,949338,PowerShares FTSE RAFI Europe Mid-Small UCITS,,
3TYL,945852,Boost US Treasuries 10Y 3X Leverage Daily,,
PSRE,942313,PowerShares FTSE RAFI Europe UCITS,,
R1JKEX,949294,iShares eb.rexx Jumbo Pfandbriefe,,
CU9,949313,Amundi ETF MSCI Europe Ex EMU UCITS,,
AA13,949323,Amundi ETF Govt Bond Highest Rated EuroMTS Investment Grade 1-3 UCITS,,
LSTAW,47014,Lyxor MSCI World Consumer Staples TR UCITS C-EUR,,
CM9,47010,Amundi ETF MSCI World Ex EMU UCITS,,
XITA,38752,db x-trackers II MTS Ex-Bank of Italy Aggregate UCITS 1D,,
SLCT,38740,ETFS Short Live Cattle,,
XRSM,45593,db x-trackers Russell Midcap UCITS,,
LGRA,45881,ETFS Leveraged Grains DJ UBSCI ETC,,
SPMT,46084,ETFS Short Precious Metals DJ UBSCI,,
SLST,45903,ETFS Short Livestock DJ UBSCI,,
SAGRI,38739,ETFS Short Agriculture,,
ESOY,38722,ETFS EUR Daily Hedged Soybeans,,
CAE3,38710,ETFS 3x Short CAD Long EUR,,
GBE3,37588,ETFS 3x Short GBP Long EUR,,
EBRT,38713,ETFS EUR Daily Hedged Brent Crude,,
EBUL,38714,ETFS EUR Daily Hedged Gold,,
ECH3,38718,ETFS 3x Long CHF Short EUR,,
SPXJ,46832,iShares MSCI Pacific ex-Japan UCITS,,
CSUK,46868,iShares MSCI UK UCITS,,
USAEUA,46969,UBS ETF MSCI USA UCITS USD A-dis,,
AM3A,46989,Amundi ETF Govt Bond Highest Rated EuroMTS Investment Grade UCITS,,
CG1,47004,Amundi MSCI Germany UCITS,,
CI2,47006,Amundi MSCI India UCITS,,
XSD2,46955,db x-trackers ShortDAX x2 Daily UCITS 1C,,
SCOP,46953,ETFS Short Copper,,
IEGE,46909,iShares Government Bond 0-1 UCITS,,
AIGP,46883,ETFS Precious Metals,,
LEAD,46934,ETFS Lead,,
TINM,46947,ETFS Tin,,
XAD6,46952,db Physical Silver,,
SMSEUR,949384,Source MSCI Europe,,
GOVS,949392,SPDR Barclays Capital 1-3 Yr Euro Govt Bond,,
NZEU,951547,ETFS Short NZD Long EUR,,
NOEU,951546,ETFS Short NOK Long EUR,,
SALL,951552,ETFS Short All Commodities DJ UBSCI,,
SHEA,951555,ETFS Short Heating Oil,,
SSOB,951560,ETFS Short Soybeans,,
SNIK,951558,ETFS Short Nickel,,
LTIM,951542,ETFS Leveraged Tin ETC,,
LPMT,951541,ETFS Leveraged Precious Metals DJ UBSCI ETC,,
LAGR,951532,ETFS Leveraged Agriculture,,
GOLD3S,951528,SG Gold -3X Daily Short Collateralized,,
LHEO,951535,ETFS Leveraged Heating Oil ETC,,
LLEA,951537,ETFS Leveraged Lead ETC,,
LNRG,951539,ETFS Leveraged Energy DJ UBSCI ETC,,
STIM,951561,ETFS Short Tin,,
XCTH,951569,db Energy Booster Euro Hedged,,
WTEEI,956367,WisdomTree Europe Equity Income UCITS,,
BRND,956365,Boost Brent Oil,,
DXJ,956371,WisdomTree Japan Equity UCITS,,
DHS,956372,WisdomTree US Equity Income UCITS,,
DESE,995360,WisdomTree US SmallCap Dividend UCITS EUR,,
WTDGSE,956364,WisdomTree Emerging Markets SmallCap Div UCITS,,
SIMT,956348,ETFS Short Industrial Metals DJ UBSCI,,
IEQU,956342,iShares Edge MSCIope Quality Factor UCITS,,
XHYG,956339,db x-trackers II iBoxx EUR High Yield Bond UCITS,,
CAPE,956345,Ossiam Shiller Barclays Cape Europe Sector Value TR UCITS,,
SNRG,956346,ETFS Short Energy DJ UBSCI,,
SGRA,956347,ETFS Short Grains DJ UBSCI,,
GOLD1L,951526,SG Gold Collateralized,,
GBE5,951522,ETFS 5x Short GBP Long EUR,,
BUYB,949433,Powershares Global Buyback Achievers UCITS,,
XDER,949470,db x-trackers FTSE EPRA/NAREIT Developed Europe Real Estate UCITS,,
XCS2,949471,db x-trackers II Australia SSA Bonds UCITS 1C,,
CRWE,949506,Ossiam Risk Weighted Enhanced Commodity Ex Grains TR UCITS 1C,,
XGVD,949497,db x-trackers II Global Sovereign UCITS 1D,,
STQX,949429,SPDR MSCI Europe Industrials UCITS,,
STWX,949428,SPDR MSCI Europe Health Care UCITS,,
LOWV,949399,SSgA SPDR S&P 500 Low Volatility,,
Irl,949394,UBS,,
SUSC,949408,SPDR Barclays 0-3 Year US Corporate Bond UCITS,,
EMUL,949409,iShares MSCI EMU Large Cap UCITS,,
STSX,949425,SPDR MSCI Europe Consumer Staples UCITS,,
MLPS,949556,Source Morningstar US Energy Infrastructure MLP UCITS,,
ECSPET,951506,ETFS Daily Short Petroleum,,
ECH5,951503,ETFS 5x Short CHF Long EUR,,
EGB5,951507,ETFS 5x Long GBP Short EUR,,
EJP5,951509,ETFS 5x Long JPY Short EUR,,
EUNO,951514,ETFS Long NOK Short EUR,,
ECA5,951502,ETFS 5x Long CHF Short EUR,,
DAX3S,951499,SG DAX -3x Daily Short Collateralized,,
2SIS,951492,Boost Silver 2X Short Daily,,
XHYP,949564,db x-trackers II iBoxx Sovereign Eurozone Yield Plus UCITS 2C,,
AIGE,951493,ETFS Energy,,
AIGL,951494,ETFS Livestock,,
CHEU,951497,ETFS Short CHF Long EUR,,
XSKR,1009155,db x-trackers STOXX Europe 600 Telecom UCITS,,
