0P0000ZBGA,1034593,DWS Top Dividende FD,,
0P00000G7B,1034594,DWS Top Dividende LD,,
0P00015F4E,1034595,DWS Top Dividende LDQ,,
0P0000OQ3Q,1034648,PrivatFonds: Kontrolliert,,
0P00000CQS,1034599,DWS Vermögensbildungsfonds I LD,,
0P00000CT1,1034585,DWS Deutschland LC,,
0P0000VCRJ,1032779,Comgest Growth Emerging Markets EUR I Acc,,
0P0000WDH7,1032780,Comgest Growth Emerging Markets EUR R Acc,,
0P000104OI,1032781,Comgest Growth Emerging Markets EUR Z Acc,,
0P00000P01,1034674,UniGlobal,,
0P0000IWCT,1034675,UniGlobal I,,
0P00000CRZ,1034579,DWS Akkumula LC,,
0P00000OXJ,1034678,UniRak,,
0P0000G0GN,1034679,UniRak -net-,,
0P00000CS3,1034582,DWS Aktien Strategie Deutschland LC,,
0P00000OUU,1034591,DWS Investa,,
0P00000CNL,1034626,Kapital Plus A EUR,,
0P0000YA4M,1034616,Frankfurter Aktienfonds für Stiftungen A,,
0P0000GA9B,1034615,Frankfurter Aktienfonds für Stiftungen T,,
0P0000IWCX,1034672,UniFavorit: Aktien I,,
0P00001FH2,1034671,UniFavorit: Aktien,,
0P0000F86Y,1034673,UniFavorit: Aktien -net-,,
0P000125XP,1034564,Concentra P EUR,,
0P00000CM7,1034562,Concentra A EUR,,
0P0000VSM7,1034563,Concentra IT EUR,,
0P000104OJ,1032787,Comgest Growth Europe EUR Z Acc,,
0P0000VCRK,1032786,Comgest Growth Europe EUR I Acc,,
0P0000X6HY,1033184,Wellington Strategic European Equity Fund D EUR Acc,,
0P0000Y7KC,1033185,Wellington Strategic European Equity Fund N EUR Acc,,
0P0000V07H,1033186,Wellington Strategic European Equity Fund S EUR Acc,,
0P00000DW1,1034610,Fondak A EUR,,
0P0000IWB7,1034611,Fondak I EUR,,
0P0000935L,1034612,Fondak P EUR,,
0P0000TSL7,1033183,Wellington Opportunistic Emerging Markets Debt Fund EUR S Dis H,,
0P0000NQGH,1033182,Wellington Opportunistic Emerging Markets Debt Fund EUR S Acc H,,
0P00000P08,1034681,UniStrategie:Konservativ,,
0P0000IVPG,1034523,Acatis - Gané Value Event Fonds UI A,,
0P0000Q5C2,1034524,Acatis - Gané Value Event Fonds UI B,,
0P0000Z65C,1034525,Acatis - Gané Value Event Fonds UI C,,
0P00000OXK,1034670,UniEuroAktien,,
0P0000RXD7,1033149,UBS Global Emerging Markets Opportunity Fund I-B EUR,,
0P00000CWB,1034596,DWS Top World,,
LP60032555,1013828,AXA Chance Invest,,
0P00000CMX,1034531,Allianz Euro Rentenfonds A EUR,,
0P0000TKK2,1034534,Allianz Euro Rentenfonds P EUR,,
0P000163OD,1034532,Allianz Euro Rentenfonds - AT - EUR,,
0P0000RWWJ,1034624,Industria P EUR,,
LP68239207,1013869,Deka-PB Multimanager ausgewogen,,
0P00000CVZ,1034587,DWS European Opportunities,,
0P000083LP,1034668,UniDeutschland XS,,
0P0000TWEB,1034669,UniDeutschland XS I,,
0P00000OXR,1034667,UniDeutschland,,
LP68036004,1011068,UniDeutschland I,,
0P00000EAU,1025140,SEB High Yield Fund B,,
0P00015AYU,1034545,Allianz Strategiefonds Wachstum Plus P2 EUR,,
0P00018TX9,1034544,Allianz Strategiefonds Wachstum Plus IT2 EUR,,
0P000090YV,1034546,Allianz Strategiefonds Wachstum Plus I EUR,,
0P00000COQ,1034551,Allianz Wachstum Europa A EUR,,
LP68054326,1014007,Weltzins-INVEST P,,
0P0000JTS1,1034555,Aramea Rendite Plus A,,
LP65149610,1014011,ZukunftsPlan I,,
0P00000Z9W,1034541,Allianz Strategiefonds Balance A EUR,,
0P000125XO,1034543,Allianz Strategiefonds Balance PT2 EUR,,
0P00018TWW,1034542,Allianz Strategiefonds Balance IT2 EUR,,
0P0000KXZQ,1034614,FOS Rendite und Nachhaltigkeit,,
LP60045410,1013834,BBBank Kontinuitat Union,,
0P0000IVKS,1034627,LBBW Dividenden Strategie Euroland I,,
0P00000CKG,1034630,LBBW Dividenden Strategie Euroland R,,
0P0000IVKU,1034629,LBBW Dividenden Strategie Euroland IT,,
0P0000IVKT,1034628,LBBW Dividenden Strategie Euroland RT,,
0P0000S2BY,1034527,ACATIS IfK Value Renten UI B,,
0P0000IVPR,1034526,ACATIS IfK Value Renten UI A,,
0P00012QCB,1034528,Acatis IfK Value Renten UI C,,
0P0000XK9I,1034559,Berenberg Euro Enhanced Liquidity I,,
0P00000CKQ,1034632,LBBW Multi Global R,,
0P0000UHQC,1034631,LBBW Multi Global I,,
0P00000P09,1034680,UniStrategie:Ausgewogen,,
0P0000NMAG,1025146,VinaCapital Vietnam Opportunity Fund Ltd,,
0P0000WX4P,1034520,4Q-SPECIAL INCOME CHF R,,
0P0000WUD8,1034522,4Q-SPECIAL INCOME EUR R,,
0P0000WX4O,1034521,4Q-SPECIAL INCOME EUR I,,
0P00000G0M,1032949,Mediolanum Challenge Cyclical Equity L,,
0P00000OWB,1034639,MEAG EuroInvest A,,
0P00000Z9X,1025141,Allianz Strategiefonds Wachstum A EUR,,
0P00016XRZ,1025155,Allianz Strategiefonds Wachstum I EUR,,
0P000149HM,1025153,Allianz Strategiefonds Wachstum A2 EUR,,
0P00018TX1,1025158,Allianz Strategiefonds Wachstum IT2 EUR,,
0P0000AD2E,1034677,UniInstitutional Premium Corporate Bonds,,
0P00001C1H,1034676,UniInstitutional European MinRisk Equities,,
0P00000CQV,1034600,DWS Vermögensbildungsfonds R LD,,
LP60032930,1013964,SEB Aktienfonds,,
0P00000CDW,1034535,Allianz Flexi Rentenfonds A EUR,,
0P00018VY0,1034536,Allianz Flexi Rentenfonds IT2 EUR,,
0P00002C7V,1034573,Deutsche AM Smart Industrial Technologies,,
0P00000EL5,1034652,RenditDeka CF,,
LP60033575,1013877,DekaTresor,,
0P00000COL,1034547,Allianz Vermögensbildung Europa A EUR,,
LP60072855,1013859,Deka-BR 35,,
0P000017FM,1031963,ESPA Reserve Euro Plus VT EUR,,
0P0000SLRL,1034608,First Private Wealth A,,
