ABP,7433,Abacus Property Group,AXJO,AUD
ACX,943400,Aconex Ltd,AXJO,AUD
ABC,7722,Adelaide Brighton Ltd,AXJO,AUD
AGL,618,AGL Energy Ltd,AXJO,AUD
ALQ,7462,ALS Ltd,AXJO,AUD
ALU,101951,Altium Ltd,AXJO,AUD
AWC,629,Alumina Ltd,AXJO,AUD
AMC,621,Amcor Ltd,AXJO,AUD
AMP,630,AMP Ltd,AXJO,AUD
ANN,7689,Ansell Ltd,AXJO,AUD
ANZ,636,ANZ Banking Group,AXJO,AUD
APA,7596,APA Group,AXJO,AUD
APN,7197,APN News & Media Ltd,AXJO,AUD
APO,947526,APN Outdoor Group Ltd,AXJO,AUD
ARB,7778,ARB Corporation Ltd,AXJO,AUD
AAD,32476,Ardent Leisure Group,AXJO,AUD
ALL,7387,Aristocrat Leisure Ltd,AXJO,AUD
AHY,943405,Asaleo Care,AXJO,AUD
AIO,7276,Asciano Ltd,AXJO,AUD
ASX,633,ASX Ltd,AXJO,AUD
AZJ,32570,Aurizon Holdings Ltd,AXJO,AUD
AST,8649,AusNet Services,AXJO,AUD
ASB,7470,Austal Ltd,AXJO,AUD
AAC,7597,Australian Agricultural Company Ltd,AXJO,AUD
API,7508,Australian Pharma Industries Ltd,AXJO,AUD
AHG,951022,Automotive Group Holdings Ltd,AXJO,AUD
AOG,7578,Aveo Group,AXJO,AUD
BOQ,7793,Bank Of Queensland Ltd.,AXJO,AUD
BPT,7466,Beach Energy Ltd,AXJO,AUD
BGA,101956,Bega Cheese Ltd,AXJO,AUD
BAL,947572,Bellamys Australia Ltd,AXJO,AUD
BEN,7528,Bendigo And Adelaide Bank Ltd,AXJO,AUD
BHP,617,BHP Billiton Ltd,AXJO,AUD
BKL,7784,Blackmores Ltd,AXJO,AUD
BSL,620,Bluescope Steel Ltd,AXJO,AUD
BLD,7411,Boral Ltd.,AXJO,AUD
BXB,631,Brambles Ltd,AXJO,AUD
BRG,39192,Breville Group Ltd,AXJO,AUD
BKW,7541,Brickworks Ltd,AXJO,AUD
BTT,14249,BT Investment Management Ltd,AXJO,AUD
BAP,947573,Burson Group Ltd,AXJO,AUD
BWP,7694,BWP Trust,AXJO,AUD
CTX,7637,Caltex Australia Ltd,AXJO,AUD
CAR,32468,Carsales.Com Ltd,AXJO,AUD
CGF,7288,Challenger Ltd,AXJO,AUD
CHC,7654,Charter Hall Group,AXJO,AUD
CQR,13574,Charter Hall Retail Reit,AXJO,AUD
CIM,634,Cimic Group Ltd,AXJO,AUD
CWY,8681,Cleanaway Waste Management Ltd,AXJO,AUD
CCL,7168,Coca-Cola Amatil Ltd,AXJO,AUD
COH,7383,Cochlear Ltd,AXJO,AUD
CBA,625,Commonwealth Bank Of Australia.,AXJO,AUD
CPU,7765,Computershare Ltd.,AXJO,AUD
CTD,101966,Corp Trav F,AXJO,AUD
CGC,958287,Costa Group Holdings Ltd,AXJO,AUD
CVO,101972,Covermore Fpo,AXJO,AUD
CCP,7774,Credit Corp Group Ltd,AXJO,AUD
CMW,7194,Cromwell Property Group,AXJO,AUD
CWN,10537,Crown Ltd,AXJO,AUD
CSL,623,CSL Ltd,AXJO,AUD
CSR,7215,CSR Ltd,AXJO,AUD
CYB,963730,CYBG PLC,AXJO,AUD
DXS,10538,Dexus Property Group,AXJO,AUD
DMP,7642,Domino's Pizza Group Plc,AXJO,AUD
DOW,7486,Downer Edi Ltd,AXJO,AUD
DUE,7779,Duet Group,AXJO,AUD
DLX,13575,Duluxgroup Ltd,AXJO,AUD
EHE,947756,Estia Health Ltd,AXJO,AUD
EVN,32564,Evolution Mining Ltd,AXJO,AUD
FXJ,635,Fairfax Media Ltd,AXJO,AUD
FPH,14268,Fisher & Paykel Healthcare Ltd,AXJO,AUD
FBU,13822,Fletcher Building Ltd,AXJO,AUD
FXL,7559,Flexigroup Ltd,AXJO,AUD
FLT,7385,Flight Centre Ltd,AXJO,AUD
FMG,628,Fortescue Metals Group Ltd,AXJO,AUD
GUD,7355,G.U.D. Holdings Ltd,AXJO,AUD
GEM,32466,G8 Education Ltd,AXJO,AUD
GTY,959008,Gateway Lifestyle Group,AXJO,AUD
GMA,941188,Genworth Fp,AXJO,AUD
GMG,638,Goodman Group,AXJO,AUD
GPT,637,GPT Group,AXJO,AUD
GNC,7471,Graincorp Ltd,AXJO,AUD
GXL,32477,Greencross Ltd,AXJO,AUD
GOZ,18522,Growthpoint Properties Australia,AXJO,AUD
GWA,7636,GWA Group Ltd,AXJO,AUD
HVN,7228,Harvey Norman Holdings Ltd,AXJO,AUD
HSO,943409,Healthscope,AXJO,AUD
HGG,32565,Henderson Group Plc,AXJO,AUD
ILU,7635,Iluka Resources Ltd,AXJO,AUD
IPL,7569,Incitec Pivot Ltd,AXJO,AUD
IGO,7714,Independence Group NL,AXJO,AUD
IAG,627,Insurance Australia Group Ltd,AXJO,AUD
IOF,7358,Investa Office Fund,AXJO,AUD
IVC,7379,Invocare Ltd,AXJO,AUD
IFL,7333,Ioof Holdings Ltd,AXJO,AUD
IPH,942738,IPH Ltd,AXJO,AUD
IRE,7558,Iress Ltd,AXJO,AUD
INM,976476,Iron Mountain Inc,AXJO,AUD
ISD,947896,Isentia Group Ltd,AXJO,AUD
JHX,7220,James Hardie Industries PLC,AXJO,AUD
JHC,940926,Japara Fpo,AXJO,AUD
JBH,7274,JB Hi-Fi Ltd,AXJO,AUD
LLC,626,Lend Lease Group,AXJO,AUD
LNK,960731,Link Administration Holdings Ltd,AXJO,AUD
LNG,18543,Liquefied Natural Gas Ltd,AXJO,AUD
MYX,102005,M Pharma Fp,AXJO,AUD
MQA,32445,Macquarie Atlas Roads Group,AXJO,AUD
MQG,624,Macquarie Group Ltd,AXJO,AUD
MFG,32451,Magellan Financial Group Ltd,AXJO,AUD
MTR,948009,Mantra Group Ltd,AXJO,AUD
MMS,7483,Mcmillan Shakespeare Ltd,AXJO,AUD
MPL,946358,Medibank Private Ltd,AXJO,AUD
MSB,7590,Mesoblast Ltd,AXJO,AUD
MTS,7566,Metcash Ltd,AXJO,AUD
MIN,7720,Mineral Resources Ltd,AXJO,AUD
MGR,7619,Mirvac Group,AXJO,AUD
MND,7311,Monadelphous Group Ltd,AXJO,AUD
MYR,32571,Myer Holdings Ltd,AXJO,AUD
MYO,953084,Myob Group Ltd,AXJO,AUD
NAB,7788,National Australia Bank Ltd,AXJO,AUD
NVT,13827,Navitas Ltd,AXJO,AUD
NCM,7695,Newcrest Mining Ltd,AXJO,AUD
NWS,41354,News Corp B,AXJO,AUD
NEC,102017,Nine Ent Fpo,AXJO,AUD
NST,39197,Northern Star Resources Ltd,AXJO,AUD
NSR,102032,Nsreit Stapled,AXJO,AUD
NUF,7506,Nufarm Ltd,AXJO,AUD
OSH,7600,Oil Search Ltd,AXJO,AUD
ORI,7420,Orica Ltd,AXJO,AUD
ORG,7710,Origin Energy Ltd,AXJO,AUD
ORA,102015,Orora Fpo,AXJO,AUD
OZL,7474,OZ Minerals Ltd,AXJO,AUD
OFX,102019,Ozforex Grp,AXJO,AUD
PBG,7677,Pacific Brands Ltd,AXJO,AUD
PGH,102027,Pact Group Holdings Ltd,AXJO,AUD
PPT,7625,Perpetual Ltd,AXJO,AUD
PTM,10545,Platinum Asset Management Ltd,AXJO,AUD
PMV,7738,Premier Investments Ltd,AXJO,AUD
PRY,8583,Primary Health Care Ltd,AXJO,AUD
PRG,7227,Programmed Maintenance Services Ltd,AXJO,AUD
QAN,8591,Qantas Airways Ltd,AXJO,AUD
QBE,8592,Qbe Insurance Group Ltd,AXJO,AUD
QUB,14304,Qube Holdings Ltd,AXJO,AUD
RHC,8604,Ramsay Health Care Ltd,AXJO,AUD
REA,8599,Rea Group Ltd,AXJO,AUD
REG,948143,Regis Healthcare Ltd,AXJO,AUD
RRL,32462,Regis Resources Ltd,AXJO,AUD
RMD,8610,Resmed Inc,AXJO,AUD
RFG,18566,Retail Food Group Ltd,AXJO,AUD
RIO,8607,Rio Tinto Ltd,AXJO,AUD
SAI,8618,Sai Global Ltd,AXJO,AUD
SFR,32567,Sandfire Resources NL,AXJO,AUD
STO,8656,Santos Ltd,AXJO,AUD
SAR,14310,Saracen Mineral Holdings Ltd,AXJO,AUD
SCG,102935,Scentre,AXJO,AUD
SEK,8624,Seek Ltd,AXJO,AUD
SHV,8636,Select Harvests Ltd,AXJO,AUD
SVW,8626,Seven Group Holdings Ltd,AXJO,AUD
SWM,13829,Seven West Media Ltd,AXJO,AUD
SCP,40384,Shopping Centres Australasia Group,AXJO,AUD
SIP,8637,Sigma Pharmaceuticals Ltd,AXJO,AUD
SGM,8629,Sims Metal Management Ltd,AXJO,AUD
SRX,8653,Sirtex Medical Ltd,AXJO,AUD
SKT,14316,Sky Network Television Ltd.,AXJO,AUD
SKC,14315,Skycity Entertainment Group Ltd,AXJO,AUD
SHL,8635,Sonic Healthcare Ltd,AXJO,AUD
S32,953541,South32 Ltd,AXJO,AUD
SXL,10546,Southern Cross Media Group Ltd,AXJO,AUD
SKI,8640,Spark Infrastructure Group,AXJO,AUD
SPK,8670,Spark New Zealand Ltd,AXJO,AUD
SPO,941187,Spotless Fp,AXJO,AUD
SBM,8620,St Barbara Ltd,AXJO,AUD
SGR,32444,Star Entertainment Group Ltd,AXJO,AUD
SDF,102031,Steadfast F,AXJO,AUD
SGP,8631,Stockland,AXJO,AUD
SUN,8659,Suncorp Group Ltd,AXJO,AUD
SUL,8658,Super Retail Group Ltd,AXJO,AUD
SYD,18484,Sydney Airport Holdings Ltd,AXJO,AUD
SYR,102042,Syrah Res F,AXJO,AUD
TAH,8664,Tabcorp Holdings Ltd,AXJO,AUD
TGR,8675,Tassal Group Ltd,AXJO,AUD
TTS,8690,Tatts Group Ltd,AXJO,AUD
TNE,8679,Technology One Ltd,AXJO,AUD
TLS,8677,Telstra Corporation Ltd.,AXJO,AUD
TPM,13578,TPG Telecom Ltd,AXJO,AUD
TME,40388,Trade Me Group Ltd,AXJO,AUD
TCL,8668,Transurban Group,AXJO,AUD
TWE,32563,Treasury Wine Estates Ltd,AXJO,AUD
VCX,7791,Vicinity Centres Re Ltd,AXJO,AUD
VRL,8703,Village Roadshow Ltd,AXJO,AUD
VRT,102037,Virtus Health Ltd,AXJO,AUD
VOC,102036,Vocus Fpo,AXJO,AUD
WES,8712,Wesfarmers Ltd,AXJO,AUD
WSA,8722,Western Areas Ltd,AXJO,AUD
WFD,102936,Westfield Corporation,AXJO,AUD
WBC,8706,Westpac Banking Corporation,AXJO,AUD
WHC,10547,Whitehaven Coal Ltd,AXJO,AUD
WPL,8721,Woodside Petroleum Ltd,AXJO,AUD
WOW,8720,Woolworths Ltd,AXJO,AUD
WOR,8718,Worleyparsons Ltd,AXJO,AUD
