USDINR,160,US Dollar Indian Rupee,Forex,INR
AUDINR,1493,Australian Dollar Indian Rupee,Forex,INR
CADINR,1529,Canadian Dollar Indian Rupee,Forex,INR
CHFINR,1551,Swiss Franc Indian Rupee,Forex,INR
DKKINR,1589,Danish Krone Indian Rupee,Forex,INR
EURINR,1646,Euro Indian Rupee,Forex,INR
GBPINR,1760,British Pound Indian Rupee,Forex,INR
HKDINR,1822,Hong Kong Dollar Indian Rupee,Forex,INR
IDRINR,1847,Indonesian Rupiah Indian Rupee,Forex,INR
INRCNY,1865,Indian Rupee Chinese Yuan,Forex,CNY
INRJPY,1869,Indian Rupee Japanese Yen,Forex,JPY
INRKRW,1870,Indian Rupee Korean Won,Forex,KRW
INRPKR,1873,Indian Rupee Pakistani Rupee,Forex,PKR
INRTHB,1874,Indian Rupee Thai Baht,Forex,THB
INRTWD,1875,Indian Rupee Taiwan Dollar,Forex,TWD
JPYINR,1900,Japanese Yen Indian Rupee,Forex,INR
KRWINR,1920,Korean Won Indian Rupee,Forex,INR
MYRINR,1961,Malaysian Ringgit Indian Rupee,Forex,INR
NOKINR,1976,Norwegian Krone Indian Rupee,Forex,INR
NZDINR,1985,New Zealand Dollar Indian Rupee,Forex,INR
SEKINR,2020,Swedish Krona Indian Rupee,Forex,INR
SGDINR,2035,Singapore Dollar Indian Rupee,Forex,INR
THBINR,2054,Thai Baht Indian Rupee,Forex,INR
TWDINR,2074,Taiwan Dollar Indian Rupee,Forex,INR
ZARINR,2242,South African Rand Indian Rupee,Forex,INR
AEDINR,9289,UAE Dirham Indian Rupee,Forex,INR
ARSINR,9342,Argentinian Peso Indian Rupee,Forex,INR
BRLINR,9424,Brazil Real Indian Rupee,Forex,INR
CNYINR,9506,Chinese Yuan Indian Rupee,Forex,INR
HUFINR,9658,Hungarian Forint Indian Rupee,Forex,INR
ILSINR,9692,Israeli Shekel Indian Rupee,Forex,INR
INRCLP,9729,Indian Rupee Chilean Peso,Forex,CLP
INRCZK,9730,Indian Rupee Czech Koruna,Forex,CZK
INRDKK,9731,Indian Rupee Danish Krone,Forex,DKK
INREGP,9733,Indian Rupee Egyptian Pound,Forex,EGP
INRHKD,9734,Indian Rupee Hong Kong Dollar,Forex,HKD
INRHUF,9735,Indian Rupee Hungarian Forint,Forex,HUF
INRIDR,9736,Indian Rupee Indonesian Rupiah,Forex,IDR
INRPHP,9737,Indian Rupee Philippine Peso,Forex,PHP
INRISK,9738,Indian Rupee Icelandic Kr,Forex,ISK
INRJMD,9739,Indian Rupee Jamaican Dollar,Forex,JMD
INRKES,9740,Indian Rupee Kenyan Shilling,Forex,KES
INRLBP,9741,Indian Rupee Lebanese Pound,Forex,LBP
INRLKR,9742,Indian Rupee Sri Lankan Rupee,Forex,LKR
INRMAD,9743,Indian Rupee Moroccan Dirham,Forex,MAD
INRMXN,9744,Indian Rupee Mexican Peso,Forex,MXN
INRMYR,9745,Indian Rupee Malaysian Ringgit,Forex,MYR
INRNAD,9746,Indian Rupee Namibian Dollar,Forex,NAD
INRNOK,9747,Indian Rupee Norwegian Krone,Forex,NOK
INRNPR,9748,Indian Rupee Nepalese Rupee,Forex,NPR
INRRUB,9749,Indian Rupee Russian Ruble,Forex,RUB
INRSEK,9750,Indian Rupee Swedish Krona,Forex,SEK
INRTRY,9751,Indian Rupee Turkish Lira,Forex,TRY
INRXAF,9752,Indian Rupee Central African Franc,Forex,XAF
INRXOF,9753,Indian Rupee West African CFA franc,Forex,XOF
INRZAR,9754,Indian Rupee South African Rand,Forex,ZAR
INRILS,9755,Indian Rupee Israeli Shekel,Forex,ILS
ISKINR,9759,Icelandic Kr Indian Rupee,Forex,INR
MXNINR,9805,Mexican Peso Indian Rupee,Forex,INR
PHPINR,9931,Philippine Peso Indian Rupee,Forex,INR
PKRINR,9956,Pakistani Rupee Indian Rupee,Forex,INR
PLNINR,9988,Polish Zloty Indian Rupee,Forex,INR
RUBINR,10038,Russian Ruble Indian Rupee,Forex,INR
SARINR,10089,Saudi Riyal Indian Rupee,Forex,INR
TRYINR,10260,Turkish Lira Indian Rupee,Forex,INR
VEFINR,10365,Venezuelan Bolivar Indian Rupee,Forex,INR
INRUSD,941148,Indian Rupee US Dollar,Forex,USD
INREUR,941149,Indian Rupee Euro,Forex,EUR
INRGBP,941150,Indian Rupee British Pound,Forex,GBP
INRBRL,959204,Indian Rupee Brazil Real,Forex,BRL
BHDINR,1073188,Baharain Dinar Indian Rupee,Forex,INR
