USDPLN,40,US Dollar Polish Zloty,Forex,PLN
EURPLN,46,Euro Polish Zloty,Forex,PLN
PLNJPY,74,Polish Zloty Japanese Yen,Forex,JPY
NZDPLN,82,New Zealand Dollar Polish Zloty,Forex,PLN
CADPLN,83,Canadian Dollar Polish Zloty,Forex,PLN
AUDPLN,84,Australian Dollar Polish Zloty,Forex,PLN
PLNCZK,85,Polish Zloty Czech Koruna,Forex,CZK
CHFPLN,86,Swiss Franc Polish Zloty,Forex,PLN
DKKPLN,87,Danish Krone Polish Zloty,Forex,PLN
PLNHUF,88,Polish Zloty Hungarian Forint,Forex,HUF
GBPPLN,89,British Pound Polish Zloty,Forex,PLN
SEKPLN,119,Swedish Krona Polish Zloty,Forex,PLN
HKDPLN,1828,Hong Kong Dollar Polish Zloty,Forex,PLN
JPYPLN,1906,Japanese Yen Polish Zloty,Forex,PLN
PLNDKK,2001,Polish Zloty Danish Krone,Forex,DKK
SGDPLN,2041,Singapore Dollar Polish Zloty,Forex,PLN
AEDPLN,9297,UAE Dirham Polish Zloty,Forex,PLN
ARSPLN,9350,Argentinian Peso Polish Zloty,Forex,PLN
BRLPLN,9444,Brazil Real Polish Zloty,Forex,PLN
CNYPLN,9527,Chinese Yuan Polish Zloty,Forex,PLN
ILSPLN,9713,Israeli Shekel Polish Zloty,Forex,PLN
MXNPLN,9821,Mexican Peso Polish Zloty,Forex,PLN
NOKPLN,9873,Norwegian Krone Polish Zloty,Forex,PLN
PLNAED,9971,Polish Zloty UAE Dirham,Forex,AED
PLNARS,9972,Polish Zloty Argentinian Peso,Forex,ARS
PLNAUD,9973,Polish Zloty Australian Dollar,Forex,AUD
PLNBBD,9974,Polish Zloty Barbadian Dollar,Forex,BBD
PLNBHD,9975,Polish Zloty Baharain Dinar,Forex,BHD
PLNBRL,9976,Polish Zloty Brazil Real,Forex,BRL
PLNCAD,9977,Polish Zloty Canadian Dollar,Forex,CAD
PLNCHF,9978,Polish Zloty Swiss Franc,Forex,CHF
PLNCLP,9979,Polish Zloty Chilean Peso,Forex,CLP
PLNCNY,9980,Polish Zloty Chinese Yuan,Forex,CNY
PLNEGP,9982,Polish Zloty Egyptian Pound,Forex,EGP
PLNEUR,9983,Polish Zloty Euro,Forex,EUR
PLNGBP,9984,Polish Zloty British Pound,Forex,GBP
PLNHKD,9985,Polish Zloty Hong Kong Dollar,Forex,HKD
PLNIDR,9986,Polish Zloty Indonesian Rupiah,Forex,IDR
PLNILS,9987,Polish Zloty Israeli Shekel,Forex,ILS
PLNINR,9988,Polish Zloty Indian Rupee,Forex,INR
PLNISK,9989,Polish Zloty Icelandic Kr,Forex,ISK
PLNJMD,9990,Polish Zloty Jamaican Dollar,Forex,JMD
PLNJOD,9991,Polish Zloty Jordan Dinar,Forex,JOD
PLNKES,9992,Polish Zloty Kenyan Shilling,Forex,KES
PLNKRW,9993,Polish Zloty Korean Won,Forex,KRW
PLNLBP,9994,Polish Zloty Lebanese Pound,Forex,LBP
PLNLKR,9995,Polish Zloty Sri Lankan Rupee,Forex,LKR
PLNMAD,9998,Polish Zloty Moroccan Dirham,Forex,MAD
PLNMXN,9999,Polish Zloty Mexican Peso,Forex,MXN
PLNMYR,10000,Polish Zloty Malaysian Ringgit,Forex,MYR
PLNNAD,10001,Polish Zloty Namibian Dollar,Forex,NAD
PLNNOK,10002,Polish Zloty Norwegian Krone,Forex,NOK
PLNNPR,10003,Polish Zloty Nepalese Rupee,Forex,NPR
PLNNZD,10004,Polish Zloty New Zealand Dollar,Forex,NZD
PLNOMR,10005,Polish Zloty Omani Rial,Forex,OMR
PLNPAB,10006,Polish Zloty Panamanian Balboa,Forex,PAB
PLNPHP,10007,Polish Zloty Philippine Peso,Forex,PHP
PLNPKR,10008,Polish Zloty Pakistani Rupee,Forex,PKR
PLNQAR,10009,Polish Zloty Qatari Riyal,Forex,QAR
PLNRON,10010,Polish Zloty Romanian Leu,Forex,RON
PLNRUB,10011,Polish Zloty Russian Ruble,Forex,RUB
PLNSAR,10012,Polish Zloty Saudi Riyal,Forex,SAR
PLNSEK,10013,Polish Zloty Swedish Krona,Forex,SEK
PLNSGD,10014,Polish Zloty Singapore Dollar,Forex,SGD
PLNTHB,10015,Polish Zloty Thai Baht,Forex,THB
PLNTRY,10016,Polish Zloty Turkish Lira,Forex,TRY
PLNTWD,10017,Polish Zloty Taiwan Dollar,Forex,TWD
PLNUSD,10018,Polish Zloty US Dollar,Forex,USD
PLNVEF,10019,Polish Zloty Venezuelan Bolivar,Forex,VEF
PLNXAF,10020,Polish Zloty Central African Franc,Forex,XAF
PLNXCD,10021,Polish Zloty East Caribbean Dollar,Forex,XCD
PLNXOF,10022,Polish Zloty West African CFA franc,Forex,XOF
PLNZAR,10023,Polish Zloty South African Rand,Forex,ZAR
RUBPLN,10057,Russian Ruble Polish Zloty,Forex,PLN
SARPLN,10110,Saudi Riyal Polish Zloty,Forex,PLN
TRYPLN,10281,Turkish Lira Polish Zloty,Forex,PLN
TWDPLN,10331,Taiwan Dollar Polish Zloty,Forex,PLN
VEFPLN,10387,Venezuelan Bolivar Polish Zloty,Forex,PLN
ZARPLN,10433,South African Rand Polish Zloty,Forex,PLN
CZKPLN,1057238,Czech Koruna Polish Zloty,Forex,PLN
UAHPLN,1065448,Ukrainian Hryvnia Polish Zloty,Forex,PLN
PLNUAH,1065449,Polish Zloty Ukrainian Hryvnia,Forex,UAH
