BTCUSD,1061563,Bitcoin US Dollar,Gatecoin,USD
BTCHKD,1061562,Bitcoin Hong Kong Dollar,Gatecoin,HKD
BTCEUR,1061381,Bitcoin Euro,Gatecoin,EUR
ETHBTC,1061564,Ethereum Bitcoin,Gatecoin,BTC
ETHHKD,1061570,Ethereum Hong Kong Dollar,Gatecoin,HKD
ETHEUR,1061565,Ethereum Euro,Gatecoin,EUR
ETHUSD,1061571,Ethereum US Dollar,Gatecoin,USD
ETHDAI,1061601,Ethereum Dai,Gatecoin,DAI
BCHBTC,1061574,Bitcoin Cash Bitcoin,Gatecoin,BTC
LTCHKD,1061599,Litecoin Hong Kong Dollar,Gatecoin,HKD
LTCUSD,1061597,Litecoin US Dollar,Gatecoin,USD
LTCBTC,1061593,Litecoin Bitcoin,Gatecoin,BTC
LTCETH,1061595,Litecoin Ethereum,Gatecoin,ETH
LTCEUR,1061598,Litecoin Euro,Gatecoin,EUR
TRXBTC,1061590,TRON Bitcoin,Gatecoin,BTC
TRXETH,1061592,TRON Ethereum,Gatecoin,ETH
