EURRON,1689,Euro Romanian Leu,Forex,RON
GBPRON,1789,British Pound Romanian Leu,Forex,RON
USDRON,2184,US Dollar Romanian Leu,Forex,RON
AEDRON,9320,UAE Dirham Romanian Leu,Forex,RON
ARSRON,9373,Argentinian Peso Romanian Leu,Forex,RON
AUDRON,9405,Australian Dollar Romanian Leu,Forex,RON
BRLRON,9446,Brazil Real Romanian Leu,Forex,RON
CADRON,9480,Canadian Dollar Romanian Leu,Forex,RON
CNYRON,9529,Chinese Yuan Romanian Leu,Forex,RON
CHFRON,9563,Swiss Franc Romanian Leu,Forex,RON
DKKRON,9600,Danish Krone Romanian Leu,Forex,RON
HKDRON,9645,Hong Kong Dollar Romanian Leu,Forex,RON
ILSRON,9715,Israeli Shekel Romanian Leu,Forex,RON
MXNRON,9823,Mexican Peso Romanian Leu,Forex,RON
NOKRON,9875,Norwegian Krone Romanian Leu,Forex,RON
NZDRON,9914,New Zealand Dollar Romanian Leu,Forex,RON
PLNRON,10010,Polish Zloty Romanian Leu,Forex,RON
RONRUB,10048,Romanian Leu Russian Ruble,Forex,RUB
SARRON,10112,Saudi Riyal Romanian Leu,Forex,RON
SEKRON,10161,Swedish Krona Romanian Leu,Forex,RON
SGDRON,10199,Singapore Dollar Romanian Leu,Forex,RON
TRYRON,10283,Turkish Lira Romanian Leu,Forex,RON
TWDRON,10333,Taiwan Dollar Romanian Leu,Forex,RON
VEFRON,10389,Venezuelan Bolivar Romanian Leu,Forex,RON
ZARRON,10435,South African Rand Romanian Leu,Forex,RON
RONILS,1031411,Romanian Leu Israeli Shekel,Forex,ILS
