EGPPKR,1602,Egyptian Pound Pakistani Rupee,Forex,PKR
EUREGP,1634,Euro Egyptian Pound,Forex,EGP
GBPEGP,1749,British Pound Egyptian Pound,Forex,EGP
USDEGP,2122,US Dollar Egyptian Pound,Forex,EGP
AEDEGP,9325,UAE Dirham Egyptian Pound,Forex,EGP
ARSEGP,9378,Argentinian Peso Egyptian Pound,Forex,EGP
AUDEGP,9410,Australian Dollar Egyptian Pound,Forex,EGP
BRLEGP,9418,Brazil Real Egyptian Pound,Forex,EGP
CADEGP,9463,Canadian Dollar Egyptian Pound,Forex,EGP
CNYEGP,9500,Chinese Yuan Egyptian Pound,Forex,EGP
CHFEGP,9546,Swiss Franc Egyptian Pound,Forex,EGP
DKKEGP,9579,Danish Krone Egyptian Pound,Forex,EGP
HKDEGP,9623,Hong Kong Dollar Egyptian Pound,Forex,EGP
ILSEGP,9686,Israeli Shekel Egyptian Pound,Forex,EGP
INREGP,9733,Indian Rupee Egyptian Pound,Forex,EGP
MXNEGP,9799,Mexican Peso Egyptian Pound,Forex,EGP
NOKEGP,9847,Norwegian Krone Egyptian Pound,Forex,EGP
NZDEGP,9895,New Zealand Dollar Egyptian Pound,Forex,EGP
PHPEGP,9927,Philippine Peso Egyptian Pound,Forex,EGP
PLNEGP,9982,Polish Zloty Egyptian Pound,Forex,EGP
RUBEGP,10031,Russian Ruble Egyptian Pound,Forex,EGP
SAREGP,10082,Saudi Riyal Egyptian Pound,Forex,EGP
SEKEGP,10135,Swedish Krona Egyptian Pound,Forex,EGP
SGDEGP,10180,Singapore Dollar Egyptian Pound,Forex,EGP
THBEGP,10217,Thai Baht Egyptian Pound,Forex,EGP
TRYEGP,10253,Turkish Lira Egyptian Pound,Forex,EGP
TWDEGP,10307,Taiwan Dollar Egyptian Pound,Forex,EGP
VEFEGP,10358,Venezuelan Bolivar Egyptian Pound,Forex,EGP
ZAREGP,10413,South African Rand Egyptian Pound,Forex,EGP
EGPAED,14473,Egyptian Pound UAE Dirham,Forex,AED
EGPEUR,14474,Egyptian Pound Euro,Forex,EUR
EGPGBP,14475,Egyptian Pound British Pound,Forex,GBP
EGPJPY,14476,Egyptian Pound Japanese Yen,Forex,JPY
EGPSAR,14477,Egyptian Pound Saudi Riyal,Forex,SAR
EGPUSD,14478,Egyptian Pound US Dollar,Forex,USD
JPYEGP,14481,Japanese Yen Egyptian Pound,Forex,EGP
