ALSS,428,Altri SGPS,PSI20,EUR
BBPI,429,Banco BPI,PSI20,EUR
BCP,430,Banco Comercial Portugues,PSI20,EUR
CORA,15156,Corticeira Amorim,PSI20,EUR
CTT,49929,CTT Correios de Portugal SA,PSI20,EUR
EDP,424,EDP,PSI20,EUR
EDPR,14606,EDP Renovaveis,PSI20,EUR
GALP,421,Galp Energia Nom,PSI20,EUR
JMT,423,J. Martins SGPS,PSI20,EUR
MPIO,943380,Montepio,PSI20,EUR
MOTA,433,Mota Engil,PSI20,EUR
NOS,13807,Nos SGPS SA,PSI20,EUR
PHRA,435,Pharol SGPS SA,PSI20,EUR
RENE,434,REN,PSI20,EUR
SEM,437,Semapa,PSI20,EUR
YSO,439,Sonae,PSI20,EUR
SONAC,15180,Sonae Capital,PSI20,EUR
NVGR,431,The Navigator Company SA,PSI20,EUR
