IGNY,951581,4iG Nyrt,Budapest,HUF,http://www.investing.com/equities/4ig-nyrt
ADSG,1030991,Adidas,Budapest,HUF,http://www.investing.com/equities/adidas-salomon?cid=1030991
AKKO,1093900,AKKO INVEST,Budapest,HUF,http://www.investing.com/equities/plotinus-vagyonkezelo-nyrt?cid=1093900
ALTS,993297,Alteo Energiaszolgaltato,Budapest,HUF,http://www.investing.com/equities/alteo-energiaszolgaltato-nyrt
ANYB,38018,ANY,Budapest,HUF,http://www.investing.com/equities/any?cid=38018
APPB,38019,Appeninn,Budapest,HUF,http://www.investing.com/equities/appeninn-nyrt?cid=38019
AUTW,1137599,AutoWallis,Budapest,HUF,http://www.investing.com/equities/autowallis-nyrt
BASF,1030992,BASF,Budapest,HUF,http://www.investing.com/equities/basf-ag?cid=1030992
BAYG,1030990,Bayer,Budapest,HUF,http://www.investing.com/equities/bayer-ag?cid=1030990
BIFR,951574,Budapesti Ingatlan Hasznositasi,Budapest,HUF,http://www.investing.com/equities/budapesti-ingatlan-hasznositasi-fej
CIGP,38020,CIG Pannonia,Budapest,HUF,http://www.investing.com/equities/cig-pannonia-life-insurance-plc?cid=38020
GARG,951580,Csepel,Budapest,HUF,http://www.investing.com/equities/csepel-holding-nyrt
DAIG,1030989,Daimler,Budapest,HUF,http://www.investing.com/equities/daimler?cid=1030989
DBKG,1030988,Deutsche Bank AG,Budapest,HUF,http://www.investing.com/equities/deutsche-bank?cid=1030988
DUNA,1073370,Duna House,Budapest,HUF,http://www.investing.com/equities/duna-house
EHEP,1153046,Elso Hazai Energia,Budapest,HUF,http://www.investing.com/equities/elso-hazai-energia
ENEFI,32504,ENEFI,Budapest,HUF,http://www.investing.com/equities/e-star-alternative-plc
DELTA,13895,Est Media Vagyonkezelo Nyrt cs a,Budapest,HUF,http://www.investing.com/equities/est-media
FRVG,951577,Forras Vagyonkezelesi Befektetesi,Budapest,HUF,http://www.investing.com/equities/forras-vagyonkezelesi-befektetesi
FUTU,951579,FuturAqua Asvanyviztermelo Vagyonke,Budapest,HUF,http://www.investing.com/equities/futuraqua-asvanyviztermelo-vagyonke
GDRB,38024,Gedeon Richter,Budapest,HUF,http://www.investing.com/equities/richter-gedeon-nyrt?cid=38024
GSPA,1093895,Graphisoft Park Se Ingatl Eur,Budapest,HUF,http://www.investing.com/equities/graphisoft-park-se-ingatl-eur?cid=1093895
KULC,951585,Kulcs Soft Szamitastechnika,Budapest,HUF,http://www.investing.com/equities/kulcs-soft-szamitastechnika-nyrt
LHAG,1030993,Lufthansa,Budapest,HUF,http://www.investing.com/equities/dt-lufthansa?cid=1030993
MTEL,38026,Magyar Telekom,Budapest,HUF,http://www.investing.com/equities/magyar-telekom-telecommunications?cid=38026
KART,951582,Magyar Vagyonhasznosito,Budapest,HUF,http://www.investing.com/equities/magyar-vagyonhasznosito-tanacsado
MAST,1093897,Masterplast,Budapest,HUF,http://www.investing.com/equities/masterplast-nyrt?cid=1093897
MOLB,38025,MOL,Budapest,HUF,http://www.investing.com/equities/mol-hungarian-oil---gas-nyrt?cid=38025
NTSB,951587,Nordtelekom Tavkozlesi,Budapest,HUF,http://www.investing.com/equities/nordtelekom-tavkozlesi-szolgaltato
NUTE,951588,Nutex Befektetesi,Budapest,HUF,http://www.investing.com/equities/nutex-befektetesi-nyrt
OPUSG,1093899,Opus Global,Budapest,HUF,http://www.investing.com/equities/opimus-group-nyrt?cid=1093899
OTPB,38027,OTP Bank,Budapest,HUF,http://www.investing.com/equities/ot-bank-nyrt?cid=38027
OTT1,951578,OTT One Nyrt,Budapest,HUF,http://www.investing.com/equities/ott-one-nyrt
PANP,38028,PannErgy,Budapest,HUF,http://www.investing.com/equities/pannergy-nyrt?cid=38028
RABA,38029,Raba,Budapest,HUF,http://www.investing.com/equities/raba?cid=38029
SETG,1153190,Set Group Nyrt,Budapest,HUF,http://www.investing.com/equities/set-group-nyrt
SIEG,17362,Siemens AG,Budapest,HUF,http://www.investing.com/equities/siemens?cid=17362
TAKA,38023,Takarek Mortgage Bank,Budapest,HUF,http://www.investing.com/equities/fhb-jelzalogbank?cid=38023
WABE,1093901,Waberers,Budapest,HUF,http://www.investing.com/equities/waberers?cid=1093901
ZWCG,1093902,Zwack Unicum Likoripari,Budapest,HUF,http://www.investing.com/equities/zwack-unicum-likoripari?cid=1093902
