EURPEN,1682,Euro Peru Sol,Forex,PEN
GBPPEN,1783,British Pound Peru Sol,Forex,PEN
USDPEN,2177,US Dollar Peru Sol,Forex,PEN
ARSPEN,10449,Argentinian Peso Peru Sol,Forex,PEN
PENARS,10455,Peru Sol Argentinian Peso,Forex,ARS
BRLPEN,10460,Brazil Real Peru Sol,Forex,PEN
PENBRL,10466,Peru Sol Brazil Real,Forex,BRL
CLPPEN,10471,Chilean Peso Peru Sol,Forex,PEN
PENCLP,10476,Peru Sol Chilean Peso,Forex,CLP
PYGPEN,10480,Paraguayan Guarani Peru Sol,Forex,PEN
PENPYG,10484,Peru Sol Paraguayan Guarani,Forex,PYG
UYUPEN,10487,Uruguayan Peso Peru Sol,Forex,PEN
PENUYU,10489,Peru Sol Uruguayan Peso,Forex,UYU
COPPEN,10491,Colombian Peso Peru Sol,Forex,PEN
PENCOP,10493,Peru Sol Colombian Peso,Forex,COP
PENBOB,10495,Peru Sol Bolivian Boliviano,Forex,BOB
BOBPEN,10496,Bolivian Boliviano Peru Sol,Forex,PEN
PENMXN,10502,Peru Sol Mexican Peso,Forex,MXN
MXNPEN,10510,Mexican Peso Peru Sol,Forex,PEN
VEFPEN,10511,Venezuelan Bolivar Peru Sol,Forex,PEN
PENVEF,10518,Peru Sol Venezuelan Bolivar,Forex,VEF
PENUSD,11760,Peru Sol US Dollar,Forex,USD
ILSPEN,1031407,Israeli Shekel Peru Sol,Forex,PEN
