3IN,6635,3I Infrastructure Plc,FTSE250,GBP
888,9048,888 Holdings,FTSE250,GBP
BAG,14006,A.G Barr Plc,FTSE250,GBP
AAAA,948333,AA Plc,FTSE250,GBP
ASL,6750,Aberforth Smaller Companies Trust PLC,FTSE250,GBP
ACAA,13148,Acacia Mining PLC,FTSE250,GBP
AGGK,6701,Aggreko,FTSE250,GBP
ALFAAL,1024845,Alfa Financial Software Holdings PLC,FTSE250,GBP
ATST,6820,Alliance Trust PLC,FTSE250,GBP
ASCL,963710,Ascential PLC,FTSE250,GBP
ASHM,6678,Ashmore Group Plc,FTSE250,GBP
AGRP,7351,Assura Group Ltd,FTSE250,GBP
AUTOA,948335,Auto Trader Group Plc,FTSE250,GBP
AVV,6821,Aveva Group,FTSE250,GBP
BMEB,949036,B&M European Value Retail SA,FTSE250,GBP
BALF,6588,Balfour Beatty,FTSE250,GBP
BNKR,6554,Bankers Investment Trust,FTSE250,GBP
BBA,6819,BBA Aviation Plc,FTSE250,GBP
BEZG,6867,Beazley Plc,FTSE250,GBP
BWY,6567,Bellway,FTSE250,GBP
BGEO,28003,BGEO Group PLC,FTSE250,GBP
BYG,6801,Big Yellow Group,FTSE250,GBP
BOY,6806,Bodycote Plc,FTSE250,GBP
BVS,6654,Bovis Homes Group,FTSE250,GBP
BRW,14017,Brewin Dolphin Holdings PLC,FTSE250,GBP
BTEM,6810,British Empire Trust plc,FTSE250,GBP
BVIC,6644,Britvic,FTSE250,GBP
BTG,14009,BTG,FTSE250,GBP
CNE,6631,Cairn Energy Plc,FTSE250,GBP
CLDN,6757,Caledonia Investments,FTSE250,GBP
CPI,6604,Capita PLC,FTSE250,GBP
CAPCC,14019,Capital & Counties Properties Plc,FTSE250,GBP
CARDC,942375,Card Factory PLC,FTSE250,GBP
CEY,14020,Centamin Plc,FTSE250,GBP
CINE,28317,Cineworld Group,FTSE250,GBP
CTY,6863,City Of London Investment Trust,FTSE250,GBP
CKN,28600,Clarkson,FTSE250,GBP
CBRO,25635,Close Brothers Group plc,FTSE250,GBP
CLSH,6882,CLS Holdings,FTSE250,GBP
COA,946350,Coats Group PLC,FTSE250,GBP
COB,6663,Cobham,FTSE250,GBP
CCC,6756,Computacenter,FTSE250,GBP
CSPC,963708,Countryside Properties PLC,FTSE250,GBP
CWK,14024,Cranswick,FTSE250,GBP
CRST,44417,Crest Nicholson Holdings plc,FTSE250,GBP
CYBGC,968974,CYBG PLC,FTSE250,GBP
DJAN,14026,Daejan Holdings Plc,FTSE250,GBP
DCG,6835,Dairy Crest Group,FTSE250,GBP
DPH,32416,Dechra Pharmaceuticals PLC,FTSE250,GBP
DLN,6850,Derwent London Plc,FTSE250,GBP
DTY,6811,Dignity PLC,FTSE250,GBP
DPLM,32417,Diploma PLC,FTSE250,GBP
DC,14023,Dixons Carphone PLC,FTSE250,GBP
DOM,8923,Domino’s Pizza Group Plc,FTSE250,GBP
DRX,6689,Drax Group,FTSE250,GBP
SMDS,6787,DS Smith PLC,FTSE250,GBP
DNLM,14027,Dunelm Group Plc,FTSE250,GBP
EDIN,6807,Edinburgh Investment Trust,FTSE250,GBP
ELTA,6879,Electra Private Equity PLC,FTSE250,GBP
ECM,6833,Electrocomponents,FTSE250,GBP
ELM,14031,Elementis,FTSE250,GBP
ETO,44442,Entertainment One Ltd,FTSE250,GBP
EQN,960677,Equiniti Group PLC,FTSE250,GBP
ESNT,6789,Essentra PLC,FTSE250,GBP
ESUR,39213,Esure Group Plc,FTSE250,GBP
ERM,6869,Euromoney Institutional Investor,FTSE250,GBP
EVRE,14617,Evraz Plc,FTSE250,GBP
FCPTL,14033,F&C Commercial Property Trust Ltd,FTSE250,GBP
FDM,942422,FDM Group Holdings PLC,FTSE250,GBP
FXPO,6846,Ferrexpo Plc,FTSE250,GBP
FCSS,14034,Fidelity China Special Situations,FTSE250,GBP
FEV,7104,Fidelity European Values,FTSE250,GBP
FDSA,14035,Fidessa Group Plc,FTSE250,GBP
FGT,27941,Finsbury Growth & Income Trust,FTSE250,GBP
FGP,6708,FirstGroup plc,FTSE250,GBP
FRCL,6594,Foreign & Colonial Investment Trust PLC,FTSE250,GBP
GFRD,6784,Galliford Try,FTSE250,GBP
GCPI,27942,GCP Infrastructure Investments Ltd,FTSE250,GBP
GSS,14039,Genesis Emerging Markets Fund Ltd,FTSE250,GBP
GNS,291,Genus PLC,FTSE250,GBP
GOG,6623,Go-Ahead Group,FTSE250,GBP
GFTU_u,50663,Grafton Group PLC,FTSE250,GBP
GRI,6844,Grainger Plc,FTSE250,GBP
GPOR,6665,Great Portland Estates PLC,FTSE250,GBP
UKWG,50660,Greencoat UK Wind PLC,FTSE250,GBP
GNC,27822,Greencore Group,FTSE250,GBP
GNK,6556,Greene King,FTSE250,GBP
GRG,6818,Greggs,FTSE250,GBP
GVC,28449,GVC Holdings PLC,FTSE250,GBP
HFD,6601,Halfords Group,FTSE250,GBP
HLMA,6768,Halma,FTSE250,GBP
HSTN,6877,Hansteen Holdings Plc,FTSE250,GBP
HVPEa,996149,HarbourVest Global Private Equity Ltd,FTSE250,GBP
HSTG,960680,Hastings Group Holdings PLC,FTSE250,GBP
HAYS,6739,Hays Plc,FTSE250,GBP
HRI,14044,Herald Investment Trust,FTSE250,GBP
HICL,14041,HICL Infrastructure Co Ltd,FTSE250,GBP
HIK,6589,Hikma Pharmaceuticals PLC,FTSE250,GBP
HILS,28078,Hill & Smith Holdings PLC,FTSE250,GBP
HSX,6749,Hiscox Ltd,FTSE250,GBP
HOCM,6564,Hochschild Mining Plc,FTSE250,GBP
HSV,6827,HomeServe plc,FTSE250,GBP
HWDN,13138,Howden Joinery Group Plc,FTSE250,GBP
HTG,6723,Hunting PLC,FTSE250,GBP
IBST,960682,Ibstock PLC,FTSE250,GBP
IGG,6688,IG Group Holdings,FTSE250,GBP
IMI,6716,IMI,FTSE250,GBP
INCH,6722,Inchcape Plc,FTSE250,GBP
INDV,943157,Indivior PLC,FTSE250,GBP
ISA,6626,Inmarsat PLC,FTSE250,GBP
ICP,6741,Intermediate Capital Group PLC,FTSE250,GBP
INPP,14048,International Public Partnership,FTSE250,GBP
INTUP,10521,Intu Properties PLC,FTSE250,GBP
INVP,6595,Investec PLC,FTSE250,GBP
IPO,28602,IP Group,FTSE250,GBP
IWG,6765,IWG PLC,FTSE250,GBP
JDW,6630,J D Wetherspoon PLC,FTSE250,GBP
FSJ,28223,James Fisher & Sons plc,FTSE250,GBP
JLT,6605,Jardine Lloyd Thompson Group,FTSE250,GBP
JD,14051,JD Sports Fashion PLC,FTSE250,GBP
JLIF,18891,John Laing Infrastructure Fund Ltd,FTSE250,GBP
JLG,945668,John Laing Group Plc,FTSE250,GBP
WG,6591,John Wood Group PLC,FTSE250,GBP
JAM,14050,JPMorgan American Investment Trust,FTSE250,GBP
JMG,6770,JPMorgan Emerging Mkts Inv Trust,FTSE250,GBP
JII,6918,JPMorgan Indian Inv Trust,FTSE250,GBP
JEO,27918,Jupiter European Opportunities Tst,FTSE250,GBP
JUP,14053,Jupiter Fund Management Plc,FTSE250,GBP
JE,940873,Just Eat,FTSE250,GBP
JUSTJ,44421,Just Group PLC,FTSE250,GBP
KAZ,6652,KAZ Minerals PLC,FTSE250,GBP
KIE,6717,Kier Group,FTSE250,GBP
LRE,14056,Lancashire Holdings Limited,FTSE250,GBP
LMPL,14057,Londonmetric Property Plc,FTSE250,GBP
EMG,6636,Man Group Plc,FTSE250,GBP
MSLH,6839,Marshalls,FTSE250,GBP
MARS,8811,Marston’S Plc,FTSE250,GBP
MCS,960684,McCarthy & Stone PLC,FTSE250,GBP
MGGT,6762,Meggitt PLC,FTSE250,GBP
MRON,6692,Melrose Industries PLC,FTSE250,GBP
MRCM,14060,Mercantile Investment Trust,FTSE250,GBP
MTRO,968979,Metro Bank PLC,FTSE250,GBP
MLC,6796,Millennium & Copthorne Hotels,FTSE250,GBP
MAB,6698,Mitchells & Butlers,FTSE250,GBP
MTO,6699,Mitie Group,FTSE250,GBP
MONY,6825,Moneysupermarket.Com Group Plc,FTSE250,GBP
MNKS,6859,Monks Investment Trust,FTSE250,GBP
MGAMM,22485,Morgan Advanced Materials Plc,FTSE250,GBP
MYI,6934,Murray International Trust,FTSE250,GBP
BWNG,6557,N Brown Group PLC,FTSE250,GBP
NEX,6776,National Express Group,FTSE250,GBP
NBLS,32399,NB Global Floating Rate Income Fund Ltd,FTSE250,GBP
NRRT,40172,Newriver Retail Ltd,FTSE250,GBP
NXGN,6577,NEX Group PLC,FTSE250,GBP
NOGN,44437,Nostrum Oil & Gas LP,FTSE250,GBP
OCDO,13165,Ocado Group Plc,FTSE250,GBP
OSBO,942425,OneSavings Bank plc,FTSE250,GBP
P2PG,942426,P2P Global Investments plc ORD,FTSE250,GBP
PAGE,6671,Pagegroup PLC,FTSE250,GBP
PARA,13156,Paragon Banking Group PLC,FTSE250,GBP
PAYP,6871,PayPoint plc,FTSE250,GBP
PNN,6648,Pennon Group,FTSE250,GBP
PLI,6812,Perpetual Income and Growth Investment Trust plc,FTSE250,GBP
PSHP,1009358,Pershing Square Holdings Ltd,FTSE250,GBP
PNL,19710,Personal Assets Trust,FTSE250,GBP
PFC,6561,Petrofac Ltd,FTSE250,GBP
PETSP,101928,Pets at Home Group PLC,FTSE250,GBP
PHNX,14066,Phoenix Group Holdings,FTSE250,GBP
PTEC,13125,Playtech Plc,FTSE250,GBP
PCT,14064,Polar Capital Partners Limited,FTSE250,GBP
POLYP,14618,Polymetal International PLC,FTSE250,GBP
PLP,940919,Polypipe Group,FTSE250,GBP
PFG,6707,Provident Financial,FTSE250,GBP
PZC,6774,PZ Cussons,FTSE250,GBP
QQ,6657,Qinetiq Group,FTSE250,GBP
RNK,6754,Rank Group,FTSE250,GBP
RAT,6881,Rathbone Brothers PLC,FTSE250,GBP
RDI,940874,Redefine International PLC,FTSE250,GBP
RDW,6764,Redrow,FTSE250,GBP
RSER,50681,Riverstone Energy Ltd,FTSE250,GBP
TRIG,50659,The Renewables Infrastructure Group Ltd,FTSE250,GBP
RWI,6851,Renewi PLC,FTSE250,GBP
RSW,6804,Renishaw,FTSE250,GBP
RTN,6790,Restaurant Group Plc,FTSE250,GBP
RMV,6771,Rightmove Plc,FTSE250,GBP
RCP,6803,RIT Capital Partners,FTSE250,GBP
ROR,6703,Rotork,FTSE250,GBP
RMG,41343,Royal Mail PLC,FTSE250,GBP
RPC,14068,RPC Group,FTSE250,GBP
SAFE,6780,Safestore Holdings Plc,FTSE250,GBP
SAGAG,942376,Saga,FTSE250,GBP
SNNS,949636,Sanne Group PLC,FTSE250,GBP
SVS,6752,Savills,FTSE250,GBP
SCIN,6834,Scottish Investment Trust,FTSE250,GBP
SNR,14115,Senior Plc,FTSE250,GBP
SEQI,945897,Sequoia Economic Infrastructure,FTSE250,GBP
SRP,6634,Serco Group,FTSE250,GBP
SHB,6791,Shaftesbury Plc,FTSE250,GBP
SHI,6662,SIG,FTSE250,GBP
SXX,14116,Sirius Minerals Plc,FTSE250,GBP
SCTS,961641,Softcat PLC,FTSE250,GBP
SOPH,955595,Sophos Group PLC,FTSE250,GBP
SXS,6767,Spectris,FTSE250,GBP
SPX,6808,Spirax Sarco Engineering Plc,FTSE250,GBP
SPI,942380,Spire Healthcare Group plc,FTSE250,GBP
SPD,6772,Sports Direct International PLC,FTSE250,GBP
SSPG,942377,SSP Group PLC,FTSE250,GBP
SMP,7157,St.Modwen Properties,FTSE250,GBP
SGC,6732,Stagecoach Group,FTSE250,GBP
STOB,14076,Stobart Group Ltd,FTSE250,GBP
SDRY,14072,SuperGroup PLC,FTSE250,GBP
SYNCS,40119,Syncona Ltd,FTSE250,GBP
SYNTS,14142,Synthomer PLC,FTSE250,GBP
TALK,14077,Talk Talk Telecom Group Plc,FTSE250,GBP
TATE,6651,Tate & Lyle,FTSE250,GBP
TBCG,986303,TBC Bank Group PLC,FTSE250,GBP
TED,32426,Ted Baker,FTSE250,GBP
TEP,14119,Telecom Plus PLC,FTSE250,GBP
TMPL,6870,Temple Bar Investment Trust,FTSE250,GBP
TEM,6817,Templeton Emerg Mark Investm Trust,FTSE250,GBP
TCG,6622,Thomas Cook Group PLC,FTSE250,GBP
TCAPI,6637,TP ICAP PLC,FTSE250,GBP
TRY,6766,TR Property Investment Trust,FTSE250,GBP
TPK,6681,Travis Perkins PLC,FTSE250,GBP
BBOXT,942420,Tritax Big Box REIT plc,FTSE250,GBP
TLW,6627,Tullow Oil PLC,FTSE250,GBP
UBM,6587,United Business Media PLC,FTSE250,GBP
UDG,40198,UDG Healthcare plc,FTSE250,GBP
UKCM,8804,UK Commercial Property Trust,FTSE250,GBP
ULE,6743,Ultra Electronics Holdings Plc,FTSE250,GBP
UTG,6848,Unite Group,FTSE250,GBP
VEC,14120,Vectura Group,FTSE250,GBP
VED,6559,Vedanta Resources,FTSE250,GBP
VSVS,6684,Vesuvius Plc,FTSE250,GBP
VCTX,6579,Victrex,FTSE250,GBP
VEILV,985785,Vietnam Enterprise Investments Ltd,FTSE250,GBP
VM,942677,Virgin Money Holdings UK PLC,FTSE250,GBP
WEIR,6674,Weir Group PLC,FTSE250,GBP
SMWH,6619,WH Smith,FTSE250,GBP
WMH,6705,William Hill PLC,FTSE250,GBP
WTAN,6875,Witan Investment Trust,FTSE250,GBP
WIZZ,945902,Wizz Air Holdings PLC,FTSE250,GBP
WPCT,951007,Woodford Patient Capital Trust,FTSE250,GBP
WKP,6861,Workspace Group Plc,FTSE250,GBP
WWH,32401,Worldwide Healthcare Trust Plc,FTSE250,GBP
ZPG,942379,ZPG PLC,FTSE250,GBP
