0P0000TKLA,1043237,Hermes Linder Fund A,,
0P0000TKLB,1043236,Hermes Linder Fund B,,
LP68271946,1011688,APS Income Fund Accumulation,,
LP68271951,1011689,APS Income Fund Distribution,,
0P00011RRZ,1043235,APS Regular Income Ethical Class B Distributor Institutional,,
0P00011RRT,1043232,APS Regular Income Ethical Class C Accumulator Retail,,
0P00011RRU,1043230,APS Regular Income Ethical Class D Distributor Retail,,
0P00011RRY,1043231,APS Regular Income Ethical Class A Accumulator Institutional,,
0P000163N3,1043234,SphereInvest Global Credit Strategies Fund Class C,,
0P00015KH4,1043233,SphereInvest Global Credit Strategies Fund Class F USD,,
