BTCCAD,1061221,Bitcoin Canadian Dollar,QuadrigaCX,CAD
BTCUSD,1061242,Bitcoin US Dollar,QuadrigaCX,USD
ETHCAD,1061243,Ethereum Canadian Dollar,QuadrigaCX,CAD
ETHBTC,1061244,Ethereum Bitcoin,QuadrigaCX,BTC
BCHCAD,1061247,Bitcoin Cash Canadian Dollar,QuadrigaCX,CAD
BCHBTC,1061248,Bitcoin Cash Bitcoin,QuadrigaCX,BTC
LTCCAD,1061245,Litecoin Canadian Dollar,QuadrigaCX,CAD
LTCBTC,1061246,Litecoin Bitcoin,QuadrigaCX,BTC
BTGBTC,1061250,Bitcoin Gold Bitcoin,QuadrigaCX,BTC
BTGCAD,1061249,Bitcoin Gold Canadian Dollar,QuadrigaCX,CAD
