BTCUSD,1057391,Investing.com Bitcoin Index,Investing.com,USD
BTCJPY,1062795,Investing.com Bitcoin JPY Index,Investing.com,JPY
BTCKRW,1062798,Investing.com Bitcoin KRW Index,Investing.com,KRW
BTCEUR,1057388,Investing.com Bitcoin Euro Index,Investing.com,EUR
BTCRUB,1062790,Investing.com Bitcoin RUB Index,Investing.com,RUB
BTCTRY,1062793,Investing.com Bitcoin TRY Index,Investing.com,TRY
BTCPLN,1062815,Investing.com Bitcoin PLN Index,Investing.com,PLN
BTCCAD,1062811,Investing.com Bitcoin CAD Index,Investing.com,CAD
BTCIDR,1062805,Investing.com Bitcoin IDR Index,Investing.com,IDR
BTCINR,1062781,Investing.com Bitcoin INR Index,Investing.com,INR
BTCTHB,1062808,Investing.com Bitcoin THB Index,Investing.com,THB
BTCHKD,1062803,Investing.com Bitcoin HKD Index,Investing.com,HKD
BTCAUD,1062813,Investing.com Bitcoin AUD Index,Investing.com,AUD
BTCCNY,1062801,Investing.com Bitcoin CNY Index,Investing.com,CNY
BTCMYR,1062830,Investing.com Bitcoin MYR Index,Investing.com,MYR
BTCSEK,1062822,Investing.com Bitcoin SEK Index,Investing.com,SEK
BTCSAR,1062819,Investing.com Bitcoin SAR Index,Investing.com,SAR
BTCVND,1062833,Investing.com Bitcoin VND Index,Investing.com,VND
BTCILS,1062825,Investing.com Bitcoin ILS Index,Investing.com,ILS
BTCZAR,1062784,Investing.com Bitcoin ZAR Index,Investing.com,ZAR
BTCMXN,1062787,Investing.com Bitcoin MXN Index,Investing.com,MXN
USDTUSD,1061453,Investing.com Tether Index,Investing.com,USD
ETHUSD,1061443,Investing.com Ethereum Index,Investing.com,USD
ETHBTC,1068307,Investing.com Ethereum BTC Index,Investing.com,BTC
ETHKRW,1062799,Investing.com Ethereum KRW Index,Investing.com,KRW
ETHEUR,1061972,Investing.com Ethereum Euro Index,Investing.com,EUR
ETHHKD,1062804,Investing.com Ethereum HKD Index,Investing.com,HKD
ETHJPY,1062796,Investing.com Ethereum JPY Index,Investing.com,JPY
ETHRUB,1062791,Investing.com Ethereum RUB Index,Investing.com,RUB
ETHTRY,1062794,Investing.com Ethereum TRY Index,Investing.com,TRY
ETHTHB,1062809,Investing.com Ethereum THB Index,Investing.com,THB
ETHIDR,1062806,Investing.com Ethereum IDR Index,Investing.com,IDR
ETHCAD,1062812,Investing.com Ethereum CAD Index,Investing.com,CAD
ETHINR,1062782,Investing.com Ethereum INR Index,Investing.com,INR
ETHPLN,1062816,Investing.com Ethereum PLN Index,Investing.com,PLN
ETHAUD,1062814,Investing.com Ethereum AUD Index,Investing.com,AUD
ETHILS,1062826,Investing.com Ethereum ILS Index,Investing.com,ILS
ETHSAR,1062820,Investing.com Ethereum SAR Index,Investing.com,SAR
ETHSEK,1062823,Investing.com Ethereum SEK Index,Investing.com,SEK
ETHVND,1062834,Investing.com Ethereum VND Index,Investing.com,VND
ETHMYR,1062831,Investing.com Ethereum MYR Index,Investing.com,MYR
ETHCNY,1062802,Investing.com Ethereum CNY Index,Investing.com,CNY
ETHZAR,1062785,Investing.com Ethereum ZAR Index,Investing.com,ZAR
ETHMXN,1062788,Investing.com Ethereum MXN Index,Investing.com,MXN
EOSUSD,1061444,Investing.com EOS Index,Investing.com,USD
EOSBTC,1068314,Investing.com EOS BTC Index,Investing.com,BTC
EOSETH,1072453,Investing.com EOS ETH Index,Investing.com,ETH
EOSINR,1064673,Investing.com EOS INR Index,Investing.com,INR
EOSRUB,1064775,Investing.com EOS RUB Index,Investing.com,RUB
EOSSEK,1064792,Investing.com EOS SEK Index,Investing.com,SEK
EOSSAR,1064758,Investing.com EOS SAR Index,Investing.com,SAR
EOSTRY,1064741,Investing.com EOS TRY Index,Investing.com,TRY
EOSPLN,1064724,Investing.com EOS PLN Index,Investing.com,PLN
EOSILS,1064809,Investing.com EOS ILS Index,Investing.com,ILS
EOSAUD,1064911,Investing.com EOS AUD Index,Investing.com,AUD
EOSKRW,1064928,Investing.com EOS KRW Index,Investing.com,KRW
EOSMXN,1064707,Investing.com EOS MXN Index,Investing.com,MXN
EOSCAD,1064894,Investing.com EOS CAD Index,Investing.com,CAD
EOSVND,1064877,Investing.com EOS VND Index,Investing.com,VND
EOSHKD,1064843,Investing.com EOS HKD Index,Investing.com,HKD
EOSMYR,1064860,Investing.com EOS MYR Index,Investing.com,MYR
EOSCNY,1064826,Investing.com EOS CNY Index,Investing.com,CNY
EOSEUR,1061979,Investing.com EOS Euro Index,Investing.com,EUR
EOSZAR,1064690,Investing.com EOS ZAR Index,Investing.com,ZAR
BCHBTC,1068309,Investing.com Bitcoin Cash BTC Index,Investing.com,BTC
BCHUSD,1061410,Investing.com BCH Index,Investing.com,USD
BCHKRW,1064923,Investing.com Bitcoin Cash KRW Index,Investing.com,KRW
BCHETH,1072463,Investing.com Bitcoin Cash ETH Index,Investing.com,ETH
BCHEUR,1061974,Investing.com Bitcoin Cash Euro Index,Investing.com,EUR
BCHRUB,1064770,Investing.com Bitcoin Cash RUB Index,Investing.com,RUB
BCHINR,1064668,Investing.com Bitcoin Cash INR Index,Investing.com,INR
BCHCAD,1064889,Investing.com Bitcoin Cash CAD Index,Investing.com,CAD
BCHPLN,1064719,Investing.com Bitcoin Cash PLN Index,Investing.com,PLN
BCHSEK,1064787,Investing.com Bitcoin Cash SEK Index,Investing.com,SEK
BCHILS,1064804,Investing.com Bitcoin Cash ILS Index,Investing.com,ILS
BCHSAR,1064753,Investing.com Bitcoin Cash SAR Index,Investing.com,SAR
BCHTRY,1064736,Investing.com Bitcoin Cash TRY Index,Investing.com,TRY
BCHCNY,1064821,Investing.com Bitcoin Cash CNY Index,Investing.com,CNY
BCHAUD,1064906,Investing.com Bitcoin Cash AUD Index,Investing.com,AUD
BCHMYR,1064855,Investing.com Bitcoin Cash MYR Index,Investing.com,MYR
BCHVND,1064872,Investing.com Bitcoin Cash VND Index,Investing.com,VND
BCHHKD,1064838,Investing.com Bitcoin Cash HKD Index,Investing.com,HKD
BCHZAR,1064685,Investing.com Bitcoin Cash ZAR Index,Investing.com,ZAR
BCHMXN,1064702,Investing.com Bitcoin Cash MXN Index,Investing.com,MXN
XRPKRW,1062800,Investing.com Ripple KRW Index,Investing.com,KRW
XRPUSD,1057392,Investing.com Ripple Index,Investing.com,USD
XRPBTC,1068308,Investing.com Ripple BTC Index,Investing.com,BTC
XRPJPY,1062797,Investing.com Ripple JPY Index,Investing.com,JPY
XRPEUR,1061973,Investing.com Ripple Euro  Index,Investing.com,EUR
XRPETH,1072446,Investing.com Ripple ETH Index,Investing.com,ETH
XRPTRY,1062818,Investing.com Ripple TRY Index,Investing.com,TRY
XRPINR,1062783,Investing.com Ripple INR Index,Investing.com,INR
XRPTHB,1062810,Investing.com Ripple THB Index,Investing.com,THB
XRPIDR,1062807,Investing.com Ripple IDR Index,Investing.com,IDR
XRPRUB,1062792,Investing.com Ripple RUB Index,Investing.com,RUB
XRPSEK,1062824,Investing.com Ripple SEK Index,Investing.com,SEK
XRPILS,1062827,Investing.com Ripple ILS Index,Investing.com,ILS
XRPCNY,1062828,Investing.com Ripple CNY Index,Investing.com,CNY
XRPCAD,1062836,Investing.com Ripple CAD Index,Investing.com,CAD
XRPAUD,1062837,Investing.com Ripple AUD Index,Investing.com,AUD
XRPVND,1062835,Investing.com Ripple VND Index,Investing.com,VND
XRPMYR,1062832,Investing.com Ripple MYR Index,Investing.com,MYR
XRPHKD,1062829,Investing.com Ripple HKD Index,Investing.com,HKD
XRPZAR,1062786,Investing.com Ripple ZAR Index,Investing.com,ZAR
XRPMXN,1062789,Investing.com Ripple MXN Index,Investing.com,MXN
XRPPLN,1062817,Investing.com Ripple PLN Index,Investing.com,PLN
XRPSAR,1062821,Investing.com Ripple SAR Index,Investing.com,SAR
LTCUSD,1061445,Investing.com Litecoin Index,Investing.com,USD
LTCBTC,1068310,Investing.com Litecoin BTC Index,Investing.com,BTC
LTCEUR,1061976,Investing.com Litecoin Euro Index,Investing.com,EUR
LTCKRW,1064924,Investing.com Litecoin KRW Index,Investing.com,KRW
LTCETH,1072445,Investing.com Litecoin ETH Index,Investing.com,ETH
LTCRUB,1064771,Investing.com Litecoin RUB Index,Investing.com,RUB
LTCINR,1064669,Investing.com Litecoin INR Index,Investing.com,INR
LTCCAD,1064890,Investing.com Litecoin CAD Index,Investing.com,CAD
LTCPLN,1064720,Investing.com Litecoin PLN Index,Investing.com,PLN
LTCHKD,1064839,Investing.com Litecoin HKD Index,Investing.com,HKD
LTCSEK,1064788,Investing.com Litecoin SEK Index,Investing.com,SEK
LTCMXN,1064703,Investing.com Litecoin MXN Index,Investing.com,MXN
LTCILS,1064805,Investing.com Litecoin ILS Index,Investing.com,ILS
LTCTRY,1064737,Investing.com Litecoin TRY Index,Investing.com,TRY
LTCSAR,1064754,Investing.com Litecoin SAR Index,Investing.com,SAR
LTCMYR,1064856,Investing.com Litecoin MYR Index,Investing.com,MYR
LTCAUD,1064907,Investing.com Litecoin AUD Index,Investing.com,AUD
LTCVND,1064873,Investing.com Litecoin VND Index,Investing.com,VND
LTCCNY,1064822,Investing.com Litecoin CNY Index,Investing.com,CNY
LTCZAR,1064686,Investing.com Litecoin ZAR Index,Investing.com,ZAR
TRXBTC,1068320,Investing.com TRON BTC Index,Investing.com,BTC
TRXETH,1072523,Investing.com TRON ETH Index,Investing.com,ETH
TRXUSD,1061450,Investing.com TRON Index,Investing.com,USD
TRXKRW,1064934,Investing.com TRON KRW Index,Investing.com,KRW
TRXINR,1064679,Investing.com TRON INR Index,Investing.com,INR
TRXSEK,1064798,Investing.com TRON SEK Index,Investing.com,SEK
TRXRUB,1064781,Investing.com TRON RUB Index,Investing.com,RUB
TRXSAR,1064764,Investing.com TRON SAR Index,Investing.com,SAR
TRXTRY,1064747,Investing.com TRON TRY Index,Investing.com,TRY
TRXILS,1064815,Investing.com TRON ILS Index,Investing.com,ILS
TRXMYR,1064866,Investing.com TRON MYR Index,Investing.com,MYR
TRXAUD,1064917,Investing.com TRON AUD Index,Investing.com,AUD
TRXPLN,1064730,Investing.com TRON PLN Index,Investing.com,PLN
TRXCAD,1064900,Investing.com TRON CAD Index,Investing.com,CAD
TRXVND,1064883,Investing.com TRON VND Index,Investing.com,VND
TRXHKD,1064849,Investing.com TRON HKD Index,Investing.com,HKD
TRXCNY,1064832,Investing.com TRON CNY Index,Investing.com,CNY
TRXEUR,1061984,Investing.com TRON Euro Index,Investing.com,EUR
TRXZAR,1064696,Investing.com TRON ZAR Index,Investing.com,ZAR
TRXMXN,1064713,Investing.com TRON MXN Index,Investing.com,MXN
ETCBTC,1068318,Investing.com Ethereum Classic BTC Index,Investing.com,BTC
ETCUSD,1057275,Investing.com Ethereum Classic Index,Investing.com,USD
ETCKRW,1064935,Investing.com Ethereum Classic KRW Index,Investing.com,KRW
ETCETH,1072449,Investing.com Ethereum Classic ETH Index,Investing.com,ETH
ETCEUR,1061986,Investing.com Ethereum Classic Euro Index,Investing.com,EUR
ETCCNY,1064833,Investing.com Ethereum Classic CNY Index,Investing.com,CNY
ETCHKD,1064850,Investing.com Ethereum Classic HKD Index,Investing.com,HKD
ETCMYR,1064867,Investing.com Ethereum Classic MYR Index,Investing.com,MYR
ETCILS,1064816,Investing.com Ethereum Classic ILS Index,Investing.com,ILS
ETCRUB,1064782,Investing.com Ethereum Classic RUB Index,Investing.com,RUB
ETCSEK,1064799,Investing.com Ethereum Classic SEK Index,Investing.com,SEK
ETCVND,1064884,Investing.com Ethereum Classic VND Index,Investing.com,VND
ETCAUD,1064918,Investing.com Ethereum Classic AUD Index,Investing.com,AUD
ETCSAR,1064765,Investing.com Ethereum Classic SAR Index,Investing.com,SAR
ETCCAD,1064901,Investing.com Ethereum Classic CAD Index,Investing.com,CAD
ETCTRY,1064748,Investing.com Ethereum Classic TRY Index,Investing.com,TRY
ETCZAR,1064697,Investing.com Ethereum Classic ZAR Index,Investing.com,ZAR
ETCMXN,1064714,Investing.com Ethereum Classic MXN Index,Investing.com,MXN
ETCPLN,1064731,Investing.com Ethereum Classic PLN Index,Investing.com,PLN
ETCINR,1064680,Investing.com Ethereum Classic INR Index,Investing.com,INR
IOTUSD,1061449,Investing.com IOTA Index,Investing.com,USD
IOTBTC,1068315,Investing.com IOTA BTC Index,Investing.com,BTC
IOTKRW,1064929,Investing.com IOTA KRW Index,Investing.com,KRW
IOTAETH,1072455,Investing.com IOTA ETH Index,Investing.com,ETH
IOTRUB,1064776,Investing.com IOTA RUB Index,Investing.com,RUB
IOTSEK,1064793,Investing.com IOTA SEK Index,Investing.com,SEK
IOTSAR,1064759,Investing.com IOTA SAR Index,Investing.com,SAR
IOTMXN,1064708,Investing.com IOTA MXN Index,Investing.com,MXN
IOTPLN,1064725,Investing.com IOTA PLN Index,Investing.com,PLN
IOTTRY,1064742,Investing.com IOTA TRY Index,Investing.com,TRY
IOTCAD,1064895,Investing.com IOTA CAD Index,Investing.com,CAD
IOTAUD,1064912,Investing.com IOTA AUD Index,Investing.com,AUD
IOTZAR,1064691,Investing.com IOTA ZAR Index,Investing.com,ZAR
IOTVND,1064878,Investing.com IOTA VND Index,Investing.com,VND
IOTMYR,1064861,Investing.com IOTA MYR Index,Investing.com,MYR
IOTCNY,1064827,Investing.com IOTA CNY Index,Investing.com,CNY
IOTHKD,1064844,Investing.com IOTA HKD Index,Investing.com,HKD
IOTILS,1064810,Investing.com IOTA ILS Index,Investing.com,ILS
IOTEUR,1061981,Investing.com IOTA Euro Index,Investing.com,EUR
IOTINR,1064674,Investing.com IOTA INR Index,Investing.com,INR
ADAKRW,1064925,Investing.com Cardano KRW Index,Investing.com,KRW
ADABTC,1068312,Investing.com Cardano BTC Index,Investing.com,BTC
ADAUSD,1062537,Investing.com Cardano Index,Investing.com,USD
ADAETH,1072528,Investing.com Cardano ETH Index,Investing.com,ETH
ADASEK,1064789,Investing.com Cardano SEK Index,Investing.com,SEK
ADASAR,1064755,Investing.com Cardano SAR Index,Investing.com,SAR
ADAILS,1064806,Investing.com Cardano ILS Index,Investing.com,ILS
ADATRY,1064738,Investing.com Cardano TRY Index,Investing.com,TRY
ADARUB,1064772,Investing.com Cardano RUB Index,Investing.com,RUB
ADAVND,1064874,Investing.com Cardano VND Index,Investing.com,VND
ADAAUD,1064908,Investing.com Cardano AUD Index,Investing.com,AUD
ADAPLN,1064721,Investing.com Cardano PLN Index,Investing.com,PLN
ADACAD,1064891,Investing.com Cardano CAD Index,Investing.com,CAD
ADAMYR,1064857,Investing.com Cardano MYR Index,Investing.com,MYR
ADAHKD,1064840,Investing.com Cardano HKD Index,Investing.com,HKD
ADACNY,1064823,Investing.com Cardano CNY Index,Investing.com,CNY
ADAEUR,1061975,Investing.com Cardano Euro Index,Investing.com,EUR
ADAINR,1064670,Investing.com Cardano INR Index,Investing.com,INR
ADAZAR,1064687,Investing.com Cardano ZAR Index,Investing.com,ZAR
ADAMXN,1064704,Investing.com Cardano MXN Index,Investing.com,MXN
QTUMBTC,1068322,Investing.com Qtum BTC Index,Investing.com,BTC
QTUMUSD,1061464,Investing.com Qtum Index,Investing.com,USD
QTUMKRW,1064937,Investing.com Qtum KRW Index,Investing.com,KRW
QTUMETH,1072462,Investing.com Qtum ETH Index,Investing.com,ETH
QTUMTRY,1064750,Investing.com Qtum TRY Index,Investing.com,TRY
QTUMSAR,1064767,Investing.com Qtum SAR Index,Investing.com,SAR
QTUMRUB,1064784,Investing.com Qtum RUB Index,Investing.com,RUB
QTUMPLN,1064733,Investing.com Qtum PLN Index,Investing.com,PLN
QTUMZAR,1064699,Investing.com Qtum ZAR Index,Investing.com,ZAR
QTUMSEK,1064801,Investing.com Qtum SEK Index,Investing.com,SEK
QTUMINR,1064682,Investing.com Qtum INR Index,Investing.com,INR
QTUMMXN,1064716,Investing.com Qtum MXN Index,Investing.com,MXN
QTUMVND,1064886,Investing.com Qtum VND Index,Investing.com,VND
QTUMAUD,1064920,Investing.com Qtum AUD Index,Investing.com,AUD
QTUMCAD,1064903,Investing.com Qtum CAD Index,Investing.com,CAD
QTUMCNY,1064835,Investing.com Qtum CNY Index,Investing.com,CNY
QTUMHKD,1064852,Investing.com Qtum HKD Index,Investing.com,HKD
QTUMMYR,1064869,Investing.com Qtum MYR Index,Investing.com,MYR
QTUMILS,1064818,Investing.com Qtum ILS Index,Investing.com,ILS
QTUMEUR,1061988,Investing.com Qtum Euro Index,Investing.com,EUR
ZILBTC,1068360,Investing.com Zilliqa BTC Index,Investing.com,BTC
ZILETH,1072930,Investing.com Zilliqa ETH Index,Investing.com,ETH
ZILUSD,1066743,Investing.com Zilliqa Index,Investing.com,USD
ANSBTC,1068311,Investing.com NEO BTC Index,Investing.com,BTC
ANSUSD,1061409,Investing.com NEO Index,Investing.com,USD
NEOETH,1072458,Investing.com NEO ETH Index,Investing.com,ETH
ANSKRW,1064926,Investing.com NEO KRW Index,Investing.com,KRW
ANSHKD,1064841,Investing.com NEO HKD Index,Investing.com,HKD
ANSCNY,1064824,Investing.com NEO CNY Index,Investing.com,CNY
ANSSAR,1064756,Investing.com NEO SAR Index,Investing.com,SAR
ANSILS,1064807,Investing.com NEO ILS Index,Investing.com,ILS
ANSSEK,1064790,Investing.com NEO SEK Index,Investing.com,SEK
ANSMYR,1064858,Investing.com NEO MYR Index,Investing.com,MYR
ANSRUB,1064773,Investing.com NEO RUB Index,Investing.com,RUB
ANSCAD,1064892,Investing.com NEO CAD Index,Investing.com,CAD
ANSAUD,1064909,Investing.com NEO AUD Index,Investing.com,AUD
ANSVND,1064875,Investing.com NEO VND Index,Investing.com,VND
ANSEUR,1061978,Investing.com NEO Euro Index,Investing.com,EUR
ANSINR,1064671,Investing.com NEO INR Index,Investing.com,INR
ANSZAR,1064688,Investing.com NEO ZAR Index,Investing.com,ZAR
ANSMXN,1064705,Investing.com NEO MXN Index,Investing.com,MXN
ANSPLN,1064722,Investing.com NEO PLN Index,Investing.com,PLN
ANSTRY,1064739,Investing.com NEO TRY Index,Investing.com,TRY
DASHBTC,1068316,Investing.com Dash BTC Index,Investing.com,BTC
DASHUSD,1061456,Investing.com Dash Index,Investing.com,USD
DASHETH,1072448,Investing.com Dash ETH Index,Investing.com,ETH
DASHEUR,1061982,Investing.com Dash Euro Index,Investing.com,EUR
DASHRUB,1064777,Investing.com Dash RUB Index,Investing.com,RUB
DASHKRW,1064930,Investing.com Dash KRW Index,Investing.com,KRW
DASHPLN,1064726,Investing.com Dash PLN Index,Investing.com,PLN
DASHSAR,1064760,Investing.com Dash SAR Index,Investing.com,SAR
DASHSEK,1064794,Investing.com Dash SEK Index,Investing.com,SEK
DASHZAR,1064692,Investing.com Dash ZAR Index,Investing.com,ZAR
DASHTRY,1064743,Investing.com Dash TRY Index,Investing.com,TRY
DASHMXN,1064709,Investing.com Dash MXN Index,Investing.com,MXN
DASHILS,1064811,Investing.com Dash ILS Index,Investing.com,ILS
DASHCAD,1064896,Investing.com Dash CAD Index,Investing.com,CAD
DASHINR,1064675,Investing.com Dash INR Index,Investing.com,INR
DASHAUD,1064913,Investing.com Dash AUD Index,Investing.com,AUD
DASHHKD,1064845,Investing.com Dash HKD Index,Investing.com,HKD
DASHMYR,1064862,Investing.com Dash MYR Index,Investing.com,MYR
DASHVND,1064879,Investing.com Dash VND Index,Investing.com,VND
DASHCNY,1064828,Investing.com Dash CNY Index,Investing.com,CNY
XVGBTC,1068331,Investing.com Verge BTC Index,Investing.com,BTC
XVGETH,1072511,Investing.com Verge ETH Index,Investing.com,ETH
XVGUSD,1061531,Investing.com Verge Index,Investing.com,USD
VENBTC,1068321,Investing.com VeChain BTC Index,Investing.com,BTC
VENETH,1072538,Investing.com VeChain ETH Index,Investing.com,ETH
VENUSD,1061537,Investing.com VeChain Index,Investing.com,USD
VENSEK,1064800,Investing.com VeChain SEK Index,Investing.com,SEK
VENILS,1064817,Investing.com VeChain ILS Index,Investing.com,ILS
VENCNY,1064834,Investing.com VeChain CNY Index,Investing.com,CNY
VENRUB,1064783,Investing.com VeChain RUB Index,Investing.com,RUB
VENSAR,1064766,Investing.com VeChain SAR Index,Investing.com,SAR
VENPLN,1064732,Investing.com VeChain PLN Index,Investing.com,PLN
VENTRY,1064749,Investing.com VeChain TRY Index,Investing.com,TRY
VENHKD,1064851,Investing.com VeChain HKD Index,Investing.com,HKD
VENMYR,1064868,Investing.com VeChain MYR Index,Investing.com,MYR
VENKRW,1064936,Investing.com VeChain KRW Index,Investing.com,KRW
VENAUD,1064919,Investing.com VeChain AUD Index,Investing.com,AUD
VENCAD,1064902,Investing.com VeChain CAD Index,Investing.com,CAD
VENVND,1064885,Investing.com VeChain VND Index,Investing.com,VND
VENMXN,1064715,Investing.com VeChain MXN Index,Investing.com,MXN
VENEUR,1061987,Investing.com VeChain Euro Index,Investing.com,EUR
VENINR,1064681,Investing.com VeChain INR Index,Investing.com,INR
VENZAR,1064698,Investing.com VeChain ZAR Index,Investing.com,ZAR
ONTBTC,1075368,Investing.com Ontology BTC Index,Investing.com,BTC
ONTUSD,1075377,Investing.com Ontology Index,Investing.com,USD
BNBUSD,1061448,Investing.com Binance Coin Index,Investing.com,USD
BNBBTC,1068329,Investing.com Binance Coin BTC Index,Investing.com,BTC
BNBETH,1072478,Investing.com Binance Coin ETH Index,Investing.com,ETH
XLMBTC,1068313,Investing.com Stellar Lumens BTC Index,Investing.com,BTC
XLMKRW,1064927,Investing.com Stellar Lumens KRW Index,Investing.com,KRW
XLMUSD,1061451,Investing.com Stellar Index,Investing.com,USD
XLMETH,1072475,Investing.com Stellar Lumens ETH Index,Investing.com,ETH
XLMILS,1064808,Investing.com Stellar Lumens ILS Index,Investing.com,ILS
XLMSEK,1064791,Investing.com Stellar Lumens SEK Index,Investing.com,SEK
XLMSAR,1064757,Investing.com Stellar Lumens SAR Index,Investing.com,SAR
XLMTRY,1064740,Investing.com Stellar Lumens TRY Index,Investing.com,TRY
XLMCNY,1064825,Investing.com Stellar Lumens CNY Index,Investing.com,CNY
XLMRUB,1064774,Investing.com Stellar Lumens RUB Index,Investing.com,RUB
XLMVND,1064876,Investing.com Stellar Lumens VND Index,Investing.com,VND
XLMPLN,1064723,Investing.com Stellar Lumens PLN Index,Investing.com,PLN
XLMAUD,1064910,Investing.com Stellar Lumens AUD Index,Investing.com,AUD
XLMCAD,1064893,Investing.com Stellar Lumens CAD Index,Investing.com,CAD
XLMMYR,1064859,Investing.com Stellar Lumens MYR Index,Investing.com,MYR
XLMHKD,1064842,Investing.com Stellar Lumens HKD Index,Investing.com,HKD
XLMEUR,1061977,Investing.com Stellar Lumens Euro Index,Investing.com,EUR
XLMINR,1064672,Investing.com Stellar Lumens INR Index,Investing.com,INR
XLMZAR,1064689,Investing.com Stellar Lumens ZAR Index,Investing.com,ZAR
XLMMXN,1064706,Investing.com Stellar Lumens MXN Index,Investing.com,MXN
ICXBTC,1068327,Investing.com ICON BTC Index,Investing.com,BTC
ICXETH,1072805,Investing.com ICON ETH Index,Investing.com,ETH
ICXUSD,1061807,Investing.com ICON Index,Investing.com,USD
ICXSEK,1064803,Investing.com ICON SEK Index,Investing.com,SEK
ICXILS,1064820,Investing.com ICON ILS Index,Investing.com,ILS
ICXRUB,1064786,Investing.com ICON RUB Index,Investing.com,RUB
ICXSAR,1064769,Investing.com ICON SAR Index,Investing.com,SAR
ICXPLN,1064735,Investing.com ICON PLN Index,Investing.com,PLN
ICXTRY,1064752,Investing.com ICON TRY Index,Investing.com,TRY
ICXCNY,1064837,Investing.com ICON CNY Index,Investing.com,CNY
ICXMXN,1064718,Investing.com ICON MXN Index,Investing.com,MXN
ICXAUD,1064922,Investing.com ICON AUD Index,Investing.com,AUD
ICXKRW,1064939,Investing.com ICON KRW Index,Investing.com,KRW
ICXCAD,1064905,Investing.com ICON CAD Index,Investing.com,CAD
ICXVND,1064888,Investing.com ICON VND Index,Investing.com,VND
ICXHKD,1064854,Investing.com ICON HKD Index,Investing.com,HKD
ICXMYR,1064871,Investing.com ICON MYR Index,Investing.com,MYR
ICXEUR,1064940,Investing.com ICON EUR Index,Investing.com,EUR
ICXINR,1064684,Investing.com ICON INR Index,Investing.com,INR
ICXZAR,1064701,Investing.com ICON ZAR Index,Investing.com,ZAR
ZECBTC,1068328,Investing.com Zcash BTC Index,Investing.com,BTC
ZECUSD,1061465,Investing.com Zcash Index,Investing.com,USD
ZECETH,1072452,Investing.com Zcash ETH Index,Investing.com,ETH
ZECEUR,1075378,Investing.com Zcash EUR Index,Investing.com,EUR
OMGBTC,1068326,Investing.com Omisego BTC Index,Investing.com,BTC
OMGUSD,1061446,Investing.com OmiseGO Index,Investing.com,USD
OMGETH,1072465,Investing.com Omisego ETH Index,Investing.com,ETH
AEBTC,1068348,Investing.com Aeternity BTC Index,Investing.com,BTC
AEUSD,1061499,Investing.com Aeternity Index,Investing.com,USD
AEETH,1072540,Investing.com Aeternity ETH Index,Investing.com,ETH
XMRBTC,1068317,Investing.com Monero BTC Index,Investing.com,BTC
XMRUSD,1061467,Investing.com Monero Index,Investing.com,USD
XMRKRW,1064932,Investing.com Monero KRW Index,Investing.com,KRW
XMRETH,1072451,Investing.com Monero ETH Index,Investing.com,ETH
XMREUR,1061983,Investing.com Monero Euro Index,Investing.com,EUR
XMRILS,1064813,Investing.com Monero ILS Index,Investing.com,ILS
XMRSEK,1064796,Investing.com Monero SEK Index,Investing.com,SEK
XMRRUB,1064779,Investing.com Monero RUB Index,Investing.com,RUB
XMRSAR,1064762,Investing.com Monero SAR Index,Investing.com,SAR
XMRCNY,1064830,Investing.com Monero CNY Index,Investing.com,CNY
XMRHKD,1064847,Investing.com Monero HKD Index,Investing.com,HKD
XMRAUD,1064915,Investing.com Monero AUD Index,Investing.com,AUD
XMRCAD,1064898,Investing.com Monero CAD Index,Investing.com,CAD
XMRVND,1064881,Investing.com Monero VND Index,Investing.com,VND
XMRMYR,1064864,Investing.com Monero MYR Index,Investing.com,MYR
XMRTRY,1064745,Investing.com Monero TRY Index,Investing.com,TRY
XMRINR,1064677,Investing.com Monero INR Index,Investing.com,INR
XMRZAR,1064694,Investing.com Monero ZAR Index,Investing.com,ZAR
XMRMXN,1064711,Investing.com Monero MXN Index,Investing.com,MXN
XMRPLN,1064728,Investing.com Monero PLN Index,Investing.com,PLN
SCBTC,1068337,Investing.com Siacoin BTC Index,Investing.com,BTC
SCETH,1072447,Investing.com Siacoin ETH Index,Investing.com,ETH
SCUSD,1066618,Investing.com Siacoin Index,Investing.com,USD
BTGBTC,1068324,Investing.com Bitcoin Gold BTC Index,Investing.com,BTC
BTGKRW,1064938,Investing.com Bitcoin Gold KRW Index,Investing.com,KRW
BTGUSD,1061452,Investing.com Bitcoin Gold Index,Investing.com,USD
BTGETH,1072520,Investing.com Bitcoin Gold ETH Index,Investing.com,ETH
BTGCAD,1064904,Investing.com Bitcoin Gold CAD Index,Investing.com,CAD
BTGPLN,1064734,Investing.com Bitcoin Gold PLN Index,Investing.com,PLN
BTGEUR,1061989,Investing.com Bitcoin Gold Euro Index,Investing.com,EUR
BTGCNY,1064836,Investing.com Bitcoin Gold CNY Index,Investing.com,CNY
BTGILS,1064819,Investing.com Bitcoin Gold ILS Index,Investing.com,ILS
BTGRUB,1064785,Investing.com Bitcoin Gold RUB Index,Investing.com,RUB
BTGHKD,1064853,Investing.com Bitcoin Gold HKD Index,Investing.com,HKD
BTGSEK,1064802,Investing.com Bitcoin Gold SEK Index,Investing.com,SEK
BTGVND,1064887,Investing.com Bitcoin Gold VND Index,Investing.com,VND
BTGAUD,1064921,Investing.com Bitcoin Gold AUD Index,Investing.com,AUD
BTGSAR,1064768,Investing.com Bitcoin Gold SAR Index,Investing.com,SAR
BTGMYR,1064870,Investing.com Bitcoin Gold MYR Index,Investing.com,MYR
BTGINR,1064683,Investing.com Bitcoin Gold INR Index,Investing.com,INR
BTGZAR,1064700,Investing.com Bitcoin Gold ZAR Index,Investing.com,ZAR
BTGMXN,1064717,Investing.com Bitcoin Gold MXN Index,Investing.com,MXN
BTGTRY,1064751,Investing.com Bitcoin Gold TRY Index,Investing.com,TRY
XRBBTC,1068325,Investing.com Nano BTC Index,Investing.com,BTC
NANOETH,1072539,Investing.com Nano ETH Index,Investing.com,ETH
XRBUSD,1066647,Investing.com Nano Index,Investing.com,USD
XEMBTC,1068319,Investing.com NEM BTC Index,Investing.com,BTC
XEMKRW,1064931,Investing.com NEM KRW Index,Investing.com,KRW
XEMUSD,1061476,Investing.com NEM Index,Investing.com,USD
XEMETH,1072454,Investing.com NEM ETH Index,Investing.com,ETH
XEMSEK,1064795,Investing.com NEM SEK Index,Investing.com,SEK
XEMILS,1064812,Investing.com NEM ILS Index,Investing.com,ILS
XEMRUB,1064778,Investing.com NEM RUB Index,Investing.com,RUB
XEMCNY,1064829,Investing.com NEM CNY Index,Investing.com,CNY
XEMTRY,1064744,Investing.com NEM TRY Index,Investing.com,TRY
XEMSAR,1064761,Investing.com NEM SAR Index,Investing.com,SAR
XEMAUD,1064914,Investing.com NEM AUD Index,Investing.com,AUD
XEMPLN,1064727,Investing.com NEM PLN Index,Investing.com,PLN
XEMCAD,1064897,Investing.com NEM CAD Index,Investing.com,CAD
XEMVND,1064880,Investing.com NEM VND Index,Investing.com,VND
XEMMYR,1064863,Investing.com NEM MYR Index,Investing.com,MYR
XEMHKD,1064846,Investing.com NEM HKD Index,Investing.com,HKD
XEMEUR,1061980,Investing.com NEM Euro Index,Investing.com,EUR
XEMINR,1064676,Investing.com NEM INR Index,Investing.com,INR
XEMZAR,1064693,Investing.com NEM ZAR Index,Investing.com,ZAR
XEMMXN,1064710,Investing.com NEM MXN Index,Investing.com,MXN
LSKBTC,1068323,Investing.com Lisk BTC Index,Investing.com,BTC
LSKPLN,1064729,Investing.com Lisk PLN Index,Investing.com,PLN
LSKKRW,1064933,Investing.com Lisk KRW Index,Investing.com,KRW
LSKETH,1072464,Investing.com Lisk ETH Index,Investing.com,ETH
LSKUSD,1061838,Investing.com Lisk Index,Investing.com,USD
LSKEUR,1061985,Investing.com Lisk Euro Index,Investing.com,EUR
LSKSEK,1064797,Investing.com Lisk SEK Index,Investing.com,SEK
LSKRUB,1064780,Investing.com Lisk RUB Index,Investing.com,RUB
LSKILS,1064814,Investing.com Lisk ILS Index,Investing.com,ILS
LSKSAR,1064763,Investing.com Lisk SAR Index,Investing.com,SAR
LSKTRY,1064746,Investing.com Lisk TRY Index,Investing.com,TRY
LSKVND,1064882,Investing.com Lisk VND Index,Investing.com,VND
LSKCAD,1064899,Investing.com Lisk CAD Index,Investing.com,CAD
LSKAUD,1064916,Investing.com Lisk AUD Index,Investing.com,AUD
LSKMXN,1064712,Investing.com Lisk MXN Index,Investing.com,MXN
LSKMYR,1064865,Investing.com Lisk MYR Index,Investing.com,MYR
LSKHKD,1064848,Investing.com Lisk HKD Index,Investing.com,HKD
LSKCNY,1064831,Investing.com Lisk CNY Index,Investing.com,CNY
LSKINR,1064678,Investing.com Lisk INR Index,Investing.com,INR
LSKZAR,1064695,Investing.com Lisk ZAR Index,Investing.com,ZAR
