BTCUSD,49798,Bitcoin US Dollar,BitStamp,USD
BTCEUR,997652,Bitcoin Euro,BitStamp,EUR
ETHUSD,1035789,Ethereum US Dollar,BitStamp,USD
ETHEUR,1035791,Ethereum Euro,BitStamp,EUR
ETHBTC,1035790,Ethereum Bitcoin,BitStamp,BTC
BCHUSD,1056668,Bitcoin Cash US Dollar,BitStamp,USD
BCHEUR,1056670,Bitcoin Cash Euro,BitStamp,EUR
BCHBTC,1056669,Bitcoin Cash Bitcoin,BitStamp,BTC
XRPUSD,1010774,Ripple US Dollar,BitStamp,USD
XRPEUR,1010773,Ripple Euro,BitStamp,EUR
XRPBTC,1010775,Ripple Bitcoin,BitStamp,BTC
LTCUSD,1014016,Litecoin US Dollar,BitStamp,USD
LTCEUR,1014018,Litecoin Euro,BitStamp,EUR
LTCBTC,1014017,Litecoin Bitcoin,BitStamp,BTC
