FXMM,956429,Finex Cash Equivalents UCITS RUB Hedged,,
FXRB,956430,FinEx Tradable Russian Corporate Bond UCITS RUB,,
RUSB,1076554,ITI Funds Russia-Focused USD Eurobond UCITS ETF SICAV - A USD,,
FXGD,956428,FinEx Physically Held Gold USD,,
FXCN,956423,FinEx MSCI China UCITS USD,,
FXIT,956422,FinEx MSCI USA Info Tech UCITS USD,,
FXRL,976599,FinEx Russian RTS Equity UCITS,,
FXUS,956420,FinEx MSCI USA UCITS USD,,
FXDE,956424,FinEx MSCI Germany UCITS EUR,,
RUSE,1076555,ITI Funds RTS Equity UCITS SICAV,,
FXUK,956425,FinEx MSCI United Kingdom UCITS GBP,,
FXJP,956426,FinEx MSCI Japan UCITS USD,,
FXRU,956427,FinEx Tradable Russian Corporate Bond UCITS USD,,
FXAU,956421,FinEx MSCI Australia UCITS USD,,
