CHFHKD,108,Swiss Franc Hong Kong Dollar,Forex,HKD
SGDHKD,131,Singapore Dollar Hong Kong Dollar,Forex,HKD
GBPHKD,132,British Pound Hong Kong Dollar,Forex,HKD
HKDJPY,142,Hong Kong Dollar Japanese Yen,Forex,JPY
AUDHKD,146,Australian Dollar Hong Kong Dollar,Forex,HKD
EURHKD,148,Euro Hong Kong Dollar,Forex,HKD
NZDHKD,150,New Zealand Dollar Hong Kong Dollar,Forex,HKD
CADHKD,151,Canadian Dollar Hong Kong Dollar,Forex,HKD
USDHKD,155,US Dollar Hong Kong Dollar,Forex,HKD
ARSHKD,1478,Argentinian Peso Hong Kong Dollar,Forex,HKD
BRLHKD,1512,Brazil Real Hong Kong Dollar,Forex,HKD
CNYHKD,1564,Chinese Yuan Hong Kong Dollar,Forex,HKD
DKKHKD,1588,Danish Krone Hong Kong Dollar,Forex,HKD
HKDARS,1812,Hong Kong Dollar Argentinian Peso,Forex,ARS
HKDCNY,1817,Hong Kong Dollar Chinese Yuan,Forex,CNY
HKDDKK,1818,Hong Kong Dollar Danish Krone,Forex,DKK
HKDIDR,1821,Hong Kong Dollar Indonesian Rupiah,Forex,IDR
HKDINR,1822,Hong Kong Dollar Indian Rupee,Forex,INR
HKDKRW,1823,Hong Kong Dollar Korean Won,Forex,KRW
HKDMXN,1824,Hong Kong Dollar Mexican Peso,Forex,MXN
HKDMYR,1825,Hong Kong Dollar Malaysian Ringgit,Forex,MYR
HKDPKR,1827,Hong Kong Dollar Pakistani Rupee,Forex,PKR
HKDPLN,1828,Hong Kong Dollar Polish Zloty,Forex,PLN
HKDTHB,1830,Hong Kong Dollar Thai Baht,Forex,THB
HKDTWD,1831,Hong Kong Dollar Taiwan Dollar,Forex,TWD
HKDZAR,1833,Hong Kong Dollar South African Rand,Forex,ZAR
JPYHKD,1897,Japanese Yen Hong Kong Dollar,Forex,HKD
KRWHKD,1918,Korean Won Hong Kong Dollar,Forex,HKD
MXNHKD,1948,Mexican Peso Hong Kong Dollar,Forex,HKD
MYRHKD,1959,Malaysian Ringgit Hong Kong Dollar,Forex,HKD
ZARHKD,2240,South African Rand Hong Kong Dollar,Forex,HKD
AEDHKD,9286,UAE Dirham Hong Kong Dollar,Forex,HKD
HKDAED,9613,Hong Kong Dollar UAE Dirham,Forex,AED
HKDAUD,9614,Hong Kong Dollar Australian Dollar,Forex,AUD
HKDBBD,9615,Hong Kong Dollar Barbadian Dollar,Forex,BBD
HKDBHD,9616,Hong Kong Dollar Baharain Dinar,Forex,BHD
HKDBRL,9617,Hong Kong Dollar Brazil Real,Forex,BRL
HKDCAD,9618,Hong Kong Dollar Canadian Dollar,Forex,CAD
HKDCHF,9619,Hong Kong Dollar Swiss Franc,Forex,CHF
HKDCLP,9620,Hong Kong Dollar Chilean Peso,Forex,CLP
HKDCZK,9621,Hong Kong Dollar Czech Koruna,Forex,CZK
HKDEGP,9623,Hong Kong Dollar Egyptian Pound,Forex,EGP
HKDEUR,9624,Hong Kong Dollar Euro,Forex,EUR
HKDGBP,9625,Hong Kong Dollar British Pound,Forex,GBP
HKDHUF,9626,Hong Kong Dollar Hungarian Forint,Forex,HUF
HKDILS,9627,Hong Kong Dollar Israeli Shekel,Forex,ILS
HKDISK,9628,Hong Kong Dollar Icelandic Kr,Forex,ISK
HKDJMD,9629,Hong Kong Dollar Jamaican Dollar,Forex,JMD
HKDJOD,9630,Hong Kong Dollar Jordan Dinar,Forex,JOD
HKDKES,9631,Hong Kong Dollar Kenyan Shilling,Forex,KES
HKDLBP,9632,Hong Kong Dollar Lebanese Pound,Forex,LBP
HKDLKR,9633,Hong Kong Dollar Sri Lankan Rupee,Forex,LKR
HKDMAD,9636,Hong Kong Dollar Moroccan Dirham,Forex,MAD
HKDNAD,9637,Hong Kong Dollar Namibian Dollar,Forex,NAD
HKDNOK,9638,Hong Kong Dollar Norwegian Krone,Forex,NOK
HKDNPR,9639,Hong Kong Dollar Nepalese Rupee,Forex,NPR
HKDNZD,9640,Hong Kong Dollar New Zealand Dollar,Forex,NZD
HKDOMR,9641,Hong Kong Dollar Omani Rial,Forex,OMR
HKDPAB,9642,Hong Kong Dollar Panamanian Balboa,Forex,PAB
HKDPHP,9643,Hong Kong Dollar Philippine Peso,Forex,PHP
HKDQAR,9644,Hong Kong Dollar Qatari Riyal,Forex,QAR
HKDRON,9645,Hong Kong Dollar Romanian Leu,Forex,RON
HKDRUB,9646,Hong Kong Dollar Russian Ruble,Forex,RUB
HKDSAR,9647,Hong Kong Dollar Saudi Riyal,Forex,SAR
HKDSEK,9648,Hong Kong Dollar Swedish Krona,Forex,SEK
HKDSGD,9649,Hong Kong Dollar Singapore Dollar,Forex,SGD
HKDTRY,9650,Hong Kong Dollar Turkish Lira,Forex,TRY
HKDUSD,9651,Hong Kong Dollar US Dollar,Forex,USD
HKDVEF,9652,Hong Kong Dollar Venezuelan Bolivar,Forex,VEF
HKDXAF,9653,Hong Kong Dollar Central African Franc,Forex,XAF
HKDXCD,9654,Hong Kong Dollar East Caribbean Dollar,Forex,XCD
HKDXOF,9655,Hong Kong Dollar West African CFA franc,Forex,XOF
ILSHKD,9691,Israeli Shekel Hong Kong Dollar,Forex,HKD
INRHKD,9734,Indian Rupee Hong Kong Dollar,Forex,HKD
NOKHKD,9866,Norwegian Krone Hong Kong Dollar,Forex,HKD
PHPHKD,9928,Philippine Peso Hong Kong Dollar,Forex,HKD
PLNHKD,9985,Polish Zloty Hong Kong Dollar,Forex,HKD
RUBHKD,10034,Russian Ruble Hong Kong Dollar,Forex,HKD
SARHKD,10085,Saudi Riyal Hong Kong Dollar,Forex,HKD
SEKHKD,10138,Swedish Krona Hong Kong Dollar,Forex,HKD
THBHKD,10218,Thai Baht Hong Kong Dollar,Forex,HKD
TRYHKD,10256,Turkish Lira Hong Kong Dollar,Forex,HKD
TWDHKD,10310,Taiwan Dollar Hong Kong Dollar,Forex,HKD
VEFHKD,10361,Venezuelan Bolivar Hong Kong Dollar,Forex,HKD
