4001,11719,Abdullah Al Othaim Markets Company,TASI,SAR
3010,11711,Arabian Cement Co,TASI,SAR
8240,11637,ACE ARABIA COOPERATIVE INSURANCE,TASI,SAR
8150,11628,Allied Cooperative Insurance Group,TASI,SAR
2140,11688,Al-Ahsa Development Co.,TASI,SAR
2330,11705,Advanced Petrochemical Company,TASI,SAR
8160,11629,Arabia Insurance Cooperative Co,TASI,SAR
8280,11641,Al Alamiya Cooperative Insurance,TASI,SAR
4320,962550,Al Andalus Property Co SJSC,TASI,SAR
4007,940928,Al Hammadi Co,TASI,SAR
1820,103950,Al Hokair Group,TASI,SAR
1120,11665,Al Rajhi Bank,TASI,SAR
8140,11627,Al-Ahlia Insurance Company,TASI,SAR
2320,11704,AL-BABTAIN POWER &TELECOM CO,TASI,SAR
2340,11706,ALABDULLATIF CO.,TASI,SAR
1140,11666,BANK ALBILAD,TASI,SAR
4200,11738,Aldrees Petroleum & Transport Svcs,TASI,SAR
4240,11742,Fawaz Abdulaziz AlHokair Company,TASI,SAR
1150,11667,Alinma Bank,TASI,SAR
8312,40411,Alinma Tokio Marine Co,TASI,SAR
8012,48638,Aljazira Takaful Taawuni Company,TASI,SAR
6070,11654,Al-Jouf Agriculture Development Co,TASI,SAR
4290,11747,Alkhaleej Training & Education Co,TASI,SAR
1330,19028,Abdullah A. M. Al-Khodari Sons Co,TASI,SAR
8040,11617,Allianz SE VNA O.N.,TASI,SAR
2280,11645,Almarai Company,TASI,SAR
8230,11636,Al-Rajhi Cooperative Insurance,TASI,SAR
1213,11671,Al Sorayai Trading&Industrial Group,TASI,SAR
1810,40406,Al-Tayyar Travel Group Holding Co.,TASI,SAR
2170,11691,Alujain Corporation,TASI,SAR
8310,19027,Amana Cooperative Insurance Co,TASI,SAR
2160,11690,Saudi Arabian Amiantit Co.,TASI,SAR
4061,11646,Anaam International Holding Group,TASI,SAR
8011,103953,Anb Insurance,TASI,SAR
2200,11694,Arabian Pipes Company,TASI,SAR
8070,11620,Arabian Shield Coop Insurance Co,TASI,SAR
4150,11733,Arriyadh Development Co.,TASI,SAR
1080,11663,Arab National Bank,TASI,SAR
4080,11727,Aseer Trading Tourism&Manufacturing,TASI,SAR
1301,19029,United Wire Factories Company,TASI,SAR
1212,11670,Astra Industrial Group,TASI,SAR
8130,11626,ALAHLI TAKAFUL COMPANY,TASI,SAR
7040,11753,Etihad Atheeb Telecommunication,TASI,SAR
8250,11638,AXA SA,TASI,SAR
4030,11723,The National Shipping Co.,TASI,SAR
1302,103949,Bawan,TASI,SAR
1210,11668,Basic Chemical Industries Co,TASI,SAR
1020,11658,Bank AlJazira,TASI,SAR
1050,11661,Banque Saudi Fransi,TASI,SAR
4260,11744,United Int Transportation Company,TASI,SAR
8210,11634,Bupa Arabia for Coop. Insurance,TASI,SAR
8270,11640,BURUJ COOPERATIVE INSURANCE CO,TASI,SAR
4005,40966,National Medical Care Company,TASI,SAR
6004,40409,Saudi Airlines Catering Company,TASI,SAR
2001,11675,Methanol Chemicals Company,TASI,SAR
3003,40408,City Cement Co,TASI,SAR
4004,40965,Dallah Healthcare Holding Company,TASI,SAR
4300,11748,Dar Alarkan Real Estate Development,TASI,SAR
4010,11721,Dur Hospitality,TASI,SAR
1303,943613,Electrical Industries Co,TASI,SAR
4220,11740,Emaar The Economic City,TASI,SAR
8311,40410,Saudi Enaya Cooperative Insurance,TASI,SAR
3080,11717,Eastern Province Cement Co.,TASI,SAR
7020,11751,Etihad Etisalat Co,TASI,SAR
4003,19031,United Electronics Company,TASI,SAR
2180,11692,Filing & Packing Materials Co.,TASI,SAR
4180,11736,Fitaihi Holding Group,TASI,SAR
6020,11650,Qassim Agriculture Co.,TASI,SAR
2080,11683,National Gas & Industrialization Co,TASI,SAR
2100,11643,Food Products Co.,TASI,SAR
8260,11639,Gulf General Cooperative Insurance,TASI,SAR
8120,11625,Gulf Union Cooperative Insurance,TASI,SAR
6001,11647,Halwani Bros,TASI,SAR
3001,19032,Hail Cement Company,TASI,SAR
6002,11648,Herfy Food Services Co,TASI,SAR
4250,11743,Jabal Omar Development Company,TASI,SAR
4190,11737,Jarir Marketing Co,TASI,SAR
6090,11656,Jazan Development Co.,TASI,SAR
3091,19023,AL JOUF CEMENT COMPANY,TASI,SAR
4310,19030,Knowledge Economic City,TASI,SAR
4280,11746,Kingdom Holding Company,TASI,SAR
1211,11669,Saudi Arabian Mining Company,TASI,SAR
2220,11696,National Metal Manufacturing Co.,TASI,SAR
8020,11615,Malath Cooperative Insurance Co,TASI,SAR
4100,11729,Makkah Construction&Development Co,TASI,SAR
8030,11616,The Mediterranean&Gulf Insurance Co,TASI,SAR
2370,11709,Middle East Specialized Cables Co,TASI,SAR
1202,953109,Middle East Paper Co,TASI,SAR
4009,969107,Middle East Healthcare Co,TASI,SAR
4002,11720,Mouwasat Medical Services Company,TASI,SAR
4110,11730,Saudi Transport & Investment Co,TASI,SAR
6010,11649,National Agriculture Development Co,TASI,SAR
3002,40407,Najran Cement Company,TASI,SAR
2210,11695,Nama Chemicals Co.,TASI,SAR
1180,942783,National Com Bnk,TASI,SAR
2090,11684,National Gypsum Company,TASI,SAR
3004,48637,Northern Region Cement Co,TASI,SAR
2380,11710,Rabigh Refining & Petrochemical Co,TASI,SAR
2002,11676,National Petrochemical Company,TASI,SAR
3040,11714,The Qassim Cement Co,TASI,SAR
4230,11741,Red Sea Housing Services Company,TASI,SAR
1010,11657,Riyad Bank,TASI,SAR
1060,11662,The Saudi British Bank,TASI,SAR
8080,11621,SABB Takaful,TASI,SAR
2010,11677,Saudi Basic Industries Corp,TASI,SAR
2270,11644,Saudia Dairy and Foodstuff .Co,TASI,SAR
2020,11678,Saudi Arabia Fertilizers Co.,TASI,SAR
8180,11631,Al Sagr Co-operative Insurance Co,TASI,SAR
2260,11700,Sahara,TASI,SAR
1030,11659,The Saudi Investment Bank,TASI,SAR
2120,11686,Saudi Advanced Industries Co.,TASI,SAR
8100,11623,Saudi Arabian Cooperative Insurance,TASI,SAR
8050,11618,Salama Cooperative Insurance Co,TASI,SAR
1090,11664,Samba Financial Group,TASI,SAR
4040,11724,Saudi Public Transport Co.,TASI,SAR
2030,11679,Saudi Arabia Refineries Co.,TASI,SAR
4050,11725,Saudi Automotive Services Co.,TASI,SAR
2110,11685,Saudi Cable Company,TASI,SAR
3030,11713,Saudi Cement Company,TASI,SAR
2040,11680,Saudi Ceramic Co.,TASI,SAR
2230,11697,Saudi Chemical Company,TASI,SAR
4008,953110,Saudi Company for Hardware,TASI,SAR
5110,11749,Saudi Electricity Company,TASI,SAR
4031,954945,Saudi Ground Services Co,TASI,SAR
2350,11707,Saudi Kayan Petrochemical Company,TASI,SAR
4006,103952,Saudi Marke,TASI,SAR
8200,11633,Saudi RE Cooperative Reinsurance,TASI,SAR
2050,11642,Savola Group,TASI,SAR
6050,11652,Saudi Fisheries Co.,TASI,SAR
1214,11672,Al Hassan Ghazi Ibrahim Shaker,TASI,SAR
6060,11653,Ash-Sharqiyah Development Company,TASI,SAR
1040,11660,Saudi Hollandi Bank,TASI,SAR
2130,11687,Saudi Industrial Development Co.,TASI,SAR
4140,11732,Saudi Industrial Export Co,TASI,SAR
2250,11699,Saudi Industrial Investment Group,TASI,SAR
2310,11703,Saudi Int Petrochemical Co,TASI,SAR
2190,11693,Saudi Industrial Services Co.,TASI,SAR
8290,19026,Solidarity Saudi Takaful Co,TASI,SAR
3050,11715,Southern Province Cement Co.,TASI,SAR
2070,11682,Saudi Pharmaceutical Appliances,TASI,SAR
2300,11702,Saudi Paper Manufacturing Co.,TASI,SAR
4270,11745,Saudi Printing & Packaging Company,TASI,SAR
4020,11722,Saudi Real Estate Co.,TASI,SAR
4210,11739,Saudi Research and Marketing Group,TASI,SAR
1320,11674,Saudi Steel Pipe Company,TASI,SAR
7010,11750,Saudi Telecom,TASI,SAR
2360,11708,Saudi vitrified clay pipes co.,TASI,SAR
6040,11651,Tabuk Agriculture Development Co,TASI,SAR
4090,11728,Taiba Holding Co.,TASI,SAR
1201,40405,Takween Advanced Industries,TASI,SAR
4070,11726,Tihama Advertising&Public Relations,TASI,SAR
2060,11681,National Industrialization Co,TASI,SAR
8010,11614,The Company for Coop. Insurance,TASI,SAR
3090,11718,Tabuk Cement Co.,TASI,SAR
4170,11735,Tourism Enterprise Co.,TASI,SAR
4160,11734,National Agriculture Marketing Co.,TASI,SAR
8170,11630,Trade Union Cooperative Insurance,TASI,SAR
8190,11632,United Cooperative Assurance Co,TASI,SAR
3005,103951,Umm Al-Qura,TASI,SAR
8110,11624,Saudi Indian Company Insurance,TASI,SAR
8060,11619,Saudi United Cooperative Insurance,TASI,SAR
8300,19025,Wataniya Insurance Company,TASI,SAR
2290,11701,Yanbu National Petrochemical Co,TASI,SAR
3060,11716,Yanbu Cement Co.,TASI,SAR
3020,11712,Yamamah Saudi Cement Co.,TASI,SAR
7030,11752,Mobile Telecommunications Company,TASI,SAR
2240,11698,Zamil Industrial Investment Co,TASI,SAR
2150,11689,The National Co for Glass Industrie,TASI,SAR
