QOZ,953166,BetaShares FTSE RAFI Australia 200,,
PIXX,1050665,Platinum International Fund,,
DRUG,1031298,BetaShares Global Healthcare Currency Hedged,,
YMAX,953165,BetaShares Australian Top 20 Equity Yield Maximiser,,
GEAR,959567,BetaShares Geared Australian Equity Hedge,,
HEUR,1031299,Betashares WisdomTree Europe ETF - Currency Hedged,,
HACK,1031301,Betashares Global Cybersecurity,,
IOZ,47715,Ishares Core S&P/Asx 200,,
HBRD,1055270,Betashares Active Australian Hybrids,,
BNKS,1031295,BetaShares Global Banks ETF Currency Hedged,,
QRE,38960,Beta Shares S&P/ASX 200Resources Sector,,
AAA,38946,Australian High Interest Cash,,
BBOZ,959566,BetaShares Australian Equities Strong Bear Hedge,,
OOO,37451,BetaShares Crude Oil Currency Hedged,,
PAXX,1052291,Platinum Asia Fund Quoted Managed Hedge Fund,,
SLF,47719,SPDR S&P/ASX 200 Listed Property,,
BBUS,959570,Betashares U.S. Equities Strong Bear Currency Hedged,,
NDQ,959569,Betashares Nasdaq 100,,
USD,37475,BetaShares US Dollar,,
MOGL,1057219,Montgomery Global Equities Fund,,
VAS,38967,Vanguard Australian Shares,,
ISO,47716,iShares S&P/ASX Small Ordinaries,,
VAP,47720,Vanguard Australian Property Securities,,
WDIV,953179,SPDR S&P Global Dividend,,
YANK,1009163,BetaShares Strong US Dollar hedge fund,,
AQF,47712,Australian Governance Masters,,
VHY,47721,Vanguard Australian Shares High Yield,,
MVW,953173,VanEck Vectors Australian Equal Weight,,
VEU,47701,Vanguard All World Ex US Shares,,
IEM,47691,iShares MSCI Emerging Markets,,
VGS,962173,Vanguard MSCI International Shares,,
FOOD,1031303,BetaShares Global Agriculture Companies ETF - Currency Hedged,,
IEU,47695,iSharesEurope,,
HVST,959565,BetaShares Australian Dividend Harvester,,
QAU,37457,BetaShares Gold Bullion Currency Hedged,,
MVE,953172,VanEck Vectors Australian Emerging Resources,,
IFRA,1050173,VanEck Vectors FTSE Global Infrastructure,,
FUEL,985880,Betashares Global Energy Companies,,
GGUS,959568,BetaShares Geared US Equity Currency Hedged,,
FLOT,1031753,VanEck Vectors Australian Floating Rate,,
QPON,1031309,Betashares Australian Bank Senior Floating Rate Bond,,
VIF,962172,Vanguard International Fixed Interest Hedged,,
ZYAU,956402,ANZ S&P/ASX 300 High Yield Plus,,
IOO,47696,iSharesGlobal 100,,
DJRE,953177,SPDR Dow Jones Global Real Estate,,
RCB,38961,Russell Australian Select Corporate Bond,,
IAA,47708,iShares Asia 50,,
VAE,986920,Vanguard FTSE Asia ex Japan Shares,,
BEAR,47713,BetaShares Australian EquitiesBear,,
OZR,953182,SPDR S&P/ASX 200 Resources,,
IAF,38951,iShares Core Composite Bond,,
QFN,47714,Beta Shares S&P/ASX 200 Financials Sector,,
ROBO,1052292,ETFS ROBO Global Robotics and Automation,,
VAF,38966,Vanguard Australian Fixed Interest,,
RINC,1072052,BetaShares Legg Mason Real Income,,
IHD,38954,iShares S&P/ASX Dividend Opportunities,,
VEQ,986921,Vanguard FTSE Europe Shares,,
DMKT,1031296,AMP Capital Dynamic Markets Hedge,,
EINC,1072053,BetaShares Legg Mason Equity Income,,
VTS,47722,Vanguard US Total Market Shares,,
VGE,953186,Vanguard FTSE Emerging Markets,,
SMLL,1013259,BetaShares Australian Small Companies Select Fund,,
MVS,956400,VanEck Vectors Small Companies Masters,,
IJP,47704,iShares MSCI Japan,,
UMAX,953168,BetaShares S&P 500 Yield Maximiser,,
OZF,38958,SPDR S&P/ASX 200 Financials ex AREITS,,
ZGOL,962159,ANZ Physical Gold,,
ILC,38956,iShares S&P/ASX 20,,
GDX,962168,VanEck Vectors Gold Miners,,
GOLD,47711,ETFS Physical Gold,,
IVV,47698,iShares Core S&P 500,,
VGAD,962174,Vanguard MSCI International Shares Hedged,,
HJPN,1031297,BetaShares WisdomTree Japan ETF - Currency Hedged,,
MVB,953171,VanEck Vectors Australian Banks,,
MHG,962166,Magellan Global Equities,,
IZZ,47694,iShares China LargeCap,,
VVLU,1075248,Vanguard Global Value Equity Active,,
A200,1077018,BetaShares Australia 200,,
EX20,1031308,BetaShares Australian Ex-20 Portfolio Diversifier,,
RENT,985879,AMP Capital Global Property Securities,,
QUAL,953176,VanEck Vectors MSCI World ex Australia Quality,,
ZYUS,956401,ANZ S&P 500 High Yield Low Volatility,,
IXJ,47706,iShares Global Healthcare,,
VSO,38970,Vanguard MSCI Australian Small Companies,,
IJR,47697,iShares Core S&P SmallCap 600,,
EIGA,1077016,eInvest Income Generator,,
POU,37473,BetaShares British Pound,,
SYI,38965,SPDR MSCI Australia Select High Dividend Yield,,
QCB,38959,BetaShares Commodities Basket Currency Hedged,,
AUDS,1031306,BetaShares Strong Australian Dollar,,
VACF,986919,Vanguard Australian Corporate Fixed Interest ,,
VDHG,1055274,Vanguard Diversified High Growth,,
BOND,38947,SPDR S&P/ASX Australian Bond,,
SFY,47718,SPDR S&P/ASX 50,,
IBK,47705,iShares MSCI BRIC,,
RDV,47717,Russell High Dividend Australian Shares,,
ETPMAG,47710,ETFS Physical Silver,,
QAG,37440,BetaShares Agricultural Currency Hedged,,
WXHG,953181,SPDR S&P World Ex Australia Hedged,,
ETHI,1031305,BetaShares Global Sustainability Leaders,,
WRLD,1031302,BetaShares Managed Risk Global Share,,
VGB,38968,Vanguard Australian Government Bond,,
VCF,962171,Vanguard International Credit Securities Hedged,,
IRU,47700,iShares Russell 2000,,
WEMG,953178,SPDR S&P Emerging Markets,,
MVA,953174,VanEck Vectors Australian Property,,
VDCO,1055272,Vanguard Diversified Conservative,,
IJH,47699,iShares CoreS&P MidCap 400,,
TECH,1013273,ETFS Morningstar Global Technology,,
IVE,47692,iShares MSCI EAFE,,
IHVV,953170,iShares S&P 500 AUD Hedged,,
AUST,1031304,BetaShares Managed Risk Australian Share,,
ZUSD,962160,ANZ Physical US Dollar,,
QUS,953167,Betashares FTSE RAFI US 1000,,
ISG,47709,iShares MSCI Singapore,,
ESTX,1008790,ANZ ETFS EURO STOXX 50,,
IXP,38957,iShares Global Telecom,,
ILB,38955,iShares UBS Government Inflation,,
KII,962165,K2 Global Equities,,
IKO,47693,iShares MSCI South Korea Capped AUD,,
CETF,962167,VanEck Vectors ChinaAMC CSI 300 A-Share Synthetic,,
VDGR,1055273,Vanguard Diversified Growth,,
MVR,953175,VanEck Vectors Australian Resources,,
MOAT,962169,VanEck Vectors Morningstar Wide Moat,,
IXI,47707,iShares Global Consumer Staples,,
VDBA,1055271,Vanguard Diversified Balanced,,
CORE,1052293,ETFS Global Core Infrastructure,,
IGB,38953,iSharesUBS Treasury,,
UBP,956399,UBS IQ MSCI Asia Apex 50 Ethical,,
ITW,962164,iShares MSCI Taiwan,,
FAIR,1056186,BetaShares Australian Sustainability Leaders,,
VBND,1052381,Vanguard Global Aggregate Bond Hedged,,
UBW,956397,UBS IQ MSCI World ex Australia Ethical,,
ZOZI,962161,ANZ S&P/ASX 100,,
UBA,956395,UBS IQ MSCI Australia Ethical,,
UBE,956394,UBS IQ MSCI Europe Ethical,,
DIV,953184,UBS IQ Research Preferred AU Dividend,,
ETF,953185,UBS IQ Research Preferred AU Share,,
IHOO,953169,iShares Global 100 AUD Hedged,,
RGB,38962,Russell Australian Government Bond,,
YTMGP1,1057098,Theta Acbc Exch Traded Bond Units Gpt Aug-26,,
ETPMPM,47702,ETFS Physical Precious Metal Basket,,
YTMMG2,1057099,Theta Acbc Exch Traded Bond Units Mgr Sep-23,,
VLC,38969,Vanguard MSCI Australian Large Companies,,
ESGI,1072346,VanEck Vectors MSCI International Sustainable Equity,,
EEU,37494,BetaShares Euro,,
GOVT,38950,SPDR S&P/ASX Australian Government Bond,,
EMKT,1073662,VanEck Vectors MSCI Multifactor Emerging Markets Equity,,
RSM,38963,Russell Australian SemiGovernment Bond,,
ETPMPT,47703,ETFS Physical Platinum,,
IHK,962163,iShares MSCI Hong Kong,,
QMIX,962170,SPDR MSCI World Quality Mix,,
GLIN,985878,AMP Capital Global Infrastructure Securities,,
ZCNH,962162,ANZS Physical Renminbi,,
UBJ,956398,UBS IQ MSCI Japan Ethical,,
WXOZ,953180,SPDR S&P World Ex Australia,,
SSO,953183,SPDR S&P/ASX Small Ordinaries,,
UBU,956396,UBS IQ MSCI US Ethical,,
MNRS,1031300,BetaShares Global Gold Miners ETF - Currency Hedged,,
