ETHBTC,1062717,Ethereum Bitcoin,Qryptos,BTC
BCHBTC,1062726,Bitcoin Cash Bitcoin,Qryptos,BTC
XRPBTC,1062723,Ripple Bitcoin,Qryptos,BTC
LTCBTC,1062721,Litecoin Bitcoin,Qryptos,BTC
TRXBTC,1062713,TRON Bitcoin,Qryptos,BTC
TRXETH,1062711,TRON Ethereum,Qryptos,ETH
QTUMBTC,1062727,Qtum Bitcoin,Qryptos,BTC
QTUMETH,1062725,Qtum Ethereum,Qryptos,ETH
ETCBTC,1062715,Ethereum Classic Bitcoin,Qryptos,BTC
DASHBTC,1062729,Dash Bitcoin,Qryptos,BTC
ZECBTC,1062732,Zcash Bitcoin,Qryptos,BTC
XLMETH,1062737,Stellar Lumens Ethereum,Qryptos,ETH
XLMBTC,1062731,Stellar Lumens Bitcoin,Qryptos,BTC
XMRBTC,1062724,Monero Bitcoin,Qryptos,BTC
XEMBTC,1062739,NEM Bitcoin,Qryptos,BTC
