ABE,441,Abertis Infr,IBEX,EUR
ANA,449,Acciona,IBEX,EUR
ACX,445,Acerinox,IBEX,EUR
ACS,442,ACS Const.,IBEX,EUR
AENA,945627,Aena Aeropuertos SA,IBEX,EUR
AMA,14615,Amadeus IT,IBEX,EUR
MTS,32439,ArcelorMittal SA,IBEX,EUR
SABE,473,B. Sabadell,IBEX,EUR
POP,464,Banco Popular,IBEX,EUR
BKIA,14616,Bankia,IBEX,EUR
BKT,447,Bankinter,IBEX,EUR
BBVA,446,BBVA,IBEX,EUR
CABK,452,Caixabank SA,IBEX,EUR
DIDA,18893,Distribuidora Intl de Aliment,IBEX,EUR
ENAG,453,Enagas,IBEX,EUR
ELE,13816,Endesa,IBEX,EUR
FCC,455,FCC,IBEX,EUR
FER,459,Ferrovial,IBEX,EUR
GAM,457,Gamesa,IBEX,EUR
GAS,456,Gas Natural,IBEX,EUR
GRLS,458,Grifols SA,IBEX,EUR
IBE,463,Iberdrola,IBEX,EUR
ITX,461,Inditex,IBEX,EUR
IDR,465,Indra A,IBEX,EUR
MAP,466,Mapfre,IBEX,EUR
TL5,471,Mediaset ESP,IBEX,EUR
MRL,102931,Merlin Properties SA,IBEX,EUR
OHL,13808,Obrascon Huarte Lain,IBEX,EUR
REE,460,Red Electrica Corp.,IBEX,EUR
REP,462,Repsol,IBEX,EUR
SCYR,472,Sacyr,IBEX,EUR
SAN,474,Banco Santander,IBEX,EUR
TRE,10526,Tecnicas Reunidas,IBEX,EUR
TEF,469,Telefonica,IBEX,EUR
