A2,7010,A2A,FTMIB,EUR
ANIM,942431,Anima Holding SpA,FTMIB,EUR
ATL,7011,Atlantia,FTMIB,EUR
AZMT,13378,Azimut Holding,FTMIB,EUR
PMII,6970,Banca Popolare di Milano Scarl,FTMIB,EUR
BMED,6956,Banca Mediolanum SpA,FTMIB,EUR
BMPS,6988,Banca Monte dei Paschi di Siena SpA,FTMIB,EUR
EMII,14608,Banca Pop Emilia Romagna,FTMIB,EUR
BAPO,7029,Banco Popolare Sc,FTMIB,EUR
BZU,7008,Buzzi Unicem,FTMIB,EUR
CPRI,13579,Campari,FTMIB,EUR
CNHI,42603,CNH Industrial NV,FTMIB,EUR
ENEI,6963,Enel,FTMIB,EUR
ENI,6974,ENI,FTMIB,EUR
EXOR,13380,Exor,FTMIB,EUR
RACE,962346,Ferrari NV,FTMIB,EUR
FBK,103940,FinecoBank Banca Fineco SpA,FTMIB,EUR
GASI,308,Generali,FTMIB,EUR
ISP,6951,Intesa Sanpaolo,FTMIB,EUR
ITAI,7009,Italcementi,FTMIB,EUR
LDOF,6961,Leonardo Finmeccanica SpA,FTMIB,EUR
LUX,7045,Luxottica Group,FTMIB,EUR
MS,7030,Mediaset,FTMIB,EUR
MDBI,7024,Mediobanca,FTMIB,EUR
MONC,48565,Moncler SpA,FTMIB,EUR
PST,959218,Poste Italiane SpA,FTMIB,EUR
PRY,6949,Prysmian,FTMIB,EUR
SPMI,7037,Saipem,FTMIB,EUR
SFER,14611,Salvatore Ferragamo,FTMIB,EUR
SRG,309,Snam,FTMIB,EUR
STM,22185,STMicroelectronics,FTMIB,EUR
TLIT,306,Telecom Italia,FTMIB,EUR
TENR,6968,Tenaris,FTMIB,EUR
TRN,7020,Terna,FTMIB,EUR
UBI,342,UBI Banca,FTMIB,EUR
CRDI,6955,Unicredit,FTMIB,EUR
UNPI,6985,Unipol,FTMIB,EUR
US,7023,UnipolSai Assicurazioni SpA,FTMIB,EUR
YNAP,18969,Yoox Net-A-Porter Group SpA,FTMIB,EUR
