BTCUSD,1060958,Bitcoin US Dollar,Tidex,USD
ETHBTC,1060813,Ethereum Bitcoin,Tidex,BTC
ETHUSD,1060960,Ethereum US Dollar,Tidex,USD
ETHWAVES,1060820,Ethereum Waves,Tidex,WAVES
EOSBTC,1060877,EOS Bitcoin,Tidex,BTC
EOSWAVES,1060878,EOS Waves,Tidex,WAVES
BCHBTC,1060885,Bitcoin Cash Bitcoin,Tidex,BTC
BCHWAVES,1060886,Bitcoin Cash Waves,Tidex,WAVES
BCHETH,1060931,Bitcoin Cash Ethereum,Tidex,ETH
LTCBTC,1060812,Litecoin Bitcoin,Tidex,BTC
LTCETH,1060930,Litecoin Ethereum,Tidex,ETH
LTCUSD,1060959,Litecoin US Dollar,Tidex,USD
LTCWAVES,1060819,Litecoin Waves,Tidex,WAVES
TRXBTC,1060983,TRON Bitcoin,Tidex,BTC
TRXETH,1060984,TRON Ethereum,Tidex,ETH
DASHETH,1060935,Dash Ethereum,Tidex,ETH
DASHBTC,1060814,Dash Bitcoin,Tidex,BTC
DASHUSD,1060963,Dash US Dollar,Tidex,USD
DASHWAVES,1060821,Dash Waves,Tidex,WAVES
OMGBTC,1060989,Omisego Bitcoin,Tidex,BTC
OMGETH,1060990,Omisego Ethereum,Tidex,ETH
ZRXBTC,1060993,0x Bitcoin,Tidex,BTC
ZRXETH,1060994,0x Ethereum,Tidex,ETH
AEBTC,1060901,Aeternity Bitcoin,Tidex,BTC
AEETH,1060949,Aeternity Ethereum,Tidex,ETH
AEWAVES,1060902,Aeternity Waves,Tidex,WAVES
