BTCXAU,997700,Bitcoin Gold Spot,Synthetic,XAU
BTCILS,1062768,Bitcoin Israeli Shekel,Synthetic,ILS
BTCMYR,1062773,Bitcoin Malaysian Ringgit,Synthetic,MYR
BTCVND,1062776,Bitcoin Vietnamese Dong,Synthetic,VND
BTCSEK,1062765,Bitcoin Swedish Krona,Synthetic,SEK
BTCSAR,1062762,Bitcoin Saudi Riyal,Synthetic,SAR
BTCINR,1062697,Bitcoin Indian Rupee,Synthetic,INR
BTCZAR,1062700,Bitcoin South African Rand,Synthetic,ZAR
BTCMXN,1062703,Bitcoin Mexican Peso,Synthetic,MXN
ETHXAU,1036852,Ethereum Gold Spot,Synthetic,XAU
ETHSAR,1062763,Ethereum Saudi Riyal,Synthetic,SAR
ETHSEK,1062766,Ethereum Swedish Krona,Synthetic,SEK
ETHILS,1062769,Ethereum Israeli Shekel,Synthetic,ILS
ETHMXN,1062704,Ethereum Mexican Peso,Synthetic,MXN
ETHZAR,1062701,Ethereum South African Rand,Synthetic,ZAR
ETHINR,1062698,Ethereum Indian Rupee,Synthetic,INR
ETHMYR,1062774,Ethereum Malaysian Ringgit,Synthetic,MYR
ETHVND,1062777,Ethereum Vietnamese Dong,Synthetic,VND
EOSTRY,1064421,EOS Turkish Lira,Synthetic,TRY
EOSINR,1064353,EOS Indian Rupee,Synthetic,INR
EOSZAR,1064370,EOS South African Rand,Synthetic,ZAR
EOSMXN,1064387,EOS Mexican Peso,Synthetic,MXN
EOSEUR,1061965,EOS Euro,Synthetic,EUR
EOSPLN,1064404,EOS Polish Zloty,Synthetic,PLN
EOSSAR,1064438,EOS Saudi Riyal,Synthetic,SAR
EOSMYR,1064540,EOS Malaysian Ringgit,Synthetic,MYR
EOSVND,1064557,EOS Vietnamese Dong,Synthetic,VND
EOSCAD,1064574,EOS Canadian Dollar,Synthetic,CAD
EOSAUD,1064591,EOS Australian Dollar,Synthetic,AUD
EOSHKD,1064523,EOS Hong Kong Dollar,Synthetic,HKD
EOSCNY,1064506,EOS Chinese Yuan,Synthetic,CNY
EOSRUB,1064455,EOS Russian Ruble,Synthetic,RUB
EOSSEK,1064472,EOS Swedish Krona,Synthetic,SEK
EOSILS,1064489,EOS Israeli Shekel,Synthetic,ILS
BCHAUD,1064586,Bitcoin Cash Australian Dollar,Synthetic,AUD
BCHMXN,1064382,Bitcoin Cash Mexican Peso,Synthetic,MXN
BCHPLN,1064399,Bitcoin Cash Polish Zloty,Synthetic,PLN
BCHTRY,1064416,Bitcoin Cash Turkish Lira,Synthetic,TRY
BCHSAR,1064433,Bitcoin Cash Saudi Riyal,Synthetic,SAR
BCHZAR,1064365,Bitcoin Cash South African Rand,Synthetic,ZAR
BCHINR,1064348,Bitcoin Cash Indian Rupee,Synthetic,INR
BCHRUB,1064450,Bitcoin Cash Russian Ruble,Synthetic,RUB
BCHSEK,1064467,Bitcoin Cash Swedish Krona,Synthetic,SEK
BCHCAD,1064569,Bitcoin Cash Canadian Dollar,Synthetic,CAD
BCHVND,1064552,Bitcoin Cash Vietnamese Dong,Synthetic,VND
BCHMYR,1064535,Bitcoin Cash Malaysian Ringgit,Synthetic,MYR
BCHILS,1064484,Bitcoin Cash Israeli Shekel,Synthetic,ILS
BCHCNY,1064501,Bitcoin Cash Chinese Yuan,Synthetic,CNY
BCHHKD,1064518,Bitcoin Cash Hong Kong Dollar,Synthetic,HKD
XRPZAR,1062702,Ripple South African Rand,Synthetic,ZAR
XRPTRY,1062761,Ripple Turkish Lira,Synthetic,TRY
XRPSAR,1062764,Ripple Saudi Riyal,Synthetic,SAR
XRPSEK,1062767,Ripple Swedish Krona,Synthetic,SEK
XRPPLN,1062760,Ripple Polish Zloty,Synthetic,PLN
XRPMXN,1062705,Ripple Mexican Peso,Synthetic,MXN
XRPINR,1062699,Ripple Indian Rupee,Synthetic,INR
XRPILS,1062770,Ripple Israeli Shekel,Synthetic,ILS
XRPCNY,1062771,Ripple Chinese Yuan,Synthetic,CNY
XRPAUD,1062780,Ripple Australian Dollar,Synthetic,AUD
XRPCAD,1062779,Ripple Canadian Dollar,Synthetic,CAD
XRPHKD,1062772,Ripple Hong Kong Dollar,Synthetic,HKD
XRPMYR,1062775,Ripple Malaysian Ringgit,Synthetic,MYR
XRPVND,1062778,Ripple Vietnamese Dong,Synthetic,VND
LTCINR,1064349,Litecoin Indian Rupee,Synthetic,INR
LTCZAR,1064366,Litecoin South African Rand,Synthetic,ZAR
LTCMXN,1064383,Litecoin Mexican Peso,Synthetic,MXN
LTCMYR,1064536,Litecoin Malaysian Ringgit,Synthetic,MYR
LTCHKD,1064519,Litecoin Hong Kong Dollar,Synthetic,HKD
LTCVND,1064553,Litecoin Vietnamese Dong,Synthetic,VND
LTCCAD,1064570,Litecoin Canadian Dollar,Synthetic,CAD
LTCAUD,1064587,Litecoin Australian Dollar,Synthetic,AUD
LTCCNY,1064502,Litecoin Chinese Yuan,Synthetic,CNY
LTCILS,1064485,Litecoin Israeli Shekel,Synthetic,ILS
LTCTRY,1064417,Litecoin Turkish Lira,Synthetic,TRY
LTCPLN,1064400,Litecoin Polish Zloty,Synthetic,PLN
LTCSAR,1064434,Litecoin Saudi Riyal,Synthetic,SAR
LTCRUB,1064451,Litecoin Russian Ruble,Synthetic,RUB
LTCSEK,1064468,Litecoin Swedish Krona,Synthetic,SEK
TRXTRY,1064427,TRON Turkish Lira,Synthetic,TRY
TRXZAR,1064376,TRON South African Rand,Synthetic,ZAR
TRXMXN,1064393,TRON Mexican Peso,Synthetic,MXN
TRXPLN,1064410,TRON Polish Zloty,Synthetic,PLN
TRXSAR,1064444,TRON Saudi Riyal,Synthetic,SAR
TRXINR,1064359,TRON Indian Rupee,Synthetic,INR
TRXEUR,1061968,TRON Euro,Synthetic,EUR
TRXRUB,1064461,TRON Russian Ruble,Synthetic,RUB
TRXSEK,1064478,TRON Swedish Krona,Synthetic,SEK
TRXCAD,1064580,TRON Canadian Dollar,Synthetic,CAD
TRXAUD,1064597,TRON Australian Dollar,Synthetic,AUD
TRXVND,1064563,TRON Vietnamese Dong,Synthetic,VND
TRXMYR,1064546,TRON Malaysian Ringgit,Synthetic,MYR
TRXILS,1064495,TRON Israeli Shekel,Synthetic,ILS
TRXCNY,1064512,TRON Chinese Yuan,Synthetic,CNY
TRXHKD,1064529,TRON Hong Kong Dollar,Synthetic,HKD
ETCINR,1064360,Ethereum Classic Indian Rupee,Synthetic,INR
ETCZAR,1064377,Ethereum Classic South African Rand,Synthetic,ZAR
ETCSEK,1064479,Ethereum Classic Swedish Krona,Synthetic,SEK
ETCILS,1064496,Ethereum Classic Israeli Shekel,Synthetic,ILS
ETCCNY,1064513,Ethereum Classic Chinese Yuan,Synthetic,CNY
ETCRUB,1064462,Ethereum Classic Russian Ruble,Synthetic,RUB
ETCSAR,1064445,Ethereum Classic Saudi Riyal,Synthetic,SAR
ETCPLN,1064411,Ethereum Classic Polish Zloty,Synthetic,PLN
ETCTRY,1064428,Ethereum Classic Turkish Lira,Synthetic,TRY
ETCHKD,1064530,Ethereum Classic Hong Kong Dollar,Synthetic,HKD
ETCMYR,1064547,Ethereum Classic Malaysian Ringgit,Synthetic,MYR
ETCAUD,1064598,Ethereum Classic Australian Dollar,Synthetic,AUD
ETCVND,1064564,Ethereum Classic Vietnamese Dong,Synthetic,VND
ETCCAD,1064581,Ethereum Classic Canadian Dollar,Synthetic,CAD
ETCMXN,1064394,Ethereum Classic Mexican Peso,Synthetic,MXN
IOTCNY,1064507,IOTA Chinese Yuan,Synthetic,CNY
IOTMXN,1064388,IOTA Mexican Peso,Synthetic,MXN
IOTPLN,1064405,IOTA Polish Zloty,Synthetic,PLN
IOTTRY,1064422,IOTA Turkish Lira,Synthetic,TRY
IOTZAR,1064371,IOTA South African Rand,Synthetic,ZAR
IOTINR,1064354,IOTA Indian Rupee,Synthetic,INR
IOTEUR,1061967,IOTA Euro,Synthetic,EUR
IOTSAR,1064439,IOTA Saudi Riyal,Synthetic,SAR
IOTRUB,1064456,IOTA Russian Ruble,Synthetic,RUB
IOTVND,1064558,IOTA Vietnamese Dong,Synthetic,VND
IOTCAD,1064575,IOTA Canadian Dollar,Synthetic,CAD
IOTAUD,1064592,IOTA Australian Dollar,Synthetic,AUD
IOTMYR,1064541,IOTA Malaysian Ringgit,Synthetic,MYR
IOTHKD,1064524,IOTA Hong Kong Dollar,Synthetic,HKD
IOTSEK,1064473,IOTA Swedish Krona,Synthetic,SEK
IOTILS,1064490,IOTA Israeli Shekel,Synthetic,ILS
ADAVND,1064554,Cardano Vietnamese Dong,Synthetic,VND
ADAMXN,1064384,Cardano Mexican Peso,Synthetic,MXN
ADAPLN,1064401,Cardano Polish Zloty,Synthetic,PLN
ADATRY,1064418,Cardano Turkish Lira,Synthetic,TRY
ADASAR,1064435,Cardano Saudi Riyal,Synthetic,SAR
ADAZAR,1064367,Cardano South African Rand,Synthetic,ZAR
ADAINR,1064350,Cardano Indian Rupee,Synthetic,INR
ADAUSD,1055297,Cardano US Dollar,Synthetic,USD
ADAEUR,1061962,Cardano Euro,Synthetic,EUR
ADARUB,1064452,Cardano Russian Ruble,Synthetic,RUB
ADASEK,1064469,Cardano Swedish Krona,Synthetic,SEK
ADAAUD,1064588,Cardano Australian Dollar,Synthetic,AUD
ADACAD,1064571,Cardano Canadian Dollar,Synthetic,CAD
ADAMYR,1064537,Cardano Malaysian Ringgit,Synthetic,MYR
ADAILS,1064486,Cardano Israeli Shekel,Synthetic,ILS
ADACNY,1064503,Cardano Chinese Yuan,Synthetic,CNY
ADAHKD,1064520,Cardano Hong Kong Dollar,Synthetic,HKD
QTUMAUD,1064600,Qtum Australian Dollar,Synthetic,AUD
QTUMCAD,1064583,Qtum Canadian Dollar,Synthetic,CAD
QTUMHKD,1064532,Qtum Hong Kong Dollar,Synthetic,HKD
QTUMINR,1064362,Qtum Indian Rupee,Synthetic,INR
QTUMSEK,1064481,Qtum Swedish Krona,Synthetic,SEK
QTUMILS,1064498,Qtum Israeli Shekel,Synthetic,ILS
QTUMCNY,1064515,Qtum Chinese Yuan,Synthetic,CNY
QTUMMYR,1064549,Qtum Malaysian Ringgit,Synthetic,MYR
QTUMRUB,1064464,Qtum Russian Ruble,Synthetic,RUB
QTUMSAR,1064447,Qtum Saudi Riyal,Synthetic,SAR
QTUMZAR,1064379,Qtum South African Rand,Synthetic,ZAR
QTUMMXN,1064396,Qtum Mexican Peso,Synthetic,MXN
QTUMPLN,1064413,Qtum Polish Zloty,Synthetic,PLN
QTUMTRY,1064430,Qtum Turkish Lira,Synthetic,TRY
QTUMVND,1064566,Qtum Vietnamese Dong,Synthetic,VND
ZILUSD,1061993,Zilliqa US Dollar,Synthetic,USD
ANSINR,1064351,NEO Indian Rupee,Synthetic,INR
ANSTRY,1064419,NEO Turkish Lira,Synthetic,TRY
ANSSAR,1064436,NEO Saudi Riyal,Synthetic,SAR
ANSRUB,1064453,NEO Russian Ruble,Synthetic,RUB
ANSSEK,1064470,NEO Swedish Krona,Synthetic,SEK
ANSPLN,1064402,NEO Polish Zloty,Synthetic,PLN
ANSMXN,1064385,NEO Mexican Peso,Synthetic,MXN
ANSEUR,1061964,NEO Euro,Synthetic,EUR
ANSZAR,1064368,NEO South African Rand,Synthetic,ZAR
ANSILS,1064487,NEO Israeli Shekel,Synthetic,ILS
ANSCNY,1064504,NEO Chinese Yuan,Synthetic,CNY
ANSAUD,1064589,NEO Australian Dollar,Synthetic,AUD
ANSCAD,1064572,NEO Canadian Dollar,Synthetic,CAD
ANSHKD,1064521,NEO Hong Kong Dollar,Synthetic,HKD
ANSMYR,1064538,NEO Malaysian Ringgit,Synthetic,MYR
ANSVND,1064555,NEO Vietnamese Dong,Synthetic,VND
DASHMYR,1064542,Dash Malaysian Ringgit,Synthetic,MYR
DASHINR,1064355,Dash Indian Rupee,Synthetic,INR
DASHZAR,1064372,Dash South African Rand,Synthetic,ZAR
DASHMXN,1064389,Dash Mexican Peso,Synthetic,MXN
DASHCNY,1064508,Dash Chinese Yuan,Synthetic,CNY
DASHHKD,1064525,Dash Hong Kong Dollar,Synthetic,HKD
DASHVND,1064559,Dash Vietnamese Dong,Synthetic,VND
DASHCAD,1064576,Dash Canadian Dollar,Synthetic,CAD
DASHILS,1064491,Dash Israeli Shekel,Synthetic,ILS
DASHSEK,1064474,Dash Swedish Krona,Synthetic,SEK
DASHPLN,1064406,Dash Polish Zloty,Synthetic,PLN
DASHTRY,1064423,Dash Turkish Lira,Synthetic,TRY
DASHSAR,1064440,Dash Saudi Riyal,Synthetic,SAR
DASHRUB,1064457,Dash Russian Ruble,Synthetic,RUB
DASHAUD,1064593,Dash Australian Dollar,Synthetic,AUD
XVGAUD,1075202,Verge Australian Dollar,Synthetic,AUD
VENSEK,1064480,VeChain Swedish Krona,Synthetic,SEK
VENPLN,1064412,VeChain Polish Zloty,Synthetic,PLN
VENTRY,1064429,VeChain Turkish Lira,Synthetic,TRY
VENSAR,1064446,VeChain Saudi Riyal,Synthetic,SAR
VENMXN,1064395,VeChain Mexican Peso,Synthetic,MXN
VENZAR,1064378,VeChain South African Rand,Synthetic,ZAR
VENEUR,1061969,VeChain Euro,Synthetic,EUR
VENINR,1064361,VeChain Indian Rupee,Synthetic,INR
VENRUB,1064463,VeChain Russian Ruble,Synthetic,RUB
VENILS,1064497,VeChain Israeli Shekel,Synthetic,ILS
VENAUD,1064599,VeChain Australian Dollar,Synthetic,AUD
VENKRW,1064606,VeChain Korean Won,Synthetic,KRW
VENCAD,1064582,VeChain Canadian Dollar,Synthetic,CAD
VENVND,1064565,VeChain Vietnamese Dong,Synthetic,VND
VENCNY,1064514,VeChain Chinese Yuan,Synthetic,CNY
VENHKD,1064531,VeChain Hong Kong Dollar,Synthetic,HKD
VENMYR,1064548,VeChain Malaysian Ringgit,Synthetic,MYR
ONTUSD,1072990,Ontology US Dollar,Synthetic,USD
XLMILS,1064488,Stellar Lumens Israeli Shekel,Synthetic,ILS
XLMMXN,1064386,Stellar Lumens Mexican Peso,Synthetic,MXN
XLMPLN,1064403,Stellar Lumens Polish Zloty,Synthetic,PLN
XLMTRY,1064420,Stellar Lumens Turkish Lira,Synthetic,TRY
XLMSAR,1064437,Stellar Lumens Saudi Riyal,Synthetic,SAR
XLMZAR,1064369,Stellar Lumens South African Rand,Synthetic,ZAR
XLMINR,1064352,Stellar Lumens Indian Rupee,Synthetic,INR
XLMEUR,1061963,Stellar Lumens Euro,Synthetic,EUR
XLMRUB,1064454,Stellar Lumens Russian Ruble,Synthetic,RUB
XLMSEK,1064471,Stellar Lumens Swedish Krona,Synthetic,SEK
XLMAUD,1064590,Stellar Lumens Australian Dollar,Synthetic,AUD
XLMCAD,1064573,Stellar Lumens Canadian Dollar,Synthetic,CAD
XLMVND,1064556,Stellar Lumens Vietnamese Dong,Synthetic,VND
XLMCNY,1064505,Stellar Lumens Chinese Yuan,Synthetic,CNY
XLMHKD,1064522,Stellar Lumens Hong Kong Dollar,Synthetic,HKD
XLMMYR,1064539,Stellar Lumens Malaysian Ringgit,Synthetic,MYR
ICXMYR,1064551,ICON Malaysian Ringgit,Synthetic,MYR
ICXSAR,1064449,ICON Saudi Riyal,Synthetic,SAR
ICXRUB,1064466,ICON Russian Ruble,Synthetic,RUB
ICXSEK,1064483,ICON Swedish Krona,Synthetic,SEK
ICXTRY,1064432,ICON Turkish Lira,Synthetic,TRY
ICXPLN,1064415,ICON Polish Zloty,Synthetic,PLN
ICXINR,1064364,ICON Indian Rupee,Synthetic,INR
ICXZAR,1064381,ICON South African Rand,Synthetic,ZAR
ICXMXN,1064398,ICON Mexican Peso,Synthetic,MXN
ICXILS,1064500,ICON Israeli Shekel,Synthetic,ILS
ICXCNY,1064517,ICON Chinese Yuan,Synthetic,CNY
ICXEUR,1064603,ICON Euro,Synthetic,EUR
ICXKRW,1064607,ICON Korean Won,Synthetic,KRW
ICXAUD,1064602,ICON Australian Dollar,Synthetic,AUD
ICXCAD,1064585,ICON Canadian Dollar,Synthetic,CAD
ICXHKD,1064534,ICON Hong Kong Dollar,Synthetic,HKD
ICXVND,1064568,ICON Vietnamese Dong,Synthetic,VND
XMRZAR,1064374,Monero South African Rand,Synthetic,ZAR
XMRRUB,1064459,Monero Russian Ruble,Synthetic,RUB
XMRSEK,1064476,Monero Swedish Krona,Synthetic,SEK
XMRILS,1064493,Monero Israeli Shekel,Synthetic,ILS
XMRSAR,1064442,Monero Saudi Riyal,Synthetic,SAR
XMRTRY,1064425,Monero Turkish Lira,Synthetic,TRY
XMRINR,1064357,Monero Indian Rupee,Synthetic,INR
XMRMXN,1064391,Monero Mexican Peso,Synthetic,MXN
XMRPLN,1064408,Monero Polish Zloty,Synthetic,PLN
XMRCNY,1064510,Monero Chinese Yuan,Synthetic,CNY
XMRHKD,1064527,Monero Hong Kong Dollar,Synthetic,HKD
XMRAUD,1064595,Monero Australian Dollar,Synthetic,AUD
XMRCAD,1064578,Monero Canadian Dollar,Synthetic,CAD
XMRMYR,1064544,Monero Malaysian Ringgit,Synthetic,MYR
XMRVND,1064561,Monero Vietnamese Dong,Synthetic,VND
SCUSD,1056103,Siacoin US Dollar,Synthetic,USD
BTGPLN,1064414,Bitcoin Gold Polish Zloty,Synthetic,PLN
BTGZAR,1064380,Bitcoin Gold South African Rand,Synthetic,ZAR
BTGINR,1064363,Bitcoin Gold Indian Rupee,Synthetic,INR
BTGMXN,1064397,Bitcoin Gold Mexican Peso,Synthetic,MXN
BTGTRY,1064431,Bitcoin Gold Turkish Lira,Synthetic,TRY
BTGSAR,1064448,Bitcoin Gold Saudi Riyal,Synthetic,SAR
BTGRUB,1064465,Bitcoin Gold Russian Ruble,Synthetic,RUB
BTGSEK,1064482,Bitcoin Gold Swedish Krona,Synthetic,SEK
BTGAUD,1064601,Bitcoin Gold Australian Dollar,Synthetic,AUD
BTGCAD,1064584,Bitcoin Gold Canadian Dollar,Synthetic,CAD
BTGVND,1064567,Bitcoin Gold Vietnamese Dong,Synthetic,VND
BTGILS,1064499,Bitcoin Gold Israeli Shekel,Synthetic,ILS
BTGCNY,1064516,Bitcoin Gold Chinese Yuan,Synthetic,CNY
BTGHKD,1064533,Bitcoin Gold Hong Kong Dollar,Synthetic,HKD
BTGMYR,1064550,Bitcoin Gold Malaysian Ringgit,Synthetic,MYR
XRBUSD,1058116,Nano US Dollar,Synthetic,USD
XEMRUB,1064458,NEM Russian Ruble,Synthetic,RUB
XEMPLN,1064407,NEM Polish Zloty,Synthetic,PLN
XEMTRY,1064424,NEM Turkish Lira,Synthetic,TRY
XEMSAR,1064441,NEM Saudi Riyal,Synthetic,SAR
XEMSEK,1064475,NEM Swedish Krona,Synthetic,SEK
XEMMXN,1064390,NEM Mexican Peso,Synthetic,MXN
XEMZAR,1064373,NEM South African Rand,Synthetic,ZAR
XEMEUR,1061966,NEM Euro,Synthetic,EUR
XEMINR,1064356,NEM Indian Rupee,Synthetic,INR
XEMILS,1064492,NEM Israeli Shekel,Synthetic,ILS
XEMCNY,1064509,NEM Chinese Yuan,Synthetic,CNY
XEMKRW,1064604,NEM Korean Won,Synthetic,KRW
XEMAUD,1064594,NEM Australian Dollar,Synthetic,AUD
XEMCAD,1064577,NEM Canadian Dollar,Synthetic,CAD
XEMHKD,1064526,NEM Hong Kong Dollar,Synthetic,HKD
XEMMYR,1064543,NEM Malaysian Ringgit,Synthetic,MYR
XEMVND,1064560,NEM Vietnamese Dong,Synthetic,VND
LSKSEK,1064477,Lisk Swedish Krona,Synthetic,SEK
LSKTRY,1064426,Lisk Turkish Lira,Synthetic,TRY
LSKSAR,1064443,Lisk Saudi Riyal,Synthetic,SAR
LSKRUB,1064460,Lisk Russian Ruble,Synthetic,RUB
LSKPLN,1064409,Lisk Polish Zloty,Synthetic,PLN
LSKMXN,1064392,Lisk Mexican Peso,Synthetic,MXN
LSKINR,1064358,Lisk Indian Rupee,Synthetic,INR
LSKZAR,1064375,Lisk South African Rand,Synthetic,ZAR
LSKILS,1064494,Lisk Israeli Shekel,Synthetic,ILS
LSKCNY,1064511,Lisk Chinese Yuan,Synthetic,CNY
LSKAUD,1064596,Lisk Australian Dollar,Synthetic,AUD
LSKKRW,1064605,Lisk Korean Won,Synthetic,KRW
LSKCAD,1064579,Lisk Canadian Dollar,Synthetic,CAD
LSKVND,1064562,Lisk Vietnamese Dong,Synthetic,VND
LSKHKD,1064528,Lisk Hong Kong Dollar,Synthetic,HKD
LSKMYR,1064545,Lisk Malaysian Ringgit,Synthetic,MYR
