IKM,49930,1nkemia IUCT SA,Madrid,EUR,http://www.investing.com/equities/1nkemia-iuct-group-s.a.
ABBO,49931,Ab-Biotics S.A.,Madrid,EUR,http://www.investing.com/equities/ab-biotics-s.a.
ABG,443,Abengoa,Madrid,EUR,http://www.investing.com/equities/abengoa
ABGek,40331,Abengoa B,Madrid,EUR,http://www.investing.com/equities/abengoa-b
ANA,32243,Acciona,Madrid,EUR,http://www.investing.com/equities/acciona-sa?cid=32243
ACX,1009335,Acerinox,Madrid,EUR,http://www.investing.com/equities/acerinox?cid=1009335
ACS,1009472,ACS,Madrid,EUR,http://www.investing.com/equities/acs-cons-y-serv?cid=1009472
ADLB,49933,ADL Bionatur,Madrid,EUR,http://www.investing.com/equities/bionaturis
ADZ,32225,Adolfo Dominguez,Madrid,EUR,http://www.investing.com/equities/adolfo-dominguez-sa
AEDAS,1052410,Aedas Homes,Madrid,EUR,http://www.investing.com/equities/aedas-homes-sl
AENA,1009336,Aena,Madrid,EUR,http://www.investing.com/equities/aena-aeropuertos-sa?cid=1009336
AGIL,961658,Agile Content SA,Madrid,EUR,http://www.investing.com/equities/agile-content-sa
AIR,32302,Airbus Group,Madrid,EUR,http://www.investing.com/equities/eads?cid=32302
AI,1024185,Airtificial Intelligence,Madrid,EUR,http://www.investing.com/equities/inypsa-informes-y-proyectos-sa?cid=1024185
AKI,44452,Akiles Corporation ED,Madrid,EUR,http://www.investing.com/equities/ebioss-energy-ad-sofia
ALNTA,32185,Alantra Partners,Madrid,EUR,http://www.investing.com/equities/dinamia-capital-privado-scr-sa
ALB,32186,Alba SA,Madrid,EUR,http://www.investing.com/equities/corporacion-financiera-alba-sa
YAC1,1117970,Almagro Capital,Madrid,EUR,http://www.investing.com/equities/almagro-capital-socimi
ALM,1024226,Almirall,Madrid,EUR,http://www.investing.com/equities/almirall-sa?cid=1024226
ALQ,1093991,Alquiber Quality,Madrid,EUR,http://www.investing.com/equities/alquiber-quality
ALC,49932,Altia Consultores S.A.,Madrid,EUR,http://www.investing.com/equities/altia-consultores-s.a.
YAML,1029197,AM Locales Property,Madrid,EUR,http://www.investing.com/equities/am-locales-property
AMA,32261,Amadeus,Madrid,EUR,http://www.investing.com/equities/amadeus?cid=32261
APE,32301,Amper,Madrid,EUR,http://www.investing.com/equities/amper-sa
EATP,1111709,Amrest,Madrid,EUR,http://www.investing.com/equities/amrest-holdings-se?cid=1111709
YAP67,1076567,Ap67 Socimi,Madrid,EUR,http://www.investing.com/equities/ap67-socimi
APAM,32288,Aperam,Madrid,EUR,http://www.investing.com/equities/aperam?cid=32288
APPS,101934,Applus Services SA,Madrid,EUR,http://www.investing.com/equities/applus-services-sa
MTS,1009337,ArcelorMittal,Madrid,EUR,http://www.investing.com/equities/arcelormittal-reg?cid=1009337
ARM,1107547,Arima Real Estate,Madrid,EUR,http://www.investing.com/equities/arima-real-estate
YARP,1116351,Arrienda Rental,Madrid,EUR,http://www.investing.com/equities/arrienda-rental
ELZZ,1013384,Asturiana de Laminados,Madrid,EUR,http://www.investing.com/equities/asturiana-de-laminados-sa
YAST,985714,Asturias Retail,Madrid,EUR,http://www.investing.com/equities/brookfield-business-partners-lp
YATO,1112818,Atom Hoteles,Madrid,EUR,http://www.investing.com/equities/atom-hoteles-socimi
A3M,444,Atresmedia,Madrid,EUR,http://www.investing.com/equities/atresmedia
ATRY,985976,Atrys Health,Madrid,EUR,http://www.investing.com/equities/atrys-health-sl
ADXR,32191,Audax Renovables,Madrid,EUR,http://www.investing.com/equities/fersa-energias-renovables-sa
YARE,958861,Autonomy Spain Real Estate Socimi S,Madrid,EUR,http://www.investing.com/equities/autonomy-spain-real-estate-socimi-s
AZK,32287,Azkoyen,Madrid,EUR,http://www.investing.com/equities/azkoyen-sa
SABE,32216,B. Sabadell,Madrid,EUR,http://www.investing.com/equities/bco-de-sabadell?cid=32216
BKIA,1009338,Bankia,Madrid,EUR,http://www.investing.com/equities/bankia?cid=1009338
BKT,1009339,Bankinter,Madrid,EUR,http://www.investing.com/equities/bankinter?cid=1009339
BDL,32245,Baron De Ley,Madrid,EUR,http://www.investing.com/equities/baron-de-ley-sa
BBVA,32289,BBVA,Madrid,EUR,http://www.investing.com/equities/bbva?cid=32289
BKY,1093905,Berkeley Energy,Madrid,EUR,http://www.investing.com/equities/berkeley-resources-limited?cid=1093905
BIOS,32268,Biosearch,Madrid,EUR,http://www.investing.com/equities/biosearch-sa
BME,1024175,BME,Madrid,EUR,http://www.investing.com/equities/bolsas-y-mer-esp?cid=1024175
BRIO,32224,Bodegas Riojanas,Madrid,EUR,http://www.investing.com/equities/bodegas-riojanas-sa
BAINS,1025131,Borges Agricultural,Madrid,EUR,http://www.investing.com/equities/borges-agricultural-industrial-nuts
CABK,1009340,Caixabank,Madrid,EUR,http://www.investing.com/equities/caixabank-sa?cid=1009340
YCPS,1089443,Castellana Properties,Madrid,EUR,http://www.investing.com/equities/castellana-properties-socimi
CATN,49936,Catenon S.A.,Madrid,EUR,http://www.investing.com/equities/catenon-s.a.
CLNX,1009341,Cellnex Telecom,Madrid,EUR,http://www.investing.com/equities/cellnex-telecom?cid=1009341
CRBHO,940784,Cerbium,Madrid,EUR,http://www.investing.com/equities/only-apartments-sa
CIEA,1123278,Cie Automotive,Madrid,EUR,http://www.investing.com/equities/cie-automotive-sa?cid=1123278
CLRE,968993,Clerhp Estructuras,Madrid,EUR,http://www.investing.com/equities/clerhp-estructuras-sa
CLE,994270,Clever Global,Madrid,EUR,http://www.investing.com/equities/clever-global-sa
CBAV,32229,Clinica Baviera,Madrid,EUR,http://www.investing.com/equities/clinica-baviera-sa
CCEP,980157,Coca-Cola European,Madrid,EUR,http://www.investing.com/equities/coca-cola-ent?cid=980157
CDRE,32293,Codere,Madrid,EUR,http://www.investing.com/equities/codere-sa
CMM,993678,CommCenter,Madrid,EUR,http://www.investing.com/equities/commcenter-sa
CAF,32199,Construcciones y Auxiliar,Madrid,EUR,http://www.investing.com/equities/auxiliar-de-ferrocarriles
YPR3,976081,Corpfin Capital Prime Retail III,Madrid,EUR,http://www.investing.com/equities/corpfin-capital-prime-retail-iii-so
OLEO,32305,Deoleo,Madrid,EUR,http://www.investing.com/equities/deoleo
DIDA,1009342,DIA,Madrid,EUR,http://www.investing.com/equities/dia?cid=1009342
YDOM,1050163,Domo Activos,Madrid,EUR,http://www.investing.com/equities/domo-activos
MDF,32238,Duro Felguera,Madrid,EUR,http://www.investing.com/equities/duro-felguera-sa
EBRO,1024179,Ebro Foods,Madrid,EUR,http://www.investing.com/equities/ebro-foods?cid=1024179
ECG,993679,ECG,Madrid,EUR,http://www.investing.com/equities/euroconsult-engineering-consulting
EDRE,100241,eDreams Odigeo SA,Madrid,EUR,http://www.investing.com/equities/edreams-odigeo-sa
ENOR,32286,Elecnor,Madrid,EUR,http://www.investing.com/equities/elecnor-sa
CCMC,32282,Empresarial Materiales,Madrid,EUR,http://www.investing.com/equities/uralita-sa
GSJ,32189,Empresarial San Jose,Madrid,EUR,http://www.investing.com/equities/grupo-empresarial-san-jose-sa
ENAG,32272,Enagas,Madrid,EUR,http://www.investing.com/equities/enagas?cid=32272
ENC,1123277,ENCE,Madrid,EUR,http://www.investing.com/equities/ence-energia-y-celulosa-sa?cid=1123277
ELE,32271,Endesa,Madrid,EUR,http://www.investing.com/equities/endesa?cid=32271
YENT,44453,Entre Cua Socimi,Madrid,EUR,http://www.investing.com/equities/entre-cua-socimi
ECR,32292,Ercros,Madrid,EUR,http://www.investing.com/equities/ercros-sa
YEPS,1122284,Euripo Properties,Madrid,EUR,http://www.investing.com/equities/euripo-properties-socimi
EESP,49937,Euroespes S.A.,Madrid,EUR,http://www.investing.com/equities/euroespes-s.a.
EUWT,49938,Eurona Wireless Telecom S.A.,Madrid,EUR,http://www.investing.com/equities/eurona-wireless-telecom-s.a.
EKTL,955670,Euskaltel SA,Madrid,EUR,http://www.investing.com/equities/euskaltel-sa
YEXR,1089239,Excem Socimi,Madrid,EUR,http://www.investing.com/equities/excem-capital-partners-sociedad
FACE,103907,Facephi Biometria SA,Madrid,EUR,http://www.investing.com/equities/facephi-biometria-sa
FAE,32258,Faes Farma,Madrid,EUR,http://www.investing.com/equities/faes-farma-sa
FCC,1024176,FCC,Madrid,EUR,http://www.investing.com/equities/fcc?cid=1024176
FER,1009343,Ferrovial,Madrid,EUR,http://www.investing.com/equities/grupo-ferrovial?cid=1009343
YFID,955671,Fidere Patrimonio SOCIMI SA,Madrid,EUR,http://www.investing.com/equities/fidere-patrimonio-socimi-sa
FLUI,32285,Fluidra,Madrid,EUR,http://www.investing.com/equities/fluidra-sa
SGREN,32270,Gamesa,Madrid,EUR,http://www.investing.com/equities/gamesa?cid=32270
GALQ,32179,General Alquiler Maquinaria,Madrid,EUR,http://www.investing.com/equities/general-de-alquiler-de-maquinaria
GEST,1006174,Gestamp Automocion,Madrid,EUR,http://www.investing.com/equities/gestamp-automocion-sa
YGGC,1024614,GGC,Madrid,EUR,http://www.investing.com/equities/general-de-galerias-comerciales
GIGAH,960710,Gigas Hosting SA,Madrid,EUR,http://www.investing.com/equities/gigas-hosting-sa
DOMI,976471,Global Dominion,Madrid,EUR,http://www.investing.com/equities/global-dominion-access-sa
YGMP,986096,GMP Property,Madrid,EUR,http://www.investing.com/equities/gmp-property-socimi-sa
YGOB,1096060,Go Madrid Benz,Madrid,EUR,http://www.investing.com/equities/go-madrid-benz
GRN,1055914,Greenalia,Madrid,EUR,http://www.investing.com/equities/greenalia
GREG,955882,Grenergy Renovables SA,Madrid,EUR,http://www.investing.com/equities/grenergy-renovables-sa
GRLS,32260,Grifols,Madrid,EUR,http://www.investing.com/equities/grifols?cid=32260
GRLSbn,32266,Grifols Pref,Madrid,EUR,http://www.investing.com/equities/grifols-sa-b
GRIE,49939,Grino Ecologic S.A.,Madrid,EUR,http://www.investing.com/equities/grino-ecologic-s.a.
GCO,32196,Grupo Catalana Occidente,Madrid,EUR,http://www.investing.com/equities/grupo-catalana-occidente-sa
EZEN,32237,Grupo Ezentis SA,Madrid,EUR,http://www.investing.com/equities/grupo-ezentis-sa
YGOP,1030978,Grupo Ortiz,Madrid,EUR,http://www.investing.com/equities/grupo-ortiz
YHAB,1061411,Heref Habaneras,Madrid,EUR,http://www.investing.com/equities/heref-habaneras
HLZZ,1155859,Holaluz Clidom,Madrid,EUR,http://www.investing.com/equities/holaluz-clidom-sa
HMR,942718,Home Meal,Madrid,EUR,http://www.investing.com/equities/home-meal
ICAG,1009344,IAG,Madrid,EUR,http://www.investing.com/equities/intl.-cons.-air-grp?cid=1009344
IBE,32246,Iberdrola,Madrid,EUR,http://www.investing.com/equities/iberdrola?cid=32246
IBG,32218,Iberpapel Gestion,Madrid,EUR,http://www.investing.com/equities/iberpapel-gestion-sa
IFFE,1123956,Iffe Futura,Madrid,EUR,http://www.investing.com/equities/iffe-futura
IMGI,49941,Imaginarium S.A.,Madrid,EUR,http://www.investing.com/equities/imaginarium-s.a.
INC,958276,Inclam CO2 SA,Madrid,EUR,http://www.investing.com/equities/inclam-co2-sa
ITX,32259,Inditex,Madrid,EUR,http://www.investing.com/equities/inditex?cid=32259
IDR,32221,Indra A,Madrid,EUR,http://www.investing.com/equities/indra-sistemas?cid=32221
COL,1024177,Inmobiliaria Colonial,Madrid,EUR,http://www.investing.com/equities/inmob-colonial?cid=1024177
ISUR,32203,Inmobiliaria del Sur,Madrid,EUR,http://www.investing.com/equities/inmobiliaria-del-sur-sa
YPARK,1118084,Inmobiliaria Park Rose,Madrid,EUR,http://www.investing.com/equities/inmobiliaria-park-rose
YISC,985943,Isc Fresh Water,Madrid,EUR,http://www.investing.com/equities/isc-fresh-water-investment-socimi
IZER,1155754,Izertis,Madrid,EUR,http://www.investing.com/equities/izertis-sa
YABA,977685,Jaba I Inversiones,Madrid,EUR,http://www.investing.com/equities/jaba-i-inversiones-inmobiliarias-so
ROVI,32178,Laborat.Rovi,Madrid,EUR,http://www.investing.com/equities/laboratorios-farmaceuticos-rovi-sa
RJFE,32236,Laboratorio Reig Jofre,Madrid,EUR,http://www.investing.com/equities/natraceutical-sa
LRES,100242,Lar Espana Real Estate SOCIMI SA,Madrid,EUR,http://www.investing.com/equities/lar-espana-real-estate-socimi-sa
LBK,40902,Liberbank,Madrid,EUR,http://www.investing.com/equities/liberbank-sa
LGT,32208,Lingotes,Madrid,EUR,http://www.investing.com/equities/lingotes-especiales-sa
LLN,958860,Lleidanetworks Serveis Telematics,Madrid,EUR,http://www.investing.com/equities/lleidanetworks-serveis-telematics
LOG,104388,Logista,Madrid,EUR,http://www.investing.com/equities/logista
MAKS,1158839,Making Science,Madrid,EUR,http://www.investing.com/equities/making-science-group-sa
MAP,1009345,Mapfre,Madrid,EUR,http://www.investing.com/equities/mapfre?cid=1009345
MASM,49940,Masmovil Ibercom,Madrid,EUR,http://www.investing.com/equities/world-wide-web-ibercom-s.a.
MEDC,49942,Medcom Tech S.A.,Madrid,EUR,http://www.investing.com/equities/medcom-tech-s.a.
TL5,1009346,Mediaset,Madrid,EUR,http://www.investing.com/equities/mediaset-esp?cid=1009346
MEL,1009347,Melia Hotels,Madrid,EUR,http://www.investing.com/equities/melia-hotels-international-sa?cid=1009347
YMRE,1123955,Meridia RE III,Madrid,EUR,http://www.investing.com/equities/meridia-re-iii
MRL,1009348,Merlin Properties SA,Madrid,EUR,http://www.investing.com/equities/merlin-properties-sa?cid=1009348
MVC,32250,Metrovacesa,Madrid,EUR,http://www.investing.com/equities/metrovacesa-sa
YMHRE,1141295,Millenium Hotels,Madrid,EUR,http://www.investing.com/equities/millenium-hotels-real-estate-sa
MCM,32195,Miquel Cost.,Madrid,EUR,http://www.investing.com/equities/iquel-y-costas---miquel-sa
MONIB,994271,Mondo TV,Madrid,EUR,http://www.investing.com/equities/mondo-tv-iberoamerica-sa
MTBA,32249,Montebalito,Madrid,EUR,http://www.investing.com/equities/montebalito-sa
NATR,32299,Natra,Madrid,EUR,http://www.investing.com/equities/natra-sa
NTGY,32214,Naturgy Energy,Madrid,EUR,http://www.investing.com/equities/gas-natural-sdg?cid=32214
NTH,949749,Naturhouse Health SA,Madrid,EUR,http://www.investing.com/equities/naturhouse-health-sa
NBIB,949224,NBI Bearings Europe,Madrid,EUR,http://www.investing.com/equities/nbi-bearings-europe-s.a.
HOME,999061,Neinor Homes,Madrid,EUR,http://www.investing.com/equities/neinor-homes-slu
NEOL,960711,Neol Biosolutions SA,Madrid,EUR,http://www.investing.com/equities/neol-biosolutions-sa
NTX,1053093,Netex Knowledge,Madrid,EUR,http://www.investing.com/equities/netex-knoledge-factory
NEUB,49943,Neuron Bio S.A.,Madrid,EUR,http://www.investing.com/equities/neuron-bio-s.a.
NHH,1024218,NH Hoteles,Madrid,EUR,http://www.investing.com/equities/nh-hoteles-sa?cid=1024218
NEA,32231,Nicolas Correa,Madrid,EUR,http://www.investing.com/equities/nicolas-correa-sa
NXTE,32190,Nueva Expresion,Madrid,EUR,http://www.investing.com/equities/dogi-international-fabrics-sa
YNUM,1025089,Numulae Gestion de Servicios,Madrid,EUR,http://www.investing.com/equities/numulae-gestion-de-servicios
IBES,32228,Nyesa Valores,Madrid,EUR,http://www.investing.com/equities/nyesa-valores-corp
YOSO,958862,Obsido Socimi SA,Madrid,EUR,http://www.investing.com/equities/obsido-socimi-sa
OHL,1024178,OHL,Madrid,EUR,http://www.investing.com/equities/ohl?cid=1024178
YOVA,1010687,Optimum III Value Added,Madrid,EUR,http://www.investing.com/equities/optimum-iii-value-added-residential
YORS,990008,Optimum Re Spain,Madrid,EUR,http://www.investing.com/equities/optimum-re-spain-socimi-sa
YORE,996540,Ores Socimi,Madrid,EUR,http://www.investing.com/equities/olimpo-real-estate-sa
ORY,962024,Oryzon Genomics,Madrid,EUR,http://www.investing.com/equities/oryzon-genomics-sa
PANGO,994484,Pangaea Oncology,Madrid,EUR,http://www.investing.com/equities/pangaea-oncology-sa
PQR,976553,Parques Reunidos,Madrid,EUR,http://www.investing.com/equities/parques-reunidos-servicios
PVA,39131,Pescanova,Madrid,EUR,http://www.investing.com/equities/pescanova-sa?cid=39131
PHMR,959215,Pharma Mar,Madrid,EUR,http://www.investing.com/equities/pharma-mar-sau
YPSNA,1057007,Prevision Sanitaria,Madrid,EUR,http://www.investing.com/equities/prevision-sanitaria-nacional
PRIM,32303,Prim,Madrid,EUR,http://www.investing.com/equities/prim-sa
PROE,1123486,Proeduca Altus,Madrid,EUR,http://www.investing.com/equities/proeduca-altus
PRS,32187,Promotora Informaciones,Madrid,EUR,http://www.investing.com/equities/prisa
PSG,32276,Prosegur,Madrid,EUR,http://www.investing.com/equities/prosegur-sa
CASHP,997807,Prosegur Cash,Madrid,EUR,http://www.investing.com/equities/prosegur-cash-sa
QBT,32207,Quabit,Madrid,EUR,http://www.investing.com/equities/quabit-inmobiliaria-sa
YQPQ,1088135,Quid Pro Quo Alquiler,Madrid,EUR,http://www.investing.com/equities/quid-pro-quo-alquiler-seguro-socimi
YQUO,985944,Quonia SOCIMI,Madrid,EUR,http://www.investing.com/equities/quonia-socimi-sa
RLIA,32227,Realia,Madrid,EUR,http://www.investing.com/equities/realia-business-sa
REE,32226,Red Electrica,Madrid,EUR,http://www.investing.com/equities/red-electrica?cid=32226
RDM,32230,Reno De Medici,Madrid,EUR,http://www.investing.com/equities/reno-de-medici-spa?cid=32230
RTA4,32235,Renta 4 Banco,Madrid,EUR,http://www.investing.com/equities/renta-4-banco-sa
REN,32284,Renta Corp,Madrid,EUR,http://www.investing.com/equities/renta-corp
REP,32240,Repsol,Madrid,EUR,http://www.investing.com/equities/repsol-ypf?cid=32240
RBT,1067156,Robot,Madrid,EUR,http://www.investing.com/equities/robot
SCYR,32234,Sacyr,Madrid,EUR,http://www.investing.com/equities/sacyr-valle?cid=32234
SAN,32212,Santander,Madrid,EUR,http://www.investing.com/equities/banco-santander?cid=32212
SECU,49944,Secuoya Grupo de Comunicacion S.A.,Madrid,EUR,http://www.investing.com/equities/secuoya-grupo-de-comunicacion-s.a.
YSRR,1073221,Serrano 61 Desarrollo,Madrid,EUR,http://www.investing.com/equities/serrano-61-desarrollo-socimi
SPSL,32197,Service P.S.,Madrid,EUR,http://www.investing.com/equities/service-point-solutions-sa
YSCI,980156,Silvercode Investments,Madrid,EUR,http://www.investing.com/equities/silvercode-investments-socimi-sa
SNCE,32291,Sniace,Madrid,EUR,http://www.investing.com/equities/sniace-sa
SLRS,32180,Solaria,Madrid,EUR,http://www.investing.com/equities/solaria-energia-y-medio-ambiente
SPK,1115133,Solarpack,Madrid,EUR,http://www.investing.com/equities/solarpack-corporacion-tecnologica
YSPS,1057278,Student Properties,Madrid,EUR,http://www.investing.com/equities/student-properties
TLGO,951682,Talgo,Madrid,EUR,http://www.investing.com/equities/talgo
TRE,1009349,Tecnicas Reunidas,Madrid,EUR,http://www.investing.com/equities/tecnicas-reunidas?cid=1009349
TQT,962349,Tecnoquark Trust SA,Madrid,EUR,http://www.investing.com/equities/tecnoquark-trust-sa
TEF,32239,Telefonica,Madrid,EUR,http://www.investing.com/equities/telefonica?cid=32239
YTEM,1073101,Tempore Properties,Madrid,EUR,http://www.investing.com/equities/tempore-properties-socimi
YTST,1089467,Testa Residencial,Madrid,EUR,http://www.investing.com/equities/testa-residencial-socimi
TR1,1084842,Tier1,Madrid,EUR,http://www.investing.com/equities/tier-1-technology
YTOR,1087966,Torbel Investment?,Madrid,EUR,http://www.investing.com/equities/torbel-investments-2015-socimi
YTRA,958277,Trajano Iberia Socimi SA,Madrid,EUR,http://www.investing.com/equities/trajano-iberia-socimi-sa
TUBA,32283,Tubacex,Madrid,EUR,http://www.investing.com/equities/tubacex-sa
TUR,32264,Tubos Reunid,Madrid,EUR,http://www.investing.com/equities/tubos-reunid
UNI,1013395,Unicaja Banco,Madrid,EUR,http://www.investing.com/equities/unicaja-banco-sa
UBS,32200,Urbas Grupo,Madrid,EUR,http://www.investing.com/equities/urbas-grupo-financiero-sa
YURO,946356,Uro Property Holdings,Madrid,EUR,http://www.investing.com/equities/uro-property-holdings
YVBA,994781,VBARE Iberian Properties,Madrid,EUR,http://www.investing.com/equities/vbare-iberian-properties-socimi-sa
VTSG,32176,Vertice 360 Grados,Madrid,EUR,http://www.investing.com/equities/vertice-trescientos-sesenta-grados
VID,32281,Vidrala,Madrid,EUR,http://www.investing.com/equities/vidrala-sa
VIS,1009350,Viscofan,Madrid,EUR,http://www.investing.com/equities/viscofan-sa?cid=1009350
YVIT,985794,Vitruvio Real Estate,Madrid,EUR,http://www.investing.com/equities/vitruvio-real-estate
YVIV,1116352,Vivenio Residencial,Madrid,EUR,http://www.investing.com/equities/vivenio-residencial
CEV,1130889,Viviendas en Alquiler,Madrid,EUR,http://www.investing.com/equities/viviendas-en-alquiler
VOC,32280,Vocento,Madrid,EUR,http://www.investing.com/equities/vocento-sa
VOZ,986094,Voztelecom Oigaa360,Madrid,EUR,http://www.investing.com/equities/voztelecom-oigaa360-sa
YZBL,961773,Zambal Spain Socimi SA,Madrid,EUR,http://www.investing.com/equities/zambal-spain-socimi-sa
ZOT,32244,Zardoya Otis,Madrid,EUR,http://www.investing.com/equities/zardoya-otis-sa
