MANc1,40015,Aluminum Futures - Jul 17,MCX,INR
MALGc1,49767,Aluminum Mini Futures - Jul 17,MCX,INR
MBRCc1,49769,Brent Oil Futures - Jun 17,MCX,INR
MOMc1,49770,Cardamom Futures - Aug 17,MCX,INR
MCSc1,997362,Castor Seed Futures - Aug 17,MCX,INR
MCCc1,49771,Copper Futures - Aug 17,MCX,INR
MCPMc1,49772,Copper Mini Futures - Aug 17,MCX,INR
MCOTc1,49773,Cotton 29mm Futures - Jul 17,MCX,INR
MCGBc1,49774,Crude Oil WTI Futures - Aug 17,MCX,INR
MCAc1,49775,Crude Palm Oil Futures - Jul 17,MCX,INR
MAUc1,49776,Gold Futures - Aug 17,MCX,INR
MAXc1,49777,Gold Guinea Futures - Jul 17,MCX,INR
MMIc1,49778,Gold Mini Futures - Aug 17,MCX,INR
MGPLc1,49779,Gold Petal Futures - Jul 17,MCX,INR
MCTc1,49782,Kapas Futures - Apr 17,MCX,INR
MLDQ7,49784,Lead Futures - Aug 17,MCX,INR
MLMNQ7,49796,Lead Mini Futures - Aug 17,MCX,INR
MMOc1,49785,Mentha Oil Futures - Jul 17,MCX,INR
MNGc1,49787,Natural Gas Futures - Aug 17,MCX,INR
MNKc1,49788,Nickel Futures - Jul 17,MCX,INR
MNKEQ7,49789,Nickel Mini Futures - Aug 17,MCX,INR
MSVc1,49791,Silver Futures - Sep 17,MCX,INR
MSMRc1,49792,Silver Micro Futures - Aug 17,MCX,INR
MSDQ7,49793,Silver Mini Futures - Aug 17,MCX,INR
MZIQ7,49794,Zinc Futures - Aug 17,MCX,INR
MZCMQ7,49795,Zinc Mini Futures - Aug 17,MCX,INR
