0P00000FB4,1073074,Carmignac Patrimoine A EUR Acc,,
0P0000WH6N,1032519,Carmignac Patrimoine A CHF Acc Hdg,,
0P0000WH6O,1032518,Carmignac Patrimoine A USD Acc Hdg,,
0P00000FB8,1032541,Carmignac Sécurité A EUR Acc,,
0P0000WG8E,1032379,Carmignac Sécurité A EUR Ydis,,
0P00000UP0,1032529,Amundi 6 M I,,
0P00000QUN,1026209,Afer-Sfer,,
0P0000P0VQ,1032465,Amundi 12 M I,,
0P0000P0VN,1032466,Amundi 12 M E,,
0P0000WXE8,1032524,Amundi 12 M DP,,
0P0000WG7Y,1032513,Magellan I,,
0P00000PM7,1032547,Magellan C,,
0P00001WDG,1032577,Magellan A,,
0P00005ZUG,1032473,Moneta Multi Caps C,,
0P0000ZTG6,1032343,Moneta Multi Caps D,,
0P00000QLM,1032571,Oddo Avenir Europe CR-EUR,,
0P0000TJ8Q,1032357,Oddo Avenir Europe CN-EUR,,
0P0000270W,1032332,Oddo Avenir Europe CI-EUR,,
0P0000XTRU,1032530,Oddo Avenir Europe DR-EUR,,
0P00000EVI,1026030,Afer Actions Euro A,,
0P0000KD20,1026476,Afer Actions Euro I,,
0P000185BS,1065459,Credit Suisse Lux Global Robotics Equity Fund B USD,,
0P0000A5CF,1044057,M&G European Strategic Value Fund Euro A Acc,,
0P0000A71P,1044058,M&G European Strategic Value Fund Euro C Acc,,
0P00000EUQ,1032602,Sextant Grand Large A,,
0P0000P8LX,1026530,Renaissance Europe I,,
0P00000QOF,1026199,CPR Oblig 12 Mois P,,
0P0000Q1OM,1026540,CPR Oblig 12 Mois I,,
0P0000PUXM,1032469,H2O Multibonds RC,,
0P0000PUXO,1032470,H2O Multibonds IUSD,,
0P0000PUXN,1032471,H2O Multibonds I,,
0P00000NME,1073095,Centifolia C,,
0P00017SX1,1032486,R Valor D EUR,,
0P00017T6E,1032363,R Valor C EUR,,
0P00017SX2,1032487,R Valor F EUR,,
0P0000IT7S,1032417,BNP Paribas Aqua Classic,,
0P0000IST6,1032416,BNP Paribas Aqua I,,
0P0000UHY8,1032399,Allianz Euro Oblig Court Terme ISR I,,
0P0000KABF,1032445,Groupama Avenir Euro MC,,
0P000023TH,1031376,Groupama Avenir Euro N,,
0P00000JPM,1032544,Groupama Avenir Euro I,,
0P0000MLKP,1032443,Tikehau Taux Variables A,,
0P00005WBE,1026367,Vivaccio Actions Vivaccio Actions,,
0P00007U67,1026382,Vivaccio Actions GMO Actions,,
0P00011PMW,1032396,Echiquier Arty I,,
0P00013MP6,1032432,Echiquier Arty D,,
0P0000GBJZ,1032370,Echiquier Arty,,
0P0000Z47L,1045331,M&G Global Convertibles Fund Euro B Acc,,
0P0000O8PB,1044068,M&G Global Convertibles Fund Euro C-H Acc,,
0P0000Z47J,1044066,M&G Global Convertibles Fund Euro A Inc,,
0P000094IE,1044067,M&G Global Convertibles Fund Euro C Acc,,
0P000094ID,1044065,M&G Global Convertibles Fund Euro A Acc,,
0P0000V0BE,1032485,Sycomore Sélection Responsable R,,
0P0000SEKN,1032388,Sycomore Sélection Responsable I,,
0P0000SEKP,1032389,Sycomore Sélection Responsable RP,,
0P0000UR3W,1045341,M&G Global Macro Bond Fund Euro B Acc,,
0P0000UR3P,1045339,M&G Global Macro Bond Fund Euro A Acc,,
0P0000UR3Q,1045342,M&G Global Macro Bond Fund Euro C Acc,,
0P0000Z47O,1045340,M&G Global Macro Bond Fund Euro A Inc,,
0P00002AFX,1032337,Amundi Rendement Plus IC,,
0P0000SX5S,1026564,Amundi Rendement Plus I2C,,
0P00000W6P,1045328,M&G European Corporate Bond Fund Euro C Acc,,
0P0000GB2T,1032395,Edmond de Rothschild Tricolore Rendement I,,
0P0000JAUJ,1032434,Edmond de Rothschild Tricolore Rendement R,,
0P0000PNYM,1026532,Swiss Life Funds F Bond Cash Equivalent I,,
0P0000RT20,1044087,M&G Global High Yield Bond Fund Euro A-H Acc,,
0P0000RT21,1044088,M&G Global High Yield Bond Fund Euro C-H Acc,,
0P0000HLY9,1032367,Sycomore Partners R,,
0P0000HLDG,1032514,Sycomore Partners I,,
0P0000HLYA,1032368,Sycomore Partners X,,
0P0000MP9H,1032444,Sycomore Partners P,,
0P00000PYI,1032559,Lazard Convertible Global A,,
0P000147F7,1026738,Lazard Convertible Global K,,
0P0000NC1C,1032425,Lazard Convertible Global R,,
0P00000H99,1026085,SG Flexible PC,,
0P00000F9H,1032545,CamGestion Convertibles Europe Classic,,
0P0000KO0T,1032330,CamGestion Convertibles Europe I,,
0P0000TNBO,1032477,CamGestion Convertibles Europe R,,
0P00000CGO,1032579,CPR Croissance Réactive P,,
0P0000S1WI,1032405,CPR Croissance Réactive I,,
0P00001PDT,1026277,CM-CIC Europe Growth C,,
0P00005W9T,1032351,Flexigestion Patrimoine,,
0P00000MVK,1026120,Groupama Equilibre I,,
0P00015XFQ,1026748,Groupama Equilibre GDM,,
0P00000GIZ,1026067,ALM Offensif,,
0P0000Y0RR,1026657,Vega Euro Rendement RC,,
0P0000KUXH,1032459,DNCA Value Europe E,,
0P0000RYZG,1032478,DNCA Value Europe I,,
0P00000Y45,1032497,DNCA Value Europe C,,
0P00000PWJ,1026143,ALM Dynamic,,
0P00011IWP,1026694,Amundi Actions PME C,,
0P00000IHK,1026107,Aviva Investors Valorisation,,
0P00000HIV,1032349,Objectif Small Caps Euro A,,
0P0000ZDEL,1026676,Impact ES Oblig Euro I,,
0P0000HP0T,1032409,Natixis Souverains Euro I,,
0P00000IHN,1026108,Aviva Investors Conviction,,
0P0000VPQH,1044044,M&G Emerging Markets Bond Fund Euro C Acc,,
0P0000Z47C,1044043,M&G Emerging Markets Bond Fund Euro B Acc,,
0P0000VPQG,1044041,M&G Emerging Markets Bond Fund Euro A Acc,,
0P0000Z47B,1044042,M&G Emerging Markets Bond Fund Euro A Inc,,
