USDILS,63,US Dollar Israeli Shekel,Forex,ILS
EURILS,64,Euro Israeli Shekel,Forex,ILS
GBPILS,65,British Pound Israeli Shekel,Forex,ILS
AUDILS,1492,Australian Dollar Israeli Shekel,Forex,ILS
CADILS,1528,Canadian Dollar Israeli Shekel,Forex,ILS
CHFILS,1550,Swiss Franc Israeli Shekel,Forex,ILS
ILSJPY,1861,Israeli Shekel Japanese Yen,Forex,JPY
JODILS,1886,Jordan Dinar Israeli Shekel,Forex,ILS
JPYILS,1899,Japanese Yen Israeli Shekel,Forex,ILS
AEDILS,9288,UAE Dirham Israeli Shekel,Forex,ILS
ARSILS,9341,Argentinian Peso Israeli Shekel,Forex,ILS
BRLILS,9423,Brazil Real Israeli Shekel,Forex,ILS
CNYILS,9505,Chinese Yuan Israeli Shekel,Forex,ILS
DKKILS,9583,Danish Krone Israeli Shekel,Forex,ILS
HKDILS,9627,Hong Kong Dollar Israeli Shekel,Forex,ILS
ILSAED,9673,Israeli Shekel UAE Dirham,Forex,AED
ILSARS,9674,Israeli Shekel Argentinian Peso,Forex,ARS
ILSAUD,9675,Israeli Shekel Australian Dollar,Forex,AUD
ILSBBD,9676,Israeli Shekel Barbadian Dollar,Forex,BBD
ILSBHD,9677,Israeli Shekel Baharain Dinar,Forex,BHD
ILSBRL,9678,Israeli Shekel Brazil Real,Forex,BRL
ILSCAD,9679,Israeli Shekel Canadian Dollar,Forex,CAD
ILSCHF,9680,Israeli Shekel Swiss Franc,Forex,CHF
ILSCLP,9681,Israeli Shekel Chilean Peso,Forex,CLP
ILSCNY,9682,Israeli Shekel Chinese Yuan,Forex,CNY
ILSCZK,9683,Israeli Shekel Czech Koruna,Forex,CZK
ILSDKK,9684,Israeli Shekel Danish Krone,Forex,DKK
ILSEGP,9686,Israeli Shekel Egyptian Pound,Forex,EGP
ILSEUR,9687,Israeli Shekel Euro,Forex,EUR
ILSGBP,9688,Israeli Shekel British Pound,Forex,GBP
ILSHUF,9689,Israeli Shekel Hungarian Forint,Forex,HUF
ILSIDR,9690,Israeli Shekel Indonesian Rupiah,Forex,IDR
ILSHKD,9691,Israeli Shekel Hong Kong Dollar,Forex,HKD
ILSINR,9692,Israeli Shekel Indian Rupee,Forex,INR
ILSISK,9693,Israeli Shekel Icelandic Kr,Forex,ISK
ILSJMD,9694,Israeli Shekel Jamaican Dollar,Forex,JMD
ILSJOD,9695,Israeli Shekel Jordan Dinar,Forex,JOD
ILSKES,9696,Israeli Shekel Kenyan Shilling,Forex,KES
ILSKRW,9697,Israeli Shekel Korean Won,Forex,KRW
ILSLBP,9698,Israeli Shekel Lebanese Pound,Forex,LBP
ILSLKR,9699,Israeli Shekel Sri Lankan Rupee,Forex,LKR
ILSMAD,9702,Israeli Shekel Moroccan Dirham,Forex,MAD
ILSMXN,9703,Israeli Shekel Mexican Peso,Forex,MXN
ILSMYR,9704,Israeli Shekel Malaysian Ringgit,Forex,MYR
ILSNAD,9705,Israeli Shekel Namibian Dollar,Forex,NAD
ILSNOK,9706,Israeli Shekel Norwegian Krone,Forex,NOK
ILSNPR,9707,Israeli Shekel Nepalese Rupee,Forex,NPR
ILSNZD,9708,Israeli Shekel New Zealand Dollar,Forex,NZD
ILSOMR,9709,Israeli Shekel Omani Rial,Forex,OMR
ILSPAB,9710,Israeli Shekel Panamanian Balboa,Forex,PAB
ILSPHP,9711,Israeli Shekel Philippine Peso,Forex,PHP
ILSPKR,9712,Israeli Shekel Pakistani Rupee,Forex,PKR
ILSPLN,9713,Israeli Shekel Polish Zloty,Forex,PLN
ILSQAR,9714,Israeli Shekel Qatari Riyal,Forex,QAR
ILSRON,9715,Israeli Shekel Romanian Leu,Forex,RON
ILSRUB,9716,Israeli Shekel Russian Ruble,Forex,RUB
ILSSAR,9717,Israeli Shekel Saudi Riyal,Forex,SAR
ILSSEK,9718,Israeli Shekel Swedish Krona,Forex,SEK
ILSSGD,9719,Israeli Shekel Singapore Dollar,Forex,SGD
ILSTHB,9720,Israeli Shekel Thai Baht,Forex,THB
ILSTRY,9721,Israeli Shekel Turkish Lira,Forex,TRY
ILSTWD,9722,Israeli Shekel Taiwan Dollar,Forex,TWD
ILSUSD,9723,Israeli Shekel US Dollar,Forex,USD
ILSVEF,9724,Israeli Shekel Venezuelan Bolivar,Forex,VEF
ILSXAF,9725,Israeli Shekel Central African Franc,Forex,XAF
ILSXCD,9726,Israeli Shekel East Caribbean Dollar,Forex,XCD
ILSXOF,9727,Israeli Shekel West African CFA franc,Forex,XOF
ILSZAR,9728,Israeli Shekel South African Rand,Forex,ZAR
INRILS,9755,Indian Rupee Israeli Shekel,Forex,ILS
MXNILS,9804,Mexican Peso Israeli Shekel,Forex,ILS
NOKILS,9852,Norwegian Krone Israeli Shekel,Forex,ILS
NZDILS,9896,New Zealand Dollar Israeli Shekel,Forex,ILS
PLNILS,9987,Polish Zloty Israeli Shekel,Forex,ILS
RUBILS,10037,Russian Ruble Israeli Shekel,Forex,ILS
SARILS,10088,Saudi Riyal Israeli Shekel,Forex,ILS
SEKILS,10141,Swedish Krona Israeli Shekel,Forex,ILS
SGDILS,10182,Singapore Dollar Israeli Shekel,Forex,ILS
THBILS,10220,Thai Baht Israeli Shekel,Forex,ILS
TRYILS,10259,Turkish Lira Israeli Shekel,Forex,ILS
TWDILS,10312,Taiwan Dollar Israeli Shekel,Forex,ILS
VEFILS,10364,Venezuelan Bolivar Israeli Shekel,Forex,ILS
ZARILS,10417,South African Rand Israeli Shekel,Forex,ILS
ILSUAH,1031002,Israeli Shekel Ukrainian Hryvnia,Forex,UAH
CZKILS,1031403,Czech Koruna Israeli Shekel,Forex,ILS
HUFILS,1031404,Hungarian Forint Israeli Shekel,Forex,ILS
ILSBGN,1031405,Israeli Shekel Bulgarian Lev,Forex,BGN
ILSCOP,1031406,Israeli Shekel Colombian Peso,Forex,COP
ILSPEN,1031407,Israeli Shekel Peru Sol,Forex,PEN
ILSUYU,1031408,Israeli Shekel Uruguayan Peso,Forex,UYU
ISKILS,1031409,Icelandic Kr Israeli Shekel,Forex,ILS
KRWILS,1031410,Korean Won Israeli Shekel,Forex,ILS
RONILS,1031411,Romanian Leu Israeli Shekel,Forex,ILS
