EURVEF,1714,Euro Venezuelan Bolivar,Forex,VEF
USDVEF,2213,US Dollar Venezuelan Bolivar,Forex,VEF
AEDVEF,9305,UAE Dirham Venezuelan Bolivar,Forex,VEF
ARSVEF,9358,Argentinian Peso Venezuelan Bolivar,Forex,VEF
AUDVEF,9391,Australian Dollar Venezuelan Bolivar,Forex,VEF
BRLVEF,9452,Brazil Real Venezuelan Bolivar,Forex,VEF
CADVEF,9484,Canadian Dollar Venezuelan Bolivar,Forex,VEF
CNYVEF,9537,Chinese Yuan Venezuelan Bolivar,Forex,VEF
CHFVEF,9566,Swiss Franc Venezuelan Bolivar,Forex,VEF
DKKVEF,9605,Danish Krone Venezuelan Bolivar,Forex,VEF
HKDVEF,9652,Hong Kong Dollar Venezuelan Bolivar,Forex,VEF
ILSVEF,9724,Israeli Shekel Venezuelan Bolivar,Forex,VEF
MXNVEF,9832,Mexican Peso Venezuelan Bolivar,Forex,VEF
NOKVEF,9883,Norwegian Krone Venezuelan Bolivar,Forex,VEF
NZDVEF,9918,New Zealand Dollar Venezuelan Bolivar,Forex,VEF
PLNVEF,10019,Polish Zloty Venezuelan Bolivar,Forex,VEF
RUBVEF,10065,Russian Ruble Venezuelan Bolivar,Forex,VEF
SARVEF,10120,Saudi Riyal Venezuelan Bolivar,Forex,VEF
SEKVEF,10169,Swedish Krona Venezuelan Bolivar,Forex,VEF
SGDVEF,10204,Singapore Dollar Venezuelan Bolivar,Forex,VEF
TRYVEF,10291,Turkish Lira Venezuelan Bolivar,Forex,VEF
TWDVEF,10340,Taiwan Dollar Venezuelan Bolivar,Forex,VEF
VEFAED,10345,Venezuelan Bolivar UAE Dirham,Forex,AED
VEFARS,10346,Venezuelan Bolivar Argentinian Peso,Forex,ARS
VEFAUD,10347,Venezuelan Bolivar Australian Dollar,Forex,AUD
VEFBBD,10348,Venezuelan Bolivar Barbadian Dollar,Forex,BBD
VEFBHD,10349,Venezuelan Bolivar Baharain Dinar,Forex,BHD
VEFBRL,10350,Venezuelan Bolivar Brazil Real,Forex,BRL
VEFCAD,10351,Venezuelan Bolivar Canadian Dollar,Forex,CAD
VEFCHF,10352,Venezuelan Bolivar Swiss Franc,Forex,CHF
VEFCLP,10353,Venezuelan Bolivar Chilean Peso,Forex,CLP
VEFCNY,10354,Venezuelan Bolivar Chinese Yuan,Forex,CNY
VEFCZK,10355,Venezuelan Bolivar Czech Koruna,Forex,CZK
VEFDKK,10356,Venezuelan Bolivar Danish Krone,Forex,DKK
VEFEGP,10358,Venezuelan Bolivar Egyptian Pound,Forex,EGP
VEFEUR,10359,Venezuelan Bolivar Euro,Forex,EUR
VEFGBP,10360,Venezuelan Bolivar British Pound,Forex,GBP
VEFHKD,10361,Venezuelan Bolivar Hong Kong Dollar,Forex,HKD
VEFHUF,10362,Venezuelan Bolivar Hungarian Forint,Forex,HUF
VEFIDR,10363,Venezuelan Bolivar Indonesian Rupiah,Forex,IDR
VEFILS,10364,Venezuelan Bolivar Israeli Shekel,Forex,ILS
VEFINR,10365,Venezuelan Bolivar Indian Rupee,Forex,INR
VEFISK,10366,Venezuelan Bolivar Icelandic Kr,Forex,ISK
VEFJMD,10367,Venezuelan Bolivar Jamaican Dollar,Forex,JMD
VEFJOD,10368,Venezuelan Bolivar Jordan Dinar,Forex,JOD
VEFJPY,10369,Venezuelan Bolivar Japanese Yen,Forex,JPY
VEFKES,10370,Venezuelan Bolivar Kenyan Shilling,Forex,KES
VEFKRW,10371,Venezuelan Bolivar Korean Won,Forex,KRW
VEFLBP,10372,Venezuelan Bolivar Lebanese Pound,Forex,LBP
VEFLKR,10373,Venezuelan Bolivar Sri Lankan Rupee,Forex,LKR
VEFMAD,10376,Venezuelan Bolivar Moroccan Dirham,Forex,MAD
VEFMXN,10377,Venezuelan Bolivar Mexican Peso,Forex,MXN
VEFMYR,10378,Venezuelan Bolivar Malaysian Ringgit,Forex,MYR
VEFNAD,10379,Venezuelan Bolivar Namibian Dollar,Forex,NAD
VEFNOK,10380,Venezuelan Bolivar Norwegian Krone,Forex,NOK
VEFNPR,10381,Venezuelan Bolivar Nepalese Rupee,Forex,NPR
VEFNZD,10382,Venezuelan Bolivar New Zealand Dollar,Forex,NZD
VEFOMR,10383,Venezuelan Bolivar Omani Rial,Forex,OMR
VEFPAB,10384,Venezuelan Bolivar Panamanian Balboa,Forex,PAB
VEFPHP,10385,Venezuelan Bolivar Philippine Peso,Forex,PHP
VEFPKR,10386,Venezuelan Bolivar Pakistani Rupee,Forex,PKR
VEFPLN,10387,Venezuelan Bolivar Polish Zloty,Forex,PLN
VEFQAR,10388,Venezuelan Bolivar Qatari Riyal,Forex,QAR
VEFRON,10389,Venezuelan Bolivar Romanian Leu,Forex,RON
VEFRUB,10390,Venezuelan Bolivar Russian Ruble,Forex,RUB
VEFSAR,10391,Venezuelan Bolivar Saudi Riyal,Forex,SAR
VEFSEK,10392,Venezuelan Bolivar Swedish Krona,Forex,SEK
VEFSGD,10393,Venezuelan Bolivar Singapore Dollar,Forex,SGD
VEFTHB,10394,Venezuelan Bolivar Thai Baht,Forex,THB
VEFTRY,10395,Venezuelan Bolivar Turkish Lira,Forex,TRY
VEFTWD,10396,Venezuelan Bolivar Taiwan Dollar,Forex,TWD
VEFUSD,10397,Venezuelan Bolivar US Dollar,Forex,USD
VEFXAF,10398,Venezuelan Bolivar Central African Franc,Forex,XAF
VEFXCD,10399,Venezuelan Bolivar East Caribbean Dollar,Forex,XCD
VEFXOF,10400,Venezuelan Bolivar West African CFA franc,Forex,XOF
VEFZAR,10401,Venezuelan Bolivar South African Rand,Forex,ZAR
ZARVEF,10442,South African Rand Venezuelan Bolivar,Forex,VEF
VEFPYG,10505,Venezuelan Bolivar Paraguayan Guarani,Forex,PYG
VEFUYU,10507,Venezuelan Bolivar Uruguayan Peso,Forex,UYU
VEFCOP,10509,Venezuelan Bolivar Colombian Peso,Forex,COP
VEFPEN,10511,Venezuelan Bolivar Peru Sol,Forex,PEN
VEFBOB,10513,Venezuelan Bolivar Bolivian Boliviano,Forex,BOB
UYUVEF,10514,Uruguayan Peso Venezuelan Bolivar,Forex,VEF
PYGVEF,10515,Paraguayan Guarani Venezuelan Bolivar,Forex,VEF
CLPVEF,10516,Chilean Peso Venezuelan Bolivar,Forex,VEF
COPVEF,10517,Colombian Peso Venezuelan Bolivar,Forex,VEF
PENVEF,10518,Peru Sol Venezuelan Bolivar,Forex,VEF
BOBVEF,10519,Bolivian Boliviano Venezuelan Bolivar,Forex,VEF
