ABAN,41822,Abans Electricals PLC,CSE,LKR
AFSL,104369,Abans Finance PLC,CSE,LKR
ACCE,43157,Access Engineering PLC,CSE,LKR
ACL,41897,ACL Cables PLC,CSE,LKR
APLA,41882,ACL Plastics PLC,CSE,LKR
ACME,41728,ACME Printing and Packaging PLC,CSE,LKR
ADAM,104375,Adam Investments Ltd,CSE,LKR
AGAL,41759,Agalawatte Plantations PLC,CSE,LKR
AGST,43158,Agstar PLC,CSE,LKR
AVIV,41808,AIA Insurance Lanka PLC,CSE,LKR
AHUN,41716,Aitken Spence Hotel Holdings PLC,CSE,LKR
SPEN,41866,Aitken Spence PLC,CSE,LKR
ALLI,41791,Alliance Finance Company PLC,CSE,LKR
ALUF,41911,Alufab PLC,CSE,LKR
ALUM,104370,Alumex PLC,CSE,LKR
ABLT,104371,Amana Bank Ltd,CSE,LKR
ATL,41867,Amana Takaful PLC,CSE,LKR
CONN,41868,Amaya Leisure PLC,CSE,LKR
ANIL,43159,Anilana Hotels & Properties Ltd,CSE,LKR
ARPI,41865,Arpico Finance Company PLC,CSE,LKR
ARIC,945189,Arpico Insurance Ltd,CSE,LKR
ASCO,104366,ASCOT Holdings PLC,CSE,LKR
ASAS,43160,Asia Asset Finance Ltd,CSE,LKR
ACAP,41883,Asia Capital PLC,CSE,LKR
ASIA,43161,Asia Siyaka Commodities Ltd,CSE,LKR
AAIC,41738,Asian Alliance Insurance PLC,CSE,LKR
AHPL,41729,Asian Hotels and Properties PLC,CSE,LKR
ASIR,41750,Asiri Hospital Holdings PLC,CSE,LKR
AMSL,41749,Asiri Surgical Hospital PLC,CSE,LKR
ASSO,43162,Associated Motor Finance Company PLC,CSE,LKR
AUTO,41881,Autodrome PLC,CSE,LKR
BFL,41869,Bairaha Farms PLC,CSE,LKR
BALA,41770,Balangoda Plantations PLC,CSE,LKR
BANS,104378,Bansei Royal Resorts Hikkaduwa Limited,CSE,LKR
BERU,43175,Beruwala Resorts PLC,CSE,LKR
BINN,43163,Beruwela Walk Inn PLC,CSE,LKR
BIMP,43164,Bimputh Finance PLC,CSE,LKR
BLUE,41703,Blue Diamonds Jewellery Worldwide PLC,CSE,LKR
BOGA,41771,Bogala Graphite Lanka PLC,CSE,LKR
BOPL,41730,Bogawantalawa Tea Estates PLC,CSE,LKR
BRWN,41843,Brown & Company PLC,CSE,LKR
BBH,41792,Browns Beach Hotels PLC,CSE,LKR
BROW,43165,Browns Investments PLC,CSE,LKR
BUKI,41852,Bukit Darah PLC,CSE,LKR
CTHR,41891,C T Holdings PLC,CSE,LKR
CWM,41892,C W Mackie PLC,CSE,LKR
CAFL,43166,Capital Alliance Finance PLC,CSE,LKR
CARG,41823,Cargills PLC,CSE,LKR
CABO,41760,Cargo Boat Development Company PLC,CSE,LKR
CARS,41794,Carson Cumberbatch PLC,CSE,LKR
CFIN,41844,Central Finance Company PLC,CSE,LKR
CIND,41809,Central Industries PLC,CSE,LKR
CIFL,43167,Central Investments and Finance PLC,CSE,LKR
CINS,41810,Ceylinco Insurance PLC,CSE,LKR
CFT,41751,Ceylon and Foreign Trades PLC,CSE,LKR
BREW,41739,Ceylon Beverage Holdings PLC,CSE,LKR
CCS,41811,Ceylon Cold Stores PLC,CSE,LKR
GRAN,41761,Ceylon Grain Elevators PLC,CSE,LKR
GUAR,41705,Ceylon Guardian Investment Trust PLC,CSE,LKR
CHL,41833,Ceylon Hospitals PLC,CSE,LKR
CHOT,41870,Ceylon Hotels Corporation PLC,CSE,LKR
CINV,41824,Ceylon Investment PLC,CSE,LKR
CLPL,41752,Ceylon Leather Products PLC,CSE,LKR
CPRT,43168,Ceylon Printers PLC,CSE,LKR
CEYL,43169,Ceylon Tea Brokers PLC,CSE,LKR
CTEA,41796,Ceylon Tea Services PLC,CSE,LKR
CTC,41854,Ceylon Tobacco Company PLC,CSE,LKR
CHMX,41909,Chemanex PLC,CSE,LKR
LLUB,41740,Chevron Lubricants Lanka PLC,CSE,LKR
CHIL,43170,Chilaw Finance PLC,CSE,LKR
CIC,41884,CIC Holdings PLC,CSE,LKR
CDBF,43171,Citizens Development Business Finance PLC,CSE,LKR
REEF,41855,Citrus Leisure PLC,CSE,LKR
CHOU,41713,City Housing and Real Estate Company PLC,CSE,LKR
PHAR,41835,Colombo City Holdings PLC,CSE,LKR
DOCK,41834,Colombo Dockyard PLC,CSE,LKR
CFI,41741,Colombo Fort Investments PLC,CSE,LKR
CFLB,41707,Colombo Fort Land & Building PLC,CSE,LKR
CIT,941687,Colombo Investment Trust PLC,CSE,LKR
CLND,41721,Colombo Land and Development Company PLC,CSE,LKR
COLO,41846,Colonial Motors PLC,CSE,LKR
COMB,41731,Commercial Bank of Ceylon PLC,CSE,LKR
COMN,43173,Commercial Credit and Finance PLC,CSE,LKR
COMD,41709,Commercial Development Company PLC,CSE,LKR
COLE,43172,Commercial Leasing & Finance PLC,CSE,LKR
Lanka,41825,Convenience Foods,CSE,LKR
CTLD,41793,CT Land Development PLC,CSE,LKR
DPL,41797,Dankotuwa Porcelain PLC,CSE,LKR
DFCC,41903,DFCC Bank PLC,CSE,LKR
DIAL,41871,Dialog Axiata PLC,CSE,LKR
DIMO,41722,Diesel & Motor Engineering PLC,CSE,LKR
DIPD,41847,Dipped Products PLC,CSE,LKR
DIST,41704,Distilleries Company of Sri Lanka PLC,CSE,LKR
STAF,41856,Dolphin Hotels PLC,CSE,LKR
CSEC,41848,Dunamis Capital PLC,CSE,LKR
EAST,41777,East West Properties PLC,CSE,LKR
EMER,41826,Eastern Merchants PLC,CSE,LKR
EBCR,41857,EB Creasy and Company PLC,CSE,LKR
ECL,41872,eChannelling PLC,CSE,LKR
EDEN,41836,Eden Hotel Lanka PLC,CSE,LKR
ELPL,41778,Elpitiya Plantations PLC,CSE,LKR
ESL,43174,Entrust Securities PLC,CSE,LKR
EQIT,41898,Equity One Inc,CSE,LKR
ETWO,41899,Equity Two PLC,CSE,LKR
EXPO,43176,Expolanka Holdings PLC,CSE,LKR
FREE,43178,F L C Holdings PLC,CSE,LKR
HYDP,43182,F L C Hydro Power PLC,CSE,LKR
TFC,41806,Finance Company PLC,CSE,LKR
CFVF,41762,First Capital Holdings PLC,CSE,LKR
RHTL,41787,Fortress Resorts Plc,CSE,LKR
GHLL,41849,Galadari Hotels Lanka PLC,CSE,LKR
GEOR,104379,George Steuart Finance Ltd,CSE,LKR
GEST,41798,Gestetner of Ceylon PLC,CSE,LKR
GOOD,104368,Good Hope PLC,CSE,LKR
WAPO,41732,Guardian Capital Partners PLC,CSE,LKR
HAPU,41742,Hapugastenne Plantations PLC,CSE,LKR
HARI,41812,Harischandra Mills PLC,CSE,LKR
HNB,41779,Hatton National Bank PLC,CSE,LKR
HAYC,41910,Haycarb PLC,CSE,LKR
HEXP,41873,Hayleys Fibre PLC,CSE,LKR
MGT,41723,Hayleys MGT Knitting Mills PLC,CSE,LKR
HAYL,43179,Hayleys PLC,CSE,LKR
HDFC,41708,HDFC Bank of Sri Lanka,CSE,LKR
HHL,41858,Hemas Holdings PLC,CSE,LKR
HPWR,104372,Hemas Power PLC,CSE,LKR
CITH,104373,Hikkaduwa Beach Resort Ltd,CSE,LKR
HASU,41874,HNB Assurance PLC,CSE,LKR
HOPL,41813,Horana Plantations PLC,CSE,LKR
HSIG,41859,Hotel Sigiriya PLC,CSE,LKR
HUEJ,104367,Huejay International Investments PLC,CSE,LKR
HUNA,41814,Hunas Falls Hotels PLC,CSE,LKR
HUNT,43180,Hunter & Company PLC,CSE,LKR
HVAF,43181,HVA Foods PLC,CSE,LKR
INDO,945729,Indo Malay PLC,CSE,LKR
Ceylon,41799,Industrial Asphalts,CSE,LKR
Ceylon,41733,J L Morison Sons & Jones,CSE,LKR
JINS,43184,Janashakthi Insurance Company PLC,CSE,LKR
JKH,41780,John Keells Holdings PLC,CSE,LKR
KHL,41815,John Keells Hotels PLC,CSE,LKR
JKL,41893,John Keells PLC,CSE,LKR
KAHA,41772,Kahawatte Plantations PLC,CSE,LKR
KZOO,41827,Kalamazoo Systems PLC,CSE,LKR
CITK,43185,Kalpitiya Beach Resort PLC,CSE,LKR
1938,41885,Kandy Hotels Company,CSE,LKR
KFP,41781,Keells Food Products PLC,CSE,LKR
KGAL,41800,Kegalle Plantations PLC,CSE,LKR
KCAB,41875,Kelani Cables PLC,CSE,LKR
TYRE,41886,Kelani Tyres PLC,CSE,LKR
KVAL,41734,Kelani Valley Plantations PLC,CSE,LKR
KDL,41801,Kelsey Developments PLC,CSE,LKR
SERC,41754,Kingsbury PLC,CSE,LKR
KOTA,41782,Kotagala Plantations PLC,CSE,LKR
LAMB,41837,Kotmale Holdings PLC,CSE,LKR
KURU,41763,Kuruwita Textile Mills PLC,CSE,LKR
LFIN,41900,L B Finance PLC,CSE,LKR
LPRT,41706,Lake House Printers and Publishers PLC,CSE,LKR
LALU,43186,Lanka Aluminium Industries PLC,CSE,LKR
ASHO,104377,Lanka Ashok Leyland PLC,CSE,LKR
LCEM,41887,Lanka Cement PLC,CSE,LKR
GREG,41702,Lanka Century Investments PLC,CSE,LKR
CERA,41876,Lanka Ceramic PLC,CSE,LKR
LHCL,41711,Lanka Hospitals Corporation PLC,CSE,LKR
LIOC,41904,Lanka IOC PLC,CSE,LKR
LMF,41764,Lanka Milk Foods PLC,CSE,LKR
LOLF,43187,Lanka ORIX Finance PLC,CSE,LKR
LOLC,41816,Lanka ORIX Leasing Company PLC,CSE,LKR
TILE,41838,Lanka Tiles PLC,CSE,LKR
LVEN,41860,Lanka Ventures PLC,CSE,LKR
LWL,43188,Lanka Walltiles PLC,CSE,LKR
LCEY,41877,Lankem Ceylon PLC,CSE,LKR
LDEV,41802,Lankem Developments PLC,CSE,LKR
LGGL,43189,LAUGFS Gas PLC,CSE,LKR
LITE,41817,Laxapana Batteries PLC,CSE,LKR
SHAW,41901,Lee Hedges PLC,CSE,LKR
LHL,41788,Lighthouse Hotel PLC,CSE,LKR
LION,41757,Lion Brewery Ceylon PLC,CSE,LKR
LLMP,941016,Lucky Lanka Milk Processing Company Ltd,CSE,LKR
MWEL,43190,Mackwoods Energy PLC,CSE,LKR
MADU,41773,Madulsima Plantations PLC,CSE,LKR
MRH,41774,Mahaweli Reach Hotel PLC,CSE,LKR
MAL,41720,Malwatte Valley Plantations PLC,CSE,LKR
MARA,41839,Marawila Resorts PLC,CSE,LKR
MASK,41775,Maskeliya Plantations PLC,CSE,LKR
MSL,43191,Mercantile Shipping Company PLC,CSE,LKR
MBSL,41724,Merchant Bank of Sri Lanka & Finance PLC,CSE,LKR
MPRH,41710,Metropolitan Resource Holdings PLC,CSE,LKR
MHDL,104381,Millennium Housing Developers PLC,CSE,LKR
MIRA,41803,Miramar Beach Hotel PLC,CSE,LKR
KAPI,41894,MTD Walkers PLC,CSE,LKR
MULL,41743,Muller & Phipps PLC,CSE,LKR
MULT,43192,Multi Finance PLC,CSE,LKR
NAMA,43193,Namal Acuity,CSE,LKR
NAMU,41766,Namunukula Plantations PLC,CSE,LKR
NAND,43194,Nanda Investments and Finance PLC,CSE,LKR
CSF,41783,Nation Lanka Finance PLC,CSE,LKR
NDB,41735,National Development Bank PLC,CSE,LKR
NTB,41818,Nations Trust Bank PLC,CSE,LKR
NHL,41819,Nawaloka Hospitals PLC,CSE,LKR
NEST,41888,Nestle Lanka PLC,CSE,LKR
NEH,43195,Nuwara Eliya Hotels Co PLC,CSE,LKR
ODEL,43196,Odel PLC,CSE,LKR
OFEQ,104374,Office Equipment PLC,CSE,LKR
ONAL,41850,On'ally Holdings PLC,CSE,LKR
ORIN,941018,Orient Finance PLC,CSE,LKR
ORIT,969174,Orient Finance PLC,CSE,LKR
ORIE,43197,Orient Garments PLC,CSE,LKR
OSEA,41744,Overseas Realty PLC,CSE,LKR
PALM,41820,Palm Garden Hotels PLC,CSE,LKR
PABC,41719,Pan Asia Banking Corporation PLC,CSE,LKR
PANA,43199,Panasian Power PLC,CSE,LKR
PARA,41861,Paragon Ceylon PLC,CSE,LKR
PCHO,43200,PC House PLC,CSE,LKR
PCPH,43201,PC Pharma PLC,CSE,LKR
PCHH,43198,PCH Holdings PLC,CSE,LKR
PEG,41745,Pegasus Hotels of Ceylon PLC,CSE,LKR
PEIN,962603,People's Insurance PLC,CSE,LKR
PEOP,43202,People's Leasing & Finance PLC,CSE,LKR
PMB,41746,People's Merchant Finance PLC,CSE,LKR
GLAS,41784,Piramal Glass Ceylon PLC,CSE,LKR
CARE,41905,Printcare PLC,CSE,LKR
PDL,43203,Property Development PLC,CSE,LKR
RGEM,41725,Radiant Gems International PLC,CSE,LKR
RAIG,43204,Raigam Wayamba Salterns PLC,CSE,LKR
RFLL,43205,Ramboda Falls PLC,CSE,LKR
REG,41879,Regnis Lanka PLC,CSE,LKR
RAFL,43206,Renuka Agri Foods PLC,CSE,LKR
RENU,41828,Renuka City Hotel PLC,CSE,LKR
RHL,43207,Renuka Holdings PLC,CSE,LKR
COCO,41804,Renuka Shaw Wallace PLC,CSE,LKR
RICH,41726,Richard Pieris and Company PLC,CSE,LKR
REXP,41767,Richard Pieris Exports PLC,CSE,LKR
RCL,41785,Royal Ceramics Lanka PLC,CSE,LKR
RPBH,41747,Royal Palms Beach Hotels PLC,CSE,LKR
SAMP,41889,Sampath Bank PLC,CSE,LKR
SIL,41786,Samson International PLC,CSE,LKR
SANA,43208,Sanasa Development Bank PLC,CSE,LKR
SMOT,41862,Sathosa Motors PLC,CSE,LKR
SELI,41906,Selinsing PLC,CSE,LKR
IDL,43183,Serendib Engineering Group PLC,CSE,LKR
SHOT,41851,Serendib Hotels PLC,CSE,LKR
SLND,104380,Serendib Land PLC,CSE,LKR
SEYB,41895,Seylan Bank PLC,CSE,LKR
CSD,41805,Seylan Developments PLC,CSE,LKR
SHAL,945188,Shalimar Estates,CSE,LKR
SIRA,41880,Sierra Cables PLC,CSE,LKR
SIGV,41755,Sigiriya Village Hotels PLC,CSE,LKR
Lanka,43209,Singer Finance,CSE,LKR
SINI,41727,Singer Industries PLC,CSE,LKR
SINS,41840,Singer Sri Lanka PLC,CSE,LKR
SIGH,951044,Singhe Hospitals Ltd,CSE,LKR
SFL,104382,Sinhaputhra Finance PLC,CSE,LKR
SEMB,41896,SMB Leasing PLC,CSE,LKR
SOCL,43210,Softlogic Capital PLC,CSE,LKR
CAPR,104383,Softlogic Finance PLC,CSE,LKR
SOFT,43211,Softlogic Holdings PLC,CSE,LKR
SLTL,41829,Sri Lanka Telecom PLC,CSE,LKR
SING,41715,Standard Capital PLC,CSE,LKR
SUN,41830,Sunshine Holdings PLC,CSE,LKR
SWAD,945202,Swadeshi Industrial Works PLC,CSE,LKR
SWAR,43212,Swarnamahal Financial Services PLC,CSE,LKR
PARQ,41831,Swisstek PLC,CSE,LKR
TAJ,41841,Tal Lanka Hotels PLC,CSE,LKR
TPL,41756,Talawakelle Tea Estate PLC,CSE,LKR
TANG,41768,Tangerine Beach Hotels PLC,CSE,LKR
TAPR,43213,Taprobane Holdings PLC,CSE,LKR
TSML,41736,Tea Smallholder Factories PLC,CSE,LKR
TESS,41907,Tess Agro PLC,CSE,LKR
TEXT,43214,Textured Jersey Lanka PLC,CSE,LKR
TAFL,41842,Three Acre Farms PLC,CSE,LKR
TKYO,41758,Tokyo Cement Company Lanka PLC,CSE,LKR
TWOD,41776,Touchwood Investment PLC,CSE,LKR
TFIL,43215,Trade Finance & Investments PLC,CSE,LKR
TRAN,41832,Trans Asia Hotels PLC,CSE,LKR
UDPL,41737,Udapussellawa Plantations PLC,CSE,LKR
UAL,41853,Union Assurance PLC,CSE,LKR
UNIO,43216,Union Bank,CSE,LKR
UCHE,43217,Union Chemicals Lanka PLC,CSE,LKR
UML,41807,United Motors Lanka PLC,CSE,LKR
VALL,43218,Vallibel Finance PLC,CSE,LKR
VALI,43219,Vallibel One PLC,CSE,LKR
VPEL,41769,Vallibel Power Erathna PLC,CSE,LKR
VLL,41902,Vidullanka PLC,CSE,LKR
CITW,43220,Waskaduwa Beach Resort PLC,CSE,LKR
WATA,41789,Watawala Plantations PLC,CSE,LKR
YORK,41790,York Arcade Holdings PLC,CSE,LKR
