4AIM,986086,4Aim Societa di Investimento,Milan,EUR,http://www.investing.com/equities/4aim-societa-di-investimento-per-az
A2,7010,A2A,Milan,EUR,http://www.investing.com/equities/a2a-spa
ABIT,976079,Abitare In,Milan,EUR,http://www.investing.com/equities/abitare-in-spa
ACE,18926,ACEA,Milan,EUR,http://www.investing.com/equities/acea
ACO,29765,Acotel,Milan,EUR,http://www.investing.com/equities/acotel-group
ACAG,29764,ACSM-Agam,Milan,EUR,http://www.investing.com/equities/acsm-agam-spa
ADSGn,985964,Adidas,Milan,EUR,http://www.investing.com/equities/adidas-salomon?cid=985964
AED,1116353,Aedes Societa,Milan,EUR,http://www.investing.com/equities/aedes-societa
AEF,29769,Aeffe,Milan,EUR,http://www.investing.com/equities/aeffe-spa
AEGN,29424,Aegon,Milan,EUR,http://www.investing.com/equities/aegon?cid=29424
ADB,958266,Aeroporto Guglielmo Marconi di Bolo,Milan,EUR,http://www.investing.com/equities/aeroporto-guglielmo-marconi-di-bolo
AGAT,942700,Agatos,Milan,EUR,http://www.investing.com/equities/te-win
AGES,29586,Ageas,Milan,EUR,http://www.investing.com/equities/ageas?cid=29586
AD,29525,Ahold Delhaize,Milan,EUR,http://www.investing.com/equities/ahold-kon?cid=29525
AF,1122332,Air France KLM,Milan,EUR,http://www.investing.com/equities/air-france---klm?cid=1122332
AIRP,25409,Air Liquide,Milan,EUR,http://www.investing.com/equities/air-liquide?cid=25409
AIR,985965,Airbus Group,Milan,EUR,http://www.investing.com/equities/eads?cid=985965
ALCC,1131139,Alcon,Milan,EUR,http://www.investing.com/equities/alcon-ag?cid=1131139
ARN,29776,Alerion,Milan,EUR,http://www.investing.com/equities/alerion-clean-power-spa
ABTG,1031008,Alfio Bardolla,Milan,EUR,http://www.investing.com/equities/alfio-bardolla
ALW,29950,algoWatt,Milan,EUR,http://www.investing.com/equities/ternienergia-spa
ALKE,1056349,Alkemy,Milan,EUR,http://www.investing.com/equities/alkemy
ALV,29438,Allianz,Milan,EUR,http://www.investing.com/equities/allianz-ag?cid=29438
GGOOGL,1159096,Alphabet A,Milan,EUR,http://www.investing.com/equities/google-inc?cid=1159096
GOOG,1122334,Alphabet C,Milan,EUR,http://www.investing.com/equities/google-inc-c?cid=1122334
AAMM,1129446,Am,Milan,EUR,http://www.investing.com/equities/am
AMZN,1055958,Amazon.com,Milan,EUR,http://www.investing.com/equities/amazon-com-inc?cid=1055958
ATH,29925,Ambienthesis,Milan,EUR,http://www.investing.com/equities/ambienthesis
AMBA,29773,Ambromobiliare,Milan,EUR,http://www.investing.com/equities/ambromobiliare-s.p.a.
AAMD,1122331,AMD,Milan,EUR,http://www.investing.com/equities/adv-micro-device?cid=1122331
AMPF,18928,Amplifon,Milan,EUR,http://www.investing.com/equities/amplifon
ABI,987102,Anheuser Busch Inbev,Milan,EUR,http://www.investing.com/equities/anheuser-busch-inbev?cid=987102
ANIM,942431,Anima Holding SpA,Milan,EUR,http://www.investing.com/equities/anima-holding-spa
ANV,1129170,Antares Vision,Milan,EUR,http://www.investing.com/equities/antares-vision
AAPLE,1095913,Apple,Milan,EUR,http://www.investing.com/equities/apple-computer-inc?cid=1095913
ECNL,1006464,Aquafil,Milan,EUR,http://www.investing.com/equities/space3-spa
ABIS,1153695,Arterra Bio,Milan,EUR,http://www.investing.com/equities/arterra-bioscience
ASCI,18929,Ascopiave,Milan,EUR,http://www.investing.com/equities/ascopiave
EVAS,1088209,Askoll Eva,Milan,EUR,http://www.investing.com/equities/askoll-eva
ASML,989451,ASML Holding,Milan,EUR,http://www.investing.com/equities/asml-holding?cid=989451
ASSI,958267,Assiteca SpA Internazionale,Milan,EUR,http://www.investing.com/equities/assiteca-spa-internazionale
AST,18931,Astaldi,Milan,EUR,http://www.investing.com/equities/astaldi
ATMI,18932,ASTM,Milan,EUR,http://www.investing.com/equities/autostrada-torino-milano
ATL,7011,Atlantia,Milan,EUR,http://www.investing.com/equities/atlantia
AGL,7025,Autogrill,Milan,EUR,http://www.investing.com/equities/autogrill
AUMI,29777,Autostrade Meridionali,Milan,EUR,http://www.investing.com/equities/autostrade-meridionali-spa
AVI,958271,Avio,Milan,EUR,http://www.investing.com/equities/space2-spa
AXA,29445,AXA,Milan,EUR,http://www.investing.com/equities/axa?cid=29445
AXEL,943211,Axelero Srl,Milan,EUR,http://www.investing.com/equities/axelero-srl
AZMT,13378,Azimut Holding,Milan,EUR,http://www.investing.com/equities/azimut-holding
37B,29763,B&C Speakers,Milan,EUR,http://www.investing.com/equities/b---c-speakers-spa
CRGI,18939,Banca Carige,Milan,EUR,http://www.investing.com/equities/banca-carige-spa
CRGIn,29821,Banca Carige RSP,Milan,EUR,http://www.investing.com/equities/banca-carige-rnc
BFF,1006171,Banca Farmafactoring,Milan,EUR,http://www.investing.com/equities/banca-farmafactoring-spa
BFE,29783,Banca Finnat,Milan,EUR,http://www.investing.com/equities/banca-finnat-euramerica-spa
BGN,18934,Banca Generali,Milan,EUR,http://www.investing.com/equities/banca-generali
IF,29858,Banca IFIS,Milan,EUR,http://www.investing.com/equities/banca-ifis-spa
BIM,29788,Banca Intermobiliare,Milan,EUR,http://www.investing.com/equities/banca-intermobiliare
BMED,6956,Banca Mediolanum,Milan,EUR,http://www.investing.com/equities/mediolanum
PCVI,29897,Banca Piccolo Credito,Milan,EUR,http://www.investing.com/equities/banca-piccolo-credito-valtellinese
BPSI,18936,Banca Popolare Sondrio,Milan,EUR,http://www.investing.com/equities/banca-popolare-di-sondrio
PRO,18959,Banca Profilo,Milan,EUR,http://www.investing.com/equities/banca-profilo
BSTA,955662,Banca Sistema Spa,Milan,EUR,http://www.investing.com/equities/banca-sistema-spa
BAMI,7029,Banco Bpm,Milan,EUR,http://www.investing.com/equities/banco-popolare
DESI,29826,Banco Di Desio E Brianza,Milan,EUR,http://www.investing.com/equities/banco-desio-spa
DESIn,29827,Banco Di Desio E Brianza RSP,Milan,EUR,http://www.investing.com/equities/banco-desio-spa-rnc
SARIn,29928,Banco Di Sardegna,Milan,EUR,http://www.investing.com/equities/banco-di-sardegna-spa
BASF,29436,BASF,Milan,EUR,http://www.investing.com/equities/basf-ag?cid=29436
BCNT,29779,Basicnet,Milan,EUR,http://www.investing.com/equities/basic-net-spa
BTGI,29797,Bastogi,Milan,EUR,http://www.investing.com/equities/bastogi-spa
BAYG,29437,Bayer,Milan,EUR,http://www.investing.com/equities/bayer-ag?cid=29437
BIO,29587,BB Biotech,Milan,EUR,http://www.investing.com/equities/bb-biotech-ag-exch?cid=29587
BMPS,6988,BCA MPS,Milan,EUR,http://www.investing.com/equities/b-m.-pashi-siena
BET,29782,BE,Milan,EUR,http://www.investing.com/equities/bee-team
BE,29781,Beghelli,Milan,EUR,http://www.investing.com/equities/beghelli
BEIG,986087,Beiersdorf AG,Milan,EUR,http://www.investing.com/equities/beiersdorf?cid=986087
BFG,1012044,BF Holding,Milan,EUR,http://www.investing.com/equities/bf-holding-spa
BIA,29785,Bialetti Industrie,Milan,EUR,http://www.investing.com/equities/bialetti-industrie-spa
BIAN,29786,Biancamano,Milan,EUR,http://www.investing.com/equities/biancamano-spa
BSS,29795,Biesse,Milan,EUR,http://www.investing.com/equities/biesse-spa
ON,942514,BIO ON,Milan,EUR,http://www.investing.com/equities/bio-on
BIO2,953844,Biodue SpA,Milan,EUR,http://www.investing.com/equities/biodue-spa
BIE,29787,Bioera,Milan,EUR,http://www.investing.com/equities/bioera-spa
BBLUE,961767,Blue Financial Communication SpA,Milan,EUR,http://www.investing.com/equities/blue-financial-communication-spa
BMW,29486,BMW ST,Milan,EUR,http://www.investing.com/equities/bay-mot-werke?cid=29486
BNPP,29449,BNP Paribas,Milan,EUR,http://www.investing.com/equities/bnp-paribas?cid=29449
BRGI,29792,Borgosesia,Milan,EUR,http://www.investing.com/equities/borgosesia-spa
BRGIn,29793,Borgosesia,Milan,EUR,http://www.investing.com/equities/borgosesia-spa-rsp
EMII,14608,Bper Banca,Milan,EUR,http://www.investing.com/equities/banca-popolare-dell-emilia
BRUI,29794,Brioschi,Milan,EUR,http://www.investing.com/equities/brioschi-sviluppo-immobiliare-spa
BCU,29780,Brunello Cucinelli,Milan,EUR,http://www.investing.com/equities/brunello-cucinelli-spa
BZU,7008,Buzzi Unicem,Milan,EUR,http://www.investing.com/equities/buzzi-unicem
BZUn,29799,Buzzi Unicem RSP,Milan,EUR,http://www.investing.com/equities/buzzi-unicem-spa-savings
CAI,29801,Cairo Communication,Milan,EUR,http://www.investing.com/equities/cairo-communication-spa
CLFF,29814,Caleffi,Milan,EUR,http://www.investing.com/equities/caleffi-spa
CALG,948342,Caleido Group,Milan,EUR,http://www.investing.com/equities/caleido-group
CALI,29802,Caltagirone,Milan,EUR,http://www.investing.com/equities/caltagirone-spa
CED,29808,Caltagirone Editore,Milan,EUR,http://www.investing.com/equities/caltagirone-editore-spa
CPRI,13579,Campari,Milan,EUR,http://www.investing.com/equities/campari
CFP2,1031124,Capital for Progress 2,Milan,EUR,http://www.investing.com/equities/capital-for-progress-2
CRLI,1081634,Carel Industries,Milan,EUR,http://www.investing.com/equities/carel-industries
CARRA,14159,Carraro,Milan,EUR,http://www.investing.com/equities/carraro-spa
CRR,29456,Carrefour,Milan,EUR,http://www.investing.com/equities/carrefour?cid=29456
CDGI,942691,Casta Diva,Milan,EUR,http://www.investing.com/equities/blue-note
CASS,29804,Cattolica Assicurazioni,Milan,EUR,http://www.investing.com/equities/societa-cattolica-di-assicurazione
CELL,997805,Cellularline,Milan,EUR,http://www.investing.com/equities/crescita-spa
CEMB,29809,Cembre,Milan,EUR,http://www.investing.com/equities/cembre-spa
CEMI,29810,Cementir Holding,Milan,EUR,http://www.investing.com/equities/cementir-holding-spa
CLII,29815,Centrale del Latte,Milan,EUR,http://www.investing.com/equities/centrale-del-latte-di-torino---c
CERV,102929,Cerved Information Solutions SpA,Milan,EUR,http://www.investing.com/equities/cerved-information-solutions-spa
CFTS,1025080,CFT,Milan,EUR,http://www.investing.com/equities/glenalta
CHL,29811,CHL,Milan,EUR,http://www.investing.com/equities/centro-hl-distribuzione-spa
CIAZ,29812,CIA,Milan,EUR,http://www.investing.com/equities/compagnia-immobiliare-azionaria
CIRI,18938,CIR old,Milan,EUR,http://www.investing.com/equities/cofide-spa
CIRC,1097537,Circle,Milan,EUR,http://www.investing.com/equities/circle
CLAB,949733,Clabo SPA,Milan,EUR,http://www.investing.com/equities/clabo-spa
CLED,29813,Class Editori,Milan,EUR,http://www.investing.com/equities/class-editori-spa
CLNBB,1142159,Cleanbnb,Milan,EUR,http://www.investing.com/equities/cleanbnb-spa
CNHI,42603,CNH Industrial NV,Milan,EUR,http://www.investing.com/equities/cnh-industral-nv?cid=42603
CRES,978748,Coima Res SpA,Milan,EUR,http://www.investing.com/equities/coima-res-spa
COME,1123355,Comer Industries,Milan,EUR,http://www.investing.com/equities/comer-industries
CBKG,985887,Commerzbank,Milan,EUR,http://www.investing.com/equities/commerzbank-ag?cid=985887
CDRU,29807,Compagnia della Ruota,Milan,EUR,http://www.investing.com/equities/cia-della-ruota-spa
COPR,29818,Conafi Prestito,Milan,EUR,http://www.investing.com/equities/conafi-prestito-spa
CFVT,1142318,Confinvest,Milan,EUR,http://www.investing.com/equities/confinvest
CONG,985966,Continental AG,Milan,EUR,http://www.investing.com/equities/continental-ag?cid=985966
COPE,1152220,Copernico,Milan,EUR,http://www.investing.com/equities/copernico
CBI,29879,Cose Belle,Milan,EUR,http://www.investing.com/equities/mediacontech-spa
MOLDC,942687,Costamp,Milan,EUR,http://www.investing.com/equities/modelleria-brambilla-spa
COV,953069,Cover 50 SpA,Milan,EUR,http://www.investing.com/equities/cover-50-spa
CVO,1121712,Covivio,Milan,EUR,http://www.investing.com/equities/fonc-des-regions?cid=1121712
CAGR,29457,Credit Agricole,Milan,EUR,http://www.investing.com/equities/credit-agricole?cid=29457
EMBI,29838,Credito Emiliano,Milan,EUR,http://www.investing.com/equities/credito-emiliano-spa
CFM,1123802,CrowdFundMe,Milan,EUR,http://www.investing.com/equities/crowdfundme
CSP,29822,CSP International,Milan,EUR,http://www.investing.com/equities/csp-international-fashion-group
CULT,1024884,Culti Milano,Milan,EUR,http://www.investing.com/equities/culti-milano-spa
CYB,1153106,Cyberoo,Milan,EUR,http://www.investing.com/equities/cyberoo-spa
B7C,29778,D'Amico,Milan,EUR,http://www.investing.com/equities/d-amico-international-shipping
DAI,29441,Daimler,Milan,EUR,http://www.investing.com/equities/daimler?cid=29441
DANI,18941,Danieli & C,Milan,EUR,http://www.investing.com/equities/danieli---c-officine-meccaniche
DANIn,29825,Danieli & C RSP,Milan,EUR,http://www.investing.com/equities/danieli---c-officine-mecca.-rnc
DNN,29446,Danone,Milan,EUR,http://www.investing.com/equities/danone?cid=29446
DAL,18940,Datalogic,Milan,EUR,http://www.investing.com/equities/datalogic-spa
DBA,1056383,DBA,Milan,EUR,http://www.investing.com/equities/dba
DLG,18943,De Longhi,Milan,EUR,http://www.investing.com/equities/delonghi-spa
DEA,18942,DeA Capital,Milan,EUR,http://www.investing.com/equities/dea-capital
DBK,29440,Deutsche Bank AG,Milan,EUR,http://www.investing.com/equities/deutsche-bank?cid=29440
DB1Gn,987103,Deutsche Boerse,Milan,EUR,http://www.investing.com/equities/dt-boerse?cid=987103
DPWGn,985967,Deutsche Post,Milan,EUR,http://www.investing.com/equities/deutsche-post?cid=985967
DTE,29487,Deutsche Telekom AG,Milan,EUR,http://www.investing.com/equities/dt-telekom?cid=29487
DIAS,14609,Diasorin,Milan,EUR,http://www.investing.com/equities/diasorin-spa
DIB,29828,Digital Bros,Milan,EUR,http://www.investing.com/equities/digital-bros-spa
DMG,942706,Digital Magics,Milan,EUR,http://www.investing.com/equities/digital-magics
DGV,1097764,Digital Value,Milan,EUR,http://www.investing.com/equities/digital-value
DIGT,1013377,Digital360,Milan,EUR,http://www.investing.com/equities/digital360-spa
DGT,948343,Digitouch SPA,Milan,EUR,http://www.investing.com/equities/digitouch-spa
DHH,986088,Dominion Hosting Holding,Milan,EUR,http://www.investing.com/equities/dominion-hosting-holding-spa
DOVA,1024871,DoValue,Milan,EUR,http://www.investing.com/equities/dobank
DOXE,1156080,Doxee,Milan,EUR,http://www.investing.com/equities/doxee-spa
EOA,29584,E.ON SE,Milan,EUR,http://www.investing.com/equities/e.on?cid=29584
ECKS,948344,Ecosuntek SpA,Milan,EUR,http://www.investing.com/equities/ecosuntek-spa
EDAC,1097917,Ediliziacrobatica,Milan,EUR,http://www.investing.com/equities/ediliziacrobatica
EDNn,29833,Edison RSP,Milan,EUR,http://www.investing.com/equities/edison-spa-savings
EEMS,18945,EEMS,Milan,EUR,http://www.investing.com/equities/eems-italia
ELEN,29836,El En,Milan,EUR,http://www.investing.com/equities/el-en-spa
ELES,1137557,Eles,Milan,EUR,http://www.investing.com/equities/eles-semiconductor-equipment-spa
ELIN,951011,Elettra Investimenti SpA,Milan,EUR,http://www.investing.com/equities/elettra-investimenti-spa
ELC,29835,Elica,Milan,EUR,http://www.investing.com/equities/elica-spa
EM,29837,Emak,Milan,EUR,http://www.investing.com/equities/emak-spa
ENAV,985968,Enav,Milan,EUR,http://www.investing.com/equities/enav-spa
ENEI,6963,Enel,Milan,EUR,http://www.investing.com/equities/enel
EMCC,968991,Energica Motor,Milan,EUR,http://www.investing.com/equities/energica-motor-company-spa
ELAB,948345,Energy Lab SpA,Milan,EUR,http://www.investing.com/equities/energy-lab-spa
ENER,942688,Enertronica,Milan,EUR,http://www.investing.com/equities/enertronica
ENVT,29840,Enervit,Milan,EUR,http://www.investing.com/equities/enervit-spa
ENGIE,29448,Engie,Milan,EUR,http://www.investing.com/equities/gdf-suez?cid=29448
ENI,6974,ENI,Milan,EUR,http://www.investing.com/equities/eni
EPRC,945678,Eprice,Milan,EUR,http://www.investing.com/equities/banzai-spa
EPS2,1089289,EPS Equita Pep Spac 2,Milan,EUR,http://www.investing.com/equities/eps-equita-pep-spac-2
EQUI,1055158,Equita,Milan,EUR,http://www.investing.com/equities/equita
ERG,18946,ERG,Milan,EUR,http://www.investing.com/equities/erg-spa
ESAU,1088128,Esautomotion,Milan,EUR,http://www.investing.com/equities/esautomotion
PRT,29911,Esprinet,Milan,EUR,http://www.investing.com/equities/esprinet-spa
ESSI,989452,EssilorLuxottica,Milan,EUR,http://www.investing.com/equities/essilor-internat?cid=989452
EUKE,29841,Eukedos,Milan,EUR,http://www.investing.com/equities/eukedos-spa
E5T,29831,Eurotech,Milan,EUR,http://www.investing.com/equities/eurotech-spa
EVKn,992777,Evonik,Milan,EUR,http://www.investing.com/equities/evonik-industries-ag?cid=992777
EXOR,13380,Exor,Milan,EUR,http://www.investing.com/equities/exor
EXSY,942689,Expert System,Milan,EUR,http://www.investing.com/equities/expert-system
XPR,29961,Exprivia,Milan,EUR,http://www.investing.com/equities/exprivia
FFB,1122333,Facebook,Milan,EUR,http://www.investing.com/equities/facebook-inc?cid=1122333
AA4,18947,Falck,Milan,EUR,http://www.investing.com/equities/falck-renewables
FARMA,1142216,Farmae�Srl,Milan,EUR,http://www.investing.com/equities/farmae-srl
RACE,962346,Ferrari NV,Milan,EUR,http://www.investing.com/equities/ferrari-nv?cid=962346
FVIR,1073105,Fervi,Milan,EUR,http://www.investing.com/equities/fervi
FCHA,307,Fiat,Milan,EUR,http://www.investing.com/equities/fiat
FDA,29844,Fidia,Milan,EUR,http://www.investing.com/equities/fidia-spa
FIMI,29847,Fiera Milano,Milan,EUR,http://www.investing.com/equities/fiera-milano-spa
FILA,942699,Fila,Milan,EUR,http://www.investing.com/equities/space
FCT,941181,Fincantieri,Milan,EUR,http://www.investing.com/equities/fincantieri-spa
FF,992778,Fine Foods Pharma,Milan,EUR,http://www.investing.com/equities/innova-italy-1-spa
FBK,103940,FinecoBank,Milan,EUR,http://www.investing.com/equities/finecobank-banca-fineco-spa
FNL,1012043,Finlogic,Milan,EUR,http://www.investing.com/equities/finlogic-spa
FTL,29850,Fintel Energia,Milan,EUR,http://www.investing.com/equities/fintel-energia-group-spa
FICP,29846,First Capital,Milan,EUR,http://www.investing.com/equities/first-capital-spa
FNMI,29848,FNM,Milan,EUR,http://www.investing.com/equities/fnm-spa
FOPE,994027,Fope,Milan,EUR,http://www.investing.com/equities/fope-spa
FOS,1155736,Fos,Milan,EUR,http://www.investing.com/equities/fos-spa
FDE,29845,Frendy Energy,Milan,EUR,http://www.investing.com/equities/frendy-energy
BRBI,18937,Freni Brembo,Milan,EUR,http://www.investing.com/equities/brembo
FREG,986089,Fresenius SE,Milan,EUR,http://www.investing.com/equities/fresenius-ag?cid=986089
FMEG,987104,Fresenius ST,Milan,EUR,http://www.investing.com/equities/fresenius-medi?cid=987104
FCM,1142160,Friulchem,Milan,EUR,http://www.investing.com/equities/friulchem-spa
FUL,29851,Fullsix,Milan,EUR,http://www.investing.com/equities/fullsix-spa
GVALU,1073624,Gabelli Value Italy,Milan,EUR,http://www.investing.com/equities/gabelli-value-for-italy
GABI,29852,Gabetti Property,Milan,EUR,http://www.investing.com/equities/gabetti-property-solutions-spa
GAMB,961650,Gambero Rosso SpA,Milan,EUR,http://www.investing.com/equities/gambero-rosso-spa
GAME,1056091,Gamenet,Milan,EUR,http://www.investing.com/equities/gamenet
GHC,1097767,Garofalo Health,Milan,EUR,http://www.investing.com/equities/garofalo-health
GSP,29856,Gas Plus,Milan,EUR,http://www.investing.com/equities/gas-plus-spa
GEDI,8791,GEDI Gruppo Editoriale,Milan,EUR,http://www.investing.com/equities/g-ed-lespresso
GFRN,29855,Gefran,Milan,EUR,http://www.investing.com/equities/gefran-spa
GELE,1056996,Gel,Milan,EUR,http://www.investing.com/equities/gel
GASI,308,Generali,Milan,EUR,http://www.investing.com/equities/generali-ass
GEO,13379,Geox,Milan,EUR,http://www.investing.com/equities/geox
GEQ,29857,Gequity,Milan,EUR,http://www.investing.com/equities/investimenti-e-sviluppo-spa
GBUSS,1137558,Gibus,Milan,EUR,http://www.investing.com/equities/gibus-spa
GGTV,958269,Giglio Group SpA,Milan,EUR,http://www.investing.com/equities/giglio-group-spa
GGILD,1158951,Gilead,Milan,EUR,http://www.investing.com/equities/gilead-sciences-inc?cid=1158951
GIMA,1050739,Gima TT,Milan,EUR,http://www.investing.com/equities/gima-tt
FDOP,943212,Giorgio Fedon & Figli,Milan,EUR,http://www.investing.com/equities/giorgio-fedon---figli
GISM,1156081,Gismondi 1754,Milan,EUR,http://www.investing.com/equities/gismondi-1754-spa
GO,942704,GO internet,Milan,EUR,http://www.investing.com/equities/go-internet
GPI,994718,GPI,Milan,EUR,http://www.investing.com/equities/gpi-spa
GRALA,1080123,Grifal,Milan,EUR,http://www.investing.com/equities/grifal
GGPW,948346,Gruppo Green Power SpA,Milan,EUR,http://www.investing.com/equities/gruppo-green-power-spa
WIGG,29872,Gruppo Waste Italia,Milan,EUR,http://www.investing.com/equities/kinexia-spa
GCL,1057040,Guala Closures,Milan,EUR,http://www.investing.com/equities/space4-spa
HFARM,961652,H-Farm SpA,Milan,EUR,http://www.investing.com/equities/h-farm-spa
HIA,996151,Health Italia,Milan,EUR,http://www.investing.com/equities/health-italia-spa
HEIG,986090,Heidelbergcement,Milan,EUR,http://www.investing.com/equities/heidelbergcement-ag-exch?cid=986090
HNKG_p,989453,Henkel VZO,Milan,EUR,http://www.investing.com/equities/henkel-hgaa-vz?cid=989453
HRA,18949,Hera,Milan,EUR,http://www.investing.com/equities/hera-spa
IGV,29860,I Grandi Viaggi,Milan,EUR,http://www.investing.com/equities/i-grandi-viaggi-spa
IBE,1117821,Iberdrola,Milan,EUR,http://www.investing.com/equities/iberdrola?cid=1117821
ICFG,1031009,ICF Group,Milan,EUR,http://www.investing.com/equities/eps-equita-pep-spac
IDEAM,1056350,Ideami,Milan,EUR,http://www.investing.com/equities/ideami
IE,1142325,Iervolino,Milan,EUR,http://www.investing.com/equities/iervolino-entertainment-spa
IGD,18950,IGD,Milan,EUR,http://www.investing.com/equities/immobiliare-grande
S24,29923,Il Sole 24 Ore,Milan,EUR,http://www.investing.com/equities/il-sole-24-ore-spa
ILLA,1057077,ILLA SpA,Milan,EUR,http://www.investing.com/equities/illa-spa
ILTY,1123217,illimity Bank,Milan,EUR,http://www.investing.com/equities/illimity-bank
ILP,1122407,ILPRA,Milan,EUR,http://www.investing.com/equities/ilpra
IMAI,18951,IMA,Milan,EUR,http://www.investing.com/equities/industria-macchine-automatiche
IMSI,29863,IMMSI,Milan,EUR,http://www.investing.com/equities/immsi-spa
SALIn,29865,Impregilo RSP,Milan,EUR,http://www.investing.com/equities/impregilo-spa-rnc
YIV,942701,Imvest,Milan,EUR,http://www.investing.com/equities/imvest
INDB,1010716,Indel B,Milan,EUR,http://www.investing.com/equities/indel-b-spa
IN3,1052905,Industrial Stars Italy 3,Milan,EUR,http://www.investing.com/equities/industrial-stars-italy-3
IFXGn,985969,Infineon,Milan,EUR,http://www.investing.com/equities/infineon-tech?cid=985969
INGA,29423,ING Groep,Milan,EUR,http://www.investing.com/equities/ing-groep?cid=29423
IB,948348,Iniziative Bresciane Inbre,Milan,EUR,http://www.investing.com/equities/iniziative-bresciane-inbre
INCI,942694,Innovatec,Milan,EUR,http://www.investing.com/equities/innovatec
IKG,18955,Intek,Milan,EUR,http://www.investing.com/equities/intek
IKGn,29873,Intek RSP,Milan,EUR,http://www.investing.com/equities/intek-rsp
IINTC,1122336,Intel,Milan,EUR,http://www.investing.com/equities/intel-corp?cid=1122336
ITPG,18953,Interpump,Milan,EUR,http://www.investing.com/equities/interpump-group
ISP,6951,Intesa Sanpaolo,Milan,EUR,http://www.investing.com/equities/intesa-sanpaolo
INTD,1089234,Intred,Milan,EUR,http://www.investing.com/equities/intred
INWT,954900,Inwit,Milan,EUR,http://www.investing.com/equities/infrastrutture-wireless-italiane
IRC,29866,IRCE,Milan,EUR,http://www.investing.com/equities/irce-spa
IREE,18954,Iren,Milan,EUR,http://www.investing.com/equities/iren-spa
IGS,29859,Isagro,Milan,EUR,http://www.investing.com/equities/isagro-spa
IGS_p,1050142,Isagro Pref,Milan,EUR,http://www.investing.com/equities/isagro-pref
ITWY,29869,It Way,Milan,EUR,http://www.investing.com/equities/itway-spa
IG,993186,Italgas,Milan,EUR,http://www.investing.com/equities/italgas-spa
IINT,942690,Italia Independent,Milan,EUR,http://www.investing.com/equities/italia-ig
IEG,1137539,Italian Exhibition Group,Milan,EUR,http://www.investing.com/equities/italian-exhibition-group-spa
ITWB,945098,Italian Wine Brands SpA,Milan,EUR,http://www.investing.com/equities/italian-wine-brands-spa
IOL,6945,Italiaonline,Milan,EUR,http://www.investing.com/equities/seat-pag-gialle
IOLn,29900,Italiaonline RSP,Milan,EUR,http://www.investing.com/equities/seat-pagine-gialle-spa-rnc
ITMI,29867,Italmobiliare,Milan,EUR,http://www.investing.com/equities/italmobiliare-spa
IVS,41348,IVS Group SA,Milan,EUR,http://www.investing.com/equities/ivs-group-sa
JUVE,29870,Juventus,Milan,EUR,http://www.investing.com/equities/juventus-footbal-club-spa
SDFGn,986092,K+S AG,Milan,EUR,http://www.investing.com/equities/k-s-ag?cid=986092
PRTP,29491,Kering,Milan,EUR,http://www.investing.com/equities/kering?cid=29491
KI,942695,KI Group,Milan,EUR,http://www.investing.com/equities/ki-group
KIP,1072207,Kolinpharma,Milan,EUR,http://www.investing.com/equities/kolinpharma
OR,29453,L'Oreal,Milan,EUR,http://www.investing.com/equities/l-oreal?cid=29453
LDO,29875,La Doria,Milan,EUR,http://www.investing.com/equities/la-doria
LR,18956,Landi Renzo,Milan,EUR,http://www.investing.com/equities/landi-renzo
LAZI,29874,Lazio,Milan,EUR,http://www.investing.com/equities/ss-lazio-spa
LDOF,6961,Leonardo,Milan,EUR,http://www.investing.com/equities/finmeccanica
LFG,948350,Leone Film Group SpA,Milan,EUR,http://www.investing.com/equities/leone-film-group-spa
LCC,1072047,Life Care Capital,Milan,EUR,http://www.investing.com/equities/life-care-capital
LON,1086987,Longino & Cardenal,Milan,EUR,http://www.investing.com/equities/longino-cardenal
LVMH,29451,Louis Vuitton,Milan,EUR,http://www.investing.com/equities/l.v.m.h.?cid=29451
LUVE,998050,LU-VE,Milan,EUR,http://www.investing.com/equities/lu-ve-spa
LCMG,948349,Lucisano Media Group,Milan,EUR,http://www.investing.com/equities/lucisano-media-group
LHAG,985888,Lufthansa,Milan,EUR,http://www.investing.com/equities/dt-lufthansa?cid=985888
LVEN,29876,Lventure,Milan,EUR,http://www.investing.com/equities/lventure
MACA,31085,M&C,Milan,EUR,http://www.investing.com/equities/m-c-spa
MAIL,942696,MailUp,Milan,EUR,http://www.investing.com/equities/mailup
MTCM,18957,Maire Tecnimont,Milan,EUR,http://www.investing.com/equities/maire-tecnimont
MAPS,1123266,Maps,Milan,EUR,http://www.investing.com/equities/maps
MARR,29878,Marr,Milan,EUR,http://www.investing.com/equities/marr-spa
MARPZ,1155960,Marzocchi Pompe,Milan,EUR,http://www.investing.com/equities/marzocchi-pompe-spa
MASIA,955663,Masi Agricola SpA,Milan,EUR,http://www.investing.com/equities/masi-agricola-spa
MZB,953845,Massimo Zanetti Beverage Group SpA,Milan,EUR,http://www.investing.com/equities/massimo-zanetti-beverage-group-spa
MFTC,1155476,Matica Fintec,Milan,EUR,http://www.investing.com/equities/matica-fintec-spa
MS,7030,Mediaset,Milan,EUR,http://www.investing.com/equities/mediaset
MDBI,7024,Mediobanca,Milan,EUR,http://www.investing.com/equities/mediobanca
MRCG,985971,Merck,Milan,EUR,http://www.investing.com/equities/merck-kgaa?cid=985971
MMU,1122338,Micron,Milan,EUR,http://www.investing.com/equities/micron-tech?cid=1122338
MMSFT,1122337,Microsoft,Milan,EUR,http://www.investing.com/equities/microsoft-corp?cid=1122337
MTTI,29889,Mittel,Milan,EUR,http://www.investing.com/equities/mittel
MLMD,29885,Molmed,Milan,EUR,http://www.investing.com/equities/molmed
MONC,48565,Moncler SpA,Milan,EUR,http://www.investing.com/equities/moncler-spa
MOED,8805,Mondadori Editore,Milan,EUR,http://www.investing.com/equities/mondadori
MTV,29890,Mondo TV,Milan,EUR,http://www.investing.com/equities/mondo-tv
MTFR,942707,Mondo TV France,Milan,EUR,http://www.investing.com/equities/mondo-tv-france
MSU,949734,Mondo TV Suisse SA,Milan,EUR,http://www.investing.com/equities/mondo-tv-suisse-sa
MONNA,1088688,Monnalisa,Milan,EUR,http://www.investing.com/equities/monnalisa
EDII,29832,Monrif,Milan,EUR,http://www.investing.com/equities/monrif-spa
MUV2,29488,Muench. Rueckvers.,Milan,EUR,http://www.investing.com/equities/muench.-rueck?cid=29488
MOL,29887,Mutuionline,Milan,EUR,http://www.investing.com/equities/gruppo-mutuionline-spa
NBAA,1075550,Nb Aurora,Milan,EUR,http://www.investing.com/equities/nb-aurora
NDT,1050174,Neodecortech,Milan,EUR,http://www.investing.com/equities/neodecortech
NSP,1122577,Neosperience,Milan,EUR,http://www.investing.com/equities/neosperience
NESN,1117818,Nestle,Milan,EUR,http://www.investing.com/equities/nestle-ag?cid=1117818
NETI,1122335,Net Insurance,Milan,EUR,http://www.investing.com/equities/net-insurance
NNFLX,1122358,Netflix,Milan,EUR,http://www.investing.com/equities/netflix
NTW,29829,Netweek,Milan,EUR,http://www.investing.com/equities/dmail-group
NRST,29894,Neurosoft,Milan,EUR,http://www.investing.com/equities/neurosoft-software-production-sa
NWLF,1153660,Newlat Food,Milan,EUR,http://www.investing.com/equities/newlat-food
NEXII,1128905,Nexi,Milan,EUR,http://www.investing.com/equities/depobank-spa
NOKIA,29485,Nokia Oyj,Milan,EUR,http://www.investing.com/equities/nokia-finland?cid=29485
NPI,942697,Notorious,Milan,EUR,http://www.investing.com/equities/notorious
NR,29893,Nova Re,Milan,EUR,http://www.investing.com/equities/nova-re-spa
NOVN,1122359,Novartis,Milan,EUR,http://www.investing.com/equities/novartis?cid=1122359
NNVDA,1120644,NVIDIA,Milan,EUR,http://www.investing.com/equities/nvidia-corp?cid=1120644
NVPP,1155904,Nvp,Milan,EUR,http://www.investing.com/equities/nvp-spa
OS,1138443,Officina Stellare,Milan,EUR,http://www.investing.com/equities/officina-stellare
OLI,29895,Olidata,Milan,EUR,http://www.investing.com/equities/olidata-spa
OJM,961768,Openjobmetis SpA Agenzia per il,Milan,EUR,http://www.investing.com/equities/openjobmetis-spa-agenzia-per-il
ORAN,29458,Orange,Milan,EUR,http://www.investing.com/equities/france-telecom?cid=29458
ORSO,961651,Orsero,Milan,EUR,http://www.investing.com/equities/glenalta-food-spa
OVS,945907,OVS SPA,Milan,EUR,http://www.investing.com/equities/ovs-spa
PAGR,29896,Panariagroup,Milan,EUR,http://www.investing.com/equities/panariagroup-industrie-ceramiche
PTRN,1141768,Pattern,Milan,EUR,http://www.investing.com/equities/pattern-spa
PHNU,1031038,Pharmanutra,Milan,EUR,http://www.investing.com/equities/pharmanutra
PHIA,29425,Philips,Milan,EUR,http://www.investing.com/equities/philips-kon?cid=29425
PIA,18958,Piaggio&C,Milan,EUR,http://www.investing.com/equities/piaggio---c-spa
PRL,29909,Pierrel,Milan,EUR,http://www.investing.com/equities/pierrel-spa
PNNI,29902,Pininfarina,Milan,EUR,http://www.investing.com/equities/pininfarina-spa
PVNA,1097382,Piovan,Milan,EUR,http://www.investing.com/equities/piovan
PQ,29905,Piquadro,Milan,EUR,http://www.investing.com/equities/piquadro-spa
PIRC,310,Pirelli & C,Milan,EUR,http://www.investing.com/equities/pirelli---c
PITE,958270,PiteCo SpA,Milan,EUR,http://www.investing.com/equities/piteco-spa
PLC,29861,PLC SpA,Milan,EUR,http://www.investing.com/equities/industria-e-innovazione-spa
PSF,29912,Poligrafica S Faustino,Milan,EUR,http://www.investing.com/equities/poligrafica-s-faustino-spa
POLI,29903,Poligrafici Editoriale,Milan,EUR,http://www.investing.com/equities/poligrafici-editoriale-spa
POPR,29904,Poligrafici Printing,Milan,EUR,http://www.investing.com/equities/poligrafici-printing-spa
PSAR,1055049,Portale Sardegna,Milan,EUR,http://www.investing.com/equities/portale-sardegna
PORTO,1088706,Portobello,Milan,EUR,http://www.investing.com/equities/portobello
PST,959218,Poste Italiane,Milan,EUR,http://www.investing.com/equities/poste-italiane-spa
PWS,1116009,Powersoft,Milan,EUR,http://www.investing.com/equities/powersoft
PRII,29908,Prima Industrie,Milan,EUR,http://www.investing.com/equities/prima-industrie-spa
PRSM,985941,PRISMI,Milan,EUR,http://www.investing.com/equities/primi-sui-motori-spa
PSMGn,987105,Prosiebensat,Milan,EUR,http://www.investing.com/equities/pro-sieben?cid=987105
PRY,6949,Prysmian,Milan,EUR,http://www.investing.com/equities/prysmian
QFID,1159063,Qf Immobiliare Dinamico,Milan,EUR,http://www.investing.com/equities/qf-immobiliare-dinamico
RADIC,1142215,Radici Pietro,Milan,EUR,http://www.investing.com/equities/radici-pietro-industries-spa
RWAY,942686,Rai Way SpA,Milan,EUR,http://www.investing.com/equities/rai-way-spa
RATI,29913,Ratti,Milan,EUR,http://www.investing.com/equities/ratti-spa
RCSM,18961,RCS MediaGroup,Milan,EUR,http://www.investing.com/equities/rcs-mediagroup
RECI,18962,Recordati,Milan,EUR,http://www.investing.com/equities/recordati
RLT,1138472,Relatech,Milan,EUR,http://www.investing.com/equities/relatech-spa
RENA,29469,Renault,Milan,EUR,http://www.investing.com/equities/renault?cid=29469
RENER,1090476,Renergetica,Milan,EUR,http://www.investing.com/equities/renergetica
RDM,29917,Reno De Medici,Milan,EUR,http://www.investing.com/equities/reno-de-medici-spa
REY,29918,Reply,Milan,EUR,http://www.investing.com/equities/reply-spa
REP,1117822,Repsol,Milan,EUR,http://www.investing.com/equities/repsol-ypf?cid=1117822
REST,18927,Restart,Milan,EUR,http://www.investing.com/equities/aedes
LIT,29877,Retelit,Milan,EUR,http://www.investing.com/equities/reti-telematiche-italiane-spa
RN,29921,Risanamento,Milan,EUR,http://www.investing.com/equities/risanamento-spa
ASR,18930,Roma,Milan,EUR,http://www.investing.com/equities/as-roma-spa
ROSS,29922,ROSSS,Milan,EUR,http://www.investing.com/equities/rosss-spa
RWE,29492,RWE AG ST,Milan,EUR,http://www.investing.com/equities/rwe-st-a?cid=29492
SABF,29924,Sabaf,Milan,EUR,http://www.investing.com/equities/sabaf-spa
SAEI,29926,Saes Getters,Milan,EUR,http://www.investing.com/equities/saes-getters-spa
SAEIn,29927,Saes Getters RSP,Milan,EUR,http://www.investing.com/equities/saes-getters-spa-rnc
TRWL,942698,Safe Bag,Milan,EUR,http://www.investing.com/equities/safe-bag
SFLG,18963,Safilo Group,Milan,EUR,http://www.investing.com/equities/safilo-group
SAF,23531,Safran,Milan,EUR,http://www.investing.com/equities/safran?cid=23531
SGOB,987106,Saint Gobain,Milan,EUR,http://www.investing.com/equities/saint-gobain?cid=987106
SPMI,7037,Saipem,Milan,EUR,http://www.investing.com/equities/saipem
SPMIr,29936,Saipem Pref,Milan,EUR,http://www.investing.com/equities/saipem-spa-rnc
SCFG,1155599,Salcef,Milan,EUR,http://www.investing.com/equities/salcef-group
SALI,7018,Salini Impregilo,Milan,EUR,http://www.investing.com/equities/impregilo
SFER,14611,Salvatore Ferragamo,Milan,EUR,http://www.investing.com/equities/salvatore-ferragamo-italia-spa
SNL,1155961,Sanlorenzo,Milan,EUR,http://www.investing.com/equities/sanlorenzo-spa
SANF,29463,Sanofi,Milan,EUR,http://www.investing.com/equities/sanofi-aventis?cid=29463
SAP,29489,SAP,Milan,EUR,http://www.investing.com/equities/sap-ag?cid=29489
SRS,14161,Saras,Milan,EUR,http://www.investing.com/equities/saras-spa
SCHN,986259,Schneider Electric,Milan,EUR,http://www.investing.com/equities/schneider-electr?cid=986259
SCK,1089751,Sciuker Frames,Milan,EUR,http://www.investing.com/equities/sciuker-frames
SERK,29871,Seri Industrial,Milan,EUR,http://www.investing.com/equities/krenergy-spa
SERIT,29931,Servizi Italia,Milan,EUR,http://www.investing.com/equities/servizi-italia-spa
SES,29884,SESA,Milan,EUR,http://www.investing.com/equities/sesa
SGCO,1089470,Sg Company,Milan,EUR,http://www.investing.com/equities/sg-company
SHE,1142158,Shedir Pharma,Milan,EUR,http://www.investing.com/equities/shedir-pharma-group
SIS,18964,SIAS,Milan,EUR,http://www.investing.com/equities/societa-iniziative-autostradali
SICT,1027145,Sicit Group,Milan,EUR,http://www.investing.com/equities/sprintitaly
SIE,29439,Siemens AG,Milan,EUR,http://www.investing.com/equities/siemens?cid=29439
TTT,29932,SINTESI,Milan,EUR,http://www.investing.com/equities/sintesi-spa
SIOO,1136169,Sirio,Milan,EUR,http://www.investing.com/equities/sirio
SITT,1028150,SIT,Milan,EUR,http://www.investing.com/equities/sit
SITI,976080,Siti B&T,Milan,EUR,http://www.investing.com/equities/siti-b-t-group-spa
SRG,309,Snam,Milan,EUR,http://www.investing.com/equities/snam-rete-gas
SEIFT,1123447,Societa Editoriale Il,Milan,EUR,http://www.investing.com/equities/societa-editoriale-il
GLE,29460,Societe Generale,Milan,EUR,http://www.investing.com/equities/societe-generale?cid=29460
YSFT,942703,Softec,Milan,EUR,http://www.investing.com/equities/softec
SGFI,18965,Sogefi,Milan,EUR,http://www.investing.com/equities/sogefi-spa
SOLS,29934,Sol,Milan,EUR,http://www.investing.com/equities/sol-spa
SCM,986091,Solutions Capital Management,Milan,EUR,http://www.investing.com/equities/solutions-capital-management-sim-sp
SOME,1076699,Somec,Milan,EUR,http://www.investing.com/equities/somec
SOTR,1089643,Sostravel.Com,Milan,EUR,http://www.investing.com/equities/sostravelcom
SPTV,1050666,Spactiv,Milan,EUR,http://www.investing.com/equities/spactiv
SSBUX,1122360,Starbucks,Milan,EUR,http://www.investing.com/equities/starbucks-corp?cid=1122360
STEP,29938,Stefanel,Milan,EUR,http://www.investing.com/equities/stefanel-spa
STEPn,29939,Stefanel RSP,Milan,EUR,http://www.investing.com/equities/stefanel-spa-rnc
STM,22185,STMicroelectronics,Milan,EUR,http://www.investing.com/equities/stmicroelectroni?cid=22185
TIP,29948,Tamburi Investment,Milan,EUR,http://www.investing.com/equities/tamburi-investment-partners-spa
TAS,29940,TAS,Milan,EUR,http://www.investing.com/equities/tas-spa
TEDGE,1116051,Techedge,Milan,EUR,http://www.investing.com/equities/techedge
TPSG,999058,Technical Publications,Milan,EUR,http://www.investing.com/equities/technical-publications-service-spa
TGYM,977682,Technogym,Milan,EUR,http://www.investing.com/equities/technogym-spa
TLIT,306,Telecom Italia,Milan,EUR,http://www.investing.com/equities/telecom-italia
TLITn,29949,Telecom Italia RSP,Milan,EUR,http://www.investing.com/equities/telecom-italia-rnc
TEF,29476,Telefonica,Milan,EUR,http://www.investing.com/equities/telefonica?cid=29476
TLSA,996537,Telesia,Milan,EUR,http://www.investing.com/equities/telesia-spa
TENR,6968,Tenaris,Milan,EUR,http://www.investing.com/equities/tenaris
TRN,7020,Terna,Milan,EUR,http://www.investing.com/equities/terna
TTSLA,1082071,Tesla,Milan,EUR,http://www.investing.com/equities/tesla-motors?cid=1082071
TES,29947,Tesmec,Milan,EUR,http://www.investing.com/equities/tesmec-spa
TSPA,1089675,Thespac,Milan,EUR,http://www.investing.com/equities/thespac
TKAG,990000,Thyssenkrupp AG,Milan,EUR,http://www.investing.com/equities/thyssen-krupp?cid=990000
TNXT,942711,Tinexta,Milan,EUR,http://www.investing.com/equities/tecnoinvest
TIS,13124,Tiscali,Milan,EUR,http://www.investing.com/equities/tiscali
TOD,14612,Tod�s,Milan,EUR,http://www.investing.com/equities/tods-spa
TYA,29929,Toscana Aeroporti,Milan,EUR,http://www.investing.com/equities/sat
TOT,29468,Total,Milan,EUR,http://www.investing.com/equities/total?cid=29468
TFI,18967,Trevi Fin Industriale,Milan,EUR,http://www.investing.com/equities/trevi-finanziaria
TB,942710,Triboo,Milan,EUR,http://www.investing.com/equities/triboo-media
TXTS,29951,TXT,Milan,EUR,http://www.investing.com/equities/txt-e-solutions
UBI,342,UBI Banca,Milan,EUR,http://www.investing.com/equities/ubi-banca
U24,1155637,Ucapital24,Milan,EUR,http://www.investing.com/equities/ucapital24
CRDI,6955,UniCredit,Milan,EUR,http://www.investing.com/equities/unicredito
UD,1159078,Unidata,Milan,EUR,http://www.investing.com/equities/unidata-spa
UNIR,999206,UniEuro,Milan,EUR,http://www.investing.com/equities/unieuro-spa
UNA,29524,Unilever NV,Milan,EUR,http://www.investing.com/equities/unilever-ord?cid=29524
UN01,990001,Uniper SE,Milan,EUR,http://www.investing.com/equities/uniper-se?cid=990001
UNPI,6985,Unipol Gruppo,Milan,EUR,http://www.investing.com/equities/unipol
US,7023,UnipolSai Assicurazioni,Milan,EUR,http://www.investing.com/equities/fondiaria-sai
VALS,29954,Valsoia,Milan,EUR,http://www.investing.com/equities/valsoia-spa
VEI1,1071996,Vei 1,Milan,EUR,http://www.investing.com/equities/vei-1
VTY,986093,Vetrya SpA,Milan,EUR,http://www.investing.com/equities/vetrya-spa
VINI,29956,Vianini,Milan,EUR,http://www.investing.com/equities/vianini-industria-spa
VIMI,1089674,Vimi Fasteners,Milan,EUR,http://www.investing.com/equities/vimi-fasteners
SGEF,985889,Vinci,Milan,EUR,http://www.investing.com/equities/vinci?cid=985889
VE,29901,Visibilia Editore,Milan,EUR,http://www.investing.com/equities/pms-spa
VIV,29465,Vivendi,Milan,EUR,http://www.investing.com/equities/vivendi?cid=29465
VOWG_p,985972,Volkswagen VZO,Milan,EUR,http://www.investing.com/equities/volkswagen-vz?cid=985972
VNAn,990002,Vonovia,Milan,EUR,http://www.investing.com/equities/deutsche-annington-immobilien-se?cid=990002
WEBO,1153015,Websolute,Milan,EUR,http://www.investing.com/equities/websolute
URW,991178,WFD Unibail Rodamco,Milan,EUR,http://www.investing.com/equities/uniball?cid=991178
WIIT,1011050,Wiit,Milan,EUR,http://www.investing.com/equities/wiit-spa
WMC,994719,WM Capital,Milan,EUR,http://www.investing.com/equities/wm-capital-spa
ZV,29964,Zignago Vetro,Milan,EUR,http://www.investing.com/equities/zignago-vetro-spa
ZUCI,29962,Zucchi,Milan,EUR,http://www.investing.com/equities/vincenzo-zucchi-spa
ZUCIn,29963,Zucchi RSP,Milan,EUR,http://www.investing.com/equities/vincenzo-zucchi-spa-rnc
