0P00013398,1073479,Old Mutual Global Equity Absolute Return A EUR Hedged Acc,,
0P00001N5G,1073639,Nordea 1 - Stable Return Fund E EUR,,
172273007,1010294,Quality Inversion Conservadora FI,,
0P0000LZO2,1061760,BlackRock Strategic Funds - Fixed Income Strategies Fund A2 EUR,,
0P0000RZ2K,1073183,Morgan Stanley Investment Funds - Global Opportunity Fund BH EUR,,
172242002,1010291,Quality Inversion Moderada FI,,
0P0001788V,1073642,Pictet - Robotics HP EUR,,
0P0000T2EV,1061762,Deutsche Concept Kaldemorgen NC,,
0P0000T2ET,1073646,Deutsche Concept Kaldemorgen LC,,
111187003,1009576,Sabadell Prudente Base FI,,
0P00015Q8Q,1063734,Sabadell Prudente Plus FI,,
0P00016RCN,1063733,Sabadell Prudente Empresa FI,,
0P00015Q8R,1063735,Sabadell Prudente Premier FI,,
0P00016RCM,1063736,Sabadell Prudente Pyme FI,,
158976037,1010149,Bankia Soy Asi Cauto FI,,
0P000094D4,1073644,JPMorgan Funds - Europe Equity Plus Fund D Perf Acc - EUR,,
0P00000B0R,1043265,Templeton Asian Growth A acc USD,,
145458016,1010030,Caixabank Iter Platinum FI,,
145458008,1010029,Caixabank Iter Extra FI,,
105002036,1009479,Caixabank Ahorro Premium FI,,
0P000160SC,1063162,Caixabank Ahorro Institucional FI,,
105002010,1009478,Caixabank Ahorro Plus FI,,
105002002,1009477,Caixabank Ahorro Estandar FI,,
107678007,1009503,Albus Platinum FI,,
107678015,1009504,Albus Extra FI,,
0P00005VLV,1072968,Vontobel Fund - Emerging Markets Equity H EUR,,
0P000011YT,1063145,CABK Equilibrio PP,,
0P0000V8VH,1063184,Caixabank Monetario Rendimiento Cartera FI,,
0P0000V8VE,1063185,Caixabank Monetario Rendimiento Esto¡ndar FI,,
0P0000V8VI,1063186,Caixabank Monetario Rendimiento Institucional FI,,
0P0000V8VF,1063188,Caixabank Monetario Rendimiento Plus FI,,
0P0000V8VG,1063189,Caixabank Monetario Rendimiento Premium FI,,
0P00000WDT,1063187,Caixabank Monetario Rendimiento Platinum FI,,
107781017,1009514,Santander Select Moderado A FI,,
107781009,1009513,Santander Select Moderado S FI,,
155818034,1010121,Santander Tandem 0-30 FI,,
138219011,1009902,Caixabank Renta Fija Flexible Patrimonio FI,,
138219037,1009903,Caixabank Renta Fija Flexible Plus FI,,
0P000148IL,1063194,Caixabank Renta Fija Flexible Premium FI,,
0P000148IK,1063193,Caixabank Renta Fija Flexible Platinum FI,,
138219003,1009901,Caixabank Renta Fija Flexible Estandar FI,,
0P000160T8,1063192,Caixabank Renta Fija Flexible Cartera FI,,
0P00001QSE,1072234,Vanguard Japan Stock Index Fund Investor EUR Accumulation,,
175835018,1010356,Santander Select Patrimonio A FI,,
175835000,1010355,Santander Select Patrimonio S FI,,
0P00012I6O,1075198,Vanguard Pacific ex-Japan Stock Index Fund Investor EUR Acc,,
0P00016ZNJ,1063833,Santander Rendimiento Cartera FI,,
138534047,1009928,Santander Rendimiento S FI,,
164540009,1010194,Caixabank Crecimiento Estandar FI,,
164540033,1010195,Caixabank Crecimiento Plus FI,,
0P00015KUS,1063835,Santander Renta Fija Corto Plazo A FI,,
105931036,1009491,Santander Renta Fija Corto Plazo I FI,,
0P00000GIY,1062939,Bankia Evolucion Prudente FI,,
0P00000BN2,1073187,Morgan Stanley Investment Funds - US Growth Fund A USD,,
0P00000SGC,1073186,Morgan Stanley Investment Funds - US Growth Fund A,,
0P0001774G,1063738,Sabadell Rendimiento Cartera FI,,
0P0001774F,1063737,Sabadell Rendimiento Canalizador FI,,
173829039,1010317,Sabadell Rendimiento Base FI,,
0P0001774I,1063740,Sabadell Rendimiento Plus FI,,
0P0001774H,1063739,Sabadell Rendimiento Empresa FI,,
0P0001774K,1063742,Sabadell Rendimiento Pyme FI,,
0P0001774J,1063741,Sabadell Rendimiento Premier FI,,
LP77001891,1013692,Plancaixa Ambición Global PP,,
acc,1073649,Franklin Biotechnology Discovery Fund A,,
0P00015L1O,1063849,SPB RF Corto Plazo A FI,,
112793031,1009585,SPB RF Corto Plazo I FI,,
0P00000ZZX,1063032,BBVA Multiactivo Conservador PP,,
146791001,1010042,Ibercaja BP Renta Fija A FI,,
146791019,1010043,Ibercaja BP Renta Fija B FI,,
0P0000Q74L,1063400,Ibercaja Mixto Flexible 15 B FI,,
146944006,1010050,Ibercaja Mixto Flexible 15 A FI,,
0P000155MZ,1063260,Cartera Optima Prudente A FI,,
133578031,1009824,Cartera Optima Prudente B FI,,
114673033,1009656,Bestinfond FI,,
0P0000UI86,1063523,Mi Plan Santander Prudente PP,,
0P000170QF,1063139,CABK Destino 2022 PP,,
164539035,1010193,Caixabank Equilibrio Plus FI,,
0P00012TNM,1066563,Amundi Index Solutions - Amundi Index MSCI Emerging Markets AE-C,,
0P0000UJ6B,1063522,Mi Plan Santander Moderado PP,,
145822005,1010035,Santander Inversion Corto Plazo FI,,
114638036,1009653,Bestinver Internacional FI,,
152772036,1010115,ING Direct Fondo Naranja Renta Fija FI,,
0P0000S2C0,1063389,Ibercaja Crecimiento Dino¡mico B FI,,
0P00006A82,1063388,Ibercaja Crecimiento Dino¡mico A FI,,
164539001,1010191,Caixabank Equilibrio Estandar FI,,
0P000187LU,1063219,Caixabank Rentas Euribor FI,,
0P00000WD5,1063054,BBVA Proteccion 2025 PP,,
0P00016ZNL,1063780,Santander Acciones Espaonolas Cartera FI,,
138823010,1009956,Santander Acciones Espanolas B FI,,
138823002,1009955,Santander Acciones Espanolas C FI,,
138823036,1009957,Santander Acciones Espanolas A FI,,
0P000195PC,1063781,Santander Acciones Espaonolas D FI,,
164853014,1010200,Caixabank Seleccion Tendencias Plus FI,,
164853006,1010199,Caixabank Seleccion Tendencias Estandar FI,,
138172012,1009890,Caixabank Bolsa Seleccion Global Premium FI,,
138172038,1009891,Caixabank Bolsa Seleccion Global Estandar FI,,
138172004,1009889,Caixabank Bolsa Seleccion Global Plus FI,,
159084039,1010156,Bankia Soy Asi Flexible FI,,
0P00000WZY,1062934,Bankia Cauto PP,,
S2859,1010487,Torrenova de Inversiones SICAV SA,,
