AGR,13318,Agrometal,IBG,ARS
ALU,13309,Aluar,IBG,ARS
AUS,13320,Autopistas del Sol,IBG,ARS
BMA,13311,Banco Macro,IBG,ARS
BPAT,13308,Banco Patagonia,IBG,ARS
RIO,13362,Banco Santander Rio,IBG,ARS
BHI,13316,Bco hipotecari,IBG,ARS
ESM,955693,Bodegas Esmeralda SA,IBG,ARS
BOL,13322,Boldt,IBG,ARS
CAMb,13323,Camuzzi Gas Pampeana SA,IBG,ARS
CPS,13334,Capex,IBG,ARS
CAU,13326,Caputo,IBG,ARS
CARC,13325,Carboclor,IBG,ARS
CAO,13324,Carlos Casado,IBG,ARS
CEL,13328,Celulosa,IBG,ARS
CEC,13327,Central costan,IBG,ARS
CEPU,13329,Central Puerto SA,IBG,ARS
COL,13331,Colorin,IBG,ARS
COM,13332,Comer del plat,IBG,ARS
INR,962561,Compania Introductora de Buenos Aires SA,IBG,ARS
CON,13333,Consultatio s.,IBG,ARS
CRE,13335,Cresud SA,IBG,ARS
DYC,13336,Dycasa,IBG,ARS
EDN,13313,EDENOR,IBG,ARS
FER,13339,Ferrum,IBG,ARS
FIP,13340,Fiplasto,IBG,ARS
GAR,13342,Garovaglio y Zorroaquin,IBG,ARS
GBA,13343,Gas Natural,IBG,ARS
GRM,13344,Grimoldi,IBG,ARS
CLA,13330,Grupo clarin,IBG,ARS
OEST,13354,Grupo Concesionario del Oeste,IBG,ARS
PAT,13355,Imp. y Exp. de la Patagonia,IBG,ARS
INU,13346,Indupa,IBG,ARS
ROS,13363,Instituto Rosenbusch,IBG,ARS
INVJ,19022,Inversora Juramento,IBG,ARS
IRS,13347,IRSA,IBG,ARS
IRCP,13365,IRSA Propiedades Comerciales SA,IBG,ARS
JMI,13348,Juan minetti,IBG,ARS
LED,13349,Ledesma,IBG,ARS
LON,13350,Longvie,IBG,ARS
MET,13351,Metrogas,IBG,ARS
MIR,13315,Mirgor,IBG,ARS
SEI,13366,Molinos Juan Semino,IBG,ARS
MOL,13352,Molinos Rio de la Plata,IBG,ARS
MOR,13353,Morixe Hnos.,IBG,ARS
OVOP,40419,Ovoprot International SA,IBG,ARS
PAM,13306,Pampa Energia,IBG,ARS
PSU,13358,Pet.del conosu,IBG,ARS
APBR,13303,Petroleo Brasileiro SA,IBG,ARS
PETR,102945,Petrolera Pampa SA,IBG,ARS
POL,13357,Polledo,IBG,ARS
QUI,13359,Quickfood,IBG,ARS
REP,13360,Repsol,IBG,ARS
RIG,13361,Rigolleau,IBG,ARS
SMI,13367,San Miguel,IBG,ARS
STD,13369,Banco Santander,IBG,ARS
SID,13305,Siderar,IBG,ARS
TEF,13370,Telefonica,IBG,ARS
TENA,13302,Tenaris,IBG,ARS
TGLT,962567,TGLT SA,IBG,ARS
TGNC,13371,Tran gas norte,IBG,ARS
TRA,13314,Transener,IBG,ARS
TGS2,13372,Transportadora de Gas del Sur SA,IBG,ARS
YPFD,13373,YPF,IBG,ARS
