USDTRY,18,US Dollar Turkish Lira,Forex,TRY
EURTRY,66,Euro Turkish Lira,Forex,TRY
TRYJPY,75,Turkish Lira Japanese Yen,Forex,JPY
GBPTRY,97,British Pound Turkish Lira,Forex,TRY
CHFTRY,126,Swiss Franc Turkish Lira,Forex,TRY
TRYCHF,2063,Turkish Lira Swiss Franc,Forex,CHF
TRYZAR,2064,Turkish Lira South African Rand,Forex,ZAR
AEDTRY,9303,UAE Dirham Turkish Lira,Forex,TRY
ARSTRY,9356,Argentinian Peso Turkish Lira,Forex,TRY
AUDTRY,9390,Australian Dollar Turkish Lira,Forex,TRY
BRLTRY,9451,Brazil Real Turkish Lira,Forex,TRY
CADTRY,9483,Canadian Dollar Turkish Lira,Forex,TRY
CNYTRY,9535,Chinese Yuan Turkish Lira,Forex,TRY
DKKTRY,9603,Danish Krone Turkish Lira,Forex,TRY
HKDTRY,9650,Hong Kong Dollar Turkish Lira,Forex,TRY
ILSTRY,9721,Israeli Shekel Turkish Lira,Forex,TRY
INRTRY,9751,Indian Rupee Turkish Lira,Forex,TRY
MXNTRY,9829,Mexican Peso Turkish Lira,Forex,TRY
NOKTRY,9880,Norwegian Krone Turkish Lira,Forex,TRY
NZDTRY,9917,New Zealand Dollar Turkish Lira,Forex,TRY
PHPTRY,9949,Philippine Peso Turkish Lira,Forex,TRY
PLNTRY,10016,Polish Zloty Turkish Lira,Forex,TRY
RUBTRY,10062,Russian Ruble Turkish Lira,Forex,TRY
SARTRY,10117,Saudi Riyal Turkish Lira,Forex,TRY
SEKTRY,10166,Swedish Krona Turkish Lira,Forex,TRY
SGDTRY,10203,Singapore Dollar Turkish Lira,Forex,TRY
THBTRY,10237,Thai Baht Turkish Lira,Forex,TRY
TRYAED,10241,Turkish Lira UAE Dirham,Forex,AED
TRYARS,10242,Turkish Lira Argentinian Peso,Forex,ARS
TRYAUD,10243,Turkish Lira Australian Dollar,Forex,AUD
TRYBBD,10244,Turkish Lira Barbadian Dollar,Forex,BBD
TRYBHD,10245,Turkish Lira Baharain Dinar,Forex,BHD
TRYBRL,10246,Turkish Lira Brazil Real,Forex,BRL
TRYCAD,10247,Turkish Lira Canadian Dollar,Forex,CAD
TRYCLP,10248,Turkish Lira Chilean Peso,Forex,CLP
TRYCNY,10249,Turkish Lira Chinese Yuan,Forex,CNY
TRYCZK,10250,Turkish Lira Czech Koruna,Forex,CZK
TRYDKK,10251,Turkish Lira Danish Krone,Forex,DKK
TRYEGP,10253,Turkish Lira Egyptian Pound,Forex,EGP
TRYEUR,10254,Turkish Lira Euro,Forex,EUR
TRYGBP,10255,Turkish Lira British Pound,Forex,GBP
TRYHKD,10256,Turkish Lira Hong Kong Dollar,Forex,HKD
TRYHUF,10257,Turkish Lira Hungarian Forint,Forex,HUF
TRYIDR,10258,Turkish Lira Indonesian Rupiah,Forex,IDR
TRYILS,10259,Turkish Lira Israeli Shekel,Forex,ILS
TRYINR,10260,Turkish Lira Indian Rupee,Forex,INR
TRYISK,10261,Turkish Lira Icelandic Kr,Forex,ISK
TRYJMD,10262,Turkish Lira Jamaican Dollar,Forex,JMD
TRYJOD,10263,Turkish Lira Jordan Dinar,Forex,JOD
TRYKES,10264,Turkish Lira Kenyan Shilling,Forex,KES
TRYKRW,10265,Turkish Lira Korean Won,Forex,KRW
TRYLBP,10266,Turkish Lira Lebanese Pound,Forex,LBP
TRYLKR,10267,Turkish Lira Sri Lankan Rupee,Forex,LKR
TRYMAD,10270,Turkish Lira Moroccan Dirham,Forex,MAD
TRYMXN,10271,Turkish Lira Mexican Peso,Forex,MXN
TRYMYR,10272,Turkish Lira Malaysian Ringgit,Forex,MYR
TRYNAD,10273,Turkish Lira Namibian Dollar,Forex,NAD
TRYNOK,10274,Turkish Lira Norwegian Krone,Forex,NOK
TRYNPR,10275,Turkish Lira Nepalese Rupee,Forex,NPR
TRYNZD,10276,Turkish Lira New Zealand Dollar,Forex,NZD
TRYOMR,10277,Turkish Lira Omani Rial,Forex,OMR
TRYPAB,10278,Turkish Lira Panamanian Balboa,Forex,PAB
TRYPHP,10279,Turkish Lira Philippine Peso,Forex,PHP
TRYPKR,10280,Turkish Lira Pakistani Rupee,Forex,PKR
TRYPLN,10281,Turkish Lira Polish Zloty,Forex,PLN
TRYQAR,10282,Turkish Lira Qatari Riyal,Forex,QAR
TRYRON,10283,Turkish Lira Romanian Leu,Forex,RON
TRYRUB,10284,Turkish Lira Russian Ruble,Forex,RUB
TRYSAR,10285,Turkish Lira Saudi Riyal,Forex,SAR
TRYSEK,10286,Turkish Lira Swedish Krona,Forex,SEK
TRYSGD,10287,Turkish Lira Singapore Dollar,Forex,SGD
TRYTHB,10288,Turkish Lira Thai Baht,Forex,THB
TRYTWD,10289,Turkish Lira Taiwan Dollar,Forex,TWD
TRYUSD,10290,Turkish Lira US Dollar,Forex,USD
TRYVEF,10291,Turkish Lira Venezuelan Bolivar,Forex,VEF
TRYXAF,10292,Turkish Lira Central African Franc,Forex,XAF
TRYXCD,10293,Turkish Lira East Caribbean Dollar,Forex,XCD
TRYXOF,10294,Turkish Lira West African CFA franc,Forex,XOF
TWDTRY,10338,Taiwan Dollar Turkish Lira,Forex,TRY
VEFTRY,10395,Venezuelan Bolivar Turkish Lira,Forex,TRY
ZARTRY,10440,South African Rand Turkish Lira,Forex,TRY
JPYTRY,959202,Japanese Yen Turkish Lira,Forex,TRY
KWDTRY,997689,Kuwaiti Dinar Turkish Lira,Forex,TRY
SDRTRY,997693,Special Drawing Rights Turkish Lira,Forex,TRY
XAGgTRY,1031023,Gram Silver Turkish Lira,Forex,TRY
TRYUAH,1080115,Turkish Lira Ukrainian Hryvnia,Forex,UAH
