0P0000L1LI,1031421,Aviva Investors Akcyjny,,
0P0000L1LJ,1031422,Aviva Investors Dluzny,,
0P0000F8NS,1031453,PKO Stabilnego Wzrostu,,
0P0000N6L6,1039879,HSBC Global Investment Funds - Chinese Equity Class EC,,
0P0000N6MB,1039797,HSBC Global Investment Funds - Asia ex Japan Equity Smaller Companies Class EC,,
0P000102Q4,1036510,Parvest Equity Russia Classic-Distribution,,
0P0000233I,1031876,PZU FIO Papierow Dluznych POLONEZ I,,
0P0000ACFH,1031442,Investor Zabezpieczenia Emerytalnego FIO P,,
0P0000DDOA,1031443,Investor Zabezpieczenia Emerytalnego FIO A,,
0P0000DDOF,1031444,Investor Zabezpieczenia Emerytalnego FIO I,,
0P00013JG0,1040113,HSBC Portfolios - World Selection 3 Class AC,,
0P0000F8MX,1031452,PKO Akcji Plus,,
0P0000F8MW,1031454,PKO Zrównowazony,,
0P0000DDO0,1031445,Investor Zrównowazony FIO A,,
0P0000DDOB,1031447,Investor Zrównowazony Rynków Wschodzacych I,,
0P0000ACFG,1031446,Investor Zrównowazony Rynków Wschodzacych P,,
0P0000F33G,1050733,Aviva Investors Polskich Akcji,,
0P0000YK7Y,1041348,Nordea 1 - European Small and Middle Cap Equity Fund E PLN,,
0P00013JFV,1036284,HSBC Portfolios - World Selection 2 Class AC,,
0P00013JFF,1040099,HSBC Portfolios - World Selection 1 Class AC,,
0P0000V43X,1040296,JPMorgan Funds - ASEAN Equity Fund D acc - PLN,,
0P0000M75P,1031425,Aviva Investors Papierów Nieskarbowych,,
0P0000NGY2,1031457,QuercusSelektywny,,
LP68084107,1011393,Arka Prestiz Akcji Polskich SFIO,,
0P0000MOJT,1031436,Investor Gold Otwarty I,,
0P0000HY8U,1031435,Investor Gold Otwarty A,,
0P0000NRNM,1031437,Investor Gold Otwarty P,,
0P0000F33N,1031433,Credit Agricole Sub Lukas Stabilnego Wzrostu Acc,,
0P0000F8O0,1031450,PKO Akcji Malych i Srednich Spólek,,
0P0000DDO1,1031438,Investor Obligacji FIO A,,
0P0000DDO8,1031439,Investor Obligacji FIO I,,
0P0000D2IV,1031440,Investor Obligacji FIO P,,
0P0000ACFK,1031434,Investor Akcji FIO A,,
0P0000N6IW,1039976,HSBC Global Investment Funds - Euroland Growth Class M1C,,
0P0000KWRE,1039900,HSBC Global Investment Funds - Economic Scale Index Global Equity Class EC,,
0P0000N69X,1036098,HSBC Global Investment Funds - BRIC Markets Equity Class EC,,
LP65090911,1011389,UniAkcje Sektory Wzrostu PLN,,
0P0000ADRX,1031458,Skarbiec III FILAR,,
0P0000ACFP,1031441,Investor Top 25 Malych Spólek FIO P,,
0P0000ADRQ,1031459,Skarbiec Malych i Srednich Spólek,,
0P0000YK8W,1036476,Nordea 1 - Nordic Equity Small Cap Fund E PLN,,
0P0000F33C,1056993,Aviva Investors Aktywnej Alokacji,,
0P0000F8N4,1031451,PKO Akcji Nowa Europa,,
LP65097997,1011391,Arka BZ WBK Akcji Tureckich,,
0P0000AB3U,1031419,Arka BZ WBK Akcji Tureckich,,
0P0000KOY7,1031455,PZU Akcji Spolek Dywidendowych A,,
0P0000ADS3,1031415,Amplico FIO Obligacji A,,
0P0000FYA0,1031416,Amplico FIO Obligacji I,,
0P0000F33R,1031432,Credit Agricole Sub Lukas Dynamiczny Polski Acc,,
0P0000F8KM,1058039,UniObligacje Nowa Europa Acc,,
0P0000ADS4,1031413,Amplico FIO Malych i Srednich Spólek A,,
0P0000KBK5,1031414,Amplico FIO Malych i Srednich Spólek I,,
0P0000F33T,1031431,Credit Agricole Sub Lukas Akcyjny Acc,,
0P0000F34J,1031427,BPH Obligacji 2 Acc,,
0P0000F343,1031420,Arka Platinum Dynamiczny,,
LP68084237,1011392,Arka Prestiz Akcji Srodkowej i Wschodniej Europy SFIO,,
LP65043355,1011390,UniAkcje Nowa Europa Acc,,
0P0000L1SF,1031426,BPH Akcji Dynamicznych Spólek USD Acc,,
0P0000KOXR,1031456,PZU Akcji Spolek Dywidendowych EUR,,
0P0000UG4G,1031448,IPOPEMA m-INDEKS FIO A,,
0P0000NN64,1036794,WIOF India Performance Fund B,,
0P0000NN61,1036790,WIOF India Performance Fund A,,
0P0000F352,1031417,Amplico Sub Akcji Europejskich PLN Acc,,
0P0000UG4H,1031449,IPOPEMA m-INDEKS FIO B,,
0P0000L1S5,1031428,BPH SFIO Total Profit,,
0P0000FYXO,1031418,Amplico Sub Akcji Europejskich USD Acc,,
0P0000UR5W,1031424,Aviva Investors Obligacji Dynamiczny,,
0P0000UR5V,1031423,Aviva Investors Dluznych Papierow Korporacyjncyh,,
0P0000Y50R,1031429,Caspar Central and Eastern European Equity A Acc,,
0P0000UAQ7,1031877,Aviva Investors Subfundusz Akcji Rynków Wschodzacych,,
0P0000UBCH,1058040,UniObligacje Aktywny,,
LP68105761,1011388,Arka Prestiz Obligacji Korporacyjnych SFIO,,
