BTCUSD,1029175,Bitcoin US Dollar,xBTCe,USD
BTCEUR,1029182,Bitcoin Euro,xBTCe,EUR
BTCRUB,1029180,Bitcoin Russian Ruble,xBTCe,RUB
BTCCNH,1029177,Bitcoin Chinese Yuan Offshore,xBTCe,CNH
BTCJPY,1029181,Bitcoin Japanese Yen,xBTCe,JPY
BTCGBP,1029186,Bitcoin British Pound,xBTCe,GBP
ETHEUR,1024819,Ethereum Euro,xBTCe,EUR
ETHUSD,1024815,Ethereum US Dollar,xBTCe,USD
ETHBTC,1024811,Ethereum Bitcoin,xBTCe,BTC
ETHRUB,1024812,Ethereum Russian Ruble,xBTCe,RUB
ETHCNY,1024816,Ethereum Chinese Yuan,xBTCe,CNY
ETHLTC,1024813,Ethereum Litecoin,xBTCe,LTC
ETHJPY,1024814,Ethereum Japanese Yen,xBTCe,JPY
BCHBTC,1055853,Bitcoin Cash Bitcoin,xBTCe,BTC
BCHUSD,1031395,Bitcoin Cash US Dollar,xBTCe,USD
LTCEUR,1029184,Litecoin Euro,xBTCe,EUR
LTCUSD,1024818,Litecoin US Dollar,xBTCe,USD
LTCRUB,1024817,Litecoin Russian Ruble,xBTCe,RUB
LTCBTC,1029183,Litecoin Bitcoin,xBTCe,BTC
LTCCNH,1029185,Litecoin Chinese Yuan Offshore,xBTCe,CNH
LTCJPY,1029176,Litecoin Japanese Yen,xBTCe,JPY
DASHUSD,1029179,Dash US Dollar,xBTCe,USD
DASHBTC,1024820,Dash Bitcoin,xBTCe,BTC
DASHCNH,1029178,Dash Chinese Yuan Offshore,xBTCe,CNH
