USDMXN,39,US Dollar Mexican Peso,Forex,MXN
MXNJPY,79,Mexican Peso Japanese Yen,Forex,JPY
EURMXN,101,Euro Mexican Peso,Forex,MXN
ARSMXN,1480,Argentinian Peso Mexican Peso,Forex,MXN
AUDMXN,1495,Australian Dollar Mexican Peso,Forex,MXN
BRLMXN,1514,Brazil Real Mexican Peso,Forex,MXN
CADMXN,1532,Canadian Dollar Mexican Peso,Forex,MXN
CHFMXN,1554,Swiss Franc Mexican Peso,Forex,MXN
DKKMXN,1591,Danish Krone Mexican Peso,Forex,MXN
GBPMXN,1778,British Pound Mexican Peso,Forex,MXN
HKDMXN,1824,Hong Kong Dollar Mexican Peso,Forex,MXN
JPYMXN,1901,Japanese Yen Mexican Peso,Forex,MXN
MXNDKK,1945,Mexican Peso Danish Krone,Forex,DKK
MXNHKD,1948,Mexican Peso Hong Kong Dollar,Forex,HKD
MXNZAR,1951,Mexican Peso South African Rand,Forex,ZAR
SGDMXN,2037,Singapore Dollar Mexican Peso,Forex,MXN
AEDMXN,9293,UAE Dirham Mexican Peso,Forex,MXN
CNYMXN,9517,Chinese Yuan Mexican Peso,Forex,MXN
ILSMXN,9703,Israeli Shekel Mexican Peso,Forex,MXN
INRMXN,9744,Indian Rupee Mexican Peso,Forex,MXN
MXNAED,9788,Mexican Peso UAE Dirham,Forex,AED
MXNARS,9789,Mexican Peso Argentinian Peso,Forex,ARS
MXNAUD,9790,Mexican Peso Australian Dollar,Forex,AUD
MXNBBD,9791,Mexican Peso Barbadian Dollar,Forex,BBD
MXNBRL,9792,Mexican Peso Brazil Real,Forex,BRL
MXNCAD,9793,Mexican Peso Canadian Dollar,Forex,CAD
MXNCHF,9794,Mexican Peso Swiss Franc,Forex,CHF
MXNCLP,9795,Mexican Peso Chilean Peso,Forex,CLP
MXNCNY,9796,Mexican Peso Chinese Yuan,Forex,CNY
MXNCZK,9797,Mexican Peso Czech Koruna,Forex,CZK
MXNEGP,9799,Mexican Peso Egyptian Pound,Forex,EGP
MXNEUR,9800,Mexican Peso Euro,Forex,EUR
MXNGBP,9801,Mexican Peso British Pound,Forex,GBP
MXNHUF,9802,Mexican Peso Hungarian Forint,Forex,HUF
MXNIDR,9803,Mexican Peso Indonesian Rupiah,Forex,IDR
MXNILS,9804,Mexican Peso Israeli Shekel,Forex,ILS
MXNINR,9805,Mexican Peso Indian Rupee,Forex,INR
MXNISK,9806,Mexican Peso Icelandic Kr,Forex,ISK
MXNJMD,9807,Mexican Peso Jamaican Dollar,Forex,JMD
MXNKES,9808,Mexican Peso Kenyan Shilling,Forex,KES
MXNKRW,9809,Mexican Peso Korean Won,Forex,KRW
MXNLBP,9810,Mexican Peso Lebanese Pound,Forex,LBP
MXNLKR,9811,Mexican Peso Sri Lankan Rupee,Forex,LKR
MXNMAD,9812,Mexican Peso Moroccan Dirham,Forex,MAD
MXNMYR,9813,Mexican Peso Malaysian Ringgit,Forex,MYR
MXNNAD,9814,Mexican Peso Namibian Dollar,Forex,NAD
MXNNOK,9815,Mexican Peso Norwegian Krone,Forex,NOK
MXNNPR,9816,Mexican Peso Nepalese Rupee,Forex,NPR
MXNNZD,9817,Mexican Peso New Zealand Dollar,Forex,NZD
MXNPAB,9818,Mexican Peso Panamanian Balboa,Forex,PAB
MXNPHP,9819,Mexican Peso Philippine Peso,Forex,PHP
MXNPKR,9820,Mexican Peso Pakistani Rupee,Forex,PKR
MXNPLN,9821,Mexican Peso Polish Zloty,Forex,PLN
MXNQAR,9822,Mexican Peso Qatari Riyal,Forex,QAR
MXNRON,9823,Mexican Peso Romanian Leu,Forex,RON
MXNRUB,9824,Mexican Peso Russian Ruble,Forex,RUB
MXNSAR,9825,Mexican Peso Saudi Riyal,Forex,SAR
MXNSEK,9826,Mexican Peso Swedish Krona,Forex,SEK
MXNSGD,9827,Mexican Peso Singapore Dollar,Forex,SGD
MXNTHB,9828,Mexican Peso Thai Baht,Forex,THB
MXNTRY,9829,Mexican Peso Turkish Lira,Forex,TRY
MXNTWD,9830,Mexican Peso Taiwan Dollar,Forex,TWD
MXNUSD,9831,Mexican Peso US Dollar,Forex,USD
MXNVEF,9832,Mexican Peso Venezuelan Bolivar,Forex,VEF
MXNXAF,9833,Mexican Peso Central African Franc,Forex,XAF
MXNXCD,9834,Mexican Peso East Caribbean Dollar,Forex,XCD
MXNXOF,9835,Mexican Peso West African CFA franc,Forex,XOF
NOKMXN,9863,Norwegian Krone Mexican Peso,Forex,MXN
NZDMXN,9906,New Zealand Dollar Mexican Peso,Forex,MXN
PHPMXN,9940,Philippine Peso Mexican Peso,Forex,MXN
PLNMXN,9999,Polish Zloty Mexican Peso,Forex,MXN
RUBMXN,10050,Russian Ruble Mexican Peso,Forex,MXN
SARMXN,10101,Saudi Riyal Mexican Peso,Forex,MXN
SEKMXN,10151,Swedish Krona Mexican Peso,Forex,MXN
THBMXN,10227,Thai Baht Mexican Peso,Forex,MXN
TRYMXN,10271,Turkish Lira Mexican Peso,Forex,MXN
TWDMXN,10322,Taiwan Dollar Mexican Peso,Forex,MXN
VEFMXN,10377,Venezuelan Bolivar Mexican Peso,Forex,MXN
ZARMXN,10427,South African Rand Mexican Peso,Forex,MXN
COPMXN,10498,Colombian Peso Mexican Peso,Forex,MXN
PYGMXN,10499,Paraguayan Guarani Mexican Peso,Forex,MXN
UYUMXN,10500,Uruguayan Peso Mexican Peso,Forex,MXN
CLPMXN,10501,Chilean Peso Mexican Peso,Forex,MXN
PENMXN,10502,Peru Sol Mexican Peso,Forex,MXN
BOBMXN,10503,Bolivian Boliviano Mexican Peso,Forex,MXN
MXNPYG,10504,Mexican Peso Paraguayan Guarani,Forex,PYG
MXNUYU,10506,Mexican Peso Uruguayan Peso,Forex,UYU
MXNCOP,10508,Mexican Peso Colombian Peso,Forex,COP
MXNPEN,10510,Mexican Peso Peru Sol,Forex,PEN
MXNBOB,10512,Mexican Peso Bolivian Boliviano,Forex,BOB
