AFLT,13679,Aeroflot,IRTS,RUB
AFKS,13678,AFK Sistema,IRTS,RUB
AKRN,13680,Akron,IRTS,RUB
ALRS,40423,ALROSA ao,IRTS,RUB
BANE,13681,Bashneft ANK ao,IRTS,RUB
DIXY,13729,DIXY Group ao,IRTS,RUB
EONR,21302,E.ON Russia,IRTS,RUB
FEES,13682,FSK EES,IRTS,RUB
GAZP,13684,Gazprom Oao,IRTS,RUB
GCHE,21289,Gruppa Cherkizovo ao,IRTS,RUB
LSRG,13688,Gruppa LSR PAO,IRTS,RUB
IRAO,13744,Inter rao ees,IRTS,RUB
LKOH,13689,NK Lukoil OAO,IRTS,RUB
MGNT,13693,Magnit,IRTS,RUB
MFON,44462,MegaFon OAO,IRTS,RUB
GMKN,13683,MMC Norilsk Nickel,IRTS,RUB
MAGN,13690,MMK,IRTS,RUB
MOEX,44464,Moskovskaya Birzha OAO,IRTS,RUB
MSTT,13787,Mostotrest,IRTS,RUB
MTSS,13691,Mobile TeleSystems,IRTS,RUB
MVID,13692,MVideo,IRTS,RUB
NLMK,13695,NLMK ao,IRTS,RUB
NVTK,13697,NOVATEK,IRTS,RUB
PHST,13703,Pharmstandard JSC,IRTS,RUB
PHOR,21406,PhosAgro ao,IRTS,RUB
PIKK,13789,PIK,IRTS,RUB
POLY,44465,Polymetal Intl Plc,IRTS,RUB
RUALR,40424,RDR United Company RUSAL PLC,IRTS,RUB
ROSN,13707,Rosneft,IRTS,RUB
RSTI,21316,Rosseti ao,IRTS,RUB
RTKM,21419,Rostelecom,IRTS,RUB
HYDR,13754,RusHydro JSC,IRTS,RUB
SBER,13711,Sberbank Of Russia,IRTS,RUB
CHMF,13713,Severstal - ao,IRTS,RUB
MTLR,13709,SG mechel,IRTS,RUB
SVAV,13714,Sollers,IRTS,RUB
SNGS,13716,Surgut,IRTS,RUB
TATN,13718,Tatneft-3,IRTS,RUB
TRMK,21468,Trubnaya Metallurgicheskaya Kompaniya OAO,IRTS,RUB
URKA,13722,Uralkaliy,IRTS,RUB
VSMO,13724,Verhnesald MPO,IRTS,RUB
VTBR,13725,VTB,IRTS,RUB
YNDX,102063,Yandex NV,IRTS,RUB
