ADEL,19255,Adel Kalemcilik,XU100,TRY
AFYON,19260,Afyon Cimento,XU100,TRY
AKENR,19266,AK Enerji,XU100,TRY
AKBNK,19263,Akbank,XU100,TRY
AKSA,19271,Aksa,XU100,TRY
AKSEN,19272,Aksa Enerji,XU100,TRY
ALGYO,19278,Alarko Gmyo,XU100,TRY
ALARK,19274,Alarko Holding,XU100,TRY
ALBRK,19275,Albaraka Turk,XU100,TRY
ALCTL,19277,Alcatel Lucent SA,XU100,TRY
ALKIM,19280,Alkim Kimya,XU100,TRY
ANACM,19284,Anadolu Cam,XU100,TRY
AEFES,19258,Anadolu Efes,XU100,TRY
ARCLK,19289,Arcelik,XU100,TRY
ASELS,19294,Aselsan,XU100,TRY
AYGAZ,19309,Aygaz,XU100,TRY
BAGFS,19310,Bagfas,XU100,TRY
BJKAS,19318,Besiktas Futbol Yat.,XU100,TRY
BIMAS,19315,Bim Magazalar,XU100,TRY
BIZIM,19317,Bizim Magazalari,XU100,TRY
BRSAN,19328,Borusan Mannesmann,XU100,TRY
BRISA,19627,Brisa,XU100,TRY
CRFSA,19336,Carrefoursa Carrefour Sabanci Ticaret Merkezi AS,XU100,TRY
CLEBI,19345,Celebi,XU100,TRY
CIMSA,19344,Cimsa,XU100,TRY
CCOLA,19339,Coca Cola Icecek,XU100,TRY
DEVA,19359,Deva Holding,XU100,TRY
DOCO,19368,Do & Co Aktiengesellschaft,XU100,TRY
DOHOL,19370,Dogan Holding,XU100,TRY
DOAS,19366,Dogus Otomotiv,XU100,TRY
ECILC,19375,Eczacibasi Ilac,XU100,TRY
ECZYT,19377,Eczacibasi Yatirim,XU100,TRY
EGEEN,19381,Ege Endustri,XU100,TRY
EKGYO,19386,Emlak Konut Gmyo,XU100,TRY
ENKAI,19391,Enka Insaat,XU100,TRY
EREGL,19394,Eregli Demir Celik,XU100,TRY
FENER,19402,Fenerbahce Futbol,XU100,TRY
FROTO,19410,Ford Otosan,XU100,TRY
GSRAY,19430,Galatasaray Sportif,XU100,TRY
GARAN,19412,Garanti Bankasi,XU100,TRY
GLYHO,19421,Global Yat. Holding,XU100,TRY
GOLTS,19424,Goltas Cimento,XU100,TRY
GOODY,19425,The Goodyear Tire & Rubber Company,XU100,TRY
GOZDE,19426,Gozde Girisim,XU100,TRY
GSDHO,19429,Gsd Holding,XU100,TRY
GUBRF,19431,Gubre Fabrik.,XU100,TRY
HLGYO,40448,Halk Gmyo,XU100,TRY
IHLAS,19444,Ihlas Holding,XU100,TRY
IPEKE,19451,Ipek Dogal Enerji,XU100,TRY
ISGYO,19457,Is Gmyo,XU100,TRY
IZMDC,19462,Izmir Demir Celik,XU100,TRY
KRDMD,19487,Kardemir Karabuk Demir Celik Sanayi ve Ticaret D,XU100,TRY
KARSN,19467,Karsan Otomotiv,XU100,TRY
KARTN,19468,Kartonsan,XU100,TRY
KCHOL,19470,KOC Holding,XU100,TRY
KONYA,19480,Konya Cimento,XU100,TRY
KORDS,19481,Kordsa Global,XU100,TRY
KOZAL,19483,Koza Altin,XU100,TRY
KOZAA,19482,Koza Madencilik,XU100,TRY
LOGO,19495,Logo Yazilim,XU100,TRY
METRO,19507,Metro Holding,XU100,TRY
MGROS,19509,Migros Ticaret,XU100,TRY
NTTUR,19524,Net Turizm,XU100,TRY
NETAS,19522,Netas Telekomunikasyon AS,XU100,TRY
ODAS,40513,Odas Elektrik,XU100,TRY
OTKAR,19528,Otokar,XU100,TRY
PRKME,19544,Park Elek. Madencilik,XU100,TRY
PARSN,19532,Parsan,XU100,TRY
PGSUS,40456,Pegasus,XU100,TRY
PETKM,19535,Petkim,XU100,TRY
SAHOL,19553,Sabanci Holding,XU100,TRY
SAFGY,19552,Saf Gmyo,XU100,TRY
SNGYO,19568,Sinpas Gmyo,XU100,TRY
SISE,19564,Sise Cam,XU100,TRY
SODA,19570,Soda Sanayii,XU100,TRY
HALKB,19433,T. Halk Bankasi,XU100,TRY
TSKB,19591,T.S.K.B.,XU100,TRY
TATGD,19573,Tat Konserve,XU100,TRY
TAVHL,19574,Tav Havalimanlari,XU100,TRY
TKFEN,19583,Tekfen Holding,XU100,TRY
TKNSA,31000,Teknosa IC Ve Dis Ticaret,XU100,TRY
KIPA,19474,Tesco Kipa,XU100,TRY
TOASO,19585,Tofas Oto. Fab.,XU100,TRY
TRGYO,19587,Torunlar Gmyo,XU100,TRY
TRKCM,19588,Trakya Cam,XU100,TRY
TMSN,40460,Tumosan Motor Ve Traktor,XU100,TRY
TUPRS,19598,Tupras,XU100,TRY
THYAO,19581,Turk Hava Yollari,XU100,TRY
TTKOM,19594,Turk Telekom,XU100,TRY
TTRAK,19595,Turk Traktor,XU100,TRY
TCELL,19576,Turkcell,XU100,TRY
ISCTR,19454,Turkiye Is Bankasi AS C,XU100,TRY
ULKER,19601,Ulker Biskuvi,XU100,TRY
VKGYO,19614,Vakif Gmyo,XU100,TRY
VAKBN,19607,Vakiflar Bankasi,XU100,TRY
VESTL,19612,Vestel,XU100,TRY
VESBE,19611,Vestel Beyaz Esya,XU100,TRY
YKBNK,19620,Yapi Ve Kredi Bank.,XU100,TRY
YAZIC,19618,Yazicilar Holding,XU100,TRY
ZOREN,19626,Zorlu Enerji,XU100,TRY
