ADEL,998301,Adani Enterprises Ltd Future,StockFutureNSE,
APSE,998321,Adani Ports and Special Economic Zone Ltd Future,StockFutureNSE,
ADAN,998307,Adani Power Ltd Future,StockFutureNSE,
AJPH,998392,AJANTA PHARMA Ltd Future,StockFutureNSE,
ALBK,998339,Allahabad Bank Ltd Future,StockFutureNSE,
AMAR,998387,Amara Raja Batteries Ltd Future,StockFutureNSE,
ABUJ,998269,Ambuja Cements Ltd Future,StockFutureNSE,
ADBK,998337,Andhra Bank Ltd Future,StockFutureNSE,
APLH,998385,Apollo Hospitals Enterprise Ltd Future,StockFutureNSE,
APLO,998331,Apollo Tyres Ltd Future,StockFutureNSE,
ARVN,998316,Arvind Ltd Future,StockFutureNSE,
ASOK,998325,Ashok Leyland Ltd Future,StockFutureNSE,
ASPN,998297,Asian Paints Ltd Future,StockFutureNSE,
ACC,998267,Assoc Cement Ltd Future,StockFutureNSE,
ARBN,998293,Aurobindo Pharma Ltd Future,StockFutureNSE,
AXBK,998247,AXIS Bank Ltd Future,StockFutureNSE,
BAJA,998276,Bajaj Auto Ltd Future,StockFutureNSE,
BJFN,998388,Bajaj finance Ltd Future,StockFutureNSE,
BJFS,1073070,Bajaj Finserv Ltd Futures Stock,StockFutureNSE,
BLKI,1075205,Balkrishna Industries Ltd Futures Stock,StockFutureNSE,
BACH,1075206,Balrampur Chini Mills Ltd Futures Stock,StockFutureNSE,
BOB,998268,Bank of Baroda Ltd Future,StockFutureNSE,
BOI,998304,Bank of India Ltd Future,StockFutureNSE,
BATA,998300,Bata India Ltd Future,StockFutureNSE,
BEML,1008707,BEML Ltd Future,StockFutureNSE,
BAJE,998382,Bharat Electronic Ltd Future,StockFutureNSE,
BHAF,998383,Bharat Financial Inclusion Ltd Future,StockFutureNSE,
BFRG,998353,Bharat Forge Ltd Future,StockFutureNSE,
BHEL,998259,Bharat Heavy Electricals Ltd Future,StockFutureNSE,
BPCL,998279,Bharat Petroleum Ltd Future,StockFutureNSE,
BRTI,998252,Bharti Airtel Ltd Future,StockFutureNSE,
BHRI,998368,Bharti Infratel Ltd Future,StockFutureNSE,
BION,998261,Biocon Ltd Future,StockFutureNSE,
BOSH,998303,Bosch Ltd Future Continuation Month S Stock,StockFutureNSE,
BRIT,998327,Britannia Industries Ltd Future,StockFutureNSE,
CADI,998386,Cadila Healthcare Ltd Future,StockFutureNSE,
CNFH,1054778,Can Fin Homes Ltd Futures Stock,StockFutureNSE,
CNBK,998326,Canara Bank Ltd Future,StockFutureNSE,
CAPF,1075207,Capital First Ltd Futures Stock,StockFutureNSE,
CAST,998345,Castrol Ltd Future,StockFutureNSE,
CEAT,998371,Ceat Ltd Future,StockFutureNSE,
CNTY,998341,Century Textiles and Industries Ltd Future,StockFutureNSE,
CESC,998318,CESC Class B Ltd Future,StockFutureNSE,
CHPC,1075208,Chennai Petroleum Corporation Ltd Futures Stock,StockFutureNSE,
CHLA,1055005,Cholamandalam Investment and Finance Company Ltd Futures Stock,StockFutureNSE,
CIPL,998263,Cipla Ltd Future,StockFutureNSE,
COAL,998282,Coal India Ltd Future,StockFutureNSE,
COLG,998349,Colgate India Ltd Future,StockFutureNSE,
CCRI,1008708,Container Corp Of India Ltd Future,StockFutureNSE,
CGPO,998411,Crompton Greaves Ltd Future,StockFutureNSE,
CUMM,998395,Cummins India Ltd Future,StockFutureNSE,
DABU,998347,Dabur India Ltd Future,StockFutureNSE,
DALA,1008709,Dalmia Bharat Ltd Future,StockFutureNSE,
DCBA,998409,DCB Bank Ltd Future,StockFutureNSE,
DWNH,998348,Dewan Housing Finance Corporation Future,StockFutureNSE,
DSTV,998369,Dish TV India Ltd Future,StockFutureNSE,
DIVI,998319,Divi's Laboratories Ltd Future,StockFutureNSE,
DLF,998253,DLF Ltd Future,StockFutureNSE,
REDY,998299,Dr Reddy Labs Ltd Future,StockFutureNSE,
EICH,998294,Eicher Motors LtdEquity Future,StockFutureNSE,
ENGI,998381,Engineers India Ltd Future,StockFutureNSE,
EQHL,1055842,Equitas Holdings Ltd Futures Stock,StockFutureNSE,
ESCO,1008710,Escorts Ltd Future,StockFutureNSE,
EXID,998285,Exide Industries Ltd Future,StockFutureNSE,
FED,998364,Federal Bank Ltd Future,StockFutureNSE,
GAIL,998260,Gail Ltd Future,StockFutureNSE,
GLEN,998380,Glenmark Pharmaceuticals Ltd Future,StockFutureNSE,
GMRI,998357,GMR Infrastructure Ltd Future,StockFutureNSE,
GOCP,998396,Godrej Consumer Products Ltd Future,StockFutureNSE,
GODI,998355,Godrej Industries Ltd Future,StockFutureNSE,
GRAN,998404,Granules India Ltd Future,StockFutureNSE,
GRAS,998324,Grasim Industries Ltd Future,StockFutureNSE,
HVEL,998397,Havells India Ltd Future,StockFutureNSE,
HCLT,998283,HCL Technologies Ltd Future,StockFutureNSE,
HDBK,998248,HDFC Bank Ltd Future,StockFutureNSE,
HROM,998273,Hero MotoCorp Ltd Future,StockFutureNSE,
HEXT,998374,Hexaware Technologies Ltd Future,StockFutureNSE,
HALC,998258,Hindalco Industries Ltd Future,StockFutureNSE,
HCNS,1075209,Hindustan Construction Co Ltd Futures Stock,StockFutureNSE,
HPCL,998291,Hindustan Petroleum Ltd Future,StockFutureNSE,
HLL,998295,Hindustan Unilever Ltd Future,StockFutureNSE,
HZNC,998329,Hindustan Zinc Ltd Future,StockFutureNSE,
HDFC,998246,Housing Development Finance Ltd Future,StockFutureNSE,
ICBK,998270,ICICI Bank Ltd Future,StockFutureNSE,
ICIR,1055003,ICICI Prudential Life Insurance Company Ltd Futures Stock,StockFutureNSE,
IDBI,998330,IDBI Bank Ltd Future,StockFutureNSE,
IDEA,998271,IDEA Cellular Ltd Future,StockFutureNSE,
IDFB,998410,IDFC Bank Ltd Future,StockFutureNSE,
IFCI,998384,IFCI Ltd Future,StockFutureNSE,
ICMN,998356,India Cements Ltd Future,StockFutureNSE,
INBF,998370,Indiabulls Housing Finance Ltd Future,StockFutureNSE,
INBA,1008711,Indian Bank Future,StockFutureNSE,
IOC,998286,Indian Oil Corporation Ltd Future,StockFutureNSE,
IGAS,998343,Indraprastha Gas Ltd Future,StockFutureNSE,
INBK,998275,Indusind Bank Ltd Future,StockFutureNSE,
INFC,1008713,Infibeam Incorporation Ltd Future,StockFutureNSE,
INFY,998254,Infosys Ltd Future,StockFutureNSE,
IDFC,998335,Infrastructure Development Finance A Ltd Future,StockFutureNSE,
INGL,1008712,Interglobe Aviation Ltd Future,StockFutureNSE,
IRBI,998352,IRB Infrastructure Developers Ltd Future,StockFutureNSE,
ITC,998255,ITC L Ltd Future,StockFutureNSE,
JAIR,998360,Jain Irrigation Systems Ltd Future,StockFutureNSE,
JAIA,998334,Jaiprakash Associates Ltd Future,StockFutureNSE,
JET,998400,Jet Airways India Ltd Future,StockFutureNSE,
JNSP,998346,Jindal Steel and Power Ltd Future,StockFutureNSE,
JSTL,998284,JSW Steel Ltd Future,StockFutureNSE,
JUBI,998367,Jubilant Foodworks Ltd Future,StockFutureNSE,
JUST,998320,Just Dial Ltd Future,StockFutureNSE,
KVRI,998365,Kaveri Seed Company Ltd Future,StockFutureNSE,
KTKM,998281,Kotak Mahindra Bank Ltd Future,StockFutureNSE,
KPIT,998403,KPIT Technologies Ltd Future,StockFutureNSE,
LTFH,998376,L&T Finance Holdings Ltd Future,StockFutureNSE,
LART,998265,Larsen & Toubro Ltd Future,StockFutureNSE,
LICH,998311,LIC Housing Finance Ltd Future,StockFutureNSE,
LUPN,998308,Lupin Ltd Future,StockFutureNSE,
MGAS,1043103,Mahanagar Gas Ltd Futures Stock,StockFutureNSE,
MMFS,998391,Mahindra & Mahindra Financial Services Ltd Future,StockFutureNSE,
MAHM,998288,Mahindra Mahindra Ltd Future,StockFutureNSE,
MNFL,1073512,Manappuram Finance Ltd Futures Stock,StockFutureNSE,
MRPL,1055007,Mangalore Refinery and Petrochemicals Ltd Futures Stock,StockFutureNSE,
MRCO,998358,Marico Ltd Future,StockFutureNSE,
MRTI,998251,Maruti Suzuki Ltd Future,StockFutureNSE,
MAXI,1008714,Max Financial Services Ltd Future,StockFutureNSE,
MCEI,1075210,Multi Commodity Exchange of India Ltd Futures Stock,StockFutureNSE,
MINT,1008715,MindTree Ltd Future,StockFutureNSE,
MOSS,998390,Motherson Sumi Systems Ltd Future,StockFutureNSE,
MRF,998372,MRF Ltd Future,StockFutureNSE,
MUTT,1008716,Muthoot Finance Ltd Future,StockFutureNSE,
NALU,1073513,National Aluminum Futures Stock,StockFutureNSE,
NBCC,1075204,NBCC India Ltd Futures Stock,StockFutureNSE,
NCCL,1008706,NCC Ltd Future,StockFutureNSE,
NEST,1075211,Nestle India Ltd Futures Stock,StockFutureNSE,
NHPC,998379,NHPC Ltd Future,StockFutureNSE,
NITT,998408,NIIT Technologies Ltd Future,StockFutureNSE,
NMDC,998312,NMDC Ltd Future,StockFutureNSE,
NTPC,998274,NTPC Ltd Future,StockFutureNSE,
ONGC,998249,Oil & National Gas Ltd Future,StockFutureNSE,
OILI,1075212,Oil India Ltd Futures Stock,StockFutureNSE,
ORCL,998361,Oracle Financial Services Software Ltd Future,StockFutureNSE,
ORBC,998296,Orient Bank Commerce Ltd Future,StockFutureNSE,
PAGE,998393,Page industries Ltd Future,StockFutureNSE,
PCJE,998406,PC Jeweller Ltd Future,StockFutureNSE,
PLNG,998317,Petronet LNG Ltd Future,StockFutureNSE,
PIDI,998362,Pidilite industries Ltd Future,StockFutureNSE,
PIRA,1008717,Piramal Enterprises Ltd Future,StockFutureNSE,
PWFC,998306,Power Finance Corporation Ltd Future,StockFutureNSE,
PGRD,998272,Power Grid Corporation Ltd Future,StockFutureNSE,
PTCI,998328,PTC India Ltd Future,StockFutureNSE,
PNBK,998309,Punjab National Bank Ltd Future,StockFutureNSE,
PVRL,1008718,PVR Ltd Future,StockFutureNSE,
RYMD,1075201,Raymond Ltd Futures Stock,StockFutureNSE,
RATB,1075213,RBL Bank Ltd Futures Stock,StockFutureNSE,
RLCP,998323,Reliance Capital Ltd Future,StockFutureNSE,
RLCM,998277,Reliance Communication Ltd Future,StockFutureNSE,
RELI,998244,Reliance Industries Ltd Future,StockFutureNSE,
RLIN,998287,Reliance Infrastructure Ltd Future,StockFutureNSE,
RPOL,998333,Reliance Power Ltd Future,StockFutureNSE,
RHFL,1055006,Repco Home Finance Ltd Futures Stock,StockFutureNSE,
RURL,998313,Rural Electrification Ltd Future,StockFutureNSE,
SHCM,1008720,Shree Cements Ltd Future,StockFutureNSE,
SRTR,998366,Shriram Transport Finance Company Ltd Future,StockFutureNSE,
SIEM,998342,Siemens Ltd Future,StockFutureNSE,
SRFL,998377,SRF Ltd Future,StockFutureNSE,
SBI,998257,State Bank India B Ltd Future,StockFutureNSE,
SAIL,998322,Steel Authority India Ltd Future,StockFutureNSE,
STSA,998398,Strides Shasun Ltd Future,StockFutureNSE,
SUN,998266,Sun Pharma Industries Ltd Future,StockFutureNSE,
SUTV,998302,Sun TV Network Ltd Future,StockFutureNSE,
SUZL,1004963,Suzlon Energy Ltd Future,StockFutureNSE,
SBNK,998338,Syndicate Bank Ltd Future,StockFutureNSE,
TTCH,998354,Tata Chemicals Ltd Future,StockFutureNSE,
TATA,998332,Tata Communications Ltd Future,StockFutureNSE,
TCS,998256,Tata Consultancy Services Ltd Future,StockFutureNSE,
TTEX,998402,Tata Elxsi Ltd Future,StockFutureNSE,
TAGL,998292,Tata Global Beverages Ltd Future,StockFutureNSE,
TAMdv,998351,Tata Motor DVR Future,StockFutureNSE,
TAMO,998245,Tata Motors Ltd Future,StockFutureNSE,
TTPW,998262,Tata Power Ltd Future,StockFutureNSE,
TISC,998264,Tata Steel Ltd Future,StockFutureNSE,
TEML,998278,Tech Mahindra Ltd Future,StockFutureNSE,
KBNK,998336,The Karnataka Bank Ltd Future,StockFutureNSE,
SIBK,998359,The South Indian Bank Ltd Future,StockFutureNSE,
TITN,998373,Titan Industries Ltd Future,StockFutureNSE,
TORP,998394,Torrent Pharmaceuticals Ltd Future,StockFutureNSE,
TOPO,998407,Torrent Power Ltd Future,StockFutureNSE,
TVEB,998363,TV18 Broadcast Ltd Future,StockFutureNSE,
TVSM,1008721,TVS Motor Company Ltd Future,StockFutureNSE,
UJVF,1008722,Ujjivan Financial Services Ltd Future,StockFutureNSE,
ULTC,998314,UltraTech Cement Ltd Future,StockFutureNSE,
UNBK,998310,Union Bank of India Ltd Future,StockFutureNSE,
UBBW,998378,United Breweries Ltd Future,StockFutureNSE,
UNSP,998399,United Spirits Ltd Future,StockFutureNSE,
UPLL,998340,UPL Ltd Future,StockFutureNSE,
VGUA,1055004,V-Guard Industries Ltd Futures Stock,StockFutureNSE,
VDAN,998289,Vedanta Ltd Future,StockFutureNSE,
VOLT,998290,Voltas Ltd Future,StockFutureNSE,
WIPR,998298,Wipro Ltd Future,StockFutureNSE,
WCKH,998375,Wockhardt Ltd Spread Stock,StockFutureNSE,
YESB,998250,Yes Bank B Ltd Future,StockFutureNSE,
ZEE,998305,Zee Entertainment Enterprises Ltd Future,StockFutureNSE,
