DKKPHP,1595,Danish Krone Philippine Peso,Forex,PHP
EURPHP,1684,Euro Philippine Peso,Forex,PHP
GBPPHP,1785,British Pound Philippine Peso,Forex,PHP
USDPHP,2179,US Dollar Philippine Peso,Forex,PHP
ZARPHP,2248,South African Rand Philippine Peso,Forex,PHP
AEDPHP,9296,UAE Dirham Philippine Peso,Forex,PHP
ARSPHP,9348,Argentinian Peso Philippine Peso,Forex,PHP
AUDPHP,9387,Australian Dollar Philippine Peso,Forex,PHP
BRLPHP,9442,Brazil Real Philippine Peso,Forex,PHP
CADPHP,9478,Canadian Dollar Philippine Peso,Forex,PHP
CNYPHP,9525,Chinese Yuan Philippine Peso,Forex,PHP
CHFPHP,9560,Swiss Franc Philippine Peso,Forex,PHP
HKDPHP,9643,Hong Kong Dollar Philippine Peso,Forex,PHP
HUFPHP,9662,Hungarian Forint Philippine Peso,Forex,PHP
ILSPHP,9711,Israeli Shekel Philippine Peso,Forex,PHP
INRPHP,9737,Indian Rupee Philippine Peso,Forex,PHP
ISKPHP,9762,Icelandic Kr Philippine Peso,Forex,PHP
JPYPHP,9784,Japanese Yen Philippine Peso,Forex,PHP
MXNPHP,9819,Mexican Peso Philippine Peso,Forex,PHP
NOKPHP,9871,Norwegian Krone Philippine Peso,Forex,PHP
NZDPHP,9912,New Zealand Dollar Philippine Peso,Forex,PHP
PHPCLP,9922,Philippine Peso Chilean Peso,Forex,CLP
PHPCNY,9923,Philippine Peso Chinese Yuan,Forex,CNY
PHPCZK,9924,Philippine Peso Czech Koruna,Forex,CZK
PHPDKK,9925,Philippine Peso Danish Krone,Forex,DKK
PHPEGP,9927,Philippine Peso Egyptian Pound,Forex,EGP
PHPHKD,9928,Philippine Peso Hong Kong Dollar,Forex,HKD
PHPHUF,9929,Philippine Peso Hungarian Forint,Forex,HUF
PHPIDR,9930,Philippine Peso Indonesian Rupiah,Forex,IDR
PHPINR,9931,Philippine Peso Indian Rupee,Forex,INR
PHPISK,9932,Philippine Peso Icelandic Kr,Forex,ISK
PHPJMD,9933,Philippine Peso Jamaican Dollar,Forex,JMD
PHPJPY,9934,Philippine Peso Japanese Yen,Forex,JPY
PHPKES,9935,Philippine Peso Kenyan Shilling,Forex,KES
PHPKRW,9936,Philippine Peso Korean Won,Forex,KRW
PHPLBP,9937,Philippine Peso Lebanese Pound,Forex,LBP
PHPLKR,9938,Philippine Peso Sri Lankan Rupee,Forex,LKR
PHPMAD,9939,Philippine Peso Moroccan Dirham,Forex,MAD
PHPMXN,9940,Philippine Peso Mexican Peso,Forex,MXN
PHPMYR,9941,Philippine Peso Malaysian Ringgit,Forex,MYR
PHPNAD,9942,Philippine Peso Namibian Dollar,Forex,NAD
PHPNOK,9943,Philippine Peso Norwegian Krone,Forex,NOK
PHPNPR,9944,Philippine Peso Nepalese Rupee,Forex,NPR
PHPPKR,9945,Philippine Peso Pakistani Rupee,Forex,PKR
PHPRUB,9946,Philippine Peso Russian Ruble,Forex,RUB
PHPSEK,9947,Philippine Peso Swedish Krona,Forex,SEK
PHPTHB,9948,Philippine Peso Thai Baht,Forex,THB
PHPTRY,9949,Philippine Peso Turkish Lira,Forex,TRY
PHPXAF,9950,Philippine Peso Central African Franc,Forex,XAF
PHPXOF,9951,Philippine Peso West African CFA franc,Forex,XOF
PHPZAR,9952,Philippine Peso South African Rand,Forex,ZAR
PKRPHP,9959,Pakistani Rupee Philippine Peso,Forex,PHP
PLNPHP,10007,Polish Zloty Philippine Peso,Forex,PHP
RUBPHP,10055,Russian Ruble Philippine Peso,Forex,PHP
SARPHP,10109,Saudi Riyal Philippine Peso,Forex,PHP
SEKPHP,10158,Swedish Krona Philippine Peso,Forex,PHP
SGDPHP,10197,Singapore Dollar Philippine Peso,Forex,PHP
THBPHP,10232,Thai Baht Philippine Peso,Forex,PHP
TRYPHP,10279,Turkish Lira Philippine Peso,Forex,PHP
TWDPHP,10330,Taiwan Dollar Philippine Peso,Forex,PHP
VEFPHP,10385,Venezuelan Bolivar Philippine Peso,Forex,PHP
