AVNRp,10877,Avner L,TA25,ILS
AZRG,11316,Azrieli Group,TA25,ILS
BEZQ,10880,Bezeq,TA25,ILS
DEDRp,10890,Delek Drilling LP,TA25,ILS
DLEKG,10891,Delek Group,TA25,ILS
DSCT,10899,Discount,TA25,ILS
ESLT,10906,Elbit Systems Ltd,TA25,ILS
FTIN,10912,First International Bank of Israel,TA25,ILS
FRUT,10911,Frutarom,TA25,ILS
GZT,10915,Gazit Globe,TA25,ILS
ICL,10923,ICL Israel Chemicals Ltd,TA25,ILS
ILCO,10925,Israel Corp,TA25,ILS
ISRAp,10926,Isramco L,TA25,ILS
LUMI,10932,Leumi,TA25,ILS
MLSR,10936,Melisron,TA25,ILS
MZTF,10939,Mizrahi Tefahot,TA25,ILS
NICE,10941,Nice,TA25,ILS
OPK,41400,Opko Health Inc,TA25,ILS
ORA,945707,Ormat Technologies Inc,TA25,ILS
PZOL,10955,Paz Oil,TA25,ILS
PRGO,10953,Perrigo Co,TA25,ILS
POLI,10952,Poalim,TA25,ILS
STRS,10961,Strauss Group,TA25,ILS
TEVA,10963,Teva Pharma Industries Ltd,TA25,ILS
