DJI,169,Dow Jones Industrial Average,Index,USD
SPX,166,S&P 500,Index,USD
IXIC,14958,NASDAQ Composite,Index,USD
US2000,170,US SmallCap 2000,Index,USD
VIX,44336,CBOE Volatility Index,Index,USD
GSPTSE,24441,S&P/TSX Composite,Index,CAD
TRX50CAP,941629,Thomson Reuters Canada 50,Index,CAD
BVSP,17920,Bovespa,Index,BRL
MXX,27254,IPC,Index,MXN
GDAXI,172,DAX,Index,EUR
FTSE,27,FTSE 100,Index,GBP
FCHI,167,CAC 40,Index,EUR
STOXX50E,175,Euro Stoxx 50,Index,EUR
AEX,168,AEX,Index,EUR
IBEX,174,IBEX 35,Index,EUR
FTMIB,177,FTSE MIB,Index,EUR
SSMI,176,SMI,Index,CHF
PSI20,14600,PSI 20,Index,EUR
BFX,14601,BEL 20,Index,EUR
OMXS30,25685,OMX Stockholm 30,Index,SEK
MCX,13666,MICEX,Index,RUB
IRTS,13665,RTSI,Index,RUB
XU100,19155,BIST 100,Index,TRY
TA25,10529,TA 25,Index,ILS
TASI,11319,Tadawul All Share,Index,SAR
N225,178,Nikkei 225,Index,JPY
AXJO,171,S&P/ASX 200,Index,AUD
NZDOW,41141,Dow Jones New Zealand,Index,NZD
FTXIN9,28930,FTSE China A50,Index,CNY
DJSH,954522,Dow Jones Shanghai,Index,CNY
HSI,179,Hang Seng,Index,HKD
TWII,38017,Taiwan Weighted,Index,TWD
KS11,37426,KOSPI,Index,KRW
JKSE,29049,Jakarta Stock Exchange Composite Index,Index,IDR
NSEI,17940,Nifty 50,Index,INR
BSESN,39929,BSE Sensex 30,Index,INR
CSE,29151,CSE All-Share,Index,LKR
BUX,38014,Budapest SE,Index,HUF
