NZDUSD,8,New Zealand Dollar US Dollar,Forex,USD
AUDNZD,50,Australian Dollar New Zealand Dollar,Forex,NZD
EURNZD,52,Euro New Zealand Dollar,Forex,NZD
GBPNZD,55,British Pound New Zealand Dollar,Forex,NZD
NZDCAD,56,New Zealand Dollar Canadian Dollar,Forex,CAD
NZDCHF,57,New Zealand Dollar Swiss Franc,Forex,CHF
NZDJPY,58,New Zealand Dollar Japanese Yen,Forex,JPY
NZDDKK,72,New Zealand Dollar Danish Krone,Forex,DKK
NZDCZK,80,New Zealand Dollar Czech Koruna,Forex,CZK
NZDPLN,82,New Zealand Dollar Polish Zloty,Forex,PLN
NZDHUF,92,New Zealand Dollar Hungarian Forint,Forex,HUF
NZDSEK,118,New Zealand Dollar Swedish Krona,Forex,SEK
NZDTHB,120,New Zealand Dollar Thai Baht,Forex,THB
NZDZAR,121,New Zealand Dollar South African Rand,Forex,ZAR
NZDSGD,149,New Zealand Dollar Singapore Dollar,Forex,SGD
NZDHKD,150,New Zealand Dollar Hong Kong Dollar,Forex,HKD
CADNZD,1534,Canadian Dollar New Zealand Dollar,Forex,NZD
CHFNZD,1556,Swiss Franc New Zealand Dollar,Forex,NZD
JPYNZD,1904,Japanese Yen New Zealand Dollar,Forex,NZD
MYRNZD,1964,Malaysian Ringgit New Zealand Dollar,Forex,NZD
NZDAUD,1980,New Zealand Dollar Australian Dollar,Forex,AUD
NZDCNY,1981,New Zealand Dollar Chinese Yuan,Forex,CNY
NZDEUR,1982,New Zealand Dollar Euro,Forex,EUR
NZDGBP,1983,New Zealand Dollar British Pound,Forex,GBP
NZDIDR,1984,New Zealand Dollar Indonesian Rupiah,Forex,IDR
NZDINR,1985,New Zealand Dollar Indian Rupee,Forex,INR
NZDKRW,1986,New Zealand Dollar Korean Won,Forex,KRW
NZDMYR,1987,New Zealand Dollar Malaysian Ringgit,Forex,MYR
NZDPKR,1988,New Zealand Dollar Pakistani Rupee,Forex,PKR
NZDTWD,1989,New Zealand Dollar Taiwan Dollar,Forex,TWD
SGDNZD,2039,Singapore Dollar New Zealand Dollar,Forex,NZD
USDNZD,2174,US Dollar New Zealand Dollar,Forex,NZD
AEDNZD,9295,UAE Dirham New Zealand Dollar,Forex,NZD
ARSNZD,9347,Argentinian Peso New Zealand Dollar,Forex,NZD
BRLNZD,9439,Brazil Real New Zealand Dollar,Forex,NZD
CNYNZD,9522,Chinese Yuan New Zealand Dollar,Forex,NZD
DKKNZD,9595,Danish Krone New Zealand Dollar,Forex,NZD
HKDNZD,9640,Hong Kong Dollar New Zealand Dollar,Forex,NZD
ILSNZD,9708,Israeli Shekel New Zealand Dollar,Forex,NZD
MXNNZD,9817,Mexican Peso New Zealand Dollar,Forex,NZD
NOKNZD,9868,Norwegian Krone New Zealand Dollar,Forex,NZD
NZDAED,9888,New Zealand Dollar UAE Dirham,Forex,AED
NZDARS,9889,New Zealand Dollar Argentinian Peso,Forex,ARS
NZDBBD,9890,New Zealand Dollar Barbadian Dollar,Forex,BBD
NZDBHD,9891,New Zealand Dollar Baharain Dinar,Forex,BHD
NZDBRL,9892,New Zealand Dollar Brazil Real,Forex,BRL
NZDCLP,9893,New Zealand Dollar Chilean Peso,Forex,CLP
NZDEGP,9895,New Zealand Dollar Egyptian Pound,Forex,EGP
NZDILS,9896,New Zealand Dollar Israeli Shekel,Forex,ILS
NZDISK,9897,New Zealand Dollar Icelandic Kr,Forex,ISK
NZDJMD,9898,New Zealand Dollar Jamaican Dollar,Forex,JMD
NZDJOD,9899,New Zealand Dollar Jordan Dinar,Forex,JOD
NZDKES,9900,New Zealand Dollar Kenyan Shilling,Forex,KES
NZDLBP,9901,New Zealand Dollar Lebanese Pound,Forex,LBP
NZDLKR,9902,New Zealand Dollar Sri Lankan Rupee,Forex,LKR
NZDMAD,9905,New Zealand Dollar Moroccan Dirham,Forex,MAD
NZDMXN,9906,New Zealand Dollar Mexican Peso,Forex,MXN
NZDNAD,9907,New Zealand Dollar Namibian Dollar,Forex,NAD
NZDNOK,9908,New Zealand Dollar Norwegian Krone,Forex,NOK
NZDNPR,9909,New Zealand Dollar Nepalese Rupee,Forex,NPR
NZDOMR,9910,New Zealand Dollar Omani Rial,Forex,OMR
NZDPAB,9911,New Zealand Dollar Panamanian Balboa,Forex,PAB
NZDPHP,9912,New Zealand Dollar Philippine Peso,Forex,PHP
NZDQAR,9913,New Zealand Dollar Qatari Riyal,Forex,QAR
NZDRON,9914,New Zealand Dollar Romanian Leu,Forex,RON
NZDRUB,9915,New Zealand Dollar Russian Ruble,Forex,RUB
NZDSAR,9916,New Zealand Dollar Saudi Riyal,Forex,SAR
NZDTRY,9917,New Zealand Dollar Turkish Lira,Forex,TRY
NZDVEF,9918,New Zealand Dollar Venezuelan Bolivar,Forex,VEF
NZDXAF,9919,New Zealand Dollar Central African Franc,Forex,XAF
NZDXCD,9920,New Zealand Dollar East Caribbean Dollar,Forex,XCD
NZDXOF,9921,New Zealand Dollar West African CFA franc,Forex,XOF
PLNNZD,10004,Polish Zloty New Zealand Dollar,Forex,NZD
SARNZD,10106,Saudi Riyal New Zealand Dollar,Forex,NZD
SEKNZD,10155,Swedish Krona New Zealand Dollar,Forex,NZD
TRYNZD,10276,Turkish Lira New Zealand Dollar,Forex,NZD
TWDNZD,10327,Taiwan Dollar New Zealand Dollar,Forex,NZD
VEFNZD,10382,Venezuelan Bolivar New Zealand Dollar,Forex,NZD
ZARNZD,10430,South African Rand New Zealand Dollar,Forex,NZD
NZDBYN,53091,New Zealand Dollar Belarusian Ruble,Forex,BYN
