USDCHF,4,US Dollar Swiss Franc,Forex,CHF
EURCHF,10,Euro Swiss Franc,Forex,CHF
GBPCHF,12,British Pound Swiss Franc,Forex,CHF
CHFJPY,13,Swiss Franc Japanese Yen,Forex,JPY
CADCHF,14,Canadian Dollar Swiss Franc,Forex,CHF
AUDCHF,48,Australian Dollar Swiss Franc,Forex,CHF
NZDCHF,57,New Zealand Dollar Swiss Franc,Forex,CHF
CHFPLN,86,Swiss Franc Polish Zloty,Forex,PLN
CHFHUF,90,Swiss Franc Hungarian Forint,Forex,HUF
CHFSGD,107,Swiss Franc Singapore Dollar,Forex,SGD
CHFHKD,108,Swiss Franc Hong Kong Dollar,Forex,HKD
CHFNOK,113,Swiss Franc Norwegian Krone,Forex,NOK
CHFZAR,123,Swiss Franc South African Rand,Forex,ZAR
CHFTRY,126,Swiss Franc Turkish Lira,Forex,TRY
CHFDKK,136,Swiss Franc Danish Krone,Forex,DKK
CHFSEK,138,Swiss Franc Swedish Krona,Forex,SEK
CHFCZK,140,Swiss Franc Czech Koruna,Forex,CZK
BRLCHF,1508,Brazil Real Swiss Franc,Forex,CHF
CHFAED,1540,Swiss Franc UAE Dirham,Forex,AED
CHFARS,1541,Swiss Franc Argentinian Peso,Forex,ARS
CHFAUD,1542,Swiss Franc Australian Dollar,Forex,AUD
CHFBGN,1543,Swiss Franc Bulgarian Lev,Forex,BGN
CHFBRL,1544,Swiss Franc Brazil Real,Forex,BRL
CHFCAD,1545,Swiss Franc Canadian Dollar,Forex,CAD
CHFCNY,1546,Swiss Franc Chinese Yuan,Forex,CNY
CHFEUR,1547,Swiss Franc Euro,Forex,EUR
CHFGBP,1548,Swiss Franc British Pound,Forex,GBP
CHFIDR,1549,Swiss Franc Indonesian Rupiah,Forex,IDR
CHFILS,1550,Swiss Franc Israeli Shekel,Forex,ILS
CHFINR,1551,Swiss Franc Indian Rupee,Forex,INR
CHFKRW,1553,Swiss Franc Korean Won,Forex,KRW
CHFMXN,1554,Swiss Franc Mexican Peso,Forex,MXN
CHFMYR,1555,Swiss Franc Malaysian Ringgit,Forex,MYR
CHFNZD,1556,Swiss Franc New Zealand Dollar,Forex,NZD
CHFTHB,1558,Swiss Franc Thai Baht,Forex,THB
CHFTWD,1559,Swiss Franc Taiwan Dollar,Forex,TWD
CHFUSD,1560,Swiss Franc US Dollar,Forex,USD
DKKCHF,1582,Danish Krone Swiss Franc,Forex,CHF
ISKCHF,1880,Icelandic Kr Swiss Franc,Forex,CHF
JPYCHF,1892,Japanese Yen Swiss Franc,Forex,CHF
NOKCHF,1973,Norwegian Krone Swiss Franc,Forex,CHF
SEKCHF,2015,Swedish Krona Swiss Franc,Forex,CHF
SGDCHF,2029,Singapore Dollar Swiss Franc,Forex,CHF
TRYCHF,2063,Turkish Lira Swiss Franc,Forex,CHF
AEDCHF,9279,UAE Dirham Swiss Franc,Forex,CHF
ARSCHF,9333,Argentinian Peso Swiss Franc,Forex,CHF
CNYCHF,9495,Chinese Yuan Swiss Franc,Forex,CHF
CHFBBD,9541,Swiss Franc Barbadian Dollar,Forex,BBD
CHFBHD,9542,Swiss Franc Baharain Dinar,Forex,BHD
CHFCLP,9543,Swiss Franc Chilean Peso,Forex,CLP
CHFEGP,9546,Swiss Franc Egyptian Pound,Forex,EGP
CHFISK,9547,Swiss Franc Icelandic Kr,Forex,ISK
CHFJMD,9548,Swiss Franc Jamaican Dollar,Forex,JMD
CHFJOD,9549,Swiss Franc Jordan Dinar,Forex,JOD
CHFKES,9550,Swiss Franc Kenyan Shilling,Forex,KES
CHFLBP,9551,Swiss Franc Lebanese Pound,Forex,LBP
CHFLKR,9552,Swiss Franc Sri Lankan Rupee,Forex,LKR
CHFMAD,9555,Swiss Franc Moroccan Dirham,Forex,MAD
CHFNAD,9556,Swiss Franc Namibian Dollar,Forex,NAD
CHFNPR,9557,Swiss Franc Nepalese Rupee,Forex,NPR
CHFOMR,9558,Swiss Franc Omani Rial,Forex,OMR
CHFPAB,9559,Swiss Franc Panamanian Balboa,Forex,PAB
CHFPHP,9560,Swiss Franc Philippine Peso,Forex,PHP
CHFPKR,9561,Swiss Franc Pakistani Rupee,Forex,PKR
CHFQAR,9562,Swiss Franc Qatari Riyal,Forex,QAR
CHFRON,9563,Swiss Franc Romanian Leu,Forex,RON
CHFRUB,9564,Swiss Franc Russian Ruble,Forex,RUB
CHFSAR,9565,Swiss Franc Saudi Riyal,Forex,SAR
CHFVEF,9566,Swiss Franc Venezuelan Bolivar,Forex,VEF
CHFXAF,9567,Swiss Franc Central African Franc,Forex,XAF
CHFXCD,9568,Swiss Franc East Caribbean Dollar,Forex,XCD
HKDCHF,9619,Hong Kong Dollar Swiss Franc,Forex,CHF
ILSCHF,9680,Israeli Shekel Swiss Franc,Forex,CHF
MXNCHF,9794,Mexican Peso Swiss Franc,Forex,CHF
PLNCHF,9978,Polish Zloty Swiss Franc,Forex,CHF
SARCHF,10076,Saudi Riyal Swiss Franc,Forex,CHF
TWDCHF,10302,Taiwan Dollar Swiss Franc,Forex,CHF
VEFCHF,10352,Venezuelan Bolivar Swiss Franc,Forex,CHF
ZARCHF,10409,South African Rand Swiss Franc,Forex,CHF
RUBCHF,13918,Russian Ruble Swiss Franc,Forex,CHF
KRWCHF,13927,Korean Won Swiss Franc,Forex,CHF
CHFBYN,53088,Swiss Franc Belarusian Ruble,Forex,BYN
CHFUAH,940803,Swiss Franc Ukrainian Hryvnia,Forex,UAH
CHFRUB,993163,Swiss Franc Russian Ruble,Forex,RUB
USDCHF,993164,US Dollar Swiss Franc,Forex,CHF
IDRCHF,1031292,Indonesian Rupiah Swiss Franc,Forex,CHF
