0P0000O4CX,1026929,AP7 Aktiefond,,
0P00000F01,1026844,Didner & Gerge Aktiefond,,
0P000014O2,1026906,Nordea Stratega 30,,
0P00000LRZ,1026898,SEB Världenfond,,
0P00000LDS,1026887,Swedbank Robur Kapitalinvest,,
0P00000LCG,1031925,Swedbank Robur Technology,,
0P00000K14,1026862,AMF Aktiefond Världen,,
LP68278668,1011197,Handelsbanken Multi Asset 25,,
0P0000HVDX,1036256,Handelsbanken Global Index Criteria AI,,
0P0000HVDW,1036253,Handelsbanken Global Index Criteria A,,
0P0000L1P1,1039627,Handelsbanken Global Index Criteria BI,,
0P00000LDD,1026886,Swedbank Robur IP Aktiefond,,
0P0000ZWWE,1032650,DNB Global Indeks,,
0P00009H3L,1026914,Swedbank Robur Bas Solid,,
0P0000XD8B,1031919,Handelsbanken Svenska Småbolag utd,,
0P00000F8N,1031883,Handelsbanken Svenska Småbolag,,
0P000136IT,1031882,Handelsbanken Svenska Småbolag,,
0P0000XD89,1026960,Handelsbanken MSCI USA Index utd,,
LP68128065,1011193,Handelsbanken MSCI USA Index,,
0P0000YFON,1026968,Handelsbanken MSCI USA Index,,
A1 NOK,1031897,Handelsbanken USA Index,,
0P00000LTD,1026901,SPP Generation 50-tal Inc,,
0P0000XD8A,1026961,Handelsbanken Nordiska Småbolag utd,,
0P00000F8D,1026851,Handelsbanken Nordiska Småbolag,,
0P0000RWXZ,1026932,Handelsbanken Nordiska Småbolag,,
A1 NOK,1031913,Handelsbanken Nordiska Småbolag,,
0P0000WU6Q,1026949,Handelsbanken MSCI USA Index,,
0P00000K48,1026865,Swedbank Robur Ny Teknik,,
0P00001BHG,1026910,Handelsbanken Nordiska Småbolag,,
0P00000E0F,1026842,Carnegie Sverigefond,,
0P00000H3S,1026855,Nordea Stratega 50,,
0P00000L9T,1026884,Nordea Generationsfond 60-tal,,
0P0000TIMC,1032652,DNB Teknologi,,
0P0000NGDJ,1038577,Carnegie Corporate Bond Fund D,,
0P00000KJ0,1038576,Carnegie Corporate Bond Fund A,,
0P00000H3U,1026856,Nordea Stratega 70,,
0P00000LST,1026900,SPP Aktiefond Global,,
0P0001647M,1026989,SPP Aktiefond Global B,,
0P00000FYR,1026853,SPP Aktiefond USA,,
0P0000IWH7,1026916,Didner & Gerge Småbolag,,
0P00000LTH,1026902,SPP Generation 70-tal Inc,,
0P00000LPY,1026892,SEB Aktiesparfond,,
0P0000YXKR,1026977,Carnegie Strategifond G,,
0P00000I87,1031884,Carnegie Strategifond,,
0P0000YVZ3,1026972,Länsförsäkringar Global Indexnära,,
0P00016L23,1031898,Swedbank Robur Access USA,,
0P00000L9Q,1026883,Nordea Generationsfond 50-tal,,
B5 SEK,1031893,Handelsbanken Företagsobligfd,,
0P00000KJE,1026868,KPA Etisk Blandfond 2,,
0P00017M16,1026991,Länsförsäkringar Sverige Aktiv B,,
LP60046911,1011186,Länsförsäkringar Sverige Aktiv A,,
0P00000LCZ,1026885,Swedbank Robur Exportfond,,
LP68022608,1011196,Länsförsäkringar USA Indexnära,,
0P000015GF,1038710,Danske Invest SICAV - Japan A,,
0P00000L8L,1041419,Nordea Futura,,
0P000014O3,1026907,Nordea Stratega 100,,
0P00000L8T,1041420,Nordea Obligationsinvest Acc,,
0P0000805P,1031902,Swedbank Robur Global Emerging Markets,,
0P0000U4K3,1026935,Didner & Gerge Global,,
0P00015CSV,1026987,Handelsbanken Asien Tema,,
0P000123I4,1026985,Handelsbanken Asien Tema,,
0P00000F83,1026849,Handelsbanken Asien Tema,,
A1 NOK,1031905,Handelsbanken Asien Tema,,
LP68203428,1011198,SEB Dynamisk Aktiefond Utd,,
0P00000LQC,1026895,SEB Dynamisk Aktiefond,,
LP68146594,1011190,Nordea Institusjonella Räntefonden långa placeringar Sve icke-utd,,
0P0000V18S,1026939,Nordea Bostadsobligationsfond icke-utd,,
0P0000VJP8,1026942,Nordea Bostadsobligation utd,,
0P00000LQ4,1031929,SEB Emerging Marketsfond,,
0P00000LQ6,1026893,SEB Europafond Småbolag,,
0P00000K19,1026864,AMF Räntefond Lång,,
LP68087308,1011194,Nordea Småbolagsfond Sverige,,
0P00000LJK,1026890,SEB Sverigefond Småbolag C/R,,
0P0000Y4W8,1026966,SEB Sverige Småbol C/R utd,,
0P0000SLZG,1026933,SEB Stiftelsefond Balanserad,,
0P00016XAU,1032636,ODIN Norge D,,
0P00016XAQ,1032630,ODIN Norge A,,
0P00016XAT,1032633,ODIN Norge B,,
0P00000KBI,1032620,ODIN Norge C,,
0P0000ULAP,1026938,Spiltan Aktiefond Investmentbolag,,
0P00000IAJ,1026860,Skandia Time Global Inc,,
LP65150085,1011191,Lannebo Sverige Plus,,
0P00016XB2,1032645,ODIN Europa B,,
0P00016XAZ,1032639,ODIN Europa A,,
0P00016XB4,1032642,ODIN Europa D,,
0P0000VPFD,1026943,Simplicity Företagsobligationer A,,
0P00000LE3,1026888,Swedbank Robur Mixfond Pension,,
0P00000K17,1026863,AMF Aktiefond Europa,,
0P0000SSGV,1026934,Cliens Sverige Fokus A,,
0P00000FYT,1026854,SPP Obligationsfond Inc,,
0P00000L3R,1026877,Länsförsäkringar Pension 2030,,
LP68135402,1011192,Safe Play,,
0P00000L3P,1026876,Länsförsäkringar Pension 2025,,
0P0000VJP4,1026941,Nordea Obligationsfond utd,,
0P00000L9K,1026882,Nordea Obligationsfond icke-utd,,
0P00000LHE,1031923,Öhman Global Hållbar A,,
0P00013XHH,1031921,Handelsbanken Pension 60 Aktiv,,
LP68281844,1011201,Handelsbanken Norden Selektiv B1 SEK,,
LP68281840,1011199,Handelsbanken Norden Selektiv A1 SEK,,
A1 NOK,1031895,Handelsbanken Norden Selektiv,,
