AAV,24442,Advantage Oil & Gas Ltd.,GSPTSE,CAD
ARE,24454,Aecon Group Inc.,GSPTSE,CAD
AEM,24446,Agnico Eagle Mines Limited,GSPTSE,CAD
AGU,24449,Agrium Inc,GSPTSE,CAD
AIM,24450,Aimia Inc,GSPTSE,CAD
AC,24698,Air Canada,GSPTSE,CAD
ASR,24457,Alacer Gold Corp.,GSPTSE,CAD
AGI,24448,Alamos Gold Inc,GSPTSE,CAD
AD,40469,Alaris Royalty Corp.,GSPTSE,CAD
AQN,24453,Algonquin Power & Utilities Corp,GSPTSE,CAD
ATDb,24458,Alimentation Couche-Tard Inc,GSPTSE,CAD
AP_u,24452,Allied Properties REIT,GSPTSE,CAD
ALA,24451,AltaGas Ltd.,GSPTSE,CAD
AYA,102947,Amaya Inc,GSPTSE,CAD
ARX,24455,ARC Resources Ltd.,GSPTSE,CAD
AX_u,24463,Artis REIT,GSPTSE,CAD
ACOx,24445,Atco Ltd,GSPTSE,CAD
ATA,24735,ATS Automation Tooling Systems Inc.,GSPTSE,CAD
AVO,42728,Avigilon Corp,GSPTSE,CAD
BTO,24480,B2Gold Corp,GSPTSE,CAD
BAD,24750,Badger Daylighting Ltd.,GSPTSE,CAD
BMO,24473,Bank of Montreal,GSPTSE,CAD
BNS,24477,Bank of Nova Scotia,GSPTSE,CAD
ABX,24443,Barrick Gold Corporation,GSPTSE,CAD
BTE,24479,Baytex Energy Corp,GSPTSE,CAD
BCE,24469,BCE Inc.,GSPTSE,CAD
BIR,24472,Birchcliff Energy Ltd.,GSPTSE,CAD
BB,24639,BlackBerry Ltd,GSPTSE,CAD
BEI_u,24470,Boardwalk REIT,GSPTSE,CAD
BBDb,24467,Bombardier Inc,GSPTSE,CAD
BNP,24476,Bonavista Energy Corp,GSPTSE,CAD
BNE,24474,Bonterra Energy Corp,GSPTSE,CAD
BYD_u,24777,Boyd Group Income Fund,GSPTSE,CAD
BAMa,24466,Brookfield Asset Management Inc,GSPTSE,CAD
DOO,42751,BRP Inc.,GSPTSE,CAD
CAE,24481,CAE Inc.,GSPTSE,CAD
CCO,24485,Cameco Corp,GSPTSE,CAD
CM,24497,Canadian Imperial Bank Of Commerce,GSPTSE,CAD
CNQ,24498,Canadian Natural Resources Limited,GSPTSE,CAD
REF_u,24636,Canadian REIT,GSPTSE,CAD
CTCa,24508,Canadian Tire Corp Ltd,GSPTSE,CAD
CU,24509,Canadian Utilities Limited,GSPTSE,CAD
CWB,24513,Canadian Western Bank,GSPTSE,CAD
CFP,24486,Canfor Corporation,GSPTSE,CAD
CPX,24503,Capital Power Corporation,GSPTSE,CAD
CCLb,24484,CCL Industries Inc,GSPTSE,CAD
CLS,24495,Celestica Inc.,GSPTSE,CAD
CVE,24512,Cenovus Energy Inc,GSPTSE,CAD
CG,24488,Centerra Gold Inc,GSPTSE,CAD
GIBa,24549,CGI Group Inc,GSPTSE,CAD
CSH_u,24506,Chartwell Retirement Residences,GSPTSE,CAD
CHE_u,24802,Chemtrade Logistics Income Fund,GSPTSE,CAD
CIX,24492,CI Financial Corp,GSPTSE,CAD
CGX,24490,Cineplex Inc.,GSPTSE,CAD
CCA,24483,Cogeco Communications Inc,GSPTSE,CAD
CIG,24541,Colliers International Group,GSPTSE,CAD
CUF_u,24510,Cominar Real Estate Investment Trust,GSPTSE,CAD
CMG,42796,Computer Modelling Group Ltd.,GSPTSE,CAD
CXR,943852,Concordia Healthcare,GSPTSE,CAD
CSU,40463,Constellation Software Inc.,GSPTSE,CAD
CJRb,24493,Corus Entertainment Inc,GSPTSE,CAD
BCB,24468,Cott Corporation,GSPTSE,CAD
CPG,24502,Crescent Point Energy Corp.,GSPTSE,CAD
CR,24504,Crew Energy Inc,GSPTSE,CAD
CRR_u,24822,Crombie REIT,GSPTSE,CAD
DSG,24856,Descartes Systems Group Inc,GSPTSE,CAD
DGC,24517,Detour Gold Corporation,GSPTSE,CAD
DH,24518,DH Corp,GSPTSE,CAD
DHXb,42821,DHX Media Ltd,GSPTSE,CAD
DOL,24521,Dollarama Inc,GSPTSE,CAD
DDC,40481,Dominion Diamond Corp,GSPTSE,CAD
DIIb,24519,Dorel Industries Inc,GSPTSE,CAD
DRG_u,40482,Dream Global Real Estate Investment Trust,GSPTSE,CAD
D_u,24515,Dream Office Real Estate Investment Trust,GSPTSE,CAD
ELD,24527,Eldorado Gold Corporation,GSPTSE,CAD
EFN,40485,Element Financial Corporation,GSPTSE,CAD
EMA,24528,Emera Incorporated,GSPTSE,CAD
EMPa,24529,Empire Company Ltd,GSPTSE,CAD
ENF,24870,Enbridge Income Fund Holdings Inc.,GSPTSE,CAD
ENB,24530,Enbridge Inc,GSPTSE,CAD
ECA,24523,Encana Corporation,GSPTSE,CAD
ECI,24863,Enercare Inc,GSPTSE,CAD
EFX,24525,Enerflex Ltd.,GSPTSE,CAD
ERF,24531,Enerplus Corporation,GSPTSE,CAD
ESL,42839,Enghouse Systems Limited,GSPTSE,CAD
ESI,24532,Ensign Energy Services Inc.,GSPTSE,CAD
EXE,24533,Extendicare Inc,GSPTSE,CAD
FFH,24536,Fairfax Financial Holdings Limited,GSPTSE,CAD
FTT,24543,Finning International Inc.,GSPTSE,CAD
FCR,24534,First Capital Realty Inc.,GSPTSE,CAD
FR,24539,First Majestic Silver Corp,GSPTSE,CAD
FM,24537,First Quantum Minerals,GSPTSE,CAD
FSV,953907,New Firstservice Corp,GSPTSE,CAD
FTS,24542,Fortis Inc.,GSPTSE,CAD
FNV,24538,Franco-Nevada Corporation,GSPTSE,CAD
FRU,24540,Freehold Royalties Ltd.,GSPTSE,CAD
MIC,24587,Genworth MI Canada Inc.,GSPTSE,CAD
WN,24689,George Weston Limited,GSPTSE,CAD
GEI,40487,Gibson Energy Inc.,GSPTSE,CAD
GIL,24550,Gildan Activewear Inc.,GSPTSE,CAD
G,24545,Goldcorp Inc,GSPTSE,CAD
GTE,31137,Gran Tierra Energy Inc.,GSPTSE,CAD
GRT_u,40489,Granite Real Estate Investment Trust,GSPTSE,CAD
GC,24908,Great Canadian Gaming Corporation,GSPTSE,CAD
GWO,24553,Great-West Lifeco Inc.,GSPTSE,CAD
HR_u,24556,H&R REIT,GSPTSE,CAD
HCG,24555,Home Capital Group Inc.,GSPTSE,CAD
HBM,24554,HudBay Minerals Inc.,GSPTSE,CAD
HBC,42899,Hudson's Bay Company,GSPTSE,CAD
HSE,24557,Husky Energy Inc.,GSPTSE,CAD
IAG,24559,Industrial Alliance Insurance&Svcs,GSPTSE,CAD
IMG,24562,IAMGold Corporation,GSPTSE,CAD
IGM,24561,IGM Financial Inc.,GSPTSE,CAD
IMO,24564,Imperial Oil Limited,GSPTSE,CAD
INE,24956,Innergex Renewable Energy Inc.,GSPTSE,CAD
IFC,24560,Intact Financial Corporation,GSPTSE,CAD
IPL,24565,Inter Pipeline Ltd,GSPTSE,CAD
IFP,24952,Interfor Corp,GSPTSE,CAD
IT,943944,Intertain Group,GSPTSE,CAD
ITP,40491,Intertape Polymer Group Inc.,GSPTSE,CAD
JE,24568,Just Energy Group Inc.,GSPTSE,CAD
KEL,42929,Kelt Exploration Ltd.,GSPTSE,CAD
KEY,24570,Keyera Corp.,GSPTSE,CAD
KXS,959119,Kinaxis Inc,GSPTSE,CAD
K,24569,Kinross Gold Corporation,GSPTSE,CAD
LIF,24575,Labrador Iron Ore Royalty Corp,GSPTSE,CAD
LB,24573,Laurentian Bank Of Canada,GSPTSE,CAD
PJCa,24617,Le Groupe Jean Coutu PJC Inc,GSPTSE,CAD
LNR,24576,Linamar Corporation,GSPTSE,CAD
L,24572,Loblaw Companies Limited,GSPTSE,CAD
LUN,24578,Lundin Mining Corporation,GSPTSE,CAD
MDA,24580,MacDonald Dettwiler and Associates Ltd,GSPTSE,CAD
MG,24586,Magna International Inc,GSPTSE,CAD
MBT,24579,Manitoba Telecom Services Inc.,GSPTSE,CAD
MFC,24583,Manulife Financial Corp,GSPTSE,CAD
MFI,24584,Maple Leaf Foods Inc.,GSPTSE,CAD
MRE,25012,Martinrea International Inc.,GSPTSE,CAD
MEG,24582,MEG Energy Corp,GSPTSE,CAD
MX,24591,Methanex Corporation,GSPTSE,CAD
MRU,24589,Metro Inc.,GSPTSE,CAD
MST_u,42976,Milestone Apartments REIT,GSPTSE,CAD
MNW,42979,Mitel Networks Corp,GSPTSE,CAD
MTL,24590,Mullen Group Ltd.,GSPTSE,CAD
NA,24592,National Bank of Canada,GSPTSE,CAD
NSU,24601,Nevsun Resources Ltd.,GSPTSE,CAD
NFI,42990,New Flyer Industries Inc,GSPTSE,CAD
NGD,24598,New Gold Inc.,GSPTSE,CAD
OSB,25025,Norbord Inc,GSPTSE,CAD
NWC,24603,North West Company Inc.,GSPTSE,CAD
NPI,24600,Northland Power Inc.,GSPTSE,CAD
NVU_u,25039,Northview Apartment REIT,GSPTSE,CAD
NG,24597,Novagold Resources Inc.,GSPTSE,CAD
NVA,24602,NuVista Energy Ltd.,GSPTSE,CAD
OGC,24606,Oceanagold Corporation,GSPTSE,CAD
OCX,24605,ONEX Corporation,GSPTSE,CAD
OTC,24608,Open Text Corporation,GSPTSE,CAD
OR,941685,Osisko Gold Ro,GSPTSE,CAD
PAA,24609,Pan American Silver Corp,GSPTSE,CAD
PXT,40498,Parex Resources Inc,GSPTSE,CAD
PKI,24618,Parkland Fuel Corporation,GSPTSE,CAD
PSI,24627,Pason Systems Inc.,GSPTSE,CAD
PPL,24624,Pembina Pipeline Corp,GSPTSE,CAD
PWT,24630,Penn West Petroleum Ltd.,GSPTSE,CAD
PSG,40476,Performance Sports Group Ltd,GSPTSE,CAD
PEY,24614,Peyto Exploration&Development Corp,GSPTSE,CAD
POT,24621,Potash Corporation of Saskatchewan,GSPTSE,CAD
POW,24623,Power Corporation Of Canada,GSPTSE,CAD
PWF,24629,Power Financial Corporation,GSPTSE,CAD
PSK,943642,PrairieSky Royalty Ltd,GSPTSE,CAD
PD,24612,Precision Drilling Corporation,GSPTSE,CAD
PBH,25066,Premium Brands Holdings Corporation,GSPTSE,CAD
PVG,25099,Pretium Resources Inc.,GSPTSE,CAD
BIN,24471,Progressive Waste Solutions Ltd.,GSPTSE,CAD
PLI,43034,ProMetic Life Sciences Inc.,GSPTSE,CAD
AAR_u,24696,Pure Industrial REIT,GSPTSE,CAD
QBRb,24632,Quebecor Inc,GSPTSE,CAD
RRX,43041,Raging River Exploration Inc.,GSPTSE,CAD
REI_u,24637,Riocan REIT,GSPTSE,CAD
RBA,31157,Ritchie Bros Auctioneers,GSPTSE,CAD
RCIb,24635,Rogers Communications Inc,GSPTSE,CAD
RON,24641,RONA Inc.,GSPTSE,CAD
RY,24643,Royal Bank Of Canada,GSPTSE,CAD
RUS,24642,Russel Metals Inc.,GSPTSE,CAD
SAP,24645,Saputo Inc.,GSPTSE,CAD
SES,25148,Secure Energy Services Inc.,GSPTSE,CAD
SMF,24653,SEMAFO Inc.,GSPTSE,CAD
VII,954954,Seven Generations Energy Ltd,GSPTSE,CAD
SJRb,24650,Shaw Communications Inc,GSPTSE,CAD
SCL,24647,ShawCor Ltd.,GSPTSE,CAD
SW,25185,Sierra Wireless Inc.,GSPTSE,CAD
SSO,24656,Silver Standard Resources Inc,GSPTSE,CAD
SLW,24652,Silver Wheaton Corp,GSPTSE,CAD
SRU_u,24514,Smart REIT,GSPTSE,CAD
SNC,24654,SNC-Lavalin Group Inc.,GSPTSE,CAD
STN,24657,Stantec Inc.,GSPTSE,CAD
SJ,43085,Stella-Jones Inc.,GSPTSE,CAD
SLF,24651,Sun Life Financial Inc.,GSPTSE,CAD
SU,24658,Suncor Energy Inc,GSPTSE,CAD
SPB,24655,Superior Plus Corp,GSPTSE,CAD
SGY,40464,Surge Energy Inc.,GSPTSE,CAD
THO,24674,Tahoe Resources Inc,GSPTSE,CAD
TCKb,24664,Teck Resources Ltd,GSPTSE,CAD
T,24662,TELUS Corporation,GSPTSE,CAD
TRI,24679,Thomson Reuters Corporation,GSPTSE,CAD
X,24692,TMX Group Limited,GSPTSE,CAD
TOG,25237,TORC Oil & Gas Ltd.,GSPTSE,CAD
TXG,25220,Torex Gold Resources Inc.,GSPTSE,CAD
TIH,24675,Toromont Industries Ltd.,GSPTSE,CAD
TD,24668,Toronto Dominion Bank,GSPTSE,CAD
TOU,24678,Tourmaline Oil Corp.,GSPTSE,CAD
TA,24663,TransAlta Corp,GSPTSE,CAD
RNW,43104,TransAlta Renewables Inc.,GSPTSE,CAD
TRP,24680,TransCanada Corporation,GSPTSE,CAD
TCLa,24665,Transcontinental Inc,GSPTSE,CAD
TFI,24671,TransForce Inc.,GSPTSE,CAD
TCN,43109,Tricon Capital Group Inc,GSPTSE,CAD
TRQ,24566,Turquoise Hill Resources Ltd.,GSPTSE,CAD
UNS,43121,Uni-Select Inc.,GSPTSE,CAD
VRX,24683,Valeant Pharmaceuticals International Inc,GSPTSE,CAD
VSN,24684,Veresen Inc.,GSPTSE,CAD
VET,24682,Vermilion Energy Inc.,GSPTSE,CAD
WFT,24686,West Fraser Timber Co. Ltd.,GSPTSE,CAD
WEF,43142,Western Forest Products Inc,GSPTSE,CAD
WJA,24688,WestJet Airlines Ltd,GSPTSE,CAD
WTE,24691,Westshore Terminals Investment Corp,GSPTSE,CAD
WCP,25241,Whitecap Resources Inc.,GSPTSE,CAD
WSP,24919,WSP Global Inc,GSPTSE,CAD
YRI,24694,Yamana Gold Inc,GSPTSE,CAD
