GBPUSD,2,British Pound US Dollar,Forex,USD
EURGBP,6,Euro British Pound,Forex,GBP
GBPJPY,11,British Pound Japanese Yen,Forex,JPY
GBPCHF,12,British Pound Swiss Franc,Forex,CHF
GBPAUD,53,British Pound Australian Dollar,Forex,AUD
GBPCAD,54,British Pound Canadian Dollar,Forex,CAD
GBPNZD,55,British Pound New Zealand Dollar,Forex,NZD
GBPSGD,60,British Pound Singapore Dollar,Forex,SGD
GBPILS,65,British Pound Israeli Shekel,Forex,ILS
GBPPLN,89,British Pound Polish Zloty,Forex,PLN
GBPNOK,93,British Pound Norwegian Krone,Forex,NOK
GBPTHB,95,British Pound Thai Baht,Forex,THB
GBPZAR,96,British Pound South African Rand,Forex,ZAR
GBPTRY,97,British Pound Turkish Lira,Forex,TRY
GBPSEK,105,British Pound Swedish Krona,Forex,SEK
GBPCZK,116,British Pound Czech Koruna,Forex,CZK
GBPHKD,132,British Pound Hong Kong Dollar,Forex,HKD
GBPDKK,134,British Pound Danish Krone,Forex,DKK
GBPHUF,135,British Pound Hungarian Forint,Forex,HUF
AUDGBP,1489,Australian Dollar British Pound,Forex,GBP
BNDGBP,1504,Brunei Dollar British Pound,Forex,GBP
BSDGBP,1517,Bahamas Dollar British Pound,Forex,GBP
CADGBP,1526,Canadian Dollar British Pound,Forex,GBP
CHFGBP,1548,Swiss Franc British Pound,Forex,GBP
GBPAED,1727,British Pound UAE Dirham,Forex,AED
GBPALL,1728,British Pound Albanian Lek,Forex,ALL
GBPARS,1729,British Pound Argentinian Peso,Forex,ARS
GBPBBD,1730,British Pound Barbadian Dollar,Forex,BBD
GBPBDT,1731,British Pound Bangladeshi Taka,Forex,BDT
GBPBGN,1732,British Pound Bulgarian Lev,Forex,BGN
GBPBHD,1733,British Pound Baharain Dinar,Forex,BHD
GBPBIF,1734,British Pound Burundian Franc,Forex,BIF
GBPBND,1735,British Pound Brunei Dollar,Forex,BND
GBPBRL,1736,British Pound Brazil Real,Forex,BRL
GBPBSD,1737,British Pound Bahamas Dollar,Forex,BSD
GBPBWP,1738,British Pound Botswana Pula,Forex,BWP
GBPCLP,1739,British Pound Chilean Peso,Forex,CLP
GBPCNY,1740,British Pound Chinese Yuan,Forex,CNY
GBPCOP,1741,British Pound Colombian Peso,Forex,COP
GBPCRC,1742,British Pound Costa Rican Colon,Forex,CRC
GBPDJF,1744,British Pound Djiboutian Franc,Forex,DJF
GBPDOP,1745,British Pound Dominican Peso,Forex,DOP
GBPDZD,1746,British Pound Algerian Dinar,Forex,DZD
GBPEGP,1749,British Pound Egyptian Pound,Forex,EGP
GBPETB,1750,British Pound Ethiopian Birr,Forex,ETB
GBPEUR,1751,British Pound Euro,Forex,EUR
GBPFJD,1752,British Pound Fiji Dollar,Forex,FJD
GBPGMD,1754,British Pound Gambian Dalasi,Forex,GMD
GBPGTQ,1755,British Pound Guatemalan Quetzal,Forex,GTQ
GBPHNL,1756,British Pound Honduran Lempira,Forex,HNL
GBPHRK,1757,British Pound Croatian Kuna,Forex,HRK
GBPHTG,1758,British Pound Haitian Gourde,Forex,HTG
GBPIDR,1759,British Pound Indonesian Rupiah,Forex,IDR
GBPINR,1760,British Pound Indian Rupee,Forex,INR
GBPIQD,1761,British Pound Iraqi Dinar,Forex,IQD
GBPIRR,1762,British Pound Iranian Rial,Forex,IRR
GBPISK,1763,British Pound Icelandic Kr,Forex,ISK
GBPJMD,1764,British Pound Jamaican Dollar,Forex,JMD
GBPJOD,1765,British Pound Jordan Dinar,Forex,JOD
GBPKES,1766,British Pound Kenyan Shilling,Forex,KES
GBPKRW,1767,British Pound Korean Won,Forex,KRW
GBPKWD,1768,British Pound Kuwaiti Dinar,Forex,KWD
GBPKZT,1769,British Pound Kazakh Tenge,Forex,KZT
GBPLBP,1770,British Pound Lebanese Pound,Forex,LBP
GBPLKR,1771,British Pound Sri Lankan Rupee,Forex,LKR
GBPLTL,1772,British Pound Lithuanian Litas,Forex,LTL
GBPMAD,1774,British Pound Moroccan Dirham,Forex,MAD
GBPMUR,1776,British Pound Mauritian Rupee,Forex,MUR
GBPMWK,1777,British Pound Malawian Kwacha,Forex,MWK
GBPMXN,1778,British Pound Mexican Peso,Forex,MXN
GBPMYR,1779,British Pound Malaysian Ringgit,Forex,MYR
GBPNGN,1780,British Pound Nigerian Naira,Forex,NGN
GBPNIO,1781,British Pound Nicaraguan Cordoba,Forex,NIO
GBPOMR,1782,British Pound Omani Rial,Forex,OMR
GBPPEN,1783,British Pound Peru Sol,Forex,PEN
GBPPGK,1784,British Pound Papua New Guinean Kina,Forex,PGK
GBPPHP,1785,British Pound Philippine Peso,Forex,PHP
GBPPKR,1786,British Pound Pakistani Rupee,Forex,PKR
GBPQAR,1787,British Pound Qatari Riyal,Forex,QAR
GBPRON,1789,British Pound Romanian Leu,Forex,RON
GBPRUB,1790,British Pound Russian Ruble,Forex,RUB
GBPSAR,1791,British Pound Saudi Riyal,Forex,SAR
GBPSCR,1792,British Pound Seychelles Rupee,Forex,SCR
GBPSZL,1795,British Pound Swazi Lilangeni,Forex,SZL
GBPTND,1796,British Pound Tunisian Dinar,Forex,TND
GBPTTD,1797,British Pound Trinidad Dollar,Forex,TTD
GBPTWD,1798,British Pound Taiwan Dollar,Forex,TWD
GBPTZS,1799,British Pound Tanzanian Shilling,Forex,TZS
GBPUAH,1800,British Pound Ukrainian Hryvnia,Forex,UAH
GBPUGX,1801,British Pound Ugandan Shilling,Forex,UGX
GBPVND,1803,British Pound Vietnamese Dong,Forex,VND
GBPXAF,1804,British Pound Central African Franc,Forex,XAF
GBPXPF,1805,British Pound French Pacific Franc,Forex,XPF
GBPZMW,1806,British Pound Zambia Kwacha,Forex,ZMW
JPYGBP,1896,Japanese Yen British Pound,Forex,GBP
KWDGBP,1930,Kuwaiti Dinar British Pound,Forex,GBP
NZDGBP,1983,New Zealand Dollar British Pound,Forex,GBP
OMRGBP,1991,Omani Rial British Pound,Forex,GBP
SGDGBP,2033,Singapore Dollar British Pound,Forex,GBP
TNDGBP,2062,Tunisian Dinar British Pound,Forex,GBP
USDGBP,2126,US Dollar British Pound,Forex,GBP
AEDGBP,9285,UAE Dirham British Pound,Forex,GBP
ARSGBP,9339,Argentinian Peso British Pound,Forex,GBP
BRLGBP,9420,Brazil Real British Pound,Forex,GBP
CNYGBP,9502,Chinese Yuan British Pound,Forex,GBP
DKKGBP,9581,Danish Krone British Pound,Forex,GBP
GBPNAD,9609,British Pound Namibian Dollar,Forex,NAD
GBPPAB,9610,British Pound Panamanian Balboa,Forex,PAB
GBPXCD,9611,British Pound East Caribbean Dollar,Forex,XCD
GBPXOF,9612,British Pound West African CFA franc,Forex,XOF
HKDGBP,9625,Hong Kong Dollar British Pound,Forex,GBP
ILSGBP,9688,Israeli Shekel British Pound,Forex,GBP
MXNGBP,9801,Mexican Peso British Pound,Forex,GBP
NOKGBP,9849,Norwegian Krone British Pound,Forex,GBP
PLNGBP,9984,Polish Zloty British Pound,Forex,GBP
RUBGBP,10033,Russian Ruble British Pound,Forex,GBP
SARGBP,10084,Saudi Riyal British Pound,Forex,GBP
SEKGBP,10137,Swedish Krona British Pound,Forex,GBP
TRYGBP,10255,Turkish Lira British Pound,Forex,GBP
TWDGBP,10309,Taiwan Dollar British Pound,Forex,GBP
VEFGBP,10360,Venezuelan Bolivar British Pound,Forex,GBP
ZARGBP,10415,South African Rand British Pound,Forex,GBP
KRWGBP,13924,Korean Won British Pound,Forex,GBP
EGPGBP,14475,Egyptian Pound British Pound,Forex,GBP
GBPBYN,53086,British Pound Belarusian Ruble,Forex,BYN
INRGBP,941150,Indian Rupee British Pound,Forex,GBP
JODGBP,950991,Jordan Dinar British Pound,Forex,GBP
GBPNPR,1031025,British Pound Nepalese Rupee,Forex,NPR
IDRGBP,1031291,Indonesian Rupiah British Pound,Forex,GBP
