EURUSD,1,Euro US Dollar,Forex,USD
EURGBP,6,Euro British Pound,Forex,GBP
EURJPY,9,Euro Japanese Yen,Forex,JPY
EURCHF,10,Euro Swiss Franc,Forex,CHF
EURAUD,15,Euro Australian Dollar,Forex,AUD
EURCAD,16,Euro Canadian Dollar,Forex,CAD
EURNOK,37,Euro Norwegian Krone,Forex,NOK
EURDKK,44,Euro Danish Krone,Forex,DKK
EURPLN,46,Euro Polish Zloty,Forex,PLN
EURNZD,52,Euro New Zealand Dollar,Forex,NZD
EURSEK,61,Euro Swedish Krona,Forex,SEK
EURILS,64,Euro Israeli Shekel,Forex,ILS
EURTRY,66,Euro Turkish Lira,Forex,TRY
EURTHB,94,Euro Thai Baht,Forex,THB
EURZAR,100,Euro South African Rand,Forex,ZAR
EURMXN,101,Euro Mexican Peso,Forex,MXN
EURSGD,102,Euro Singapore Dollar,Forex,SGD
EURHUF,117,Euro Hungarian Forint,Forex,HUF
EURHKD,148,Euro Hong Kong Dollar,Forex,HKD
EURCZK,156,Euro Czech Koruna,Forex,CZK
EURKRW,158,Euro Korean Won,Forex,KRW
AUDEUR,1487,Australian Dollar Euro,Forex,EUR
BHDEUR,1502,Baharain Dinar Euro,Forex,EUR
CADEUR,1525,Canadian Dollar Euro,Forex,EUR
CHFEUR,1547,Swiss Franc Euro,Forex,EUR
EURAED,1604,Euro UAE Dirham,Forex,AED
EURAFN,1605,Euro Afghanistan Afghani,Forex,AFN
EURALL,1606,Euro Albanian Lek,Forex,ALL
EURANG,1607,Euro Antilles Guilder,Forex,ANG
EURARS,1608,Euro Argentinian Peso,Forex,ARS
EURBAM,1609,Euro Bosnia Herzegovina Mark,Forex,BAM
EURBBD,1610,Euro Barbadian Dollar,Forex,BBD
EURBDT,1611,Euro Bangladeshi Taka,Forex,BDT
EURBGN,1612,Euro Bulgarian Lev,Forex,BGN
EURBHD,1613,Euro Baharain Dinar,Forex,BHD
EURBIF,1614,Euro Burundian Franc,Forex,BIF
EURBND,1615,Euro Brunei Dollar,Forex,BND
EURBOB,1616,Euro Bolivian Boliviano,Forex,BOB
EURBRL,1617,Euro Brazil Real,Forex,BRL
EURBSD,1618,Euro Bahamas Dollar,Forex,BSD
EURBWP,1619,Euro Botswana Pula,Forex,BWP
EURBYN,1620,Euro Belarusian Ruble,Forex,BYN
EURBZD,1621,Euro Belize Dollar,Forex,BZD
EURCLP,1622,Euro Chilean Peso,Forex,CLP
EURCNY,1623,Euro Chinese Yuan,Forex,CNY
EURCOP,1624,Euro Colombian Peso,Forex,COP
EURCRC,1625,Euro Costa Rican Colon,Forex,CRC
EURCUP,1626,Euro Cuban Peso,Forex,CUP
EURCVE,1627,Euro Cape Verdean Escudo,Forex,CVE
EURDJF,1629,Euro Djiboutian Franc,Forex,DJF
EURDOP,1630,Euro Dominican Peso,Forex,DOP
EURDZD,1631,Euro Algerian Dinar,Forex,DZD
EUREGP,1634,Euro Egyptian Pound,Forex,EGP
EURETB,1635,Euro Ethiopian Birr,Forex,ETB
EURFJD,1636,Euro Fiji Dollar,Forex,FJD
EURGHS,1638,Euro Ghanaian Cedi,Forex,GHS
EURGMD,1639,Euro Gambian Dalasi,Forex,GMD
EURGNF,1640,Euro Guinean Franc,Forex,GNF
EURGTQ,1641,Euro Guatemalan Quetzal,Forex,GTQ
EURHNL,1642,Euro Honduran Lempira,Forex,HNL
EURHRK,1643,Euro Croatian Kuna,Forex,HRK
EURHTG,1644,Euro Haitian Gourde,Forex,HTG
EURIDR,1645,Euro Indonesian Rupiah,Forex,IDR
EURINR,1646,Euro Indian Rupee,Forex,INR
EURIQD,1647,Euro Iraqi Dinar,Forex,IQD
EURIRR,1648,Euro Iranian Rial,Forex,IRR
EURISK,1649,Euro Icelandic Kr,Forex,ISK
EURJMD,1650,Euro Jamaican Dollar,Forex,JMD
EURJOD,1651,Euro Jordan Dinar,Forex,JOD
EURKES,1652,Euro Kenyan Shilling,Forex,KES
EURKHR,1653,Euro Cambodian Riel,Forex,KHR
EURKWD,1654,Euro Kuwaiti Dinar,Forex,KWD
EURKYD,1655,Euro Cayman Islands Dollar,Forex,KYD
EURKZT,1656,Euro Kazakh Tenge,Forex,KZT
EURLAK,1657,Euro Lao Kip,Forex,LAK
EURLBP,1658,Euro Lebanese Pound,Forex,LBP
EURLKR,1659,Euro Sri Lankan Rupee,Forex,LKR
EURLSL,1660,Euro Lesotho loti,Forex,LSL
EURLTL,1661,Euro Lithuanian Litas,Forex,LTL
EURLYD,1663,Euro Libyan Dinar,Forex,LYD
EURMAD,1664,Euro Moroccan Dirham,Forex,MAD
EURMDL,1665,Euro Moldovan Leu,Forex,MDL
EURMGA,1666,Euro Malagasy Ariary,Forex,MGA
EURMKD,1668,Euro Macedonian Denar,Forex,MKD
EURMMK,1669,Euro Myanmar kyat,Forex,MMK
EURMOP,1670,Euro Macanese Pataca,Forex,MOP
EURMRO,1671,Euro Mauritanian ouguiya,Forex,MRO
EURMUR,1673,Euro Mauritian Rupee,Forex,MUR
EURMWK,1674,Euro Malawian Kwacha,Forex,MWK
EURMYR,1675,Euro Malaysian Ringgit,Forex,MYR
EURNAD,1676,Euro Namibian Dollar,Forex,NAD
EURNGN,1677,Euro Nigerian Naira,Forex,NGN
EURNIO,1678,Euro Nicaraguan Cordoba,Forex,NIO
EURNPR,1679,Euro Nepalese Rupee,Forex,NPR
EUROMR,1680,Euro Omani Rial,Forex,OMR
EURPAB,1681,Euro Panamanian Balboa,Forex,PAB
EURPEN,1682,Euro Peru Sol,Forex,PEN
EURPGK,1683,Euro Papua New Guinean Kina,Forex,PGK
EURPHP,1684,Euro Philippine Peso,Forex,PHP
EURPKR,1685,Euro Pakistani Rupee,Forex,PKR
EURPYG,1686,Euro Paraguayan Guarani,Forex,PYG
EURQAR,1687,Euro Qatari Riyal,Forex,QAR
EURRON,1689,Euro Romanian Leu,Forex,RON
EURRSD,1690,Euro Serbian Dinar,Forex,RSD
EURRUB,1691,Euro Russian Ruble,Forex,RUB
EURRWF,1692,Euro Rwandan Franc,Forex,RWF
EURSAR,1693,Euro Saudi Riyal,Forex,SAR
EURSCR,1694,Euro Seychelles Rupee,Forex,SCR
EURSDG,1696,Euro Sudanese Pound,Forex,SDG
EURSDR,1697,Euro Special Drawing Rights,Forex,SDR
EURSOS,1699,Euro Somali Shilling,Forex,SOS
EURSTD,1701,Euro Sao Tome/Principe Dobra,Forex,STD
EURSVC,1702,Euro El Salvador Colon,Forex,SVC
EURSYP,1703,Euro Syrian Pound,Forex,SYP
EURSZL,1704,Euro Swazi Lilangeni,Forex,SZL
EURTND,1705,Euro Tunisian Dinar,Forex,TND
EURTTD,1706,Euro Trinidad Dollar,Forex,TTD
EURTWD,1707,Euro Taiwan Dollar,Forex,TWD
EURTZS,1708,Euro Tanzanian Shilling,Forex,TZS
EURUAH,1709,Euro Ukrainian Hryvnia,Forex,UAH
EURUGX,1710,Euro Ugandan Shilling,Forex,UGX
EURUYU,1711,Euro Uruguayan Peso,Forex,UYU
EURUZS,1712,Euro Uzbekistani Sum,Forex,UZS
EURVEF,1714,Euro Venezuelan Bolivar,Forex,VEF
EURVND,1715,Euro Vietnamese Dong,Forex,VND
EURXAF,1716,Euro Central African Franc,Forex,XAF
EURXOF,1717,Euro West African CFA franc,Forex,XOF
EURXPF,1718,Euro French Pacific Franc,Forex,XPF
EURZMW,1722,Euro Zambia Kwacha,Forex,ZMW
GBPEUR,1751,British Pound Euro,Forex,EUR
GHSEUR,1808,Ghanaian Cedi Euro,Forex,EUR
JPYEUR,1895,Japanese Yen Euro,Forex,EUR
NZDEUR,1982,New Zealand Dollar Euro,Forex,EUR
SGDEUR,2032,Singapore Dollar Euro,Forex,EUR
USDEUR,2124,US Dollar Euro,Forex,EUR
AEDEUR,9284,UAE Dirham Euro,Forex,EUR
ARSEUR,9338,Argentinian Peso Euro,Forex,EUR
BRLEUR,9419,Brazil Real Euro,Forex,EUR
CNYEUR,9501,Chinese Yuan Euro,Forex,EUR
DKKEUR,9580,Danish Krone Euro,Forex,EUR
EURXCD,9608,Euro East Caribbean Dollar,Forex,XCD
HKDEUR,9624,Hong Kong Dollar Euro,Forex,EUR
ILSEUR,9687,Israeli Shekel Euro,Forex,EUR
MXNEUR,9800,Mexican Peso Euro,Forex,EUR
NOKEUR,9848,Norwegian Krone Euro,Forex,EUR
PLNEUR,9983,Polish Zloty Euro,Forex,EUR
RUBEUR,10032,Russian Ruble Euro,Forex,EUR
SAREUR,10083,Saudi Riyal Euro,Forex,EUR
SEKEUR,10136,Swedish Krona Euro,Forex,EUR
TRYEUR,10254,Turkish Lira Euro,Forex,EUR
TWDEUR,10308,Taiwan Dollar Euro,Forex,EUR
VEFEUR,10359,Venezuelan Bolivar Euro,Forex,EUR
ZAREUR,10414,South African Rand Euro,Forex,EUR
MADEUR,11755,Moroccan Dirham Euro,Forex,EUR
KRWEUR,13923,Korean Won Euro,Forex,EUR
EGPEUR,14474,Egyptian Pound Euro,Forex,EUR
EURMZN,941147,Euro Mozambican Metical,Forex,MZN
INREUR,941149,Indian Rupee Euro,Forex,EUR
JODEUR,950990,Jordan Dinar Euro,Forex,EUR
KWDEUR,950995,Kuwaiti Dinar Euro,Forex,EUR
EURAZN,950997,Euro Azerbaijani Manat,Forex,AZN
EURAMD,962661,Euro Armenian Dram,Forex,AMD
EURTJS,962662,Euro Tajikistani somoni,Forex,TJS
EURRUB,993160,Euro Russian Ruble,Forex,RUB
HUFEUR,993170,Hungarian Forint Euro,Forex,EUR
GELEUR,993174,Georgian lari Euro,Forex,EUR
EURGEL,1013386,Euro Georgian lari,Forex,GEL
IDREUR,1031290,Indonesian Rupiah Euro,Forex,EUR
EURAOA,1059870,Euro Angolan kwanza,Forex,AOA
BYNEUR,1073359,Belarusian Ruble Euro,Forex,EUR
