0P0000NXH4,1031879,NLB Skladi - Visoka tehnologija,,
LP68277274,1011628,Infond Alfa,,
LP68016914,1011620,Infond Hrast,,
LP68277287,1011621,Infond Global,,
0P0000NXH7,1031880,NLB Skladi - Zahodni Balkan,,
0P0000NXH0,1031878,NLB Skladi - Nova Evropa uravnoteženi,,
LP65062353,1011619,ALTA WATER,,
LP68277284,1011629,Infond Consumer,,
LP65075548,1011624,KD Galileo,,
LP65075549,1011623,KD Bond,,
LP65075556,1011625,KD Balkan,,
LP65137167,1011626,KD Latinska Amerika,,
LP65075561,1011627,KD Surovine in energija,,
LP65075555,1011622,KD Prvi izbor,,
