0P0000G6JP,1022203,Inversion Horizonte SA de CV S.I.I.D. B0-C,,
0P0000G6JX,1022204,Inversion Horizonte SA de CV S.I.I.D. B0-A,,
0P0000G6JV,1022205,Inversion Horizonte SA de CV S.I.I.D. B0-B,,
0P0000VC9J,1022103,Fondo BBVA Bancomer Deuda Caja SA de CV S.I.I.D. DF,,
0P0000SX8P,1022104,Fondo BBVA Bancomer Deuda Caja SA de CV S.I.I.D. GPF,,
0P0000XUBO,1022105,Fondo BBVA Bancomer Deuda Caja SA de CV S.I.I.D. B,,
0P0000I1TT,1022309,Actimed SA de CV S.I.I.D. F-3,,
0P0000K200,1022157,Fondo Santander S14 SA de CV S.I.I.D. B3,,
0P0000K1ZZ,1022158,Fondo Santander S14 SA de CV S.I.I.D. B2,,
0P0000G7C7,1022382,Inbumax SA de CV S.I.I.D. B-1,,
0P0000G7BZ,1022384,Inbumax SA de CV S.I.I.D. B-3,,
0P0000G7C0,1022383,Inbumax SA de CV S.I.I.D. B-2,,
0P0000KM5D,1022376,Horizontes Balanceados 3 SA de CV S.I.R.V. B1-C,,
GOLD3B0E,1011512,Horizontes Balanceados 3 SA de CV S.I.R.V. B0-E,,
0P0000Q2UO,1022169,Horizonte Banamex Cuatro SA de CV S.I.R.V. B1-A,,
0P0000NBTM,1022167,Horizonte Banamex Cuatro SA de CV S.I.R.V. M0-A,,
0P0000NBTL,1022166,Horizonte Banamex Cuatro SA de CV S.I.R.V. B1-D,,
0P0000S9P8,1022168,Horizonte Banamex Cuatro SA de CV S.I.R.V. B0-E,,
0P0000IPNK,1022428,Vector Fondo Premier SA de CV S.I.I.D. FC0,,
0P0000IPNB,1022429,Vector Fondo Premier SA de CV S.I.I.D. FD0,,
0P000081NL,1022106,Fondo BBVA Bancomer Deuda Liquido SA de CV S.I.I.D. PV,,
0P0000G2D0,1022107,Fondo BBVA Bancomer Deuda Liquido SA de CV S.I.I.D. GB,,
0P0000SX8Q,1022108,Fondo BBVA Bancomer Deuda Liquido SA de CV S.I.I.D. GPF,,
0P0000Q1L6,1022112,Fondo BBVA Bancomer Empresas y Gobierno SA de CV S.I.I.D. B1,,
0P0000G2D7,1022111,Fondo BBVA Bancomer Empresas y Gobierno SA de CV S.I.I.D. EFA,,
0P0000GC5N,1022379,HSBC-DE SA de CV S.I.I.D. BFV,,
0P000082S8,1022306,Actimed SA de CV S.I.I.D. B-3,,
0P0000ADSU,1022406,Principal Institucional SA de CV S.I.I.D. F4,,
0P0000ILCI,1022213,IXE Fondo de Alta Liquidez SA de CV S.I.I.D. BF3,,
0P0000ILCH,1022212,IXE Fondo de Alta Liquidez SA de CV S.I.I.D. BF4,,
0P0000G7OP,1043229,GBM Inversión Total SA de CV S I R V B,,
0P0000S9PF,1022375,Horizonte Plazo SA de CV S.I.I.D. B0-E,,
0P000081PK,1022298,Accivalmex Alta Rentabilidad SA de CV S.I.R.V. B0-A,,
0P0000NWOR,1022299,Accivalmex Alta Rentabilidad SA de CV S.I.R.V. C0-A,,
0P0000826B,1022191,Horizontes Global Equity SA de CV S.I.R.V. C0-D,,
0P0000IRTR,1022193,Horizontes Global Equity SA de CV S.I.R.V. M0-A,,
0P00008262,1022190,Horizontes Global Equity SA de CV S.I.R.V. B2-D,,
0P0000S9PE,1022265,Citiacciones Patrimonial SA de CV S.I.R.V. B0-E,,
0P0000AAO2,1022264,Citiacciones Patrimonial SA de CV S.I.R.V. C0-C,,
0P0000RZ04,1022267,Citiacciones Patrimonial SA de CV S.I.R.V. M0-A,,
0P0000PTOK,1022266,Citiacciones Patrimonial SA de CV S.I.R.V. C0-A,,
0P000082WE,1022300,Accivalmex Patrimonial SA de CV S.I.R.V. B0-B,,
LP68104945,1011501,Accivalmex Patrimonial SA de CV S.I.R.V. M0-B,,
LP68104944,1011500,Accivalmex Patrimonial SA de CV S.I.R.V. C0-B,,
0P0000S9P5,1022186,Horizontes Balanceados 4 SA de CV S.I.R.V. B0-E,,
0P000082JJ,1022184,Horizontes Balanceados 4 SA de CV S.I.R.V. B2-B,,
0P0000IRTT,1022185,Horizontes Balanceados 4 SA de CV S.I.R.V. M2-B,,
0P0000X1CU,1022187,Horizontes Balanceados 4 SA de CV S.I.R.V. B1-D,,
0P000081L5,1022338,Fondo Alterna SA de CV S.I.I.D. B-3,,
0P0000VXWB,1022248,Scotia Disponibilidad SA de CV S.I.I.D. CU4,,
0P0000WIRA,1022346,Fondo BBVA Bancomer Diversificado Internacional SA de CV S.I.R.V. UHN,,
LP65047081,1011505,Fondo BBVA Bancomer Diversificado Internacional SA de CV S.I.R.V. B,,
LP68243977,1011510,Fondo BBVA Bancomer Diversificado Internacional SA de CV S.I.R.V. GB,,
0P000082SS,1022305,Actimed SA de CV S.I.I.D. B-2,,
0P0000S9P4,1022181,Horizontes Balanceados 2 SA de CV S.I.I.D. B0-E,,
0P0000V8HG,1022182,Horizontes Balanceados 2 SA de CV S.I.I.D. B,,
0P0000V2V9,1022183,Horizontes Balanceados 2 SA de CV S.I.I.D. B0-C,,
0P0000X1CV,1022099,Fondo Accivalmex SA de CV S.I.R.V. B2-A,,
0P0000IRTL,1022097,Fondo Accivalmex SA de CV S.I.R.V. M2-C,,
0P0000S9P6,1022096,Fondo Accivalmex SA de CV S.I.R.V. B0-E,,
0P0000IRTM,1022098,Fondo Accivalmex SA de CV S.I.R.V. B2-C,,
0P0000KY24,1022362,Fondo SAM Renta Variable 20  S.A. de C.V. F.I.R.V. B1,,
0P0000G2S1,1022344,Fondo BBVA Bancomer Deuda Largo Plazo SA de CV S.I.I.D. GB,,
0P0000G5K3,1022218,Ixe Fondo Patrimonial SA de CV S.I.I.D. BF4,,
0P00011E9O,1022219,Ixe Fondo Patrimonial SA de CV S.I.I.D. BF5,,
0P0000ZK8U,1022189,Horizontes Banamex Veintidos SA de CV S.I.R.V. B0-E,,
0P0000ZF6E,1022188,Horizontes Banamex Veintidos SA de CV S.I.R.V. B1-A,,
0P0000Z3MF,1022110,Fondo BBVA Bancomer Deuda Plazo SA de CV S.I.I.D. UHN,,
0P0000G2S0,1022109,Fondo BBVA Bancomer Deuda Plazo SA de CV S.I.I.D. GB,,
0P0000GC58,1022380,HSBC-DG SA de CV S.I.I.D. BFA,,
LP65092282,1011498,Fondo Value Patrimonial SA de CV S.I.I.D. B1,,
0P00012IFL,1022139,Fondo en Cedevis Nafinsa SA de CV S.I.I.D F5,,
0P0000MR8H,1022138,Fondo en Cedevis Nafinsa SA de CV S.I.I.D. F2,,
0P0000Y0OC,1022140,Fondo en Cedevis Nafinsa SA de CV S.I.I.D. F4,,
LP68316365,1011521,Horizonte Banamex Quince SA de CV S.I.R.V. M0-A,,
0P0000SPYA,1022172,Horizonte Banamex Quince SA de CV S.I.R.V. B0-E,,
0P0000SPYB,1022173,Horizonte Banamex Quince SA de CV S.I.R.V. B2-A,,
0P0000SPYD,1022174,Horizonte Banamex Quince SA de CV S.I.R.V. C0-C,,
0P0000WGLM,1022175,Horizonte Banamex Quince SA de CV S.I.R.V. M2-A,,
0P0000PTOJ,1022132,Fondo de Inversiones Banamex SA de CV S.I.R.V. C0-A,,
0P0000AAWN,1022131,Fondo de Inversiones Banamex SA de CV S.I.R.V. C0-C,,
0P0000S9OY,1022130,Fondo de Inversiones Banamex SA de CV S.I.R.V. B0-E,,
0P0000JRH4,1022134,Fondo de Inversiones Banamex SA de CV S.I.R.V. C0-D,,
0P0000JRH5,1022133,Fondo de Inversiones Banamex SA de CV S.I.R.V. C1-A,,
0P0000JRH7,1022135,Fondo de Inversiones Banamex SA de CV S.I.R.V. M0-A,,
0P0000SPY6,1022374,Horizonte Banamex Catorce SA de CV S.I.R.V. B0-E,,
0P0000XUBV,1022414,SURA Fondeo SA de CV S.I.I.D. BDF,,
0P000081PY,1022341,Fondo BBVA Bancomer Capitales SA de CV S.I.R.V. IF,,
0P0000IRSY,1022412,Skandia Equity Protection SA de CV S.I.I.D. B,,
0P0000RYZM,1022115,Fondo BBVA Bancomer RV5 SA de CV S.I.R.V. F,,
0P0000V8HB,1022117,Fondo BBVA Bancomer RV5 SA de CV S.I.R.V. GPF,,
0P0000V8HC,1022118,Fondo BBVA Bancomer RV5 SA de CV S.I.R.V. TM,,
0P0000RYZN,1022116,Fondo BBVA Bancomer RV5 SA de CV S.I.R.V. GB,,
0P0000V8HD,1022119,Fondo BBVA Bancomer RV5 SA de CV S.I.R.V. TNC,,
0P000082WW,1022143,Fondo Interacciones 1 SA de CV S.I.I.D. B5,,
0P000082X3,1022144,Fondo Interacciones 1 SA de CV S.I.I.D. B4,,
0P000081EV,1022260,Scotia Productivo SA de CV S.I.I.D. TF,,
0P000081O9,1022352,Fondo de Dinero Inbursa SA de CV S.I.I.D. B,,
0P0000L1T7,1022178,Horizonte Liquidez Plus SA de CV S.I.I.D. B0-B,,
0P0000L1TC,1022177,Horizonte Liquidez Plus SA de CV S.I.I.D. B0-D,,
