BTCCNY,53078,Bitcoin Chinese Yuan,ANX,CNY
BTCEUR,53074,Bitcoin Euro,ANX,EUR
BTCUSD,53073,Bitcoin US Dollar,ANX,USD
BTCJPY,23,Bitcoin Japanese Yen,ANX,JPY
BTCNZD,38,Bitcoin New Zealand Dollar,ANX,NZD
BTCSGD,53079,Bitcoin Singapore Dollar,ANX,SGD
BTCCAD,24,Bitcoin Canadian Dollar,ANX,CAD
BTCAUD,29,Bitcoin Australian Dollar,ANX,AUD
BTCGBP,25,Bitcoin British Pound,ANX,GBP
BTCCHF,26,Bitcoin Swiss Franc,ANX,CHF
BTCHKD,32,Bitcoin Hong Kong Dollar,ANX,HKD
LTCBTC,53075,Litecoin Bitcoin,ANX,BTC
