AMRA,1052238,Aamra Networks,DSE,BDT,http://www.investing.com/equities/aamra-networks
AAMR,988908,Aamra Technologies,DSE,BDT,http://www.investing.com/equities/aamra-technologies-ltd
ABBK,988999,AB Bank,DSE,BDT,http://www.investing.com/equities/ab-bank-ltd
ABBS,989129,AB Bank 1st Mutual fund,DSE,BDT,http://www.investing.com/equities/ab-bank-1st-mutual-fund
ACIF,989139,ACI Formulations,DSE,BDT,http://www.investing.com/equities/aci-formulations-ltd
ACMR,989059,ACME Laboratories,DSE,BDT,http://www.investing.com/equities/acme-laboratories-ltd
ACFC,988916,Active Fine Chemicals,DSE,BDT,http://www.investing.com/equities/active-fine-chemicals-ltd
ADNT,1156550,Adn Tele,DSE,BDT,http://www.investing.com/equities/adn-telecom-ltd
ACLT,989101,Advanced Chemical,DSE,BDT,http://www.investing.com/equities/advanced-chemical-industries-ltd
ADVE,1073469,Advent Pharma,DSE,BDT,http://www.investing.com/equities/advent-pharma-ltd
AFCA,988988,AFC Agro Biotech,DSE,BDT,http://www.investing.com/equities/afc-agro-biotech-ltd
AFAM,988957,Aftab Automobiles,DSE,BDT,http://www.investing.com/equities/aftab-automobiles-ltd
ASLD,988965,Agni Systems,DSE,BDT,http://www.investing.com/equities/agni-systems-ltd
AICL,988990,Agrani Insuarnce Co,DSE,BDT,http://www.investing.com/equities/agrani-insuarnce-co-ltd
AMCL,988876,Agricultural Marketing,DSE,BDT,http://www.investing.com/equities/agricultural-marketing-co-ltd
AIBL,1075429,AIBL 1st Islamic Fund,DSE,BDT,http://www.investing.com/equities/aibl-1st-islamic-fund
AIBK,988897,Al Arafah Islami Bank,DSE,BDT,http://www.investing.com/equities/al-arafah-islami-bank-ltd
AKTX,988898,Alhaj Textile Mills,DSE,BDT,http://www.investing.com/equities/alhaj-textile-mills-ltd
ALII,1057270,Alif Industries,DSE,BDT,http://www.investing.com/equities/alif-industries
ALIF,989103,Alif Manufacturing,DSE,BDT,http://www.investing.com/equities/cmc-kamal-textile-mills-ltd
ALIL,988899,Alltex Industries,DSE,BDT,http://www.investing.com/equities/alltex-industries-ltd
AMAN,1111735,Aman Cotton,DSE,BDT,http://www.investing.com/equities/aman-cotton
AMAF,988931,Aman Feed,DSE,BDT,http://www.investing.com/equities/aman-feed-ltd
ABPH,988982,Ambee Pharma,DSE,BDT,http://www.investing.com/equities/ambee-pharmaceuticals-ltd
ANMY,988972,Anlima Yarn Dyeing,DSE,BDT,http://www.investing.com/equities/anlima-yarn-dyeing-ltd
ANWG,988983,Anwar Galvanizing,DSE,BDT,http://www.investing.com/equities/anwar-galvanizing-ltd
APEF,989115,Apex Foods,DSE,BDT,http://www.investing.com/equities/apex-foods-ltd
APEX,989040,Apex Footwear,DSE,BDT,http://www.investing.com/equities/apex-footwear-ltd
APES,989135,Apex Spinning & Knitting Mills,DSE,BDT,http://www.investing.com/equities/apex-spinning-knitting-mills-ltd
APET,988905,Apex Tannery,DSE,BDT,http://www.investing.com/equities/apex-tannery-ltd
APOL,989001,Appollo Ispat Complex,DSE,BDT,http://www.investing.com/equities/appollo-ispat-complex-ltd
ARMT,988915,Aramit,DSE,BDT,http://www.investing.com/equities/aramit-ltd
ARMC,989018,Aramit Cement,DSE,BDT,http://www.investing.com/equities/aramit-cement-ltd
ARGO,989149,Argon Denims,DSE,BDT,http://www.investing.com/equities/argon-denims-ltd
ASIA,988935,Asia Insurance,DSE,BDT,http://www.investing.com/equities/asia-insurance-ltd
APGI,989003,Asia Pacific General Insurance,DSE,BDT,http://www.investing.com/equities/asia-pacific-general-insurance-ltd
ASIN,1075424,Asian Tiger Sandhani Life Growth Closed Fund,DSE,BDT,http://www.investing.com/equities/asian-tiger-sandhani-life-growth
ATBG,988997,Atlas Bangladesh,DSE,BDT,http://www.investing.com/equities/atlas-bangladesh-ltd
AZPE,988932,Aziz Pipes,DSE,BDT,http://www.investing.com/equities/aziz-pipes-ltd
BANG,988879,Bangas,DSE,BDT,http://www.investing.com/equities/bangas-ltd
BDAT,989012,Bangladesh Autocars,DSE,BDT,http://www.investing.com/equities/bangladesh-autocars-ltd
BBLD,988907,Bangladesh Building Systems,DSE,BDT,http://www.investing.com/equities/bangladesh-building-systems-ltd
BEXI,988989,Bangladesh Export Import,DSE,BDT,http://www.investing.com/equities/bangladesh-export-import-company
BDFN,989097,Bangladesh Finance,DSE,BDT,http://www.investing.com/equities/bangladesh-finance-and-investment
BGIC,988930,Bangladesh General Insurance,DSE,BDT,http://www.investing.com/equities/bangladesh-general-insurance
BIFC,988943,Bangladesh Industrial Fin,DSE,BDT,http://www.investing.com/equities/bangladesh-industrial-finance-co
BGLA,988937,Bangladesh Lamps,DSE,BDT,http://www.investing.com/equities/bangladesh-lamps-ltd
BANL,988910,Bangladesh National Insurance,DSE,BDT,http://www.investing.com/equities/bangladesh-national-insurance-co
BSCD,989034,Bangladesh Shipping,DSE,BDT,http://www.investing.com/equities/bangladesh-shipping-co-ltd
BSRR,989160,Bangladesh Steel Re-Rolling Mills,DSE,BDT,http://www.investing.com/equities/bangladesh-steel-re-rolling-mills
BSCC,989048,Bangladesh Submarine Cable,DSE,BDT,http://www.investing.com/equities/bangladesh-submarine-cable-company
BDAL,989039,Bangladesh Thai Aluminium,DSE,BDT,http://www.investing.com/equities/bangladesh-thai-aluminium-ltd
BDWE,989070,Bangladesh Welding Electrodes,DSE,BDT,http://www.investing.com/equities/bangladesh-welding-electrodes-ltd
BKAL,989083,Bank Asia,DSE,BDT,http://www.investing.com/equities/bank-asia-ltd
BARA,989082,Baraka Power,DSE,BDT,http://www.investing.com/equities/baraka-power-ltd
BASH,1127190,Bashundhara Paper,DSE,BDT,http://www.investing.com/equities/bashundhara-paper
BATA,988886,Bata Shoe Bangladesh,DSE,BDT,http://www.investing.com/equities/bata-shoe-company-bangladesh-ltd
BAYL,989008,Bay Leasing And Investment,DSE,BDT,http://www.investing.com/equities/bay-leasing-and-investment-ltd
BBSC,1031156,BBS Cables,DSE,BDT,http://www.investing.com/equities/bbs-cables
BDCO,989019,Bdcom Online,DSE,BDT,http://www.investing.com/equities/bdcom-online-ltd
BHLD,988980,Beach Hatchery,DSE,BDT,http://www.investing.com/equities/beach-hatchery-ltd
BEAC,988928,BEACON Pharma,DSE,BDT,http://www.investing.com/equities/beacon-pharmaceutical-ltd
BENA,989073,Bengal Windsor Thermoplastics,DSE,BDT,http://www.investing.com/equities/bengal-windsor-thermoplastics-ltd
BPBL,988924,Berger Paints Bangladesh,DSE,BDT,http://www.investing.com/equities/berger-paints-bangladesh-ltd
BXPH,989136,Beximco Pharmaceuticals,DSE,BDT,http://www.investing.com/equities/beximco-pharmaceuticals-ltd
BXSY,988884,Beximco Synthetics,DSE,BDT,http://www.investing.com/equities/beximco-synthetics-ltd
BRAC,988974,Brac Bank,DSE,BDT,http://www.investing.com/equities/brac-bank-ltd
BATC,989113,British American Tobacco Bangladesh,DSE,BDT,http://www.investing.com/equities/british-american-tobacco-bangladesh
BSRM,988979,BSRM Steels,DSE,BDT,http://www.investing.com/equities/bsrm-steels-ltd
CTEX,989170,C & A Textiles,DSE,BDT,http://www.investing.com/equities/c-a-textiles-ltd
CAPM,1075450,CAPM BDBL Fund,DSE,BDT,http://www.investing.com/equities/capm-bdbl-fund
CPMI,1075420,CAPM IBBL Islamic Fund,DSE,BDT,http://www.investing.com/equities/capm-ibbl-islamic-fund
CETI,989109,Central Insurance,DSE,BDT,http://www.investing.com/equities/central-insurance-company-ltd
CENT,988885,Central Pharma,DSE,BDT,http://www.investing.com/equities/kremers-urban-pharmaceuticals-inc
CTBK,989144,City Bank,DSE,BDT,http://www.investing.com/equities/city-bank-ltd
CYGS,989014,City General Insurance,DSE,BDT,http://www.investing.com/equities/city-general-insurance-co-ltd
CONC,988893,Confidence Cement,DSE,BDT,http://www.investing.com/equities/confidence-cement-ltd
COIL,989089,Continental Insurance,DSE,BDT,http://www.investing.com/equities/continental-insurance-co
COPP,1152778,Coppertech Industries,DSE,BDT,http://www.investing.com/equities/coppertech-industries-ltd
CHGV,989131,CVO Petrochemical Refinery,DSE,BDT,http://www.investing.com/equities/cvo-petrochemical-refinery-ltd
DACC,988987,Dacca Dyeing & Manufacturing,DSE,BDT,http://www.investing.com/equities/dacca-dyeing-manufacturing-company
DFCL,989106,Daffodil Computers,DSE,BDT,http://www.investing.com/equities/daffodil-computers-ltd
DBMF,1075430,DBH First Fund,DSE,BDT,http://www.investing.com/equities/dbh-first-fund
DBHF,989100,Delta Brac Housing Finance,DSE,BDT,http://www.investing.com/equities/delta-brac-housing-finance-corp
DLIN,989120,Delta Life Insurance,DSE,BDT,http://www.investing.com/equities/delta-life-insurance-company-ltd
DLTS,989121,Delta Spinners,DSE,BDT,http://www.investing.com/equities/delta-spinners-ltd
DHGS,988951,Desh Garments,DSE,BDT,http://www.investing.com/equities/desh-garments-ltd
DESH,988992,Deshbandhu Polymer,DSE,BDT,http://www.investing.com/equities/deshbandhu-polymer-ltd
DHBK,989023,Dhaka Bank,DSE,BDT,http://www.investing.com/equities/dhaka-bank-ltd
DESC,988906,Dhaka Electric Supply,DSE,BDT,http://www.investing.com/equities/dhaka-electric-supply-company-ltd
DHAK,989079,Dhaka Insurance,DSE,BDT,http://www.investing.com/equities/dhaka-insurance-ltd
DORE,988950,Doreen Power Generations,DSE,BDT,http://www.investing.com/equities/doreen-power-generations-systems
DRAG,989171,Dragon Sweater and Spinning,DSE,BDT,http://www.investing.com/equities/dragon-sweater-and-spinning-ltd
DACN,989028,Dulamia Cotton Spinning Mills,DSE,BDT,http://www.investing.com/equities/dulamia-cotton-spinning-mills-ltd
DBBK,989060,Dutch Bangla Bank,DSE,BDT,http://www.investing.com/equities/dutch-bangla-bank-ltd
ENBK,988888,Eastern Bank,DSE,BDT,http://www.investing.com/equities/eastern-bank-ltd
ENCS,989169,Eastern Cables,DSE,BDT,http://www.investing.com/equities/eastern-cables-ltd
ENHG,988953,Eastern Housing,DSE,BDT,http://www.investing.com/equities/eastern-housing-ltd
ENIE,988887,Eastern Insurance,DSE,BDT,http://www.investing.com/equities/eastern-insurance-co-ltd
ENLS,989143,Eastern Lubricants Blenders,DSE,BDT,http://www.investing.com/equities/eastern-lubricants-blenders-ltd
EDIE,988977,Eastland Insurance,DSE,BDT,http://www.investing.com/equities/eastland-insurance-company-ltd
EBLF,1075447,EBL First Fund,DSE,BDT,http://www.investing.com/equities/ebl-first-fund
EBLN,1075442,EBL NRB Fund,DSE,BDT,http://www.investing.com/equities/ebl-nrb-fund
EMOI,989062,Emerald Oil Industries,DSE,BDT,http://www.investing.com/equities/emerald-oil-industries-ltd
ENVO,989013,Envoy Textiles,DSE,BDT,http://www.investing.com/equities/envoy-textiles-ltd
ESQU,1130827,Esquire Knit,DSE,BDT,http://www.investing.com/equities/esquire-knit
EVIN,989116,Evince Textiles,DSE,BDT,http://www.investing.com/equities/evince-textiles-ltd
EXIM,1075439,Exim Bank 1st Closesd Fund,DSE,BDT,http://www.investing.com/equities/exim-bank-1st-closesd-fund
EXPT,989146,Export Import Bank of Bangladesh,DSE,BDT,http://www.investing.com/equities/export-import-bank-of-bangladesh
FAML,988890,Familytex BD,DSE,BDT,http://www.investing.com/equities/familytex-bd-ltd
FARC,989021,Far Chemical Industries,DSE,BDT,http://www.investing.com/equities/far-chemical-industries-ltd
FARE,989098,Far East Knitting & Dyeing,DSE,BDT,http://www.investing.com/equities/far-east-knitting-dyeing-ltd
FAST,988900,Fareast Finance & Investment,DSE,BDT,http://www.investing.com/equities/fareast-finance-investment-ltd
FILI,988968,Fareast Islami Life Insurance,DSE,BDT,http://www.investing.com/equities/fareast-islami-life-insurance
FASC,989056,FAS Finance and Investment,DSE,BDT,http://www.investing.com/equities/fas-finance-and-investment-ltd
FDLI,989154,Federal Insurance,DSE,BDT,http://www.investing.com/equities/federal-insurance-company-ltd
FNFL,989032,Fine Foods,DSE,BDT,http://www.investing.com/equities/fine-foods-ltd
FBFI,1075427,First Bangladesh Fixed Income Closed Fund,DSE,BDT,http://www.investing.com/equities/first-bangladesh-fixed-income
1LSIT,989084,First Finance,DSE,BDT,http://www.investing.com/equities/first-finance-ltd
JBMF,1075425,First Janata Bank Fund,DSE,BDT,http://www.investing.com/equities/first-janata-bank-fund
FIRS,989010,First Security Islami Bank,DSE,BDT,http://www.investing.com/equities/first-security-islami-bank-ltd
FORT,1061657,Fortune Shoes,DSE,BDT,http://www.investing.com/equities/fortune-shoes
FWCR,988940,Fu-Wang Ceramic Industry,DSE,BDT,http://www.investing.com/equities/fu-wang-ceramic-industry-ltd
FWFD,988947,Fu-Wang Foods,DSE,BDT,http://www.investing.com/equities/fu-wang-foods-ltd
GBBP,989053,GBB Power,DSE,BDT,http://www.investing.com/equities/gbb-power-ltd
GSFD,989069,Gemini Sea Food,DSE,BDT,http://www.investing.com/equities/gemini-sea-food-ltd
GENN,988969,Generation Next Fashions,DSE,BDT,http://www.investing.com/equities/generation-next-fashions-ltd
GENE,1121891,Genex Infosys,DSE,BDT,http://www.investing.com/equities/genex-infosys
GLSK,989155,Glaxo Smithkline Bangladesh,DSE,BDT,http://www.investing.com/equities/glaxo-smithkline-bangladesh-ltd
GHCL,989038,Global Heavy Chemicals,DSE,BDT,http://www.investing.com/equities/global-heavy-chemicals-ltd
GLIL,988994,Global Insurance,DSE,BDT,http://www.investing.com/equities/global-insurance-ltd
GOLD,989161,Golden Harvest Agro,DSE,BDT,http://www.investing.com/equities/golden-harvest-agro-industries-ltd
GLDS,989054,Golden Son,DSE,BDT,http://www.investing.com/equities/golden-son-ltd
GPHI,989122,GPH Ispat,DSE,BDT,http://www.investing.com/equities/gph-ispat-ltd
GQBP,989005,GQ Ball Pen Industries,DSE,BDT,http://www.investing.com/equities/gq-ball-pen-industries-ltd
GRAM,1075426,Grameen One Scheme Two Fund,DSE,BDT,http://www.investing.com/equities/grameen-one-scheme-two-fund
GRAE,989044,Grameenphone,DSE,BDT,http://www.investing.com/equities/grameenphone-ltd
GDMF,1075434,Green Delta Closed Fund,DSE,BDT,http://www.investing.com/equities/green-delta-closed-fund
GDIE,988901,Green Delta Insurance,DSE,BDT,http://www.investing.com/equities/green-delta-insurance-company-ltd
GSPF,989102,GSP Finance Bangladesh,DSE,BDT,http://www.investing.com/equities/gsp-finance-company-bangladesh-ltd
HRTL,989147,H.R. Textile Mills,DSE,BDT,http://www.investing.com/equities/h.r.-textile-mills-ltd
HPPR,989016,Hakkani Pulp & Paper Mills,DSE,BDT,http://www.investing.com/equities/hakkani-pulp-paper-mills-ltd
HAMID,989030,Hamid Fabrics,DSE,BDT,http://www.investing.com/equities/hamid-fabrics-ltd
HBCB,989024,Heidelberg Cement Bangladesh,DSE,BDT,http://www.investing.com/equities/heidelberg-cement-bangladesh-ltd
HWAW,988889,Hwa Well Textiles BD,DSE,BDT,http://www.investing.com/equities/hwa-well-textiles-bd-ltd
TISN,989148,IBN SINA Pharma,DSE,BDT,http://www.investing.com/equities/ibn-sina-pharmaceutical-industry
ICBA,1075437,ICB AMCL 2nd NRB Fund,DSE,BDT,http://www.investing.com/equities/icb-amcl-2nd-nrb-fund
IBAM,1075431,ICB AMCL First Agrani Bank Fund,DSE,BDT,http://www.investing.com/equities/icb-amcl-first-agrani-bank-fund
ICBM,1075438,ICB AMCL Second Closed Fund,DSE,BDT,http://www.investing.com/equities/icb-amcl-second-closed-fund
ICBS,1075440,ICB AMCL Sonali Bank 1st Fund Closed Fund,DSE,BDT,http://www.investing.com/equities/icb-amcl-sonali-bank-1st-fund
ICB3,1075436,ICB AMCL Third NRB Fund,DSE,BDT,http://www.investing.com/equities/icb-amcl-third-nrb-fund
ICBE,1075444,ICB Employees Provident Closed Fund,DSE,BDT,http://www.investing.com/equities/icb-employees-provident-closed-fund
ICBI,989127,ICB Islamic Bank,DSE,BDT,http://www.investing.com/equities/icb-islamic-bank-ltd
IDLC,988914,Idlc Finance,DSE,BDT,http://www.investing.com/equities/idlc-finance-ltd
IFAD,989081,IFAD Autos,DSE,BDT,http://www.investing.com/equities/ifad-autos-ltd
IFC1,1075423,IFIC Bank 1st Fund,DSE,BDT,http://www.investing.com/equities/ific-bank-1st-fund
IFII,1075441,IFIL Islamic Closed Fund,DSE,BDT,http://www.investing.com/equities/ifil-islamic-closed-fund
IMBT,988984,Imam Button Industries,DSE,BDT,http://www.investing.com/equities/imam-button-industries-ltd
INDO,1097576,Indo-Bangla Pharmaceuticals,DSE,BDT,http://www.investing.com/equities/indo-bangla-pharmaceuticals
IPDC,989072,Industrial Promotion Bangladesh,DSE,BDT,http://www.investing.com/equities/industrial-promotion-development
ISNT,988963,Information Services Network,DSE,BDT,http://www.investing.com/equities/information-services-network-ltd
ITCO,989035,Information Technology Consultants,DSE,BDT,http://www.investing.com/equities/information-technology-consultants
ITOL,988894,Intech,DSE,BDT,http://www.investing.com/equities/intech-ltd
IFIC,989158,International Finance Investment Bank,DSE,BDT,http://www.investing.com/equities/international-finance-investment
ILFS,988962,Intl Leasing Financial,DSE,BDT,http://www.investing.com/equities/international-leasing-and-financial
INTR,1077176,Intraco Refueling Station,DSE,BDT,http://www.investing.com/equities/intraco-refueling-station
ICBL,988939,Investment Corp of Bangladesh,DSE,BDT,http://www.investing.com/equities/investment-corp-of-bangladesh
ISLB,988904,Islami Bank Bangladesh,DSE,BDT,http://www.investing.com/equities/islami-bank-bangladesh-ltd
ISLA,989020,Islami Insurance Bangladesh,DSE,BDT,http://www.investing.com/equities/islami-insurance-bangladesh-ltd
IFIL,988961,Islamic Finance and Investment,DSE,BDT,http://www.investing.com/equities/islamic-finance-and-investment-ltd
JMNB,989137,Jamuna Bank,DSE,BDT,http://www.investing.com/equities/jamuna-bank-ltd
JOCL,989133,Jamuna Oil,DSE,BDT,http://www.investing.com/equities/jamuna-oil-company-ltd
JNIN,988942,Janata Insurance,DSE,BDT,http://www.investing.com/equities/janata-insurance-co-ltd
JMIB,989086,JMI Syringes and Medical Devices,DSE,BDT,http://www.investing.com/equities/jmi-syringes-and-medical-devices
JTSP,988929,Jute Spinners,DSE,BDT,http://www.investing.com/equities/jute-spinners-ltd
KRNI,988959,Karnaphuli Insurance,DSE,BDT,http://www.investing.com/equities/karnaphuli-insurance-co-ltd
KATT,1099055,Kattali Textile,DSE,BDT,http://www.investing.com/equities/kattali-textile-ltd
KNDQ,989009,Kay and Que Bangladesh,DSE,BDT,http://www.investing.com/equities/kay-and-que-bangladesh-ltd
KDSA,989142,KDS Accessories,DSE,BDT,http://www.investing.com/equities/kds-accessories-ltd
KYCO,989156,Keya Cosmetic,DSE,BDT,http://www.investing.com/equities/keya-cosmetic-ltd
KHAN,988976,Khan Brothers,DSE,BDT,http://www.investing.com/equities/khan-brothers-p-p-woven-bag-ind
KPCL,989029,Khulna Power,DSE,BDT,http://www.investing.com/equities/khulna-power-company-ltd
KHUL,989025,Khulna Printing & Packaging,DSE,BDT,http://www.investing.com/equities/khulna-printing-packaging-ltd
KHCH,988960,Kohinoor Chemical Bangladesh,DSE,BDT,http://www.investing.com/equities/kohinoor-chemical-co-bangladesh-ltd
LFAR,989128,LafargeHolcim,DSE,BDT,http://www.investing.com/equities/lafarge-surma-cement-ltd
LBFL,989065,Lankabangla Finance,DSE,BDT,http://www.investing.com/equities/lankabangla-finance-ltd
LGFW,989168,Legacy Footwear,DSE,BDT,http://www.investing.com/equities/legacy-footwear-ltd
LBRA,989096,Libra Infusions,DSE,BDT,http://www.investing.com/equities/libra-infusions-ltd
LIND,989076,Linde Bangladesh,DSE,BDT,http://www.investing.com/equities/linde-bangladesh-ltd
LRGL,988895,LR Global Bangladesh,DSE,BDT,http://www.investing.com/equities/lr-global-bangladesh-mutual-fund
MICE,988993,M.I. Cement Factory,DSE,BDT,http://www.investing.com/equities/m.i.-cement-factory-ltd
MLDY,1096148,M.L. Dyeing,DSE,BDT,http://www.investing.com/equities/ml-dyeing
MAKS,988938,Maksons Spinning Mills,DSE,BDT,http://www.investing.com/equities/maksons-spinning-mills-ltd
MSPM,989111,Malek Spinning Mills,DSE,BDT,http://www.investing.com/equities/malek-spinning-mills-ltd
MARI,989140,Marico Bangladesh,DSE,BDT,http://www.investing.com/equities/marico-bangladesh-ltd
MSML,989112,Matin Spinning Mills,DSE,BDT,http://www.investing.com/equities/matin-spinning-mills-ltd
MBL1,1075428,MBL 1st Fund,DSE,BDT,http://www.investing.com/equities/mbl-1st-fund
MCCM,988922,Meghna Cement Mills,DSE,BDT,http://www.investing.com/equities/meghna-cement-mills-ltd
MCML,989145,Meghna Condensed Milk,DSE,BDT,http://www.investing.com/equities/meghna-condensed-milk-industries
MCLI,989004,Meghna Life Insurance,DSE,BDT,http://www.investing.com/equities/meghna-life-insurance-co-ltd
MCPT,989162,Meghna Pet,DSE,BDT,http://www.investing.com/equities/meghna-pet-industries-ltd
MEGP,988877,Meghna Petroleum,DSE,BDT,http://www.investing.com/equities/meghna-petroleum-ltd
MCBL,989078,Mercantile Bank,DSE,BDT,http://www.investing.com/equities/mercantile-bank-ltd
MCBK,989052,Mercantile Insurance,DSE,BDT,http://www.investing.com/equities/mercantile-insurance-co-ltd
MTSP,988902,Metro Spinning,DSE,BDT,http://www.investing.com/equities/metro-spinning-ltd
MDFL,988878,MIDAS Financing,DSE,BDT,http://www.investing.com/equities/midas-financing-ltd
MRLE,988891,Miracle Industries,DSE,BDT,http://www.investing.com/equities/miracle-industries-ltd
MTKN,988896,Mithun Knitting and Dyeing CEPZ,DSE,BDT,http://www.investing.com/equities/mithun-knitting-and-dyeing-cepz-ltd
MJLB,989087,MJL Bangladesh,DSE,BDT,http://www.investing.com/equities/mjl-bangladesh-ltd
MNRA,989166,Monno Ceramic Industries,DSE,BDT,http://www.investing.com/equities/monno-ceramic-industries-ltd
MJSR,989167,Monno Jute Stafllers,DSE,BDT,http://www.investing.com/equities/monno-jute-stafllers-ltd
MOZH,989015,Mozaffar Hossain Spinning Mills,DSE,BDT,http://www.investing.com/equities/mozaffar-hossain-spinning-mills-ltd
MTBL,989099,Mutual Trust Bank,DSE,BDT,http://www.investing.com/equities/mutual-trust-bank-ltd
NAHE,1057237,Nahee,DSE,BDT,http://www.investing.com/equities/nahee-aluminum-composite-panel
NBLL,989017,National Bank,DSE,BDT,http://www.investing.com/equities/national-bank-ltd
NCCB,988981,National Credit and Commerce Bank,DSE,BDT,http://www.investing.com/equities/national-credit-and-commerce-bank
NATI,988952,National Feed Mill,DSE,BDT,http://www.investing.com/equities/national-feed-mill-ltd
NHFI,989027,National Housing Finance,DSE,BDT,http://www.investing.com/equities/national-housing-finance-and-invest
NLIS,989068,National Life Insurance,DSE,BDT,http://www.investing.com/equities/national-life-insurance-co-ltd
NLPR,988986,National Polymer Industries,DSE,BDT,http://www.investing.com/equities/national-polymer-industries-ltd
NLTE,988985,National Tea Co,DSE,BDT,http://www.investing.com/equities/national-tea-co-ltd
NLTB,989107,National Tubes,DSE,BDT,http://www.investing.com/equities/national-tubes-ltd
NAVA,988967,Navana CNG,DSE,BDT,http://www.investing.com/equities/navana-cng-ltd
NCCL,1075421,NCCBL Fund 1 Closed Fund,DSE,BDT,http://www.investing.com/equities/nccbl-fund-1-closed-fund
NEWL,1131382,New Line Clothings,DSE,BDT,http://www.investing.com/equities/new-line-clothings
NICL,988934,Nitol Insurance,DSE,BDT,http://www.investing.com/equities/nitol-insurance-company-ltd
NLIT,988892,NLI First,DSE,BDT,http://www.investing.com/equities/nli-first-mutual-fund
NORT,988964,Northern General Insurance,DSE,BDT,http://www.investing.com/equities/northern-general-insurance-co-ltd
NRTJ,989126,Northern Jute Manufacturing,DSE,BDT,http://www.investing.com/equities/northern-jute-manufacturing-co-ltd
NURA,1024805,Nurani Dyeing Sweater,DSE,BDT,http://www.investing.com/equities/nurani-dyeing-sweater
OIME,1055077,Oimex Electrode,DSE,BDT,http://www.investing.com/equities/oimex-electrode-ltd
OLYP,988926,Olympic Accessories,DSE,BDT,http://www.investing.com/equities/olympic-accessories-ltd
OLIS,989002,Olympic Industries,DSE,BDT,http://www.investing.com/equities/olympic-industries-ltd
OBLT,989037,ONE Bank Limited,DSE,BDT,http://www.investing.com/equities/one-bank-limited
ORIN,988880,Orion Infusion,DSE,BDT,http://www.investing.com/equities/orion-infusion-ltd
ORIO,988948,Orion Pharma,DSE,BDT,http://www.investing.com/equities/orion-pharma-ltd
PACI,1013795,Pacific Denims,DSE,BDT,http://www.investing.com/equities/pacific-denims
PADM,989165,Padma Islami Life Insurance,DSE,BDT,http://www.investing.com/equities/padma-islami-life-insurance-ltd
PDOC,989075,Padma Oil,DSE,BDT,http://www.investing.com/equities/padma-oil-company-ltd
PRMT,989050,Paramount Insurance,DSE,BDT,http://www.investing.com/equities/paramount-insurance-company-ltd
PARA,988883,Paramount Textile,DSE,BDT,http://www.investing.com/equities/paramount-textile-ltd
PENI,989067,Peninsula Chittagong,DSE,BDT,http://www.investing.com/equities/peninsula-chittagong-ltd
PEIN,988925,Peoples Insurance,DSE,BDT,http://www.investing.com/equities/peoples-insurance-co-ltd
PLFS,989041,Peoples Leasing,DSE,BDT,http://www.investing.com/equities/peoples-leasing-and-financial-serv
PHAD,988911,Pharma Aids,DSE,BDT,http://www.investing.com/equities/pharma-aids-ltd
PFST,1075432,Phoenix Finance 1st Fund,DSE,BDT,http://www.investing.com/equities/phoenix-finance-1st-fund
PHXF,989090,Phoenix Finance and Investments,DSE,BDT,http://www.investing.com/equities/phoenix-finance-and-investments-ltd
PHIS,988973,Phoenix Insurance,DSE,BDT,http://www.investing.com/equities/phoenix-insurance-co-ltd
PHPM,1075433,PHP First Closed Fund,DSE,BDT,http://www.investing.com/equities/php-first-closed-fund
PIIN,988921,Pioneer Insurance,DSE,BDT,http://www.investing.com/equities/pioneer-insurance-company-ltd
PLMF,1075422,Popular Life First Fund,DSE,BDT,http://www.investing.com/equities/popular-life-first-fund
PLIC,989091,Popular Life Insurance,DSE,BDT,http://www.investing.com/equities/popular-life-insurance-company-ltd
PGCB,989043,Power Grid of Bangladesh,DSE,BDT,http://www.investing.com/equities/power-grid-co-of-bangladesh-ltd
PGIN,989022,Pragati Insurance,DSE,BDT,http://www.investing.com/equities/pragati-insurance-ltd
PRIL,988909,Pragati Life Insurance,DSE,BDT,http://www.investing.com/equities/pragati-life-insurance-ltd
PRBN,989057,Premier Bank,DSE,BDT,http://www.investing.com/equities/premier-bank-ltd
PREM,988917,Premier Cement Mills,DSE,BDT,http://www.investing.com/equities/premier-cement-mills-ltd
PLSI,989150,Premier Leasing & Finance,DSE,BDT,http://www.investing.com/equities/premier-leasing-finance-ltd
PRBK,989132,Prime Bank,DSE,BDT,http://www.investing.com/equities/prime-bank-ltd
PRMF,1075446,Prime Bank First ICB AMCL Closed Fund,DSE,BDT,http://www.investing.com/equities/prime-bank-first-icb-amcl
PFIL,989119,Prime Finance and Investment,DSE,BDT,http://www.investing.com/equities/prime-finance-and-investment-ltd
PFFM,1073638,Prime Finance First Mutual Fund,DSE,BDT,http://www.investing.com/equities/prime-finance-first-mutual-fund
PRIN,989108,Prime Insurance,DSE,BDT,http://www.investing.com/equities/prime-insurance-company-ltd
PILI,989095,Prime Islami Life Insurance,DSE,BDT,http://www.investing.com/equities/prime-islami-life-insurance-ltd
PRTX,988991,Prime Textile Spining Mills,DSE,BDT,http://www.investing.com/equities/prime-textile-spining-mills-ltd
PLIL,988995,Progressive Life Insurance,DSE,BDT,http://www.investing.com/equities/progressive-life-insurance-company
PROV,989058,Provati Insurance,DSE,BDT,http://www.investing.com/equities/provati-insurance-company-ltd
PBBK,989104,Pubali Bank,DSE,BDT,http://www.investing.com/equities/pubali-bank-ltd
PFIN,989138,Purabi General Insurance,DSE,BDT,http://www.investing.com/equities/purabi-general-insurance-co-ltd
QASE,989031,Quasem Drycells,DSE,BDT,http://www.investing.com/equities/quasem-drycells-ltd
QUEE,1072322,Queen South Textile Mills,DSE,BDT,http://www.investing.com/equities/queen-south-textile-mills-ltd
RMTX,988945,Rahim Textile Mills,DSE,BDT,http://www.investing.com/equities/rahim-textile-mills-ltd
RAKC,988919,Rak Ceramics Bangladesh,DSE,BDT,http://www.investing.com/equities/rak-ceramics-bangladesh-ltd
RDFO,988944,Rangapur Dairy,DSE,BDT,http://www.investing.com/equities/rangapur-dairy-ltd
RGFN,989051,Rangpur Foundry,DSE,BDT,http://www.investing.com/equities/rangpur-foundry-ltd
RATA,988920,Ratanpur Steel Re-Rolling Mills,DSE,BDT,http://www.investing.com/equities/ratanpur-steel-re-rolling-mills-ltd
RKBN,988958,Reckitt Benkiser Bangladesh,DSE,BDT,http://www.investing.com/equities/reckitt-benkiser-bangladesh-ltd
RETM,988936,Regent Textile Mills,DSE,BDT,http://www.investing.com/equities/regent-textile-mills-ltd
RELI,988927,Reliance Insurance,DSE,BDT,http://www.investing.com/equities/reliance-insurance-ltd
RELA,988912,Reliance One,DSE,BDT,http://www.investing.com/equities/reliance-one-the-first-scheme
RNTL,989066,Renata,DSE,BDT,http://www.investing.com/equities/renata-ltd
RNJS,989117,Renwick Jajneswar & Co BD,DSE,BDT,http://www.investing.com/equities/renwick-jajneswar-co-bd-ltd
REPU,989033,Republic Insurance,DSE,BDT,http://www.investing.com/equities/republic-insurance-company-ltd
RING,1156043,Ring Shine,DSE,BDT,http://www.investing.com/equities/ring-shine-textiles-ltd
RNSP,988998,RN Spinning Mills,DSE,BDT,http://www.investing.com/equities/rn-spinning-mills-ltd
RUNN,1131208,Runner Auto,DSE,BDT,http://www.investing.com/equities/runner-auto
RPBK,988954,Rupali Bank,DSE,BDT,http://www.investing.com/equities/rupali-bank-ltd
RPIN,988941,Rupali Insurance,DSE,BDT,http://www.investing.com/equities/rupali-insurance-company-ltd
RUPA,989047,Rupali Life Insurance,DSE,BDT,http://www.investing.com/equities/rupali-life-insurance-co-ltd
SSST,1130826,S S Steel,DSE,BDT,http://www.investing.com/equities/s-s-steel
SACR,989011,S. Alam Cold Rolled Steels,DSE,BDT,http://www.investing.com/equities/s.-alam-cold-rolled-steels-ltd
SFSP,988903,SAFKO Spinning Mills,DSE,BDT,http://www.investing.com/equities/safko-spinning-mills-ltd
SAIF,988955,Saif Powertec,DSE,BDT,http://www.investing.com/equities/saif-powertec-ltd
SAIH,989061,Saiham Cotton Mills,DSE,BDT,http://www.investing.com/equities/saiham-cotton-mills-ltd
SHTX,989134,Saiham Textile Mills,DSE,BDT,http://www.investing.com/equities/saiham-textile-mills-ltd
SALV,989163,Salvo Chemical,DSE,BDT,http://www.investing.com/equities/salvo-chemical-industry-ltd
SMLT,989049,Samata Leather Complex,DSE,BDT,http://www.investing.com/equities/samata-leather-complex-ltd
SMHS,988923,Samorita Hospital,DSE,BDT,http://www.investing.com/equities/samorita-hospital-ltd
SLIN,988949,Sandhani Life Insurance,DSE,BDT,http://www.investing.com/equities/sandhani-life-insurance-co-ltd
SVRF,989007,Savar Refractories,DSE,BDT,http://www.investing.com/equities/savar-refractories-ltd
SEAP,1152776,Sea Pearl Beach Resort & Spa,DSE,BDT,http://www.investing.com/equities/sea-pearl-beach-resort-spa-ltd
SEMF,1152777,SEML FBLSL Growth,DSE,BDT,http://www.investing.com/equities/seml-fblsl-growth-fund
SEMI,1075435,SEML IBBL Shariah Closed Fund,DSE,BDT,http://www.investing.com/equities/seml-ibbl-shariah-closed-fund
SEML,1075449,SEML Lecture Equity Management Fund Closed Fund,DSE,BDT,http://www.investing.com/equities/seml-lecture-equity-management-fund
SIBL,989036,Shahjalal Islami Bank,DSE,BDT,http://www.investing.com/equities/shahjalal-islami-bank-ltd
SHBZ,989042,Shahjibazar Power,DSE,BDT,http://www.investing.com/equities/shahjibazar-power-co-ltd
SHAS,988970,Shasha Denims,DSE,BDT,http://www.investing.com/equities/shasha-denims-ltd
SHEP,1061658,Shepherd Industries,DSE,BDT,http://www.investing.com/equities/shepherd-industries
SHIN,988933,Shinepukur Ceramics,DSE,BDT,http://www.investing.com/equities/shinepukur-ceramics-ltd
SHUR,988913,Shurwid Industries,DSE,BDT,http://www.investing.com/equities/shurwid-industries-ltd
SYSG,988946,Shyampur Sugar Mills,DSE,BDT,http://www.investing.com/equities/shyampur-sugar-mills-ltd
SILC,1137594,Silco Pharmaceuticals,DSE,BDT,http://www.investing.com/equities/silco-pharmaceuticals-ltd
SILV,1096584,Silva Pharmaceuticals,DSE,BDT,http://www.investing.com/equities/silva-pharmaceuticals-ltd
SIMT,989064,Simtex Industries,DSE,BDT,http://www.investing.com/equities/simtex-industries-ltd
SGBD,989046,Singer Bangladesh,DSE,BDT,http://www.investing.com/equities/singer-bangladesh-ltd
SNBI,989125,Sinobangla Industries,DSE,BDT,http://www.investing.com/equities/sinobangla-industries-ltd
SKTR,1088761,SK Trims & Industries,DSE,BDT,http://www.investing.com/equities/sk-trims-industries
SOCI,989055,Social Islami Bank,DSE,BDT,http://www.investing.com/equities/social-islami-bank-ltd
SNAN,989045,Sonali Aansh,DSE,BDT,http://www.investing.com/equities/sonali-aansh-industries-ltd
SBIL,989110,Sonar Bangla Insurance,DSE,BDT,http://www.investing.com/equities/sonar-bangla-insurance-ltd
SGTL,988996,Sonargaon Textiles,DSE,BDT,http://www.investing.com/equities/sonargaon-textiles-ltd
SEBK,989152,Southeast Bank,DSE,BDT,http://www.investing.com/equities/southeast-bank-ltd
SEBL,1075445,Southeast Bank 1st Fund,DSE,BDT,http://www.investing.com/equities/southeast-bank-1st-fund
SQPH,988918,Square Pharma,DSE,BDT,http://www.investing.com/equities/square-pharmaceuticals-ltd
SQTX,988966,Square Textiles,DSE,BDT,http://www.investing.com/equities/square-textiles-ltd
STBL,989000,Standard Bank,DSE,BDT,http://www.investing.com/equities/standard-bank-ltd
STCM,989085,Standard Ceramic,DSE,BDT,http://www.investing.com/equities/standard-ceramic-industries-ltd
STAN,988881,Standard Insurance,DSE,BDT,http://www.investing.com/equities/standard-insurance-ltd
STLC,989130,Stylecraft,DSE,BDT,http://www.investing.com/equities/stylecraft-ltd
SAPO,989080,Summit Alliance Port,DSE,BDT,http://www.investing.com/equities/summit-alliance-port-ltd
SMPL,989074,Summit Power,DSE,BDT,http://www.investing.com/equities/summit-power-ltd
SICL,989071,Sunlife Insurance,DSE,BDT,http://www.investing.com/equities/sunlife-insurance-co-ltd
TAKA,989092,Takaful Islami Insurance,DSE,BDT,http://www.investing.com/equities/takaful-islami-insurance-ltd
TLSP,989114,Tallu Spinning Mills,DSE,BDT,http://www.investing.com/equities/tallu-spinning-mills-ltd
TITA,989088,Titas Gas Transmission and Distribution,DSE,BDT,http://www.investing.com/equities/titas-gas-transmission-distribution
TOSR,989094,Tosrifa Industries,DSE,BDT,http://www.investing.com/equities/tosrifa-industries-ltd
TRBK,989077,Trust Bank,DSE,BDT,http://www.investing.com/equities/trust-bank-ltd
TRST,989105,Trust Bank First,DSE,BDT,http://www.investing.com/equities/trust-bank-first-mutual-fund
THKD,989157,Tung Hai Knitting and Dyeing,DSE,BDT,http://www.investing.com/equities/tung-hai-knitting-and-dyeing-ltd
UNCP,989159,Union Capital,DSE,BDT,http://www.investing.com/equities/union-capital-ltd
UNIQ,989124,Unique Hotel and Resorts,DSE,BDT,http://www.investing.com/equities/unique-hotel-and-resorts-ltd
UNIT,988882,United Airways Bangladesh,DSE,BDT,http://www.investing.com/equities/united-airways-bangladesh-ltd
UCBL,989006,United Commercial Bank,DSE,BDT,http://www.investing.com/equities/united-commercial-bank-ltd
UNIE,989118,United Finance,DSE,BDT,http://www.investing.com/equities/united-finance-ltd
UNIS,989164,United Insurance,DSE,BDT,http://www.investing.com/equities/united-insurance-company-ltd
UNIP,989123,United Power Generation & Distribution,DSE,BDT,http://www.investing.com/equities/united-power-generation-distribut
USGL,988978,Usmania Glass,DSE,BDT,http://www.investing.com/equities/usmania-glass-sheet-factory-ltd
UTBK,989093,Uttara Bank,DSE,BDT,http://www.investing.com/equities/uttara-bank-ltd
UTFN,989026,Uttara Finance and Investments,DSE,BDT,http://www.investing.com/equities/uttara-finance-and-investments-ltd
VANG,1075448,Vanguard AML BD Finance Fund One Closed Fund,DSE,BDT,http://www.investing.com/equities/vanguard-aml-bd-finance-fund-one
VNGU,1075443,Vanguard Aml Rupali Bank Balance Closed Fund,DSE,BDT,http://www.investing.com/equities/vanguard-aml-rupali-bank-balance
VFST,1096180,VFS Thread Dyeing,DSE,BDT,http://www.investing.com/equities/vfs-thread-dyeing
WTCH,989151,Wata Chemicals,DSE,BDT,http://www.investing.com/equities/wata-chemicals-ltd
WEST,989141,Western Marine Shipyard,DSE,BDT,http://www.investing.com/equities/western-marine-shipyard-ltd
YEAK,1061659,Yeakin Polymer,DSE,BDT,http://www.investing.com/equities/yeakin-polymer
ZAHE,988956,Zaheen Spinning,DSE,BDT,http://www.investing.com/equities/zaheen-spinning-ltd
ZHIN,988971,Zahintex Industries,DSE,BDT,http://www.investing.com/equities/zahintex-industries-ltd
ZBSG,989153,Zeal Bangla Sugar Milla,DSE,BDT,http://www.investing.com/equities/zeal-bangla-sugar-milla-ltd
