AUDIDR,1491,Australian Dollar Indonesian Rupiah,Forex,IDR
CADIDR,1527,Canadian Dollar Indonesian Rupiah,Forex,IDR
CHFIDR,1549,Swiss Franc Indonesian Rupiah,Forex,IDR
EURIDR,1645,Euro Indonesian Rupiah,Forex,IDR
GBPIDR,1759,British Pound Indonesian Rupiah,Forex,IDR
HKDIDR,1821,Hong Kong Dollar Indonesian Rupiah,Forex,IDR
IDRCAD,1841,Indonesian Rupiah Canadian Dollar,Forex,CAD
IDRCNY,1843,Indonesian Rupiah Chinese Yuan,Forex,CNY
IDRINR,1847,Indonesian Rupiah Indian Rupee,Forex,INR
IDRJPY,1848,Indonesian Rupiah Japanese Yen,Forex,JPY
IDRKRW,1849,Indonesian Rupiah Korean Won,Forex,KRW
IDRTHB,1853,Indonesian Rupiah Thai Baht,Forex,THB
IDRTWD,1854,Indonesian Rupiah Taiwan Dollar,Forex,TWD
JPYIDR,1898,Japanese Yen Indonesian Rupiah,Forex,IDR
KRWIDR,1919,Korean Won Indonesian Rupiah,Forex,IDR
MYRIDR,1960,Malaysian Ringgit Indonesian Rupiah,Forex,IDR
NZDIDR,1984,New Zealand Dollar Indonesian Rupiah,Forex,IDR
SGDIDR,2034,Singapore Dollar Indonesian Rupiah,Forex,IDR
THBIDR,2053,Thai Baht Indonesian Rupiah,Forex,IDR
TWDIDR,2073,Taiwan Dollar Indonesian Rupiah,Forex,IDR
USDIDR,2138,US Dollar Indonesian Rupiah,Forex,IDR
ZARIDR,2241,South African Rand Indonesian Rupiah,Forex,IDR
AEDIDR,9326,UAE Dirham Indonesian Rupiah,Forex,IDR
ARSIDR,9379,Argentinian Peso Indonesian Rupiah,Forex,IDR
BRLIDR,9422,Brazil Real Indonesian Rupiah,Forex,IDR
CNYIDR,9504,Chinese Yuan Indonesian Rupiah,Forex,IDR
CLPIDR,9570,Chilean Peso Indonesian Rupiah,Forex,IDR
DKKIDR,9582,Danish Krone Indonesian Rupiah,Forex,IDR
HUFIDR,9657,Hungarian Forint Indonesian Rupiah,Forex,IDR
ILSIDR,9690,Israeli Shekel Indonesian Rupiah,Forex,IDR
INRIDR,9736,Indian Rupee Indonesian Rupiah,Forex,IDR
ISKIDR,9763,Icelandic Kr Indonesian Rupiah,Forex,IDR
MXNIDR,9803,Mexican Peso Indonesian Rupiah,Forex,IDR
NOKIDR,9851,Norwegian Krone Indonesian Rupiah,Forex,IDR
PHPIDR,9930,Philippine Peso Indonesian Rupiah,Forex,IDR
PKRIDR,9960,Pakistani Rupee Indonesian Rupiah,Forex,IDR
PLNIDR,9986,Polish Zloty Indonesian Rupiah,Forex,IDR
RUBIDR,10036,Russian Ruble Indonesian Rupiah,Forex,IDR
SARIDR,10087,Saudi Riyal Indonesian Rupiah,Forex,IDR
SEKIDR,10140,Swedish Krona Indonesian Rupiah,Forex,IDR
TRYIDR,10258,Turkish Lira Indonesian Rupiah,Forex,IDR
VEFIDR,10363,Venezuelan Bolivar Indonesian Rupiah,Forex,IDR
IDRUSD,1031289,Indonesian Rupiah US Dollar,Forex,USD
IDREUR,1031290,Indonesian Rupiah Euro,Forex,EUR
IDRGBP,1031291,Indonesian Rupiah British Pound,Forex,GBP
IDRCHF,1031292,Indonesian Rupiah Swiss Franc,Forex,CHF
IDRAUD,1031293,Indonesian Rupiah Australian Dollar,Forex,AUD
