BTCUSD,1061356,Bitcoin US Dollar,BigONE,USD
BTCBITCNY,1061306,Bitcoin bitCNY,BigONE,BITCNY
ETHBTC,1061279,Ethereum Bitcoin,BigONE,BTC
ETHEOS,1061298,Ethereum EOS,BigONE,EOS
ETHUSD,1061359,Ethereum US Dollar,BigONE,USD
ETHBITCNY,1061309,Ethereum bitCNY,BigONE,BITCNY
EOSBTC,1061281,EOS Bitcoin,BigONE,BTC
EOSBITCNY,1061307,EOS bitCNY,BigONE,BITCNY
EOSUSD,1061357,EOS US Dollar,BigONE,USD
BCHUSD,1061358,Bitcoin Cash US Dollar,BigONE,USD
BCHBTC,1061285,Bitcoin Cash Bitcoin,BigONE,BTC
LTCBTC,1061284,Litecoin Bitcoin,BigONE,BTC
ETCBTC,1061286,Ethereum Classic Bitcoin,BigONE,BTC
QTUMBTC,1061287,Qtum Bitcoin,BigONE,BTC
QTUMBITCNY,1061308,Qtum bitCNY,BigONE,BITCNY
ANSBTC,1061288,NEO Bitcoin,BigONE,BTC
VENBTC,1061332,VeChain Bitcoin,BigONE,BTC
VENETH,1061355,VeChain Ethereum,BigONE,ETH
ZECBTC,1061282,Zcash Bitcoin,BigONE,BTC
ZECUSD,1061360,Zcash US Dollar,BigONE,USD
OMGBTC,1061289,Omisego Bitcoin,BigONE,BTC
OMGETH,1061352,Omisego Ethereum,BigONE,ETH
AEBTC,1061314,Aeternity Bitcoin,BigONE,BTC
BTGBTC,1061335,Bitcoin Gold Bitcoin,BigONE,BTC
