8458,1013003,1 Production Film Co,TPEX,TWD,http://www.investing.com/equities/1-production-film-co
5297,1012570,3S Silicon Tech,TPEX,TWD,http://www.investing.com/equities/3s-silicon-tech
8491,1013014,9Splay Entertainment Tech,TPEX,TWD,http://www.investing.com/equities/9splay-entertainment-technology-co
3236,1012197,ABC Taiwan Electronics,TPEX,TWD,http://www.investing.com/equities/abc-taiwan-electronics
8071,1012924,Abico FS,TPEX,TWD,http://www.investing.com/equities/abico-fs-co-ltd
3362,1012232,Ability Opto-Electronics,TPEX,TWD,http://www.investing.com/equities/ability-opto-electronics-technology
3628,1012316,Ablerex Electronics,TPEX,TWD,http://www.investing.com/equities/ablerex-electronics-co-ltd
6690,1093912,Acer Cyber,TPEX,TWD,http://www.investing.com/equities/acer-cyber
8121,1012946,Acme Electronics,TPEX,TWD,http://www.investing.com/equities/acme-electronics
6692,1114114,Acmepoint Energy,TPEX,TWD,http://www.investing.com/equities/acmepoint-energy
3710,1012629,Acon,TPEX,TWD,http://www.investing.com/equities/advanced-connectek
6403,1012774,AcSiP Tech,TPEX,TWD,http://www.investing.com/equities/acsip-technology
5536,1012641,Acter,TPEX,TWD,http://www.investing.com/equities/acter-co-ltd
5240,1012547,ACTi,TPEX,TWD,http://www.investing.com/equities/acti
8255,1012959,Actron Tech,TPEX,TWD,http://www.investing.com/equities/actron-technology
3434,1012248,Acula Tech,TPEX,TWD,http://www.investing.com/equities/acula-technology
3260,1012200,Adata Tech,TPEX,TWD,http://www.investing.com/equities/adata-technology-co-ltd
3071,1012143,Adda,TPEX,TWD,http://www.investing.com/equities/adda
5287,1012566,Addcn Tech,TPEX,TWD,http://www.investing.com/equities/addcn-technology-co-ltd
3516,1012270,Ado Optronics,TPEX,TWD,http://www.investing.com/equities/ado-optronics
3585,1012301,Advance Materials,TPEX,TWD,http://www.investing.com/equities/advance-materials
4186,1012394,Taiwan Advance Bio-Pharma,TPEX,TWD,http://www.investing.com/equities/taiwan-advance-bio-pharmaceutical
8086,1012932,Advanced Wireless,TPEX,TWD,http://www.investing.com/equities/advanced-wireless-semiconductor-co
3492,1012263,Advanced Connection Tech,TPEX,TWD,http://www.investing.com/equities/advanced-connection-technology
3152,1012169,Advanced Ceramic X,TPEX,TWD,http://www.investing.com/equities/advanced-ceramic-x
3357,1012230,Tai-Tech Advanced,TPEX,TWD,http://www.investing.com/equities/tai-tech-advanced-electronics-co
3438,1012249,Advanced Analog,TPEX,TWD,http://www.investing.com/equities/advanced-analog-technology
5345,1012587,Team Young Advanced,TPEX,TWD,http://www.investing.com/equities/team-young-advanced-technology-co
5209,1012535,Advanced Control,TPEX,TWD,http://www.investing.com/equities/advanced-control-systems
6585,1012876,DingZing Advanced Materials,TPEX,TWD,http://www.investing.com/equities/dingzing-advanced-materials
5227,1012543,Advanced Lithium Cayman,TPEX,TWD,http://www.investing.com/equities/advanced-lithium-electrochemistry
6287,1012766,Advanced Microelectronic,TPEX,TWD,http://www.investing.com/equities/advanced-microelectronic-products
8938,1013039,Advanced Intl Multitech,TPEX,TWD,http://www.investing.com/equities/advanced-international-multitech-co
1599,1012075,Aeon Motor,TPEX,TWD,http://www.investing.com/equities/aeon-motor-co-ltd
8495,1013016,Geosat Aerospace & Tech,TPEX,TWD,http://www.investing.com/equities/geosat-aerospace-technology
3564,1012294,AEWIN Tech,TPEX,TWD,http://www.investing.com/equities/aewin-technologies-co-ltd
3693,1012341,AIC,TPEX,TWD,http://www.investing.com/equities/aic
3615,1012311,AimCore Tech,TPEX,TWD,http://www.investing.com/equities/aimcore-technology-co-ltd
4609,1012457,Airlux Elextrical,TPEX,TWD,http://www.investing.com/equities/airlux-elextrical-co-ltd
6174,1012709,Aker Tech,TPEX,TWD,http://www.investing.com/equities/aker-technology-co-ltd
5386,1012600,Albatron Tech,TPEX,TWD,http://www.investing.com/equities/albatron-technology-co-ltd
8054,1012917,Alcor Micro,TPEX,TWD,http://www.investing.com/equities/alcor-micro
6594,1012882,Alcorlink,TPEX,TWD,http://www.investing.com/equities/alcorlink
4558,1012449,Alformer,TPEX,TWD,http://www.investing.com/equities/alformer-industrial-co-ltd
4553,1012446,ALFOT Tech,TPEX,TWD,http://www.investing.com/equities/alfot-technologies-co-ltd
6684,1081681,Algoltek,TPEX,TWD,http://www.investing.com/equities/algoltek
6187,1012716,All Ring Tech,TPEX,TWD,http://www.investing.com/equities/all-ring-tech-co-ltd
3595,1012305,Alliance Material,TPEX,TWD,http://www.investing.com/equities/alliance-material-co-ltd
1780,1012080,Allied Biotech,TPEX,TWD,http://www.investing.com/equities/allied-biotech
8155,1012950,Allied Circuit,TPEX,TWD,http://www.investing.com/equities/allied-circuit-co-ltd
5601,1012643,Taiwan Allied Container,TPEX,TWD,http://www.investing.com/equities/taiwan-allied-container-terminal
4702,1012458,Allied,TPEX,TWD,http://www.investing.com/equities/allied-industrial-ltd
3162,1012170,United Alloy-Tech,TPEX,TWD,http://www.investing.com/equities/united-alloy-tech-co-ltd
3526,1012275,Alltop Tech,TPEX,TWD,http://www.investing.com/equities/alltop-technology-co-ltd
6204,1012724,Taiwan Alpha Electronic,TPEX,TWD,http://www.investing.com/equities/taiwan-alpha-electronic-co-ltd
8024,1012902,Alpha Microelectronics,TPEX,TWD,http://www.investing.com/equities/alpha-microelectronics
6411,1012777,Amazing Microelectronic,TPEX,TWD,http://www.investing.com/equities/amazing-microelectronic
4188,1012396,AmCad BioMed,TPEX,TWD,http://www.investing.com/equities/amcad-biomed
5483,1012624,Sino-American Silicon,TPEX,TWD,http://www.investing.com/equities/sino-american-silicon-products
8438,1012997,Amia,TPEX,TWD,http://www.investing.com/equities/amia-co-ltd
5272,1012558,AMICCOM Electronics,TPEX,TWD,http://www.investing.com/equities/amiccom-electronics
6241,1012746,Amigo Tech,TPEX,TWD,http://www.investing.com/equities/amigo-technology
5233,1012546,Amita Tech,TPEX,TWD,http://www.investing.com/equities/amita-technologies
8049,1012915,Ampire,TPEX,TWD,http://www.investing.com/equities/ampire-co-ltd
4760,1012481,Ample Electronic Tech,TPEX,TWD,http://www.investing.com/equities/ample-electronic-technology-co-ltd
8107,1012942,Tayih Lun An,TPEX,TWD,http://www.investing.com/equities/tayih-lun-an-co-ltd
1259,1012053,An-Shin Food,TPEX,TWD,http://www.investing.com/equities/an-shin-food-services-co-ltd
6291,1012769,Analog Integrations,TPEX,TWD,http://www.investing.com/equities/analog-integrations
3587,1012302,Materials Analysis Tech,TPEX,TWD,http://www.investing.com/equities/materials-analysis-technology
5223,1093908,Anli,TPEX,TWD,http://www.investing.com/equities/anli
6138,1012689,Anpec Electronics,TPEX,TWD,http://www.investing.com/equities/anpec-electronics
3646,1012324,Ant Precision,TPEX,TWD,http://www.investing.com/equities/ant-precision-industry-co-ltd
6276,1012763,Antec,TPEX,TWD,http://www.investing.com/equities/antec
6677,1093909,Anxo Pharma,TPEX,TWD,http://www.investing.com/equities/anxo-pharma
3224,1012190,MetaTech AP,TPEX,TWD,http://www.investing.com/equities/metatech-ap
4908,1012493,APAC Opto Electronics,TPEX,TWD,http://www.investing.com/equities/apac-opto-electronics
5210,1012536,APEX Intl Financial Eng,TPEX,TWD,http://www.investing.com/equities/apex-international-financial-eng
6570,1012865,Aplex Tech,TPEX,TWD,http://www.investing.com/equities/aplex-technology
6426,1012784,Apogee Optocom,TPEX,TWD,http://www.investing.com/equities/apogee-optocom-co-ltd
4413,1012412,EST Global Apparel,TPEX,TWD,http://www.investing.com/equities/est-global-apparel-co-ltd
1785,1012083,Solar Applied Materials,TPEX,TWD,http://www.investing.com/equities/solar-applied-materials-technology
6560,1012858,Appro Photoelectron,TPEX,TWD,http://www.investing.com/equities/appro-photoelectron
8281,1012962,Appro Tech,TPEX,TWD,http://www.investing.com/equities/appro-technology
3594,1012304,Arbor Tech,TPEX,TWD,http://www.investing.com/equities/arbor-technology
3264,1012201,Ardentec,TPEX,TWD,http://www.investing.com/equities/ardentec
3217,1012186,Argosy Research,TPEX,TWD,http://www.investing.com/equities/argosy-research
4173,1012388,Arich,TPEX,TWD,http://www.investing.com/equities/arich-enterprise-co-ltd
6171,1012707,Taiwan Aries,TPEX,TWD,http://www.investing.com/equities/taiwan-aries-co-ltd
3627,1012315,Arima Lasers,TPEX,TWD,http://www.investing.com/equities/arima-lasers
6611,1012888,Cayenne s Ark Mobile,TPEX,TWD,http://www.investing.com/equities/cayenne-s-ark-mobile-co-ltd
6432,1012786,Arlitech Electronic,TPEX,TWD,http://www.investing.com/equities/arlitech-electronic
3664,1012328,Array,TPEX,TWD,http://www.investing.com/equities/array
8921,1013025,Shen s Art Printing,TPEX,TWD,http://www.investing.com/equities/shen-s-art-printing-co-ltd
6650,1052676,Art Emperor Tech,TPEX,TWD,http://www.investing.com/equities/art-emperor-tech
8479,1013009,Taiwan Artcci,TPEX,TWD,http://www.investing.com/equities/taiwan-artcci-co-ltd
6596,1012883,Kuang Hong Arts,TPEX,TWD,http://www.investing.com/equities/kuang-hong-arts-management
8038,1012907,Changs Ascending,TPEX,TWD,http://www.investing.com/equities/changs-ascending-enterprise-co-ltd
6113,1012676,ASEC Intl,TPEX,TWD,http://www.investing.com/equities/asec-international
4707,1012460,Pan Asia Chemical,TPEX,TWD,http://www.investing.com/equities/pan-asia-chemical-co
4160,1012377,Genesis Genetics Asia,TPEX,TWD,http://www.investing.com/equities/genesis-genetics-asia
4542,1012440,Asia Neo Tech,TPEX,TWD,http://www.investing.com/equities/asia-neo-tech-industrial-co-ltd
4939,1012502,Asia Electronic,TPEX,TWD,http://www.investing.com/equities/asia-electronic-material-co-ltd
4974,1012518,Asia Tech Image,TPEX,TWD,http://www.investing.com/equities/asia-tech-image
3169,1012173,ASIX Electronics,TPEX,TWD,http://www.investing.com/equities/asix-electronics
6497,1031118,Aslan Pharma,TPEX,TWD,http://www.investing.com/equities/aslan-pharma
6485,1012809,ASolid Tech,TPEX,TWD,http://www.investing.com/equities/asolid-technology-co-ltd
5274,1012559,Aspeed Tech,TPEX,TWD,http://www.investing.com/equities/aspeed-technology
6475,1012805,Assem Tech,TPEX,TWD,http://www.investing.com/equities/assem-technology-co-ltd
6417,1012779,Securitag Assembly,TPEX,TWD,http://www.investing.com/equities/securitag-assembly-group-co-ltd
6240,1012745,Sung Gang Asset Management,TPEX,TWD,http://www.investing.com/equities/sung-gang-asset-management-ltd
6279,1012764,Hu Lane Associate,TPEX,TWD,http://www.investing.com/equities/hu-lane-associate
5878,1012655,Taiming Assurance,TPEX,TWD,http://www.investing.com/equities/taiming-assurance-broker-co-ltd
3064,1012139,Astro,TPEX,TWD,http://www.investing.com/equities/astro
6179,1012711,Ate Energy Intl,TPEX,TWD,http://www.investing.com/equities/ate-energy-international-co-ltd
6109,1012674,Atech OEM,TPEX,TWD,http://www.investing.com/equities/atech-oem
6465,1012797,ATrack Tech,TPEX,TWD,http://www.investing.com/equities/atrack-technology
8097,1012939,ATW Technology,TPEX,TWD,http://www.investing.com/equities/atw-technology
3324,1012223,Auras Tech,TPEX,TWD,http://www.investing.com/equities/auras-technology-co-ltd
8074,1012925,Aurona Industries,TPEX,TWD,http://www.investing.com/equities/aurona-industries
3685,1012336,Tradetool Auto,TPEX,TWD,http://www.investing.com/equities/tradetool-auto-co-ltd
3611,1012310,TSC Auto ID Tech,TPEX,TWD,http://www.investing.com/equities/tsc-auto-id-technology-co-ltd
5490,1012628,XAC Automation,TPEX,TWD,http://www.investing.com/equities/xac-automation
6234,1012741,Tera Autotech,TPEX,TWD,http://www.investing.com/equities/tera-autotech
3479,1012256,Avalue Tech,TPEX,TWD,http://www.investing.com/equities/avalue-technology
6198,1012721,Averlogic Tech,TPEX,TWD,http://www.investing.com/equities/averlogic-technologies
3597,1012306,Avertronics,TPEX,TWD,http://www.investing.com/equities/avertronics
6103,1012670,Avid Electronics,TPEX,TWD,http://www.investing.com/equities/avid-electronics
4735,1012470,Avita,TPEX,TWD,http://www.investing.com/equities/avita
5392,1012601,AVY Precision Tech,TPEX,TWD,http://www.investing.com/equities/avy-precision-technology
6530,1012835,Axcen Photonics,TPEX,TWD,http://www.investing.com/equities/axcen-photonics
3088,1012150,Axiomtek,TPEX,TWD,http://www.investing.com/equities/axiomtek-co-ltd
6292,1012770,AXIS,TPEX,TWD,http://www.investing.com/equities/axis-corp
6148,1012695,Azion,TPEX,TWD,http://www.investing.com/equities/azion
2753,1166865,Bafang Yunji,TPEX,TWD,http://www.investing.com/equities/bafang-yunji-international
8401,1012978,Bai Sha Tech,TPEX,TWD,http://www.investing.com/equities/bai-sha-technology-co-ltd
1595,1012073,Chime Ball Tech,TPEX,TWD,http://www.investing.com/equities/chime-ball-technology-co-ltd
6506,1012823,Shuang-Bang,TPEX,TWD,http://www.investing.com/equities/shuang-bang-industrial
5863,1012652,Taipei Star Bank,TPEX,TWD,http://www.investing.com/equities/taipei-star-bank
5340,1012585,Baotek Materials,TPEX,TWD,http://www.investing.com/equities/baotek-industrial-materials-ltd
2938,1012138,Bedding World,TPEX,TWD,http://www.investing.com/equities/bedding-world-co-ltd
3379,1012238,Taiwan Benefit,TPEX,TWD,http://www.investing.com/equities/taiwan-benefit-co
4116,1012351,BenQ Medical Tech,TPEX,TWD,http://www.investing.com/equities/benq-medical-technology
5013,1012526,New Best Wire,TPEX,TWD,http://www.investing.com/equities/new-best-wire-industrial-co-ltd
8415,1012983,Brighton-Best Intl Taiwan,TPEX,TWD,http://www.investing.com/equities/brighton-best-international-taiwan
5321,1012582,Best Friend Tech,TPEX,TWD,http://www.investing.com/equities/best-friend-technology-co-ltd
4714,1012463,U-Best Polymer,TPEX,TWD,http://www.investing.com/equities/u-best-polymer-industry-co-ltd
8933,1013034,Ideal Bike,TPEX,TWD,http://www.investing.com/equities/ideal-bike
1569,1012063,Bin Chuan,TPEX,TWD,http://www.investing.com/equities/bin-chuan-enterprise-co-ltd
1258,1012052,Kee Song Bio-Tech,TPEX,TWD,http://www.investing.com/equities/kee-song-bio-technology-holdings
6696,1165413,Lin Bio,TPEX,TWD,http://www.investing.com/equities/lin-bioscience-inc
4135,1012364,Tensall Bio-Tech,TPEX,TWD,http://www.investing.com/equities/tensall-bio-tech-co-ltd
4193,1012399,Joben Bio-Medical,TPEX,TWD,http://www.investing.com/equities/joben-bio-medical-co-ltd
4183,1012393,EPS Bio Tech,TPEX,TWD,http://www.investing.com/equities/eps-bio-technology
6499,1012822,Medeon Biodesign,TPEX,TWD,http://www.investing.com/equities/medeon-biodesign
6662,1058035,BioLASCO Taiwan,TPEX,TWD,http://www.investing.com/equities/biolasco-taiwan
4117,1012352,General Biologicals,TPEX,TWD,http://www.investing.com/equities/general-biologicals
6547,1012847,Medigen Vaccine Biologics,TPEX,TWD,http://www.investing.com/equities/medigen-vaccine-biologics
4147,1012368,TaiMed Biologics,TPEX,TWD,http://www.investing.com/equities/taimed-biologics
6649,1043373,Taiwan Biomaterial,TPEX,TWD,http://www.investing.com/equities/taiwan-biomaterial
6539,1012841,Unicocell Biomed,TPEX,TWD,http://www.investing.com/equities/unicocell-biomed-co-ltd
6242,1012747,Li Kang Biomedical,TPEX,TWD,http://www.investing.com/equities/li-kang-biomedical-co-ltd
1799,1012088,Easywell Biomedical,TPEX,TWD,http://www.investing.com/equities/easywell-biomedical
6445,1012791,MD Biomedical,TPEX,TWD,http://www.investing.com/equities/md-biomedical
4170,1012385,Vectorite Biomedical,TPEX,TWD,http://www.investing.com/equities/vectorite-biomedical
6236,1012742,Come True Biomedical,TPEX,TWD,http://www.investing.com/equities/come-true-biomedical
1784,1012082,Bionet,TPEX,TWD,http://www.investing.com/equities/bionet
6461,1012795,Intech Biopharm,TPEX,TWD,http://www.investing.com/equities/intech-biopharm-ltd
4105,1012345,TTY Biopharm,TPEX,TWD,http://www.investing.com/equities/tty-biopharm-co-ltd
6617,1012891,Gongwin Biopharm,TPEX,TWD,http://www.investing.com/equities/gongwin-biopharm-holdings-co-ltd
6496,1012820,Excelsior Biopharma,TPEX,TWD,http://www.investing.com/equities/excelsior-biopharma
4114,1012350,Synmosa Biopharma,TPEX,TWD,http://www.investing.com/equities/synmosa-biopharma
4159,1012376,Fountain Biopharma,TPEX,TWD,http://www.investing.com/equities/fountain-biopharma
4157,1012375,Taigen BioPharmas,TPEX,TWD,http://www.investing.com/equities/taigen-biopharmaceuticals-holdings
8432,1012992,tsh biopharmoration,TPEX,TWD,http://www.investing.com/equities/tsh-biopharmoration-ltd
4161,1012378,Bioptik Tech,TPEX,TWD,http://www.investing.com/equities/bioptik-technology
4195,1012401,Genomics BioSci &Tech,TPEX,TWD,http://www.investing.com/equities/genomics-biosci-tech-co-ltd
6492,1012816,Senhwa Biosciences,TPEX,TWD,http://www.investing.com/equities/senhwa-biosciences
8496,1013017,Tai-Ling Biotech,TPEX,TWD,http://www.investing.com/equities/tai-ling-biotech
4192,1012398,SynCore BioTech,TPEX,TWD,http://www.investing.com/equities/syncore-biotechnology-co-ltd
3176,1012175,Medigen BioTech,TPEX,TWD,http://www.investing.com/equities/medigen-biotechnology
3218,1012187,Universal Vision BioTech,TPEX,TWD,http://www.investing.com/equities/universal-vision-biotechnology-co
4127,1012357,Tien Liang Biotech,TPEX,TWD,http://www.investing.com/equities/tien-liang-biotech-co-ltd
4171,1012386,GeneReach BioTech,TPEX,TWD,http://www.investing.com/equities/genereach-biotechnology
8279,1012961,Syngen Biotech,TPEX,TWD,http://www.investing.com/equities/syngen-biotech-co-ltd
8490,1013013,Taiwan Leader Biotech,TPEX,TWD,http://www.investing.com/equities/taiwan-leader-biotech
4726,1012466,Mycenax Biotech,TPEX,TWD,http://www.investing.com/equities/mycenax-biotech
4728,1012467,Sunmax BioTech,TPEX,TWD,http://www.investing.com/equities/sunmax-biotechnology-co-ltd
6534,1012837,CH Biotech R&D,TPEX,TWD,http://www.investing.com/equities/ch-biotech-r-d-co-ltd
4109,1012347,Murad Chia Jei BioTech,TPEX,TWD,http://www.investing.com/equities/murad-chia-jei-biotechnology-co-ltd
4130,1012360,Genovate BioTech,TPEX,TWD,http://www.investing.com/equities/genovate-biotechnology-co-ltd
4132,1012362,Golden BioTech,TPEX,TWD,http://www.investing.com/equities/golden-biotechnology
4154,1012373,Kino Biotech,TPEX,TWD,http://www.investing.com/equities/kino-biotech-co-ltd
4169,1012384,Tcm Biotech Intl,TPEX,TWD,http://www.investing.com/equities/tcm-biotech-international
4732,1012469,NatureWise Biotech,TPEX,TWD,http://www.investing.com/equities/naturewise-biotech-medicals
4743,1012475,Oneness Biotech,TPEX,TWD,http://www.investing.com/equities/oneness-biotech-co-ltd
4911,1012495,G&E Herbal BioTech,TPEX,TWD,http://www.investing.com/equities/g-e-herbal-biotechnology-co-ltd
4131,1012361,DR.Chip BioTech,TPEX,TWD,http://www.investing.com/equities/dr-chip-biotechnology
1796,1012087,GeneFerm BioTech,TPEX,TWD,http://www.investing.com/equities/geneferm-biotechnology-co-ltd
6661,1058034,Welgene Biotech,TPEX,TWD,http://www.investing.com/equities/welgene-biotech
3118,1012160,Level BioTech,TPEX,TWD,http://www.investing.com/equities/level-biotechnology
6553,1012852,Glac Biotech,TPEX,TWD,http://www.investing.com/equities/glac-biotech-co-ltd
6566,1012861,Chuang Yi Biotech,TPEX,TWD,http://www.investing.com/equities/chuang-yi-biotech-co-ltd
6610,1012887,Twi BioTech,TPEX,TWD,http://www.investing.com/equities/twi-biotechnology
4107,1012346,Bioteque,TPEX,TWD,http://www.investing.com/equities/bioteque
3659,1012326,Bison Electronics,TPEX,TWD,http://www.investing.com/equities/bison-electronics
4535,1012435,Fine Blanking & Tool,TPEX,TWD,http://www.investing.com/equities/fine-blanking-tool-co-ltd
5349,1012590,BoardTek Electronics,TPEX,TWD,http://www.investing.com/equities/boardtek-electronics
8433,1012993,Bon Fame,TPEX,TWD,http://www.investing.com/equities/bon-fame-co-ltd
6220,1012732,YFC-BonEagle Electric,TPEX,TWD,http://www.investing.com/equities/yfc-boneagle-electric-co-ltd
6472,1012803,Bora Pharmas,TPEX,TWD,http://www.investing.com/equities/bora-pharmaceuticals-co-ltd
6622,1058030,Bossdom Digiinnovation,TPEX,TWD,http://www.investing.com/equities/bossdom-digiinnovation
4415,1058022,Taiwan Indigena Botanica,TPEX,TWD,http://www.investing.com/equities/taiwan-indigena-botanica
6538,1012840,Brave C&H Supply,TPEX,TWD,http://www.investing.com/equities/brave-c-h-supply-co-ltd
4947,1012505,On-Bright Electronics,TPEX,TWD,http://www.investing.com/equities/on-bright-electronics
4556,1012448,Bright Sheland Intl,TPEX,TWD,http://www.investing.com/equities/bright-sheland-international-co-ltd
5244,1012548,Brightek Optoelectronic,TPEX,TWD,http://www.investing.com/equities/brightek-optoelectronic-co-ltd
7402,1012899,Brinno,TPEX,TWD,http://www.investing.com/equities/brinno
5263,1012555,Brogent Tech,TPEX,TWD,http://www.investing.com/equities/brogent-technologies
3489,1012260,Sun Brothers Development,TPEX,TWD,http://www.investing.com/equities/sun-brothers-development-co-ltd
3163,1012171,Browave,TPEX,TWD,http://www.investing.com/equities/browave
8930,1013031,CKM Building Material,TPEX,TWD,http://www.investing.com/equities/ckm-building-material
5543,1012642,Buima Group,TPEX,TWD,http://www.investing.com/equities/buima-group
6259,1012753,Bull Will,TPEX,TWD,http://www.investing.com/equities/bull-will-co-ltd
8929,1013030,Fu Burg,TPEX,TWD,http://www.investing.com/equities/fu-burg-industrial-co-ltd
6237,1012743,C-Media Electronics,TPEX,TWD,http://www.investing.com/equities/c-media-electronics
3625,1012314,C-Tech United,TPEX,TWD,http://www.investing.com/equities/c-tech-united
6123,1012681,GrandTech C.G. Systems,TPEX,TWD,http://www.investing.com/equities/grandtech-c-g-systems
6532,1012836,Calitech,TPEX,TWD,http://www.investing.com/equities/calitech-co-ltd
4523,1012428,Taiwan Calsonic,TPEX,TWD,http://www.investing.com/equities/taiwan-calsonic-co-ltd
2064,1012097,Camellia Metal,TPEX,TWD,http://www.investing.com/equities/camellia-metal-co-ltd
4754,1012480,Intl Carbide Tech,TPEX,TWD,http://www.investing.com/equities/international-carbide-technology-co
8359,1012974,Cashbox Partyworld,TPEX,TWD,http://www.investing.com/equities/cashbox-partyworld-co-ltd
3325,1012224,Casing Macron Tech,TPEX,TWD,http://www.investing.com/equities/casing-macron-technology-co-ltd
8059,1012918,CastleNet Tech,TPEX,TWD,http://www.investing.com/equities/castlenet-technology
2741,1012129,Renjie Oldsichuan Catering,TPEX,TWD,http://www.investing.com/equities/renjie-oldsichuan-catering-manag
4946,1012504,Cayenne Entertainment,TPEX,TWD,http://www.investing.com/equities/cayenne-entertainment-technology-co
4971,1012515,IntelliEPI Cayman,TPEX,TWD,http://www.investing.com/equities/intelliepi-cayman
2924,1012134,Cayman Tung Ling,TPEX,TWD,http://www.investing.com/equities/cayman-tung-ling-co-ltd
2726,1012120,Yummy Town Cayman,TPEX,TWD,http://www.investing.com/equities/yummy-town-cayman-holdings
5281,1012563,StrongLed Lighting Cayman,TPEX,TWD,http://www.investing.com/equities/strongled-lighting-systems-cayman
6217,1012729,CCP Contact Probe,TPEX,TWD,http://www.investing.com/equities/ccp-contact-probe-co-ltd
3323,1012222,Celxpert Energy,TPEX,TWD,http://www.investing.com/equities/celxpert-energy
5254,1130833,Cen Link,TPEX,TWD,http://www.investing.com/equities/cen-link
4123,1012355,Center Laboratories,TPEX,TWD,http://www.investing.com/equities/center-laboratories
5314,1012579,Myson Century,TPEX,TWD,http://www.investing.com/equities/myson-century
6127,1012685,Leatec Fine Ceramics,TPEX,TWD,http://www.investing.com/equities/leatec-fine-ceramics-co-ltd
5310,1012577,CGS Intl,TPEX,TWD,http://www.investing.com/equities/cgs-international
6265,1012757,Kuen Chaang Uppertech,TPEX,TWD,http://www.investing.com/equities/kuen-chaang-uppertech
4546,1012443,Chaheng Precision,TPEX,TWD,http://www.investing.com/equities/chaheng-precision-co-ltd
4427,1012417,Chain Yarn,TPEX,TWD,http://www.investing.com/equities/chain-yarn
5014,1012527,Chain Chon,TPEX,TWD,http://www.investing.com/equities/chain-chon-industrial-co-ltd
2070,1012101,Ching Chan Optical,TPEX,TWD,http://www.investing.com/equities/ching-chan-optical-technology-co
8068,1012922,Chander Electronics,TPEX,TWD,http://www.investing.com/equities/chander-electronics
6548,1012848,Chang Wah Tech,TPEX,TWD,http://www.investing.com/equities/chang-wah-technology-co-ltd
4550,1012445,Chang Jia M&E,TPEX,TWD,http://www.investing.com/equities/chang-jia-m-e-engineering
5511,1012633,Te Chang Construction,TPEX,TWD,http://www.investing.com/equities/te-chang-construction-co-ltd
3078,1012145,Channel Well Tech,TPEX,TWD,http://www.investing.com/equities/channel-well-technology-co-ltd
8937,1013038,Her Chee,TPEX,TWD,http://www.investing.com/equities/her-chee-industrial-co-ltd
1777,1012079,SYN-Tech Chem & Pharm,TPEX,TWD,http://www.investing.com/equities/syn-tech-chem-pharm-co-ltd
4102,1012343,Yung Zip Chemical,TPEX,TWD,http://www.investing.com/equities/yung-zip-chemical-ind-co-ltd
4111,1012348,Chi Sheng Chemical,TPEX,TWD,http://www.investing.com/equities/chi-sheng-chemical
4303,1012406,Hsinli Chemical,TPEX,TWD,http://www.investing.com/equities/hsinli-chemical-industrial
4747,1012478,Johnson Chemical,TPEX,TWD,http://www.investing.com/equities/johnson-chemical-pharmaceutical
4706,1012459,Tah Kong Chemical,TPEX,TWD,http://www.investing.com/equities/tah-kong-chemical-industrial
4711,1012461,Yong Shun Chemical,TPEX,TWD,http://www.investing.com/equities/yong-shun-chemical-co-ltd
4738,1012472,Tatung Fine Chemicals,TPEX,TWD,http://www.investing.com/equities/tatung-fine-chemicals-co
4721,1012465,Mechema Chemicals,TPEX,TWD,http://www.investing.com/equities/mechema-chemicals-int
6509,1012825,Taiwan Hopax Chemistry,TPEX,TWD,http://www.investing.com/equities/taiwan-hopax-chems-mfg-co-ltd
3633,1012321,Epoch Chemtronics,TPEX,TWD,http://www.investing.com/equities/epoch-chemtronics
8383,1012976,Chen Full Intl,TPEX,TWD,http://www.investing.com/equities/chen-full-international-co-ltd
5426,1012606,Cheng Fwa,TPEX,TWD,http://www.investing.com/equities/cheng-fwa-industrial-ltd
3095,1012154,Taiwan Chi Cheng,TPEX,TWD,http://www.investing.com/equities/taiwan-chi-cheng-enterprise-co-ltd
3631,1012319,Chernan Metal,TPEX,TWD,http://www.investing.com/equities/chernan-metal-industrial
3313,1012219,Feei Cherng,TPEX,TWD,http://www.investing.com/equities/feei-cherng-enterprise-co-ltd
4767,1052652,Cherng Tay Tech,TPEX,TWD,http://www.investing.com/equities/cherng-tay-tech
1593,1012071,Chi Hua Fitness,TPEX,TWD,http://www.investing.com/equities/chi-hua-fitness-co-ltd
2221,1012102,Ta Chia Yung Ho,TPEX,TWD,http://www.investing.com/equities/ta-chia-yung-ho-machine-industry
2067,1012100,Chia Yi Steel,TPEX,TWD,http://www.investing.com/equities/chia-yi-steel-co-ltd
3310,1012218,Chialin Precision,TPEX,TWD,http://www.investing.com/equities/chialin-precision-industrial-co-ltd
5102,1012530,Fu Chian Tire,TPEX,TWD,http://www.investing.com/equities/fu-chian-tire-co-ltd
4528,1012430,Chian Hsing Forging,TPEX,TWD,http://www.investing.com/equities/chian-hsing-forging-industrial-co
6124,1012682,Yeh-Chiang Tech,TPEX,TWD,http://www.investing.com/equities/yeh-chiang-technology
6561,1031119,Chief Telecom,TPEX,TWD,http://www.investing.com/equities/chief-telecom
2721,1012118,Kai Chieh Intl,TPEX,TWD,http://www.investing.com/equities/kai-chieh-international-investment
8092,1012936,Chien Wei Precise Tech,TPEX,TWD,http://www.investing.com/equities/chien-wei-precise-technology-co-ltd
5523,1012638,Fong Chien Construction,TPEX,TWD,http://www.investing.com/equities/fong-chien-construction-co-ltd
5704,1012649,Hotel Royal Chihpen,TPEX,TWD,http://www.investing.com/equities/hotel-royal-chihpen
8437,1012996,Dadi Early-Childhood,TPEX,TWD,http://www.investing.com/equities/dadi-early-childhood-education
1586,1012068,China Fineblanking,TPEX,TWD,http://www.investing.com/equities/china-fineblanking-technology-co
8923,1013026,China Times Publishing,TPEX,TWD,http://www.investing.com/equities/china-times-publishing-co
6404,1012775,China Communications,TPEX,TWD,http://www.investing.com/equities/china-communications-media-group-co
3083,1012147,Chinese Gamer,TPEX,TWD,http://www.investing.com/equities/chinese-gamer-international
2061,1012095,Feng Ching Metal,TPEX,TWD,http://www.investing.com/equities/feng-ching-metal
6021,1012663,Ta Ching Securities,TPEX,TWD,http://www.investing.com/equities/ta-ching-securities-co-ltd
8042,1012910,Taiwan Chinsan Electronic,TPEX,TWD,http://www.investing.com/equities/taiwan-chinsan-electronic-ind
3171,1012174,Xin Chio Global,TPEX,TWD,http://www.investing.com/equities/xin-chio-global-co-ltd
8084,1012930,Chip Hope,TPEX,TWD,http://www.investing.com/equities/chip-hope-co-ltd
3141,1012165,Ultra Chip,TPEX,TWD,http://www.investing.com/equities/ultra-chip
6147,1012694,Chipbond Tech,TPEX,TWD,http://www.investing.com/equities/chipbond-technology
3430,1012246,Chitec Tech,TPEX,TWD,http://www.investing.com/equities/chitec-technology-co-ltd
6586,1052673,CHO Pharma,TPEX,TWD,http://www.investing.com/equities/cho-pharma
4417,1012414,King Chou Marine Tech,TPEX,TWD,http://www.investing.com/equities/king-chou-marine-technology-co-ltd
4575,1116107,Chumpower Machinery,TPEX,TWD,http://www.investing.com/equities/chumpower-machinery
6603,1012885,Fu Chun Shin Machinery,TPEX,TWD,http://www.investing.com/equities/fu-chun-shin-machinery-manufacture
4544,1012442,Chun Zu Machinery,TPEX,TWD,http://www.investing.com/equities/chun-zu-machinery-industry-co-ltd
4205,1012404,Chung Hwa Food,TPEX,TWD,http://www.investing.com/equities/chung-hwa-food-industrial-co-ltd
5604,1012645,Chung Lien Transport,TPEX,TWD,http://www.investing.com/equities/chung-lien-transportation-co-ltd
6510,1012826,Chunghwa Precision Test,TPEX,TWD,http://www.investing.com/equities/chunghwa-precision-test-tech-co-ltd
3332,1012225,Cincon Electronics,TPEX,TWD,http://www.investing.com/equities/cincon-electronics-co-ltd
6160,1012701,Cipherlab,TPEX,TWD,http://www.investing.com/equities/cipherlab-co-ltd
6101,1012669,Victory Circuit,TPEX,TWD,http://www.investing.com/equities/victory-circuit-co-ltd
5301,1012572,CJW Intl,TPEX,TWD,http://www.investing.com/equities/cjw-international-co-ltd
6624,1012893,Ever Clear Environmental,TPEX,TWD,http://www.investing.com/equities/ever-clear-environmental-engineer
1788,1012085,Hi-Clearance,TPEX,TWD,http://www.investing.com/equities/hi-clearance
8119,1031122,Clientron,TPEX,TWD,http://www.investing.com/equities/clientron
6170,1012706,Welldone Co,TPEX,TWD,http://www.investing.com/equities/welldone-co
6290,1012768,Longwell Co,TPEX,TWD,http://www.investing.com/equities/longwell-co
8358,1012973,Co-Tech Development,TPEX,TWD,http://www.investing.com/equities/co-tech-development
8096,1012938,CoAsia Microelectronics,TPEX,TWD,http://www.investing.com/equities/coasia-microelectronics
8931,1013032,Ta-Yuan Cogeneration,TPEX,TWD,http://www.investing.com/equities/ta-yuan-cogeneration-co-ltd
8905,1013019,Eagle Cold Storage,TPEX,TWD,http://www.investing.com/equities/eagle-cold-storage-enterprise-co
8176,1012952,Z-Com,TPEX,TWD,http://www.investing.com/equities/z-com
4905,1012491,Tainet Communication,TPEX,TWD,http://www.investing.com/equities/tainet-communication-system
8045,1058038,Twoway Communications,TPEX,TWD,http://www.investing.com/equities/twoway-communications
6470,1012801,U-Media Communications,TPEX,TWD,http://www.investing.com/equities/u-media-communications
5328,1012584,Hua Jung Components,TPEX,TWD,http://www.investing.com/equities/hua-jung-components-co-ltd
6140,1012690,Dimension Computer,TPEX,TWD,http://www.investing.com/equities/dimension-computer-technology-co
3147,1012167,Jetwell Computer,TPEX,TWD,http://www.investing.com/equities/jetwell-computer-co-ltd
6154,1012698,Sunfar Computer,TPEX,TWD,http://www.investing.com/equities/sunfar-computer-co-ltd
4973,1012517,Silicon Power Computer,TPEX,TWD,http://www.investing.com/equities/silicon-power-computer-com
3287,1012208,Kworld Computer,TPEX,TWD,http://www.investing.com/equities/kworld-computer-co-ltd
8047,1012913,Great Computer,TPEX,TWD,http://www.investing.com/equities/great-computer
6270,1012759,Professional Computer Tech,TPEX,TWD,http://www.investing.com/equities/professional-computer-technology
8089,1114118,Comtrend,TPEX,TWD,http://www.investing.com/equities/comtrend
6016,1012661,Concord Securities,TPEX,TWD,http://www.investing.com/equities/concord-securities-co-ltd
5864,1012653,Concord Intl Securities,TPEX,TWD,http://www.investing.com/equities/concord-international-securities-co
6518,1012831,Concord Medical,TPEX,TWD,http://www.investing.com/equities/concord-medical-co-ltd
3592,1012303,Raydium Semi-Conductor,TPEX,TWD,http://www.investing.com/equities/raydium-semi-conductor
3672,1012330,Connection Tech,TPEX,TWD,http://www.investing.com/equities/connection-technology-systems
5520,1012637,Lihtai Construction,TPEX,TWD,http://www.investing.com/equities/lihtai-construction-enterprise-co
2599,1012110,Le Young Construction,TPEX,TWD,http://www.investing.com/equities/le-young-construction-co-ltd
5508,1012632,Yungshin Construction,TPEX,TWD,http://www.investing.com/equities/yungshin-construction-development
5514,1012635,Sunfon Construction,TPEX,TWD,http://www.investing.com/equities/sunfon-construction-co-ltd
5516,1012636,Sun-Sea Construction,TPEX,TWD,http://www.investing.com/equities/sun-sea-construction
8064,1012919,Contrel Tech,TPEX,TWD,http://www.investing.com/equities/contrel-technology-co-ltd
3377,1012237,Controlnet Intl,TPEX,TWD,http://www.investing.com/equities/controlnet-international
3601,1012307,Coretek Opto,TPEX,TWD,http://www.investing.com/equities/coretek-opto
5371,1012596,Coretronic,TPEX,TWD,http://www.investing.com/equities/coretronic
4745,1012477,Cowealth Medical,TPEX,TWD,http://www.investing.com/equities/cowealth-medical-holding-co-ltd
3213,1012185,Mildef Crete,TPEX,TWD,http://www.investing.com/equities/mildef-crete
6527,1012834,Crystalvue Medical,TPEX,TWD,http://www.investing.com/equities/crystalvue-medical
4944,1012503,Crystalwise Tech,TPEX,TWD,http://www.investing.com/equities/crystalwise-technology
2230,1012103,CTI Traffic,TPEX,TWD,http://www.investing.com/equities/cti-traffic-industries-co-ltd
4744,1012476,CVC Tech,TPEX,TWD,http://www.investing.com/equities/cvc-technologies
3541,1012282,Cypress Tech,TPEX,TWD,http://www.investing.com/equities/cypress-technology-co-ltd
6651,1052677,Cystech Electronics,TPEX,TWD,http://www.investing.com/equities/cystech-electronics
6195,1012720,Scan-D,TPEX,TWD,http://www.investing.com/equities/scan-d
4804,1012487,Da Lue Intl,TPEX,TWD,http://www.investing.com/equities/da-lue-international-holding-co-ltd
5276,1012560,Da Hui,TPEX,TWD,http://www.investing.com/equities/da-hui-ltd
6578,1012871,Dabomb Protein,TPEX,TWD,http://www.investing.com/equities/dabomb-protein
9960,1013046,Dacome Intl,TPEX,TWD,http://www.investing.com/equities/dacome-international-ltd
3089,1012151,Dadny,TPEX,TWD,http://www.investing.com/equities/dadny
4716,1012464,Daily Polymer,TPEX,TWD,http://www.investing.com/equities/daily-polymer
8455,1013002,Daito Me,TPEX,TWD,http://www.investing.com/equities/daito-me-holdings-co-ltd
3577,1012298,ICP DAS,TPEX,TWD,http://www.investing.com/equities/icp-das-co-ltd
6648,1043372,Das Tech,TPEX,TWD,http://www.investing.com/equities/das-tech
5403,1012603,Dimerco Data System,TPEX,TWD,http://www.investing.com/equities/dimerco-data-system
3168,1012172,Data Image,TPEX,TWD,http://www.investing.com/equities/data-image
5432,1012607,Data Intl,TPEX,TWD,http://www.investing.com/equities/data-international-co-ltd
3521,1012272,Datavan Intl,TPEX,TWD,http://www.investing.com/equities/datavan-international
5304,1012574,DBTEL,TPEX,TWD,http://www.investing.com/equities/dbtel
1570,1012064,De Poan Pneumatic,TPEX,TWD,http://www.investing.com/equities/de-poan-pneumatic
8115,1012945,Dee Van,TPEX,TWD,http://www.investing.com/equities/dee-van-enterprise-co-ltd
6688,1093910,Deepjoy Picture,TPEX,TWD,http://www.investing.com/equities/deepjoy-picture
6144,1012692,Deltamac Taiwan,TPEX,TWD,http://www.investing.com/equities/deltamac-taiwan-co-ltd
5487,1012625,Tontek Design Tech,TPEX,TWD,http://www.investing.com/equities/tontek-design-technology-ltd
6186,1012715,Shin Ruenn Development,TPEX,TWD,http://www.investing.com/equities/shin-ruenn-development-co-ltd
2596,1012109,ReaLy Development,TPEX,TWD,http://www.investing.com/equities/realy-development-construction
3252,1012198,Haiwan Intl Development,TPEX,TWD,http://www.investing.com/equities/haiwan-international-development-co
5512,1012634,Rich Development,TPEX,TWD,http://www.investing.com/equities/rich-development-co-ltd
5206,1012534,Kunyue Development,TPEX,TWD,http://www.investing.com/equities/kunyue-development-co-ltd
5324,1012583,Shihlin Development,TPEX,TWD,http://www.investing.com/equities/shihlin-development-co-ltd
5529,1012639,Well Glory Development,TPEX,TWD,http://www.investing.com/equities/well-glory-development-co-ltd
6212,1012728,LM Development,TPEX,TWD,http://www.investing.com/equities/lm-development-co-ltd
6219,1012731,Full Wang Intl Development,TPEX,TWD,http://www.investing.com/equities/full-wang-international-development
5213,1012539,YeaShin Intl Development,TPEX,TWD,http://www.investing.com/equities/yeashin-international-development
5474,1012619,Yuan High-Tech Development,TPEX,TWD,http://www.investing.com/equities/yuan-high-tech-development-co-ltd
8041,1012909,Teco Electro Devices,TPEX,TWD,http://www.investing.com/equities/teco-electro-devices-co-ltd
3349,1012228,Dexin,TPEX,TWD,http://www.investing.com/equities/dexin
6682,1081686,Giga Diamond,TPEX,TWD,http://www.investing.com/equities/giga-diamond
6173,1012708,Prosperity Dielectrics,TPEX,TWD,http://www.investing.com/equities/prosperity-dielectrics-co-ltd
6180,1012712,Gamania Digital Entertainment,TPEX,TWD,http://www.investing.com/equities/gamania-digital-entertainment-co
3086,1012149,Wayi Intl Digital,TPEX,TWD,http://www.investing.com/equities/wayi-international-digital-entert
6486,1012810,Interactive Digital Tech,TPEX,TWD,http://www.investing.com/equities/interactive-digital-technologies
6689,1093911,Ecloudvalley Digital,TPEX,TWD,http://www.investing.com/equities/ecloudvalley-digital
5609,1012646,Dimerco Express,TPEX,TWD,http://www.investing.com/equities/dimerco-express
8390,1012977,Jiin Yeeh Ding,TPEX,TWD,http://www.investing.com/equities/jiin-yeeh-ding-enterprise-co-ltd
5902,1012656,Tait Marketing & Distribution,TPEX,TWD,http://www.investing.com/equities/tait-marketing-distribution-co
4153,1012372,DIVA Laboratories,TPEX,TWD,http://www.investing.com/equities/diva-laboratories-ltd
4113,1012349,We&Win Diversification,TPEX,TWD,http://www.investing.com/equities/we-win-diversification-co-ltd
3290,1012211,Donpon Precision,TPEX,TWD,http://www.investing.com/equities/donpon-precision
6523,1012833,DR.Wu Skincare,TPEX,TWD,http://www.investing.com/equities/dr-wu-skincare-co-ltd
8109,1012943,P-Duke Tech,TPEX,TWD,http://www.investing.com/equities/p-duke-technology-co-ltd
5489,1012627,Dynacolor,TPEX,TWD,http://www.investing.com/equities/dynacolor
8928,1013029,Dynamic Precision,TPEX,TWD,http://www.investing.com/equities/dynamic-precision-industry
4138,1012366,Dynamic Medical Tech,TPEX,TWD,http://www.investing.com/equities/dynamic-medical-technologies
3211,1012184,Dynapack Intl Tech,TPEX,TWD,http://www.investing.com/equities/dynapack-international-technology
8440,1012998,E&E Recycling,TPEX,TWD,http://www.investing.com/equities/e-e-recycling
3452,1012252,E-Ton Solar Tech,TPEX,TWD,http://www.investing.com/equities/e-ton-solar-tech-co-ltd
8027,1012903,E&R Engineering,TPEX,TWD,http://www.investing.com/equities/e-r-engineering
8069,1012923,E Ink,TPEX,TWD,http://www.investing.com/equities/e-ink-holdings
6227,1012736,Galaxy Far East,TPEX,TWD,http://www.investing.com/equities/galaxy-far-east
6588,1012877,East Tender Optoelectronics,TPEX,TWD,http://www.investing.com/equities/east-tender-optoelectronics
6425,1012783,Easy Field,TPEX,TWD,http://www.investing.com/equities/easy-field
8409,1012981,EBM Tech,TPEX,TWD,http://www.investing.com/equities/ebm-technologies
5228,1012544,Max Echo Tech,TPEX,TWD,http://www.investing.com/equities/max-echo-technology
3485,1012259,Eclat Forever Machinery,TPEX,TWD,http://www.investing.com/equities/eclat-forever-machinery-co-ltd
6597,1058027,Ecocera Optronics,TPEX,TWD,http://www.investing.com/equities/ecocera-optronics
3523,1012274,EFUN Tech,TPEX,TWD,http://www.investing.com/equities/efun-technology-co-ltd
3556,1012290,eGalax_eMPIA Tech,TPEX,TWD,http://www.investing.com/equities/egalax_empia-technology
6462,1012796,Egis Tech,TPEX,TWD,http://www.investing.com/equities/egis-technology
6589,1012878,EirGenix,TPEX,TWD,http://www.investing.com/equities/eirgenix
5291,1012568,EISO,TPEX,TWD,http://www.investing.com/equities/eiso-enterprise-co-ltd
2237,1012106,RAC Electric Vehicles,TPEX,TWD,http://www.investing.com/equities/rac-electric-vehicles
8287,1012964,Eng Electric,TPEX,TWD,http://www.investing.com/equities/eng-electric-co-ltd
4565,1012455,Hong-Wei Electrical,TPEX,TWD,http://www.investing.com/equities/hong-wei-electrical-industry-co
6134,1012688,Wanshih Electronic,TPEX,TWD,http://www.investing.com/equities/wanshih-electronic-co-ltd
3297,1012214,Hunt Electronic,TPEX,TWD,http://www.investing.com/equities/hunt-electronic-co-ltd
3531,1012279,Shian Yih Electronic,TPEX,TWD,http://www.investing.com/equities/shian-yih-electronic-industry-co
3552,1012287,Tung Thih Electronic,TPEX,TWD,http://www.investing.com/equities/tung-thih-electronic-co-ltd
8171,1012951,Formosa Electronic Industries,TPEX,TWD,http://www.investing.com/equities/formosa-electronic-industries
4554,1012447,Orange Electronic,TPEX,TWD,http://www.investing.com/equities/orange-electronic-co-ltd
3268,1012203,Higher Way Electronic,TPEX,TWD,http://www.investing.com/equities/higher-way-electronic-co-ltd
3520,1012271,Jhen Vei Electronic,TPEX,TWD,http://www.investing.com/equities/jhen-vei-electronic-co-ltd
3689,1012339,UD Electronic,TPEX,TWD,http://www.investing.com/equities/ud-electronic
3207,1012183,Yao Sheng Electronic,TPEX,TWD,http://www.investing.com/equities/yao-sheng-electronic-co-ltd
5317,1012581,Kaimei Electronic,TPEX,TWD,http://www.investing.com/equities/kaimei-electronic
6418,1012780,Y-S Electronic,TPEX,TWD,http://www.investing.com/equities/y-s-electronic-co-ltd
6156,1012699,Song Shang Electronics,TPEX,TWD,http://www.investing.com/equities/song-shang-electronics-co-ltd
8289,1012965,Taitien Electronics,TPEX,TWD,http://www.investing.com/equities/taitien-electronics-co-ltd
4995,1012523,Litemax Electronics,TPEX,TWD,http://www.investing.com/equities/litemax-electronics
5381,1012597,Uniplus Electronics,TPEX,TWD,http://www.investing.com/equities/uniplus-electronics-co-ltd
3484,1012258,Solteam Electronics,TPEX,TWD,http://www.investing.com/equities/solteam-electronics-co-ltd
3128,1012162,Hi Sharp Electronics,TPEX,TWD,http://www.investing.com/equities/hi-sharp-electronics-co-ltd
3191,1012179,Hold Jinn Electronics,TPEX,TWD,http://www.investing.com/equities/hold-jinn-electronics-co-ltd
3603,1012308,Upec Electronics,TPEX,TWD,http://www.investing.com/equities/upec-electronics
3652,1012325,Unitech Electronics,TPEX,TWD,http://www.investing.com/equities/unitech-electronics-co-ltd
6210,1012727,Kintech Electronics,TPEX,TWD,http://www.investing.com/equities/kintech-electronics-co-ltd
6245,1012749,Lanner Electronics,TPEX,TWD,http://www.investing.com/equities/lanner-electronics
6266,1012758,Top Union Electronics,TPEX,TWD,http://www.investing.com/equities/top-union-electronics
8032,1012905,Koryo Electronics,TPEX,TWD,http://www.investing.com/equities/koryo-electronics-co-ltd
8085,1012931,Forward Electronics,TPEX,TWD,http://www.investing.com/equities/forward-electronics-co-ltd
8111,1012944,Ligitek Electronics,TPEX,TWD,http://www.investing.com/equities/ligitek-electronics-co-ltd
4909,1012494,New Era Electronics,TPEX,TWD,http://www.investing.com/equities/new-era-electronics-co-ltd
6261,1012754,Youngtek Electronics,TPEX,TWD,http://www.investing.com/equities/youngtek-electronics
3206,1012182,Kingstate Electronics,TPEX,TWD,http://www.investing.com/equities/kingstate-electronics
3322,1012221,Joinsoon Electronics,TPEX,TWD,http://www.investing.com/equities/joinsoon-electronics-mfg-co-ltd
3426,1012243,Tai Shing Electronics,TPEX,TWD,http://www.investing.com/equities/tai-shing-electronics-components
5498,1012631,Key Ware Electronics,TPEX,TWD,http://www.investing.com/equities/key-ware-electronics-co-ltd
6194,1012719,Yufo Electronics,TPEX,TWD,http://www.investing.com/equities/yufo-electronics-co-ltd
6203,1012723,Sea Sonic Electronics,TPEX,TWD,http://www.investing.com/equities/sea-sonic-electronics-co-ltd
6228,1012737,Pacific Image Electronics,TPEX,TWD,http://www.investing.com/equities/pacific-image-electronics-co-ltd
6512,1012828,Gomax Electronics,TPEX,TWD,http://www.investing.com/equities/gomax-electronics
8299,1012967,Phison Electronics,TPEX,TWD,http://www.investing.com/equities/phison-electronics
8182,1012954,Harmony Electronics,TPEX,TWD,http://www.investing.com/equities/harmony-electronics
8487,1013011,ELTA Tech,TPEX,TWD,http://www.investing.com/equities/elta-technology-co-ltd
3529,1012277,eMemory Tech,TPEX,TWD,http://www.investing.com/equities/ememory-technology
9950,1013043,Eminent Luggage,TPEX,TWD,http://www.investing.com/equities/eminent-luggage
2246,1043366,Kaison Green Energy Tech,TPEX,TWD,http://www.investing.com/equities/kaison-green-energy-tech
8093,1012937,Enermax Tech,TPEX,TWD,http://www.investing.com/equities/enermax-technology
2035,1012094,Tang Eng Iron,TPEX,TWD,http://www.investing.com/equities/tang-eng-iron-works-co-ltd
5455,1012613,Signality System Eng,TPEX,TWD,http://www.investing.com/equities/signality-system-engineering-co-ltd
6122,1012680,King Polytechnic Eng,TPEX,TWD,http://www.investing.com/equities/king-polytechnic-engineering-co-ltd
6125,1012683,Kenmec Mechanical Eng,TPEX,TWD,http://www.investing.com/equities/kenmec-mechanical-engineering-co
8147,1012949,Nextronics Engineering,TPEX,TWD,http://www.investing.com/equities/nextronics-engineering
1594,1012072,Ju-Kao Engineering,TPEX,TWD,http://www.investing.com/equities/ju-kao-engineering-co-ltd
6645,1043371,Kim Forest Enterprise,TPEX,TWD,http://www.investing.com/equities/kim-forest-enterprise
6111,1012675,Softstar Entertainment,TPEX,TWD,http://www.investing.com/equities/softstar-entertainment
4806,1012488,Shenghua Entertainment,TPEX,TWD,http://www.investing.com/equities/shenghua-entertainment-communicat
8492,1013015,TWR Entertainment,TPEX,TWD,http://www.investing.com/equities/twr-entertainment
1333,1012058,Entery,TPEX,TWD,http://www.investing.com/equities/entery-industrial-co-ltd
6771,1163396,Ping Ho Env,TPEX,TWD,http://www.investing.com/equities/ping-ho-environmental-technology-co
8476,1013006,Taiwan Environment Scientific,TPEX,TWD,http://www.investing.com/equities/taiwan-environment-scientific-co
6723,1117875,JG Environmental,TPEX,TWD,http://www.investing.com/equities/jg-environmental
3707,1012342,Episil Holding,TPEX,TWD,http://www.investing.com/equities/episil-holding
1580,1012065,Sinmag Equipment,TPEX,TWD,http://www.investing.com/equities/sinmag-equipment
3675,1012332,Eris Tech,TPEX,TWD,http://www.investing.com/equities/eris-technology
2926,1012135,Eslite Spectrum,TPEX,TWD,http://www.investing.com/equities/eslite-spectrum
6264,1012756,Kingland Real Estate,TPEX,TWD,http://www.investing.com/equities/kingland-real-estate-co-ltd
3567,1012296,Etrend Hightech,TPEX,TWD,http://www.investing.com/equities/etrend-hightech
5351,1012591,Etron Tech,TPEX,TWD,http://www.investing.com/equities/etron-technology
4120,1012353,Orient Europharma,TPEX,TWD,http://www.investing.com/equities/orient-europharma-co-ltd
8934,1013035,Everlance,TPEX,TWD,http://www.investing.com/equities/everlance-co-ltd
5299,1012571,Excelliance MOS,TPEX,TWD,http://www.investing.com/equities/excelliance-mos
2643,1012114,Soonest Express,TPEX,TWD,http://www.investing.com/equities/soonest-express-co-ltd
2734,1012125,Ezfly Intl Travel,TPEX,TWD,http://www.investing.com/equities/ezfly-international-travel-agent-co
4430,1012419,Yao I Fabric,TPEX,TWD,http://www.investing.com/equities/yao-i-fabric-co-ltd
8410,1012982,Sentien Printing Factory,TPEX,TWD,http://www.investing.com/equities/sentien-printing-factory-co-ltd
4513,1012427,Falcon Machine,TPEX,TWD,http://www.investing.com/equities/falcon-machine-tools-co-ltd
5903,1012657,Taiwan FamilyMart,TPEX,TWD,http://www.investing.com/equities/taiwan-familymart-co-ltd
5701,1012647,Janfusun Fancyworld,TPEX,TWD,http://www.investing.com/equities/janfusun-fancyworld
5859,1012651,Farglory Life Insurance,TPEX,TWD,http://www.investing.com/equities/farglory-life-insurance-co-ltd
5205,1012533,Fast Tech,TPEX,TWD,http://www.investing.com/equities/fast-technologies
5015,1012528,Rodex Fasteners,TPEX,TWD,http://www.investing.com/equities/rodex-fasteners
4951,1012508,Feature Integration Tech,TPEX,TWD,http://www.investing.com/equities/feature-integration-technology
1240,1031197,Morn Sun Feed Mill,TPEX,TWD,http://www.investing.com/equities/morn-sun-feed-mill
8091,1012935,Feedback Tech,TPEX,TWD,http://www.investing.com/equities/feedback-technology
6731,1131227,Femco Steel,TPEX,TWD,http://www.investing.com/equities/femco-steel
1815,1012091,Fulltech Fiber Glass,TPEX,TWD,http://www.investing.com/equities/fulltech-fiber-glass
4903,1012490,United Fiber Optic,TPEX,TWD,http://www.investing.com/equities/united-fiber-optic-communication
3363,1012233,FOCI Fiber Optic,TPEX,TWD,http://www.investing.com/equities/foci-fiber-optic-communications
6246,1012750,Taiwan Thick-Film,TPEX,TWD,http://www.investing.com/equities/taiwan-thick-film-ind
5820,1012650,Jih Sun Financial,TPEX,TWD,http://www.investing.com/equities/jih-sun-financial-holding-co-ltd
8913,1013022,HH Leasing & Financial,TPEX,TWD,http://www.investing.com/equities/hh-leasing-financial
4549,1012444,FineTek,TPEX,TWD,http://www.investing.com/equities/finetek-co
8076,1012926,Firichs,TPEX,TWD,http://www.investing.com/equities/firich-enterprises-co-ltd
5439,1012609,First Hi-tec,TPEX,TWD,http://www.investing.com/equities/first-hi-tec-enterprise-co-ltd
1260,1012054,Flavor Full Foods,TPEX,TWD,http://www.investing.com/equities/flavor-full-foods
3276,1012205,T-Flex Techvest,TPEX,TWD,http://www.investing.com/equities/t-flex-techvest-pcb-co-ltd
6673,1081682,Innovision FlexTech,TPEX,TWD,http://www.investing.com/equities/innovision-flextech
7443,1012901,Fluxtek Intl,TPEX,TWD,http://www.investing.com/equities/fluxtek-international
4510,1012426,Kao Fong Machinery,TPEX,TWD,http://www.investing.com/equities/kao-fong-machinery-co-ltd
1264,1012055,Tehmag Foods,TPEX,TWD,http://www.investing.com/equities/tehmag-foods
1268,1012056,Hi-Lai Foods,TPEX,TWD,http://www.investing.com/equities/hi-lai-foods-co-ltd
4923,1012497,Force Mos Tech,TPEX,TWD,http://www.investing.com/equities/force-mos-technology-co-ltd
3483,1012257,Forcecon Tech,TPEX,TWD,http://www.investing.com/equities/forcecon-technology-co-ltd
6576,1012869,Foresee Pharmas,TPEX,TWD,http://www.investing.com/equities/foresee-pharmaceuticals-co-ltd
5312,1012578,Formosa Optical Tech,TPEX,TWD,http://www.investing.com/equities/formosa-optical-technology-co-ltd
6026,1012667,Grand Fortune Securities,TPEX,TWD,http://www.investing.com/equities/grand-fortune-securities-co-ltd
8906,1013020,Forward Graphic,TPEX,TWD,http://www.investing.com/equities/forward-graphic-enterprise-co-ltd
5465,1012617,Loyalty Founder,TPEX,TWD,http://www.investing.com/equities/loyalty-founder-enterprise-co-ltd
2641,1012113,Franbo Lines,TPEX,TWD,http://www.investing.com/equities/franbo-lines
4506,1012425,Golden Friends,TPEX,TWD,http://www.investing.com/equities/golden-friends
4207,1012405,Taiwan Fructose,TPEX,TWD,http://www.investing.com/equities/taiwan-fructose-co-ltd
4402,1012410,Fu Ta Material Tech,TPEX,TWD,http://www.investing.com/equities/fu-ta-material-technology-co-ltd
4907,1012492,Fu Yu Property,TPEX,TWD,http://www.investing.com/equities/fu-yu-property-co-ltd
4429,1012418,G-Fun,TPEX,TWD,http://www.investing.com/equities/g-fun-industrial
6482,1012808,Fun Yours Tech,TPEX,TWD,http://www.investing.com/equities/fun-yours-technology-co-ltd
2065,1012098,Sheh Fung Screws,TPEX,TWD,http://www.investing.com/equities/sheh-fung-screws-co-ltd
6023,1012665,Yuanta Futures,TPEX,TWD,http://www.investing.com/equities/yuanta-futures-co-ltd
6642,1058032,Fuzetec Tech,TPEX,TWD,http://www.investing.com/equities/fuzetec-tech
2724,1012119,FX Hotels,TPEX,TWD,http://www.investing.com/equities/fx-hotels-group
5443,1012610,Gallant Precision Machining,TPEX,TWD,http://www.investing.com/equities/gallant-precision-machining-co-ltd
6640,1043370,Gallant Micro Machining,TPEX,TWD,http://www.investing.com/equities/gallant-micro-machining
3293,1012212,Intl Games System,TPEX,TWD,http://www.investing.com/equities/international-games-system-co-ltd
6536,1012839,Tiga Gaming,TPEX,TWD,http://www.investing.com/equities/tiga-gaming
6441,1012790,Ibase Gaming,TPEX,TWD,http://www.investing.com/equities/ibase-gaming
2916,1012133,Munsin Garment,TPEX,TWD,http://www.investing.com/equities/munsin-garment
8917,1013024,Hsin Tai Gas,TPEX,TWD,http://www.investing.com/equities/hsin-tai-gas-co-ltd
8908,1013021,Shinhsiung Natural Gas,TPEX,TWD,http://www.investing.com/equities/shinhsiung-natural-gas
4991,1012522,GCS,TPEX,TWD,http://www.investing.com/equities/gcs-holdings
4730,1058024,General Silicones,TPEX,TWD,http://www.investing.com/equities/general-silicones
6221,1012733,Genesis Tech,TPEX,TWD,http://www.investing.com/equities/genesis-technology
6104,1012671,Genesyslogic,TPEX,TWD,http://www.investing.com/equities/genesyslogic
6615,1012890,Sofiva Genomics,TPEX,TWD,http://www.investing.com/equities/sofiva-genomics-co-ltd
5355,1012593,Gia Tzoong,TPEX,TWD,http://www.investing.com/equities/gia-tzoong-enterprise-co-ltd
3691,1012340,Gigasolar Materials,TPEX,TWD,http://www.investing.com/equities/gigasolar-materials
5262,1012554,Gigastone,TPEX,TWD,http://www.investing.com/equities/gigastone
6151,1012697,Ginar Tech,TPEX,TWD,http://www.investing.com/equities/ginar-technology-co-ltd
8406,1012980,Ginko Intl,TPEX,TWD,http://www.investing.com/equities/ginko-international-co-ltd
8067,1012921,Gish Intl,TPEX,TWD,http://www.investing.com/equities/gish-international-co-ltd
1814,1012090,United Oriental Glass,TPEX,TWD,http://www.investing.com/equities/united-oriental-glass-industrial-co
4573,1093907,GMT Global,TPEX,TWD,http://www.investing.com/equities/gmt-global
4198,1012403,Swissray Global Healthcare,TPEX,TWD,http://www.investing.com/equities/swissray-global-healthcare-holding
8066,1012920,Lifestyle Global,TPEX,TWD,http://www.investing.com/equities/lifestyle-global-enterprise
3499,1012265,Globalsat Worldcom,TPEX,TWD,http://www.investing.com/equities/globalsat-worldcom
6488,1012812,GlobalWafers,TPEX,TWD,http://www.investing.com/equities/globalwafers-co-ltd
5009,1012524,Gloria Material Tech,TPEX,TWD,http://www.investing.com/equities/gloria-material-technology
5475,1012620,Glotech,TPEX,TWD,http://www.investing.com/equities/glotech-industrial
4168,1012383,GlycoNex,TPEX,TWD,http://www.investing.com/equities/glyconex
4987,1012521,Godex Intl,TPEX,TWD,http://www.investing.com/equities/godex-international-co-ltd
4503,1012424,Gold Rains,TPEX,TWD,http://www.investing.com/equities/gold-rain-enterprises
6028,1131224,Golden Insurance,TPEX,TWD,http://www.investing.com/equities/golden-insurance
3188,1012178,Golden Long Teng,TPEX,TWD,http://www.investing.com/equities/golden-long-teng-development-co-ltd
6638,1031121,Goldtek Tech,TPEX,TWD,http://www.investing.com/equities/goldtek-tech
8472,1013005,GOMAJI,TPEX,TWD,http://www.investing.com/equities/gomaji-ltd
3178,1012176,Gongin Precision,TPEX,TWD,http://www.investing.com/equities/gongin-precision-industrial-co-ltd
3272,1012204,Good Way Tech,TPEX,TWD,http://www.investing.com/equities/good-way-technology-co-ltd
6529,1058026,Goyourlife,TPEX,TWD,http://www.investing.com/equities/goyourlife
3131,1012163,Grand Plastic,TPEX,TWD,http://www.investing.com/equities/grand-plastic-technology
8941,1013040,Grand Hall,TPEX,TWD,http://www.investing.com/equities/grand-hall-enterprise-co-ltd
3684,1012335,Grand Tek Tech,TPEX,TWD,http://www.investing.com/equities/grand-tek-technology-co-ltd
6469,1012800,Great Tree Pharmacy,TPEX,TWD,http://www.investing.com/equities/great-tree-pharmacy-co-ltd
8444,1012999,Green River Holding,TPEX,TWD,http://www.investing.com/equities/green-river-holding-co-ltd
5481,1012623,Hwa Woei Green Hi Tech,TPEX,TWD,http://www.investing.com/equities/hwa-woei-green-hi-tech-co-ltd
8077,1012927,Green World Hotels,TPEX,TWD,http://www.investing.com/equities/green-world-hotels-co-ltd
8426,1012990,Redwood Group,TPEX,TWD,http://www.investing.com/equities/redwood-group-ltd
4136,1012365,Thai Ho Group,TPEX,TWD,http://www.investing.com/equities/thai-ho-group
6664,1058036,Group Up Industrial,TPEX,TWD,http://www.investing.com/equities/group-up-industrial
6550,1012850,Polaris Group,TPEX,TWD,http://www.investing.com/equities/polaris-group
2937,1012137,Gseven,TPEX,TWD,http://www.investing.com/equities/gseven-co-ltd
3680,1012334,Gudeng Precision,TPEX,TWD,http://www.investing.com/equities/gudeng-precision-industrial-co-ltd
4432,1012421,Hakers,TPEX,TWD,http://www.investing.com/equities/hakers-enterprise-co-ltd
6620,1012892,Handa Pharmas,TPEX,TWD,http://www.investing.com/equities/handa-pharmaceuticals
8354,1012972,Koan Hao Tech,TPEX,TWD,http://www.investing.com/equities/koan-hao-technology-co-ltd
3202,1012180,High-Tek Harness,TPEX,TWD,http://www.investing.com/equities/high-tek-harness-enterprise-co-ltd
6218,1012730,Hauman Tech,TPEX,TWD,http://www.investing.com/equities/hauman-technologies
8083,1012929,Pro-Hawk,TPEX,TWD,http://www.investing.com/equities/pro-hawk
1781,1012081,Health&Life,TPEX,TWD,http://www.investing.com/equities/health-life-co-ltd
4431,1012420,Mytrex Health Tech,TPEX,TWD,http://www.investing.com/equities/mytrex-health-technologies
4175,1012390,MedFirst Healthcare,TPEX,TWD,http://www.investing.com/equities/medfirst-healthcare-services-lnc
4194,1012400,Holy Stone Healthcare,TPEX,TWD,http://www.investing.com/equities/holy-stone-healthcare-co-ltd
6569,1012864,Onyx Healthcare,TPEX,TWD,http://www.investing.com/equities/onyx-healthcare
4139,1012367,Ma Kuang Healthcare,TPEX,TWD,http://www.investing.com/equities/ma-kuang-healthcare-holding-ltd
6665,1056070,Healthconn,TPEX,TWD,http://www.investing.com/equities/healthconn
3609,1012309,Hep Tech,TPEX,TWD,http://www.investing.com/equities/hep-tech-co-ltd
3551,1012286,Shih Her Tech,TPEX,TWD,http://www.investing.com/equities/shih-her-technologies
3522,1012273,Hi-Light Tek,TPEX,TWD,http://www.investing.com/equities/hi-light-tek-co-ltd
6190,1012718,Wonderful Hi-Tech,TPEX,TWD,http://www.investing.com/equities/wonderful-hi-tech-co-ltd
5220,1012541,Higgstec,TPEX,TWD,http://www.investing.com/equities/higgstec
3642,1012322,Unitel High Tech,TPEX,TWD,http://www.investing.com/equities/unitel-high-technology
3284,1012206,Top High Image,TPEX,TWD,http://www.investing.com/equities/top-high-image
6559,1012857,High Power Lighting,TPEX,TWD,http://www.investing.com/equities/high-power-lighting
6208,1012726,Highlight Tech,TPEX,TWD,http://www.investing.com/equities/highlight-tech
8446,1013000,HIM Intl Music,TPEX,TWD,http://www.investing.com/equities/him-international-music
6247,1012751,Jazz Hipster,TPEX,TWD,http://www.investing.com/equities/jazz-hipster
3688,1012338,HLJ Tech,TPEX,TWD,http://www.investing.com/equities/hlj-technology-co-ltd
5016,1012529,Song Ho,TPEX,TWD,http://www.investing.com/equities/song-ho-industrial-co-ltd
1591,1012070,Inmax Holding,TPEX,TWD,http://www.investing.com/equities/inmax-holding-co-ltd
6803,1012898,KD Holding,TPEX,TWD,http://www.investing.com/equities/kd-holding
3431,1012247,Holux Tech,TPEX,TWD,http://www.investing.com/equities/holux-technology
8087,1012933,Homenema Tech,TPEX,TWD,http://www.investing.com/equities/homenema-technology
8043,1012911,Honey Hope Honesty,TPEX,TWD,http://www.investing.com/equities/honey-hope-honesty-enterprise-co
8240,1012958,Wah Hong,TPEX,TWD,http://www.investing.com/equities/wah-hong-industrial
4530,1012432,Honyi Precision,TPEX,TWD,http://www.investing.com/equities/honyi-precision-industry-co-ltd
6015,1012660,Horizon Securities,TPEX,TWD,http://www.investing.com/equities/horizon-securities-co-ltd
6656,1062574,Rich Horizon Touch Media,TPEX,TWD,http://www.investing.com/equities/rich-horizon-touch-media
5464,1012616,Lin Horn Tech,TPEX,TWD,http://www.investing.com/equities/lin-horn-technology-co-ltd
5271,1012557,Horng Tong,TPEX,TWD,http://www.investing.com/equities/horng-tong-enterprise-co-ltd
4126,1012356,Pacific Hospital Supply,TPEX,TWD,http://www.investing.com/equities/pacific-hospital-supply-co-ltd
2730,1012122,Miramar Hospitality,TPEX,TWD,http://www.investing.com/equities/miramar-hospitality-co-ltd
2736,1012126,HOYA Resort Hotel,TPEX,TWD,http://www.investing.com/equities/hoya-resort-hotel-group
5703,1012648,Landis Taipei Hotel,TPEX,TWD,http://www.investing.com/equities/landis-taipei-hotel-co-ltd
5364,1012595,Lealea Hotels,TPEX,TWD,http://www.investing.com/equities/lealea-hotels-resorts-co-ltd
2718,1012115,Pleasant Hotels Intl,TPEX,TWD,http://www.investing.com/equities/pleasant-hotels-international-lnc
3092,1012152,Hotron Precision,TPEX,TWD,http://www.investing.com/equities/hotron-precision-electronic-ind
3114,1012157,Howteh Tech,TPEX,TWD,http://www.investing.com/equities/howteh-technology-co-ltd
4406,1012411,Hsin-Sin Textile,TPEX,TWD,http://www.investing.com/equities/hsin-sin-textile-co-ltd
4924,1012498,HTM Intl,TPEX,TWD,http://www.investing.com/equities/htm-international-holding-ltd
5905,1012659,Nan Ren Hu Leisure,TPEX,TWD,http://www.investing.com/equities/nan-ren-hu-leisure-amusement-co-ltd
6508,1012824,Huikwang,TPEX,TWD,http://www.investing.com/equities/huikwang
6163,1012703,Hwacom Systems,TPEX,TWD,http://www.investing.com/equities/hwacom-systems
6457,1012794,Hycon Tech,TPEX,TWD,http://www.investing.com/equities/hycon-technology
5212,1012538,Hyweb Tech,TPEX,TWD,http://www.investing.com/equities/hyweb-technology-co-ltd
2235,1012105,I Yuan Precision,TPEX,TWD,http://www.investing.com/equities/i-yuan-precision-ind-co-ltd
8342,1012969,I Jang,TPEX,TWD,http://www.investing.com/equities/i-jang-industrial-co-ltd
8050,1012916,IBASE Tech,TPEX,TWD,http://www.investing.com/equities/ibase-technology
8040,1012908,IC Plus,TPEX,TWD,http://www.investing.com/equities/ic-plus
3372,1012234,Taiwan IC Packaging,TPEX,TWD,http://www.investing.com/equities/taiwan-ic-packaging
6612,1058028,Icares Medicus,TPEX,TWD,http://www.investing.com/equities/icares-medicus
6695,1117874,iCatch,TPEX,TWD,http://www.investing.com/equities/icatch
6498,1012821,Powertip Image,TPEX,TWD,http://www.investing.com/equities/powertip-image
5438,1012608,TECO Image Systems,TPEX,TWD,http://www.investing.com/equities/teco-image-systems-co-ltd
3227,1012192,PixArt Imaging,TPEX,TWD,http://www.investing.com/equities/pixart-imaging
5398,1012602,Inalways,TPEX,TWD,http://www.investing.com/equities/inalways
5222,1012542,Transcom Inc,TPEX,TWD,http://www.investing.com/equities/transcom
2066,1012099,Sumeeko Industries,TPEX,TWD,http://www.investing.com/equities/sumeeko-industries-co-ltd
6158,1012700,P-Two Industries,TPEX,TWD,http://www.investing.com/equities/p-two-industries
6244,1012748,Motech Industries,TPEX,TWD,http://www.investing.com/equities/motech-industries
6407,1012776,Mutual-Tek Industries,TPEX,TWD,http://www.investing.com/equities/mutual-tek-industries-co-ltd
6693,1117873,Inergy Tech,TPEX,TWD,http://www.investing.com/equities/inergy-tech
5278,1012562,Sunfun Info,TPEX,TWD,http://www.investing.com/equities/sunfun-info-co-ltd
3570,1012297,Otsuka Info Tech,TPEX,TWD,http://www.investing.com/equities/otsuka-information-technology
4953,1012509,Wistron Info,TPEX,TWD,http://www.investing.com/equities/wistron-information-tech-services
8183,1012955,Info-Tek,TPEX,TWD,http://www.investing.com/equities/info-tek
6161,1012702,Jetway Information,TPEX,TWD,http://www.investing.com/equities/jetway-information-co-ltd
5201,1012531,K Way Information,TPEX,TWD,http://www.investing.com/equities/k-way-information
6590,1012879,Provision Information,TPEX,TWD,http://www.investing.com/equities/provision-information-co-ltd
8284,1012963,Mitake Information,TPEX,TWD,http://www.investing.com/equities/mitake-information
4765,1012484,Pancolour Ink,TPEX,TWD,http://www.investing.com/equities/pancolour-ink-co-ltd
5289,1012567,InnoDisk,TPEX,TWD,http://www.investing.com/equities/innodisk
4172,1012387,Innopharmax,TPEX,TWD,http://www.investing.com/equities/innopharmax
3373,1012235,Radiant Innovation,TPEX,TWD,http://www.investing.com/equities/radiant-innovation
6284,1012765,INPAQ Tech,TPEX,TWD,http://www.investing.com/equities/inpaq-technology-co-ltd
6231,1012739,Insyde Software,TPEX,TWD,http://www.investing.com/equities/insyde-software
6724,1117876,INT Tech,TPEX,TWD,http://www.investing.com/equities/int-tech
4163,1012380,Intai Tech,TPEX,TWD,http://www.investing.com/equities/intai-technology
5603,1012644,Sea & Land Integrated,TPEX,TWD,http://www.investing.com/equities/sea-land-integrated-co
3289,1012210,Integrated Service Tech,TPEX,TWD,http://www.investing.com/equities/integrated-service-technology
6169,1012705,InterServ Intl,TPEX,TWD,http://www.investing.com/equities/interserv-international
6118,1012678,Xander Intl,TPEX,TWD,http://www.investing.com/equities/xander-international
6146,1012693,Sporton Intl,TPEX,TWD,http://www.investing.com/equities/sporton-international
6584,1012875,Nan Juen Intl,TPEX,TWD,http://www.investing.com/equities/nan-juen-international-co-ltd
8234,1012957,NEXCOM Intl,TPEX,TWD,http://www.investing.com/equities/nexcom-international-co-ltd
5347,1012588,Vanguard Intl Semiconductor,TPEX,TWD,http://www.investing.com/equities/vanguard-international-semiconducto
3232,1012195,Sentronic Intl,TPEX,TWD,http://www.investing.com/equities/sentronic-international
5306,1012575,KMC Kuei Meng Intl,TPEX,TWD,http://www.investing.com/equities/kmc-kuei-meng-international
5904,1012658,Poya Intl,TPEX,TWD,http://www.investing.com/equities/poya-international-co-ltd
6574,1012867,Mikobeaute Intl,TPEX,TWD,http://www.investing.com/equities/mikobeaute-international-co-ltd
8349,1012970,QST Intl,TPEX,TWD,http://www.investing.com/equities/qst-international
8927,1013028,North-Star Intl,TPEX,TWD,http://www.investing.com/equities/north-star-international-co-ltd
5478,1012621,Soft-World Intl,TPEX,TWD,http://www.investing.com/equities/soft-world-international
1566,1012062,JaBon Intl,TPEX,TWD,http://www.investing.com/equities/jabon-international-co-ltd
2743,1012130,Richmond Intl Travel,TPEX,TWD,http://www.investing.com/equities/richmond-international-travel-tours
2732,1012123,La Kaffa Intl,TPEX,TWD,http://www.investing.com/equities/la-kaffa-international-co-ltd
6114,1012677,Juic Intl,TPEX,TWD,http://www.investing.com/equities/juic-international
6130,1012687,Xingbao Intl,TPEX,TWD,http://www.investing.com/equities/xingbao-international-co-ltd
6575,1012868,SyneuRx Intl Taiwan,TPEX,TWD,http://www.investing.com/equities/syneurx-international-taiwan
8088,1012934,Panram Intl,TPEX,TWD,http://www.investing.com/equities/panram-international
8450,1013001,Pili Intl Multimedia,TPEX,TWD,http://www.investing.com/equities/pili-international-multimedia-co
8936,1013037,Kuo Toong Intl,TPEX,TWD,http://www.investing.com/equities/kuo-toong-international-co-ltd
4121,1012354,Rossmax Intl,TPEX,TWD,http://www.investing.com/equities/rossmax-international-ltd
5356,1012594,Sirtec Intl,TPEX,TWD,http://www.investing.com/equities/sirtec-international-co-ltd
6595,1130832,Juliens Intl,TPEX,TWD,http://www.investing.com/equities/juliens-intl
3555,1012289,IROC,TPEX,TWD,http://www.investing.com/equities/iroc-co-ltd
6697,1114115,IT Total Services,TPEX,TWD,http://www.investing.com/equities/it-total-services
2942,1081685,Jing-Jan Retail,TPEX,TWD,http://www.investing.com/equities/jing-jan-retail
3548,1012285,Jarllytec,TPEX,TWD,http://www.investing.com/equities/jarllytec-co-ltd
4741,1012474,Jetbest,TPEX,TWD,http://www.investing.com/equities/jetbest
4502,1012423,Jian Sin,TPEX,TWD,http://www.investing.com/equities/jian-sin-industrial-co-ltd
3230,1012194,Jiin Ming,TPEX,TWD,http://www.investing.com/equities/jiin-ming-industry-co-ltd
1787,1012084,Jintex,TPEX,TWD,http://www.investing.com/equities/jintex-ltd
4925,1012499,Jmicron Tech,TPEX,TWD,http://www.investing.com/equities/jmicron-technology
3629,1012317,Join Well Tech,TPEX,TWD,http://www.investing.com/equities/join-well-technology-co-ltd
4980,1012520,Jorjin Tech,TPEX,TWD,http://www.investing.com/equities/jorjin-technologies
4559,1012450,Joy,TPEX,TWD,http://www.investing.com/equities/joy-industrial-co-ltd
6468,1012799,Netmarble Joybomb,TPEX,TWD,http://www.investing.com/equities/netmarble-joybomb
8418,1012985,JP Nelson,TPEX,TWD,http://www.investing.com/equities/jp-nelson-holdings
5251,1012551,JSW Pacific,TPEX,TWD,http://www.investing.com/equities/jsw-pacific
2063,1012096,Sheh Kai Precision,TPEX,TWD,http://www.investing.com/equities/sheh-kai-precision-co-ltd
1269,1012057,Kanpai,TPEX,TWD,http://www.investing.com/equities/kanpai-co-ltd
5383,1012598,Kenly Precision,TPEX,TWD,http://www.investing.com/equities/kenly-precision-industrial-co-ltd
4561,1012451,kenturn Nano Tec,TPEX,TWD,http://www.investing.com/equities/kenturn-nano-tec-co-ltd
6683,1081683,Keystone Microtech,TPEX,TWD,http://www.investing.com/equities/keystone-microtech
3093,1012153,Taiwan Kong King,TPEX,TWD,http://www.investing.com/equities/taiwan-kong-king-co-ltd
6238,1012744,Kingpak Tech,TPEX,TWD,http://www.investing.com/equities/kingpak-technology
6516,1012830,Kingwaytek Tech,TPEX,TWD,http://www.investing.com/equities/kingwaytek-technology-co-ltd
2733,1012124,Vigor Kobo,TPEX,TWD,http://www.investing.com/equities/vigor-kobo-co-ltd
4568,1058023,Koge Micro Tech,TPEX,TWD,http://www.investing.com/equities/koge-micro-tech
1752,1012077,Nang Kuang Pharma,TPEX,TWD,http://www.investing.com/equities/nang-kuang-pharmaceutical-co-ltd
4527,1012429,Kuen Ling Refrigerating,TPEX,TWD,http://www.investing.com/equities/kuen-ling-refrigerating-machinery
4305,1012408,Shih Kuen Plastics,TPEX,TWD,http://www.investing.com/equities/shih-kuen-plastics-co-ltd
8477,1013007,Kuobrothers,TPEX,TWD,http://www.investing.com/equities/kuobrothers
4420,1012416,Kwang Ming Silk Mill,TPEX,TWD,http://www.investing.com/equities/kwang-ming-silk-mill-co-ltd
8916,1013023,Kwong Lung,TPEX,TWD,http://www.investing.com/equities/kwong-lung-enterprise-co-ltd
3081,1012146,LandMark Optoelectronics,TPEX,TWD,http://www.investing.com/equities/landmark-optoelectronics
6207,1012725,Laser Tek Taiwan,TPEX,TWD,http://www.investing.com/equities/laser-tek-taiwan-co-ltd
8420,1012986,Launch Tech,TPEX,TWD,http://www.investing.com/equities/launch-technologies-co-ltd
5230,1012545,Ledlink Optics,TPEX,TWD,http://www.investing.com/equities/ledlink-optics
8127,1012948,LeFram Tech,TPEX,TWD,http://www.investing.com/equities/lefram-technology
5410,1012604,Leo Systems,TPEX,TWD,http://www.investing.com/equities/leo-systems
5493,1012630,San Lien Tech,TPEX,TWD,http://www.investing.com/equities/san-lien-technology
5530,1012640,Lungyen Life Service,TPEX,TWD,http://www.investing.com/equities/lungyen-life-service
2745,1012131,Lucky Life Travel,TPEX,TWD,http://www.investing.com/equities/lucky-life-travel-tourist-service
3205,1012181,Sagittarius Life Science,TPEX,TWD,http://www.investing.com/equities/sagittarius-life-science
4167,1012382,Savior Lifetec,TPEX,TWD,http://www.investing.com/equities/savior-lifetec
1819,1012093,Sunny Win Light,TPEX,TWD,http://www.investing.com/equities/sunny-win-light-ray-nano-technology
5216,1012540,YODN Lighting,TPEX,TWD,http://www.investing.com/equities/yodn-lighting
4972,1012516,Tons Lightology,TPEX,TWD,http://www.investing.com/equities/tons-lightology
4152,1012371,Taiwan Liposome,TPEX,TWD,http://www.investing.com/equities/taiwan-liposome-co-ltd
6175,1012710,Liton Tech,TPEX,TWD,http://www.investing.com/equities/liton-technology
6555,1012854,Long Time Tech,TPEX,TWD,http://www.investing.com/equities/long-time-technology-co-ltd
4401,1012409,Toung LoongTextile,TPEX,TWD,http://www.investing.com/equities/toung-loongtextile-mfg-co-ltd
6535,1012838,Lumosa Therapeutics,TPEX,TWD,http://www.investing.com/equities/lumosa-therapeutics-co-ltd
5267,1012556,Lung Pien Vacuum,TPEX,TWD,http://www.investing.com/equities/lung-pien-vacuum-industry-co-ltd
4979,1012519,LuxNet,TPEX,TWD,http://www.investing.com/equities/luxnet
6643,1052675,M31 Tech,TPEX,TWD,http://www.investing.com/equities/m31-tech
9951,1013044,Macauto,TPEX,TWD,http://www.investing.com/equities/macauto-industrial-co-ltd
4563,1012453,Quaser Machine,TPEX,TWD,http://www.investing.com/equities/quaser-machine-tools
4533,1012433,Shieh Yih Machinery,TPEX,TWD,http://www.investing.com/equities/shieh-yih-machinery-industry-co-ltd
4537,1012436,Shuz Tung Machinery,TPEX,TWD,http://www.investing.com/equities/shuz-tung-machinery-industrial-co
4538,1012437,WINSON Machinery,TPEX,TWD,http://www.investing.com/equities/winson-machinery-co-ltd
6654,1058033,Tian Zheng Machinery,TPEX,TWD,http://www.investing.com/equities/tian-zheng-machinery
3527,1012276,Macroblock,TPEX,TWD,http://www.investing.com/equities/macroblock
3687,1012337,MacroWell OMG,TPEX,TWD,http://www.investing.com/equities/macrowell-omg-digital-entertainment
4541,1012439,Magnate Tech,TPEX,TWD,http://www.investing.com/equities/magnate-technology-co-ltd
4543,1012441,Man Zai,TPEX,TWD,http://www.investing.com/equities/man-zai-industrial-co-ltd
2945,1117869,Simple Mart,TPEX,TWD,http://www.investing.com/equities/simple-mart
6705,1114117,Martas Precision Slide,TPEX,TWD,http://www.investing.com/equities/martas-precision-slide
4151,1012370,Strength Master,TPEX,TWD,http://www.investing.com/equities/strength-master-fintness-tech-co
8291,1012966,ShineMore Tech Materials,TPEX,TWD,http://www.investing.com/equities/shinemore-technology-materials-co
3663,1012327,ThinTech Materials Tech,TPEX,TWD,http://www.investing.com/equities/thintech-materials-technology-co
8942,1013041,Xxentria Tech Materials,TPEX,TWD,http://www.investing.com/equities/xxentria-technology-materials-co
8932,1013033,Max Zipper,TPEX,TWD,http://www.investing.com/equities/max-zipper-co-ltd
4803,1012486,VHQ Media,TPEX,TWD,http://www.investing.com/equities/vhq-media-holdings-ltd
6543,1131225,Perfect Medical,TPEX,TWD,http://www.investing.com/equities/perfect-medical
8403,1012979,ShareHope Medicine,TPEX,TWD,http://www.investing.com/equities/sharehope-medicine-co-ltd
3294,1012213,Megaforce,TPEX,TWD,http://www.investing.com/equities/megaforce-co-ltd
3122,1012161,Megawin Tech,TPEX,TWD,http://www.investing.com/equities/megawin-technology-co-ltd
3360,1012231,Sunnic Tech & Merchandise,TPEX,TWD,http://www.investing.com/equities/sunnic-technology-merchandise
4419,1012415,Metaltech,TPEX,TWD,http://www.investing.com/equities/metaltech-industrial-co-ltd
3184,1012177,MicroBase Tech,TPEX,TWD,http://www.investing.com/equities/microbase-technology
4128,1012358,Microbio,TPEX,TWD,http://www.investing.com/equities/microbio-co-ltd
3354,1012229,Microcosm Tech,TPEX,TWD,http://www.investing.com/equities/microcosm-technology-co-ltd
6568,1012863,Rafael Microelectronics,TPEX,TWD,http://www.investing.com/equities/rafael-microelectronics
6423,1012782,Yield Microelectronics,TPEX,TWD,http://www.investing.com/equities/yield-microelectronics
5256,1012553,Rigidtech Microelectronics,TPEX,TWD,http://www.investing.com/equities/rigidtech-microelectronics
5450,1012611,Prolink Microsystems,TPEX,TWD,http://www.investing.com/equities/prolink-microsystems
3285,1012207,Microtips Tech,TPEX,TWD,http://www.investing.com/equities/microtips-technology
3491,1012262,Universal Microwave Tech,TPEX,TWD,http://www.investing.com/equities/universal-microwave-technology
4729,1012468,Mildex Optical,TPEX,TWD,http://www.investing.com/equities/mildex-optical
6223,1012735,MPI,TPEX,TWD,http://www.investing.com/equities/mpi-corp
2740,1012128,Mr. Onion,TPEX,TWD,http://www.investing.com/equities/mr-onion
5460,1012615,Mustang,TPEX,TWD,http://www.investing.com/equities/mustang-industrial
4950,1012507,Mutto Optronics,TPEX,TWD,http://www.investing.com/equities/mutto-optronics
6593,1012881,Taiwan Name Plate,TPEX,TWD,http://www.investing.com/equities/taiwan-name-plate-co-ltd
4712,1012462,Nan Tsan,TPEX,TWD,http://www.investing.com/equities/nan-tsan-co-ltd
6495,1012819,Nanoplus,TPEX,TWD,http://www.investing.com/equities/nanoplus-ltd
3512,1012269,Neng TYI Precision,TPEX,TWD,http://www.investing.com/equities/neng-tyi-precision-industries-co
6542,1012844,Net Publishing,TPEX,TWD,http://www.investing.com/equities/net-publishing-co-ltd
6143,1012691,Netronix,TPEX,TWD,http://www.investing.com/equities/netronix
3558,1012291,Senao Networks,TPEX,TWD,http://www.investing.com/equities/senao-networks
3630,1012318,Newmax Tech,TPEX,TWD,http://www.investing.com/equities/newmax-technology-co-ltd
3085,1012148,Newretail,TPEX,TWD,http://www.investing.com/equities/newretail-co-ltd
2245,1012108,News World Wu,TPEX,TWD,http://www.investing.com/equities/news-world-wu-co
5202,1012532,NewSoft Tech,TPEX,TWD,http://www.investing.com/equities/newsoft-technology
3444,1012251,Niching,TPEX,TWD,http://www.investing.com/equities/niching-industrial
3317,1012220,Niko Semiconductor,TPEX,TWD,http://www.investing.com/equities/niko-semiconductor-co-ltd
6613,1012889,Nova Tech,TPEX,TWD,http://www.investing.com/equities/nova-technology
6419,1012781,Nuuo,TPEX,TWD,http://www.investing.com/equities/nuuo
6494,1012818,Nyquest Tech,TPEX,TWD,http://www.investing.com/equities/nyquest-technology-co-ltd
8924,1013027,O-TA Precision,TPEX,TWD,http://www.investing.com/equities/o-ta-precision-industry-co-ltd
3066,1012140,Taiwan Oasis,TPEX,TWD,http://www.investing.com/equities/taiwan-oasis-technology-co-ltd
4174,1012389,OBI Pharma,TPEX,TWD,http://www.investing.com/equities/obi-pharma
5011,1012525,OFCO,TPEX,TWD,http://www.investing.com/equities/ofco-industrial
8044,1012912,PChome Online,TPEX,TWD,http://www.investing.com/equities/pchome-online
8034,1012906,Opnet Tech,TPEX,TWD,http://www.investing.com/equities/opnet-technologies-co-ltd
3441,1012250,Unique Optical,TPEX,TWD,http://www.investing.com/equities/unique-optical-industrial-co-ltd
4150,1012369,Unicon Optical,TPEX,TWD,http://www.investing.com/equities/unicon-optical-co-ltd
1565,1012061,St.Shine Optical,TPEX,TWD,http://www.investing.com/equities/st-shine-optical-co-ltd
3666,1012329,Optivision Tech,TPEX,TWD,http://www.investing.com/equities/optivision-technology
5277,1012561,ProLight Opto Tech,TPEX,TWD,http://www.investing.com/equities/prolight-opto-technology
4933,1012501,Ubright Optronics,TPEX,TWD,http://www.investing.com/equities/ubright-optronics
6434,1012787,TacBright Optronics,TPEX,TWD,http://www.investing.com/equities/tacbright-optronics
6556,1012855,Topview Optronics,TPEX,TWD,http://www.investing.com/equities/topview-optronics
4166,1012381,Orient Pharma,TPEX,TWD,http://www.investing.com/equities/orient-pharma-co-ltd
4129,1012359,United Orthopedic,TPEX,TWD,http://www.investing.com/equities/united-orthopedic
8080,1012928,Taiwan Ostor,TPEX,TWD,http://www.investing.com/equities/taiwan-ostor
8421,1012987,Xu Yuan Packaging Tech,TPEX,TWD,http://www.investing.com/equities/xu-yuan-packaging-technology-co-ltd
3632,1012320,Papago,TPEX,TWD,http://www.investing.com/equities/papago
4966,1012512,Parade Tech,TPEX,TWD,http://www.investing.com/equities/parade-technologies-ltd
3097,1012155,Partner Tech,TPEX,TWD,http://www.investing.com/equities/partner-tech
5211,1012537,Penpower Tech,TPEX,TWD,http://www.investing.com/equities/penpower-technology-ltd
4752,1012479,United Performance,TPEX,TWD,http://www.investing.com/equities/united-performance-materials
6562,1012859,UBI Pharma,TPEX,TWD,http://www.investing.com/equities/ubi-pharma
6621,1043369,Uni Pharma,TPEX,TWD,http://www.investing.com/equities/uni-pharma
6634,1058031,SINEW Pharma,TPEX,TWD,http://www.investing.com/equities/sinew-pharma
4191,1012397,Pharmadax,TPEX,TWD,http://www.investing.com/equities/pharmadax
4162,1012379,PharmaEngine,TPEX,TWD,http://www.investing.com/equities/pharmaengine
6446,1012792,PharmaEssentia,TPEX,TWD,http://www.investing.com/equities/pharmaessentia
4180,1012392,TWi Pharmas,TPEX,TWD,http://www.investing.com/equities/twi-pharmaceuticals
6549,1012849,TaiwanJ Pharmas,TPEX,TWD,http://www.investing.com/equities/taiwanj-pharmaceuticals-co-ltd
3067,1012141,Phonic,TPEX,TWD,http://www.investing.com/equities/phonic
3678,1012333,Ushine Photonics,TPEX,TWD,http://www.investing.com/equities/ushine-photonics
5248,1012550,Pixon Tech,TPEX,TWD,http://www.investing.com/equities/pixon-technologies
6263,1012755,Planet Tech,TPEX,TWD,http://www.investing.com/equities/planet-technology
6185,1012714,Plastron Precision,TPEX,TWD,http://www.investing.com/equities/plastron-precision-co-ltd
8431,1012991,Superior Plating Tech,TPEX,TWD,http://www.investing.com/equities/superior-plating-technology-co-ltd
6572,1012866,PlexBio,TPEX,TWD,http://www.investing.com/equities/plexbio-co-ltd
3537,1012280,Podak,TPEX,TWD,http://www.investing.com/equities/podak-co-ltd
6599,1057359,Poindus Systems,TPEX,TWD,http://www.investing.com/equities/poindus-systems
8935,1013036,Pontex Polyblend,TPEX,TWD,http://www.investing.com/equities/pontex-polyblend-co-ltd
8423,1012988,Polygreen Resources,TPEX,TWD,http://www.investing.com/equities/polygreen-resources-co-ltd
1813,1012089,Polylite Taiwan,TPEX,TWD,http://www.investing.com/equities/polylite-taiwan-co-ltd
6545,1012845,Sync Power,TPEX,TWD,http://www.investing.com/equities/sync-power
4529,1012431,Thunder Power,TPEX,TWD,http://www.investing.com/equities/thunder-power-co-ltd
6167,1012704,Powertip Tech,TPEX,TWD,http://www.investing.com/equities/powertip-tech
4534,1012434,Trinity Precision Tech,TPEX,TWD,http://www.investing.com/equities/trinity-precision-technology-co-ltd
4578,1114112,Sogotec Precision,TPEX,TWD,http://www.investing.com/equities/sogotec-precision
1336,1012059,Taihan Precision Tech,TPEX,TWD,http://www.investing.com/equities/taihan-precision-technology-co-ltd
3073,1012144,Prescope Tech,TPEX,TWD,http://www.investing.com/equities/prescope-technologies-co-ltd
6129,1012686,Princeton Tech,TPEX,TWD,http://www.investing.com/equities/princeton-technology
6233,1012740,Prolific Tech,TPEX,TWD,http://www.investing.com/equities/prolific-technology
3429,1012245,Promaster Tech,TPEX,TWD,http://www.investing.com/equities/promaster-technology
6577,1012870,Promate Solutions,TPEX,TWD,http://www.investing.com/equities/promate-solutions
3219,1012188,Service & Quality Tech,TPEX,TWD,http://www.investing.com/equities/service-quality-technology-co-ltd
6188,1012717,Quanta Storage,TPEX,TWD,http://www.investing.com/equities/quanta-storage
5315,1012580,United Radiant Tech,TPEX,TWD,http://www.investing.com/equities/united-radiant-technology
6514,1012829,Radiation Tech,TPEX,TWD,http://www.investing.com/equities/radiation-technology
3228,1012193,RDC Semiconductor,TPEX,TWD,http://www.investing.com/equities/rdc-semiconductor-co-ltd
2928,1012136,Redhorse,TPEX,TWD,http://www.investing.com/equities/redhorse
6027,1012668,Reliance Securities,TPEX,TWD,http://www.investing.com/equities/reliance-securities-co-ltd
3391,1012241,Remotek,TPEX,TWD,http://www.investing.com/equities/remotek
2752,1114110,Tofu Restaurant,TPEX,TWD,http://www.investing.com/equities/tofu-restaurant
3306,1012217,RoyalTek,TPEX,TWD,http://www.investing.com/equities/royaltek-co-ltd
8048,1012914,Ruby Tech,TPEX,TWD,http://www.investing.com/equities/ruby-tech
1584,1012066,S-Tech,TPEX,TWD,http://www.investing.com/equities/s-tech
8489,1013012,Samebest,TPEX,TWD,http://www.investing.com/equities/samebest-co-ltd
3465,1012254,Samya Tech,TPEX,TWD,http://www.investing.com/equities/samya-technology-co-ltd
3221,1012189,Tai-Saw Tech,TPEX,TWD,http://www.investing.com/equities/tai-saw-technology-co-ltd
3115,1012158,Trust-Search,TPEX,TWD,http://www.investing.com/equities/trust-search-ltd
6020,1012662,Tachan Securities,TPEX,TWD,http://www.investing.com/equities/tachan-securities-co-ltd
6721,1131226,Sincere Security,TPEX,TWD,http://www.investing.com/equities/sincere-security
5245,1012549,WiseChip Semiconductor,TPEX,TWD,http://www.investing.com/equities/wisechip-semiconductor
5302,1012573,Syntek Semiconductor,TPEX,TWD,http://www.investing.com/equities/syntek-semiconductor-co-ltd
3265,1012202,Winstek Semiconductor,TPEX,TWD,http://www.investing.com/equities/winstek-semiconductor-co-ltd
5425,1012605,Taiwan Semiconductor,TPEX,TWD,http://www.investing.com/equities/taiwan-semiconductor-co-ltd
6435,1012788,Sinopower Semiconductor,TPEX,TWD,http://www.investing.com/equities/sinopower-semiconductor
3105,1012156,WIN Semiconductors,TPEX,TWD,http://www.investing.com/equities/win-semiconductors
4416,1012413,Shanyuan,TPEX,TWD,http://www.investing.com/equities/shanyuan-co-ltd
3288,1012209,Silicon Touch Tech,TPEX,TWD,http://www.investing.com/equities/silicon-touch-technology
6121,1012679,Simplo Tech,TPEX,TWD,http://www.investing.com/equities/simplo-technology-co-ltd
3511,1012268,Simula Tech,TPEX,TWD,http://www.investing.com/equities/simula-technology
6126,1012684,Singatron,TPEX,TWD,http://www.investing.com/equities/singatron-enterprise-co-ltd
3490,1012261,Single Well,TPEX,TWD,http://www.investing.com/equities/single-well-industrial
4433,1012422,Singtex,TPEX,TWD,http://www.investing.com/equities/singtex-industrial-co-ltd
3466,1012255,Skardin,TPEX,TWD,http://www.investing.com/equities/skardin-industrial
6473,1012804,SNSplus,TPEX,TWD,http://www.investing.com/equities/snsplus
6222,1012734,Soaring Tech,TPEX,TWD,http://www.investing.com/equities/soaring-technology-co-ltd
3259,1012199,Solid State System,TPEX,TWD,http://www.investing.com/equities/solid-state-system-co-ltd
8416,1012984,Solidwizard Tech,TPEX,TWD,http://www.investing.com/equities/solidwizard-technology-co-ltd
6633,1012897,Somnics,TPEX,TWD,http://www.investing.com/equities/somnics
5457,1012614,Speed Tech,TPEX,TWD,http://www.investing.com/equities/speed-tech
2719,1012116,Star Travel,TPEX,TWD,http://www.investing.com/equities/star-travel
6248,1012752,TMP Steel,TPEX,TWD,http://www.investing.com/equities/tmp-steel
9962,1013047,Yeou Yih Steel,TPEX,TWD,http://www.investing.com/equities/yeou-yih-steel-co-ltd
9957,1013045,Yieh United Steel,TPEX,TWD,http://www.investing.com/equities/yieh-united-steel
4931,1012500,STL Tech,TPEX,TWD,http://www.investing.com/equities/stl-technology-co-ltd
8179,1012953,Subtron Tech,TPEX,TWD,http://www.investing.com/equities/subtron-technology-co-ltd
6275,1012762,Yen Sun Tech,TPEX,TWD,http://www.investing.com/equities/yen-sun-technology
3390,1012240,Sunflex Tech,TPEX,TWD,http://www.investing.com/equities/sunflex-tech-co-ltd
5488,1012626,Sunfpu Tech,TPEX,TWD,http://www.investing.com/equities/sunfpu-technology-co-ltd
4304,1012407,Sunvic Tech,TPEX,TWD,http://www.investing.com/equities/sunvic-technology-co-ltd
1563,1012060,SuperAlloy,TPEX,TWD,http://www.investing.com/equities/superalloy-industrial-co-ltd
3150,1012168,Syncomm Tech,TPEX,TWD,http://www.investing.com/equities/syncomm-technology
5309,1012576,Sysgration,TPEX,TWD,http://www.investing.com/equities/sysgration-ltd
3158,1081680,SysJust,TPEX,TWD,http://www.investing.com/equities/sysjust
8099,1012940,Tatung System Tech,TPEX,TWD,http://www.investing.com/equities/tatung-system-technologies
3402,1012242,Wholetech System,TPEX,TWD,http://www.investing.com/equities/wholetech-system-hitech-ltd
3674,1012331,Systems & Tech,TPEX,TWD,http://www.investing.com/equities/systems-technology
6229,1012738,V-Tac Tech,TPEX,TWD,http://www.investing.com/equities/v-tac-technology-co-ltd
4736,1012471,Taidoc Tech,TPEX,TWD,http://www.investing.com/equities/taidoc-technology
5353,1012592,Tailyn Tech,TPEX,TWD,http://www.investing.com/equities/tailyn-technologies
6580,1031120,TaiRx,TPEX,TWD,http://www.investing.com/equities/tairx
8329,1012968,Taiwan Television,TPEX,TWD,http://www.investing.com/equities/taiwan-television-enterprise-co-ltd
1742,1012076,Taiwan Wax,TPEX,TWD,http://www.investing.com/equities/taiwan-wax-co-ltd
6274,1012761,Taiwan Union Tech,TPEX,TWD,http://www.investing.com/equities/taiwan-union-technology
6428,1012785,Taiwan Taomee,TPEX,TWD,http://www.investing.com/equities/taiwan-taomee-co-ltd
8435,1012994,Zimmite Taiwan,TPEX,TWD,http://www.investing.com/equities/zimmite-taiwan-ltd
2640,1012112,Taiwan Taxi,TPEX,TWD,http://www.investing.com/equities/taiwan-taxi-co-ltd
6609,1012886,Taiwan Takisawa Tech,TPEX,TWD,http://www.investing.com/equities/taiwan-takisawa-technology-co-ltd
8436,1012995,TCI,TPEX,TWD,http://www.investing.com/equities/tci-co-ltd
5344,1012586,Vate Tech,TPEX,TWD,http://www.investing.com/equities/vate-technology-co-ltd
6294,1012771,Tekom Tech,TPEX,TWD,http://www.investing.com/equities/tekom-technologies
3117,1012159,Tecstar Tech,TPEX,TWD,http://www.investing.com/equities/tecstar-technology-co-ltd
3388,1012239,Topco Tech,TPEX,TWD,http://www.investing.com/equities/topco-technologies
3546,1012284,Userjoy Tech,TPEX,TWD,http://www.investing.com/equities/userjoy-technology-co-ltd
6679,1081684,Zilltek Tech,TPEX,TWD,http://www.investing.com/equities/zilltek-tech
3303,1012216,Univacco Tech,TPEX,TWD,http://www.investing.com/equities/univacco-technology
3580,1012299,UVAT Tech,TPEX,TWD,http://www.investing.com/equities/uvat-technology-co-ltd
5452,1012612,Unic Tech,TPEX,TWD,http://www.investing.com/equities/unic-technology
5468,1012618,TM Tech,TPEX,TWD,http://www.investing.com/equities/tm-technology
1585,1012067,TopGreen Tech,TPEX,TWD,http://www.investing.com/equities/topgreen-technology-co-ltd
3540,1012281,Thermaltake Tech,TPEX,TWD,http://www.investing.com/equities/thermaltake-technology-co-ltd
3498,1012264,Usun Tech,TPEX,TWD,http://www.investing.com/equities/usun-technology-co-ltd
3623,1012312,Transtouch Tech,TPEX,TWD,http://www.investing.com/equities/transtouch-technology
3624,1012313,Viking Tech,TPEX,TWD,http://www.investing.com/equities/viking-tech
6272,1012760,Wieson Tech,TPEX,TWD,http://www.investing.com/equities/wieson-technologies-co-ltd
6474,1072176,WFE Tech,TPEX,TWD,http://www.investing.com/equities/wfe-tech
6616,1058029,Techcential,TPEX,TWD,http://www.investing.com/equities/techcential
3508,1012267,Ways Technical,TPEX,TWD,http://www.investing.com/equities/ways-technical-ltd
3339,1012226,Tekcore,TPEX,TWD,http://www.investing.com/equities/tekcore-co-ltd
3144,1012166,ThinFlex,TPEX,TWD,http://www.investing.com/equities/thinflex
6565,1012860,ThroughTek,TPEX,TWD,http://www.investing.com/equities/throughtek-co-ltd
6199,1012722,TienPin United,TPEX,TWD,http://www.investing.com/equities/tienpin-united-enterprise-co-ltd
9949,1013042,Tittot,TPEX,TWD,http://www.investing.com/equities/tittot-co-ltd
3226,1012191,Topower,TPEX,TWD,http://www.investing.com/equities/topower-co-ltd
5348,1012589,Transystem,TPEX,TWD,http://www.investing.com/equities/transystem
3709,1043368,Trigold,TPEX,TWD,http://www.investing.com/equities/trigold
3234,1012196,TrueLight,TPEX,TWD,http://www.investing.com/equities/truelight
6667,1056071,Trusval,TPEX,TWD,http://www.investing.com/equities/trusval
6493,1012817,TTBIO,TPEX,TWD,http://www.investing.com/equities/ttbio
2729,1012121,TTFB,TPEX,TWD,http://www.investing.com/equities/ttfb-co-ltd
6150,1012696,Tul,TPEX,TWD,http://www.investing.com/equities/tul
3713,1012292,Tynsolar,TPEX,TWD,http://www.investing.com/equities/tynsolar
6618,1052674,UHT Unitech,TPEX,TWD,http://www.investing.com/equities/uht-unitech
8277,1012960,Unifosa,TPEX,TWD,http://www.investing.com/equities/unifosa
3455,1012253,Utechzone,TPEX,TWD,http://www.investing.com/equities/utechzone-co-ltd
4580,1117870,Value Valves,TPEX,TWD,http://www.investing.com/equities/value-valves
4197,1012402,Visgeneer,TPEX,TWD,http://www.investing.com/equities/visgeneer
3581,1012300,Zen Voce,TPEX,TWD,http://www.investing.com/equities/zen-voce
6182,1012713,Wafer Works,TPEX,TWD,http://www.investing.com/equities/wafer-works
6626,1012895,Wegames,TPEX,TWD,http://www.investing.com/equities/wegames
8424,1012989,Wellpool,TPEX,TWD,http://www.investing.com/equities/wellpool-co-ltd
3374,1012236,Xintec,TPEX,TWD,http://www.investing.com/equities/xintec
2947,1166940,Zhen Yu,TPEX,TWD,http://www.investing.com/equities/zhen-yu-hardware-co-ltd
