AALB,6920,Aalberts Industries,AEX,EUR
ABNd,961622,ABN AMRO Group NV,AEX,EUR
AEGN,304,Aegon,AEX,EUR
AD,6909,Koninklijke Ahold Delhaize NV,AEX,EUR
AKZO,6902,Akzo Nobel,AEX,EUR
ATCA,958272,Altice NV,AEX,EUR
ISPA,6910,ArcelorMittal SA,AEX,EUR
ASML,6917,ASML Holding,AEX,EUR
BOSN,6932,Boskalis Westmin,AEX,EUR
DSMN,6905,DSM Kon,AEX,EUR
GLPG,15225,Galapagos NV,AEX,EUR
GTO,7036,Gemalto,AEX,EUR
HEIN,303,Heineken,AEX,EUR
INGA,301,ING Groep NV,AEX,EUR
KPN,6913,KPN Kon,AEX,EUR
NN,943213,NN Group,AEX,EUR
PHG,305,Philips Kon,AEX,EUR
RAND,6889,Randstad,AEX,EUR
RELN,8991,Relx NV,AEX,EUR
RDSa,302,Royal Dutch Shell A,AEX,EUR
SBMO,6898,SBM Offshore,AEX,EUR
UNBP,671,Unibail Rodamco SE,AEX,EUR
UNc,6901,Unilever NV,AEX,EUR
VOPA,6903,Vopak,AEX,EUR
WLSNc,6897,Wolters Kluwer,AEX,EUR
