MAL,49768,Aluminum Futures,CFD,USD
HG,8831,Copper Futures,CFD,USD
MCU,959211,Copper Futures,CFD,USD
GC,8830,Gold Futures,CFD,USD
LEAD,959207,Lead Futures,CFD,USD
NICKEL,959208,Nickel Futures,CFD,USD
PA,8883,Palladium Futures,CFD,USD
PL,8910,Platinum Futures,CFD,USD
SI,8836,Silver Futures,CFD,USD
TIN,959209,Tin Futures,CFD,USD
MZN,956470,Zinc Futures,CFD,USD
FGFX,40751,Gold Futures,Eurex,USD
FXGL,40818,Refined Gold Futures,Eurex,EUR
FSFX,40762,Silver Futures,Eurex,USD
MAN,40015,Aluminum Futures,MCX,INR
MCC,49771,Copper Futures,MCX,INR
MLD,49784,Lead Futures,MCX,INR
MALG,49767,Aluminum Mini Futures,MCX,INR
MCPM,49772,Copper Mini Futures,MCX,INR
MAX,49777,Gold Guinea Futures,MCX,INR
MMI,49778,Gold Mini Futures,MCX,INR
MGPL,49779,Gold Petal Futures,MCX,INR
MGPD,49780,Gold Petal (New Delhi) Futures,MCX,INR
MLMN,49796,Lead Mini Futures,MCX,INR
MNKE,49789,Nickel Mini Futures,MCX,INR
MSMR,49792,Silver Micro Futures,MCX,INR
MSD,49793,Silver Mini Futures,MCX,INR
MZCM,49795,Zinc Mini Futures,MCX,INR
MNK,49788,Nickel Futures,MCX,INR
MAU,49776,Refined Gold,MCX,INR
MSV,49791,Silver Futures,MCX,INR
MZI,49794,Zinc Futures,MCX,INR
