0P0000SOIX,1014179,ALPHA Money Market Fund,,
LP60047137,1011434,DELOS Eurobond - Foreign Bond Fund A,,
0P0000SOIM,1014178,ALPHA Blue Chips Greek Equity,,
LP68060291,1011435,Eurobank Global Bond Foreign Bond Fund,,
LP60047511,1011430,Interamerican Foreign Money Market Fund Acc,,
LP68058283,1011437,3K Domestic Equity Fund Retail Share,,
0P0000SOIH,1014177,ALPHA Aggressive Strategy Greek Equity,,
LP68289676,1011432,Piraeus International Balanced Fd of Fds,,
LP60047450,1011433,Alpha Trust New Strategy Domestic Equity Fund,,
0P000150YC,1014180,European Reliance Growth Domestic Equity Fund,,
LP65165336,1011431,Piraeus Dynamic Companies Domestic Eq,,
LP65165218,1011436,Allianz Aggressive Strategy Domestic Equities Mutual Fund,,
LP60047563,1011438,DELOS USDBond - Foreign Bond Fund A,,
