BTCUSD,1031729,Bitcoin US Dollar,HitBTC,USD
ETHBTC,1031697,Ethereum Bitcoin,HitBTC,BTC
ETHUSD,1031703,Ethereum US Dollar,HitBTC,USD
EOSUSD,1031708,EOS US Dollar,HitBTC,USD
EOSBTC,1031700,EOS Bitcoin,HitBTC,BTC
EOSETH,1055852,EOS Ethereum,HitBTC,ETH
BCHBTC,1031696,Bitcoin Cash Bitcoin,HitBTC,BTC
BCHUSD,1031714,Bitcoin Cash US Dollar,HitBTC,USD
BCHETH,1031713,Bitcoin Cash Ethereum,HitBTC,ETH
XRPBTC,1031711,Ripple Bitcoin,HitBTC,BTC
XRPUSD,1066593,Ripple US Dollar,HitBTC,USD
XRPETH,1056734,Ripple Ethereum,HitBTC,ETH
LTCUSD,1031704,Litecoin US Dollar,HitBTC,USD
LTCBTC,1031702,Litecoin Bitcoin,HitBTC,BTC
LTCETH,1056725,Litecoin Ethereum,HitBTC,ETH
TRXBTC,1056708,TRON Bitcoin,HitBTC,BTC
TRXETH,1056721,TRON Ethereum,HitBTC,ETH
TRXUSD,1056715,TRON US Dollar,HitBTC,USD
ETCBTC,1035792,Ethereum Classic Bitcoin,HitBTC,BTC
ETCUSD,1054881,Ethereum Classic US Dollar,HitBTC,USD
ETCETH,1054886,Ethereum Classic Ethereum,HitBTC,ETH
QTUMETH,1056730,Qtum Ethereum,HitBTC,ETH
ANSUSD,1055865,NEO US Dollar,HitBTC,USD
ANSBTC,1054894,NEO Bitcoin,HitBTC,BTC
ANSETH,1056728,NEO Ethereum,HitBTC,ETH
DASHBTC,1031698,Dash Bitcoin,HitBTC,BTC
DASHUSD,1031710,Dash US Dollar,HitBTC,USD
DASHETH,1055886,Dash Ethereum,HitBTC,ETH
XVGBTC,1056503,Verge Bitcoin,HitBTC,BTC
XVGUSD,1056502,Verge US Dollar,HitBTC,USD
XVGETH,1056751,Verge Ethereum,HitBTC,ETH
VENBTC,1056712,VeChain Bitcoin,HitBTC,BTC
VENUSD,1056735,VeChain US Dollar,HitBTC,USD
VENETH,1056719,VeChain Ethereum,HitBTC,ETH
ICXBTC,1057012,ICON Bitcoin,HitBTC,BTC
ICXETH,1057013,ICON Ethereum,HitBTC,ETH
ICXUSD,1057011,ICON US Dollar,HitBTC,USD
ZECBTC,1031701,Zcash Bitcoin,HitBTC,BTC
ZECUSD,1031706,Zcash US Dollar,HitBTC,USD
ZECETH,1055851,Zcash Ethereum,HitBTC,ETH
OMGBTC,1056724,Omisego Bitcoin,HitBTC,BTC
OMGETH,1036865,Omisego Ethereum,HitBTC,ETH
AEBTC,1056744,Aeternity Bitcoin,HitBTC,BTC
XMRUSD,1031707,Monero US Dollar,HitBTC,USD
XMRBTC,1031709,Monero Bitcoin,HitBTC,BTC
XMRETH,1036867,Monero Ethereum,HitBTC,ETH
SCBTC,1056749,Siacoin Bitcoin,HitBTC,BTC
BTGUSD,1053075,Bitcoin Gold US Dollar,HitBTC,USD
BTGBTC,1053074,Bitcoin Gold Bitcoin,HitBTC,BTC
BTGETH,1053073,Bitcoin Gold Ethereum,HitBTC,ETH
XEMBTC,1031705,NEM Bitcoin,HitBTC,BTC
XEMUSD,1031712,NEM US Dollar,HitBTC,USD
XEMETH,1056711,NEM Ethereum,HitBTC,ETH
LSKBTC,1036866,Lisk Bitcoin,HitBTC,BTC
