1299,32502,AIA Group Ltd,HSI,HKD
3988,101147,Bank of China Ltd,HSI,HKD
0023,8554,Bank Of E Asia,HSI,HKD
3328,8582,Bank of Communications Co Ltd,HSI,HKD
1880,32485,Belle International Holdings Ltd,HSI,HKD
2388,8580,BOC Hong Kong,HSI,HKD
0293,8561,Cathay Pac Air,HSI,HKD
0939,8572,China Construction Bank Corp,HSI,HKD
2628,8581,China Life Insurance Co Ltd,HSI,HKD
2319,13888,China Mengniu Dairy Co,HSI,HKD
0144,8558,China Mer Hold,HSI,HKD
0941,8573,China Mobile Ltd,HSI,HKD
0688,8567,China Overseas,HSI,HKD
03,8563,China Petroleum & Chemical Corp,HSI,HKD
1109,32494,China Resources Land Ltd,HSI,HKD
0836,9215,China Resources Power Holding,HSI,HKD
1088,101040,China Shenhua Energy Co Ltd,HSI,HKD
0762,8568,China Unicom Hong Kong Ltd,HSI,HKD
0267,8559,Citic Pacific,HSI,HKD
0001,8541,CK Hutchison Holdings Ltd,HSI,HKD
1038,8574,CKI Holdings,HSI,HKD
0002,8542,CLP Holdings,HSI,HKD
0883,8570,CNOOC Ltd,HSI,HKD
0027,49962,Galaxy Entertainment Group Ltd,HSI,HKD
0101,8557,Hang Lung Ppt,HSI,HKD
0011,8548,Hang Seng Bank,HSI,HKD
0012,8549,Henderson Land,HSI,HKD
1044,13830,Hengan Intl Group Ltd-H,HSI,HKD
0003,8543,HK & China Gas,HSI,HKD
0388,8564,HKEX,HSI,HKD
0005,8545,HSBC Holdings PLC,HSI,HKD
1398,8577,ICBC,HSI,HKD
0135,38047,Kunlun Energy,HSI,HKD
0992,32500,Lenovo Group,HSI,HKD
0494,8565,Li & Fung,HSI,HKD
0823,49988,Link Reit,HSI,HKD
0066,8555,MTR Corporation,HSI,HKD
0017,8552,New World Dev,HSI,HKD
0857,8569,Petrochina,HSI,HKD
2318,8579,Ping An Insurance,HSI,HKD
0006,8546,Power Assets,HSI,HKD
1928,38075,Sands China Ltd,HSI,HKD
0016,8551,SHK Ppt,HSI,HKD
0083,8556,Sino Land,HSI,HKD
0019,8553,Swire Pacific A,HSI,HKD
0700,102047,Tencent Holdings Ltd,HSI,HKD
0322,32484,Tingyi,HSI,HKD
0151,32490,Want Want China,HSI,HKD
0004,8544,Wharf Holdings,HSI,HKD
