00632R,962311,Yuanta Daily Taiwan 50 Bear -1X,,
00637L,962310,Yuanta Daily CSI 300 Bull 2X,,
00633L,962296,Fubon SSE180 Leveraged 2X,,
0050,962319,Yuanta/P-shares Taiwan Top 50,,
00636,962291,Cathay FTSE China A50,,
00631L,962312,Yuanta Daily Taiwan 50 Bull 2X,,
006205,962294,Fubon SSE180,,
0056,962316,Yuanta/P-shares Taiwan Dividend Plus,,
00639,962297,Fubon SZSE 100,,
00643,962290,Capital SZSE SME Price,,
00734B,1080151,Taishin J.P.Morgan Emerging Markets IG Bond,,
00640L,962303,Fubon TOPIX Leveraged 2X,,
0061,962308,W.I.S.E. Yuanta/P-shares CSI 300,,
00703,1031766,Taishin MSCI China,,
00642U,962321,Yuanta S&P GSCI Crude Oil ER Futures,,
00683L,1011898,Yuanta S&P US Dollar 2x Leverage ER Futures,,
00733,1080067,Fubon Taiwan Small-Mid Cap Alpha Momentum 50,,
00728,1075250,FSITC Taiwan Industry Elite 30,,
00708L,1045793,Yuanta S&P Gsci Gold 2X Leveraged Er Futures ETF,,
006206,962305,Yuanta/P-shares SSE50,,
00690,1014041,Mega Taiwan Blue Chip 30,,
00665L,1010554,Fubon Hang Seng H-Share Leveraged,,
00721B,1062632,Yuanta China Treasury + Policy Bank 3-5 Year Bond,,
00717,1056176,Fubon S&P US Preferred Stock,,
00719B,1062630,Yuanta U.S. Treasury 1-3 Year Bond,,
00720B,1062631,Yuanta US 20+ Year BBB Corporate Bond,,
00635U,962322,Yuanta S&P GSCI Gold ER Futures,,
00641R,962302,Fubon TOPIX Inverse -1X,,
006207,962304,Fuh Hwa CSI 300 A Shares,,
00732,1080054,Cathay FTSE Chinese Government and Policy Bank Bond 0-1 Year Select,,
00653L,1010593,Fubon Nifty 2X Leveraged,,
00724B,1057095,Capital BofA Merrill Lynch 10+ Year US Banking ,,
00686R,1014038,Capital Taiex Daily Inversed -1X,,
00729R,1075249,FSITC Taiwan Industry Elite 30 Daily -1X Inverse,,
00693U,1014043,Paradigm S&P GSCI Soybeans ER Futures,,
00689R,1014040,Cathay US Treasury 20+ YR Inv 1X,,
00688L,1014039,Cathay US Treasury 20+ YR Lev 2X,,
00715L,1055277,Paradigm S&P GSCI Brent Crude 2X Leveraged ER Futures ,,
00722B,1057101,Capital BofA Merrill Lynch 15+ Year US Telecommunications,,
00723B,1057105,Capital BofA Merrill Lynch 15+ Year US Technology & Electronics,,
00651R,1010555,Fuh Hwa Daily Hang Seng Inversed,,
00634R,962295,Fubon SSE180 Inversed,,
00730,1065356,Fubon Dow Jones Taiwan High-Quality Dividend 30,,
00716R,1055276,Paradigm S&P GSCI Brent Crude 1X Inverse ER Futures,,
00701,1045798,Cathay TIP TAIEX+ Low Volatility Select 30,,
00649,1010557,Fuh Hwa Hang Seng,,
00645,962301,Fubon TOPIX,,
00638R,962309,Yuanta Daily CSI 300 Bear -1X,,
00706L,1045786,Yuanta S&P Japanese Yen 2X Leverage Er Futures ETF,,
00709,1045814,Fubon FTSE Developed Europe,,
00650L,1010556,Fuh Hwa Daily Hang Seng Leveraged 2X,,
00713,1052312,Yuanta Taiwan High Dividend Low Volatility,,
00654R,1010592,Fubon NIFTY -1 Inverse,,
00682U,1011919,Yuanta S&P US Dollar ER Futures,,
00657,997944,Cathay Nikkei 225 Currency-hedged,,
00667,1010558,Yuanta KOSPI 200,,
006208,962292,Fubon FTSE TWSE Taiwan 50,,
0052,962300,Fubon Taiwan Technology,,
0051,962318,Yuanta/P-shares Taiwan Mid-Cap 100,,
00666R,1010553,Fubon Hang Seng H-Share Inverse,,
00685L,1014037,Capital Taiex Daily Leveraged 2X,,
0055,962314,Yuanta/P-shares MSCI Taiwan Financials,,
00700,1043095,Fubon Hang Seng H-Share,,
00727B,1065347,Cathay High Yield ex China Cash pay 1-5 Year 2% Issuer Capped,,
0053,962317,Yuanta/P-shares Taiwan Electronics Tech,,
0054,962315,Yuanta/P-shares S&P Custom China Play 50,,
006204,962306,SinoPac Taiwan Weighted Tracker,,
00725B,1065345,Cathay BBB Corporate bond ex China Coupon 4.5%10Yrplus 20% Sector Capped,,
008201,962307,W.I.S.E. - SSE 50 China Tracker,,
00731,1075253,Fuh Hwa FTSE Taiwan High Div Low Vol,,
00707R,1045790,Yuanta S&P Japanese Yen 1X Inverse Er Futures ETF,,
006203,962313,Yuanta/P-shares MSCI Taiwan,,
0058,962298,Fubon Taiwan Eight Industries,,
00714,1054686,Capital Dow Jones U.S. Real Estate,,
00691R,1014042,Mega Taiwan Blue Chip 30 Daily Inverse,,
00712,1045815,Fuh Hwa FTSE Mortgage REITs,,
00652,1010594,Fubon NIFTY,,
00726B,1065346,Cathay EM USD Investment Grade ex China Coupon 5.5%5Yrplus 10% Country Capp,,
00704L,1031767,Taishin MSCI Taiwan Daily Leveraged 2X,,
00702,1045796,Cathay S&P 500 Low Volatility High Dividend,,
0059,962299,Fubon Taiwan Finance,,
00705R,1031768,Taishin MSCI Taiwan Daily Inverse,,
00684R,1011892,Yuanta S&P US Dollar 1x Inverse ER Futures,,
00711B,1045826,Fuh Hwa Emerging Market 10+ Bond,,
00710B,1045825,Fuh Hwa 1-5 High Yield,,
0057,962293,Fubon MSCI Taiwan,,
00636K,1054701,Cathay FTSE China A50,,
00657K,1054703,Cathay Nikkei 225,,
00660,1009230,Yuanta EURO STOXX 50,,
00668K,1054681,Cathay Dow Jones Industrial Average,,
00661,997945,Yuanta Nikkei 225,,
