ACIF,989139,ACI Formulations Ltd,DS30,BDT
BEXI,988989,Bangladesh Export Import Company Ltd,DS30,BDT
BSRR,989160,Bangladesh Steel Re-Rolling Mills Ltd,DS30,BDT
BSCC,989048,Bangladesh Submarine Cable Company Ltd,DS30,BDT
BATA,988886,Bata Shoe Company Bangladesh Ltd,DS30,BDT
BXPH,989136,Beximco Pharmaceuticals Ltd,DS30,BDT
BRAC,988974,Brac Bank Ltd,DS30,BDT
BATC,989113,British American Tobacco Bangladesh Co Ltd,DS30,BDT
BSRM,988979,BSRM Steels Ltd,DS30,BDT
CTBK,989144,City Bank Ltd,DS30,BDT
DLIN,989120,Delta Life Insurance Company Ltd,DS30,BDT
GRAE,989044,Grameenphone Ltd,DS30,BDT
HBCB,989024,Heidelberg Cement Bangladesh Ltd,DS30,BDT
IDLC,988914,Idlc Finance Ltd,DS30,BDT
ISLB,988904,Islami Bank Bangladesh Ltd,DS30,BDT
JOCL,989133,Jamuna Oil Company Ltd,DS30,BDT
LFSC,989128,Lafarge Surma Cement Ltd,DS30,BDT
MEGP,988877,Meghna Petroleum Ltd,DS30,BDT
MJLB,989087,MJL Bangladesh Ltd,DS30,BDT
NBLL,989017,National Bank Ltd,DS30,BDT
OLIS,989002,Olympic Industries Ltd,DS30,BDT
ORIO,988948,Orion Pharma Ltd,DS30,BDT
RAKC,988919,Rak Ceramics Bangladesh Ltd,DS30,BDT
RNTL,989066,Renata Ltd,DS30,BDT
SGBD,989046,Singer Bangladesh Ltd,DS30,BDT
SQPH,988918,Square Pharmaceuticals Ltd,DS30,BDT
SMPL,989074,Summit Power Ltd,DS30,BDT
TITA,989088,Titas Gas Transmission and Distribution Co Ltd,DS30,BDT
UNIQ,989124,Unique Hotel and Resorts Ltd,DS30,BDT
UCBL,989006,United Commercial Bank Ltd,DS30,BDT
