3130,103519,104 Corp,Taiwan,TWD,http://www.investing.com/equities/104-corporatio
2882A,995118,Cathay Financial Pref A,Taiwan,TWD,http://www.investing.com/equities/cathay-financial-holding-co-pref-a
6579,1012872,AAEON Tech,Taiwan,TWD,http://www.investing.com/equities/aaeon-technology
2374,103270,Ability Enterprise,Taiwan,TWD,http://www.investing.com/equities/ability-enter
4133,103597,Abnova,Taiwan,TWD,http://www.investing.com/equities/abnova
2444,103319,AboCom,Taiwan,TWD,http://www.investing.com/equities/abocom-systems
6282,103720,AcBel,Taiwan,TWD,http://www.investing.com/equities/acbel
9941,103798,Acceptance,Taiwan,TWD,http://www.investing.com/equities/acceptance
2345,103248,Accton,Taiwan,TWD,http://www.investing.com/equities/accton
8374,103759,Ace Pillar,Taiwan,TWD,http://www.investing.com/equities/ace-pillar
1466,103067,Acelon,Taiwan,TWD,http://www.investing.com/equities/acelon-chem-fi
2353,103253,Acer,Taiwan,TWD,http://www.investing.com/equities/acer
3605,103573,ACES,Taiwan,TWD,http://www.investing.com/equities/aces-elec
4763,961711,Jinan Acetate Chemical Co Ltd,Taiwan,TWD,http://www.investing.com/equities/jinan-acetate-chemical-co-ltd
2395,103285,ACL,Taiwan,TWD,http://www.investing.com/equities/advantech-co-ltd
3024,103482,Action Electronics,Taiwan,TWD,http://www.investing.com/equities/action-eltr
4142,103600,ADIM,Taiwan,TWD,http://www.investing.com/equities/adim
6166,103687,ADLINK Tech,Taiwan,TWD,http://www.investing.com/equities/adlink-tech
1776,978774,Headway Advanced Materials Inc,Taiwan,TWD,http://www.investing.com/equities/headway-advanced-materials-inc
1442,103050,Advancetek,Taiwan,TWD,http://www.investing.com/equities/advancetek
8497,1013018,United Advertising,Taiwan,TWD,http://www.investing.com/equities/united-advertising-co-ltd
1514,103085,AEC,Taiwan,TWD,http://www.investing.com/equities/allis-electric
8222,950588,Aero Win,Taiwan,TWD,http://www.investing.com/equities/aero-win-tech-corp
1529,1061544,Klingon Aerospace,Taiwan,TWD,http://www.investing.com/equities/klingon-aerospace
1217,102994,AGV,Taiwan,TWD,http://www.investing.com/equities/a.g.v.-product
3002,103464,Ahoku Electronic,Taiwan,TWD,http://www.investing.com/equities/ahoku-eltr
9912,103777,AIC,Taiwan,TWD,http://www.investing.com/equities/assoc-ind-chin
2634,950578,AIDC,Taiwan,TWD,http://www.investing.com/equities/aerospace-industrial-develop
4545,962604,Min Aik Precision Industrial,Taiwan,TWD,http://www.investing.com/equities/min-aik-precision-industrial-co-ltd
3060,103514,Min Aik,Taiwan,TWD,http://www.investing.com/equities/min-aik
6225,1061558,Aiptek,Taiwan,TWD,http://www.investing.com/equities/aiptek
2630,1012111,Air Asia,Taiwan,TWD,http://www.investing.com/equities/air-asia-co-ltd
2610,103394,China Airlines,Taiwan,TWD,http://www.investing.com/equities/china-air-line
1626,103125,Airmate Cayman,Taiwan,TWD,http://www.investing.com/equities/airmate
1590,103111,Airtac,Taiwan,TWD,http://www.investing.com/equities/airtac
2618,103402,Eva Airways,Taiwan,TWD,http://www.investing.com/equities/eva-airways
3661,950582,Alchip Tech,Taiwan,TWD,http://www.investing.com/equities/alchip-technologies-ltd
8478,1013008,Alexander Marine,Taiwan,TWD,http://www.investing.com/equities/alexander-marine-co-ltd
3041,103498,ALi,Taiwan,TWD,http://www.investing.com/equities/ali
4148,1011867,All Cosmos Bio-Tech,Taiwan,TWD,http://www.investing.com/equities/all-cosmos-bio-tech-holding-corp
3209,103524,Alltek Tech,Taiwan,TWD,http://www.investing.com/equities/alltek-tech
3380,103537,Alpha Networks,Taiwan,TWD,http://www.investing.com/equities/alpha-networks
3059,103513,Altek,Taiwan,TWD,http://www.investing.com/equities/altek
2704,103407,AMBH,Taiwan,TWD,http://www.investing.com/equities/ambassador-hot
2493,103355,Ampoc,Taiwan,TWD,http://www.investing.com/equities/ampoc-far-east
2489,103353,Amtran Tech,Taiwan,TWD,http://www.investing.com/equities/amtran-tech
2241,1012107,Amulaire Thermal,Taiwan,TWD,http://www.investing.com/equities/amulaire-thermal-technology
1528,103095,Anderson,Taiwan,TWD,http://www.investing.com/equities/anderson
6533,1061559,Andes Tech,Taiwan,TWD,http://www.investing.com/equities/andes-tech
6477,992666,Anji Tech,Taiwan,TWD,http://www.investing.com/equities/anji-technology-co-ltd
3528,978776,Answer Technology Co Ltd,Taiwan,TWD,http://www.investing.com/equities/answer-technology-co-ltd
6289,103724,AOC,Taiwan,TWD,http://www.investing.com/equities/aoc
3046,103502,AOPEN,Taiwan,TWD,http://www.investing.com/equities/aopen
3437,950581,AOT,Taiwan,TWD,http://www.investing.com/equities/advanced-optoelectronic-tech
6531,985152,AP Memory Tech,Taiwan,TWD,http://www.investing.com/equities/ap-memory-technology-corp
8271,103758,Apacer,Taiwan,TWD,http://www.investing.com/equities/apacer
6449,950586,APAQ,Taiwan,TWD,http://www.investing.com/equities/apaq-tech
6108,103668,APCB,Taiwan,TWD,http://www.investing.com/equities/apcb-inc
8261,103757,APEC,Taiwan,TWD,http://www.investing.com/equities/advanced-power-apcl
4927,992664,Apex International,Taiwan,TWD,http://www.investing.com/equities/apex-international-co-ltd
3052,103507,Apex S&E,Taiwan,TWD,http://www.investing.com/equities/apex
4106,103594,Apex Medical,Taiwan,TWD,http://www.investing.com/equities/apex-medical
1733,103152,ApexBio,Taiwan,TWD,http://www.investing.com/equities/apex-biotech
6698,1114116,FineMat Applied,Taiwan,TWD,http://www.investing.com/equities/finemat-applied
6598,1012884,Applied BioCode,Taiwan,TWD,http://www.investing.com/equities/applied-biocode
3682,103584,APT,Taiwan,TWD,http://www.investing.com/equities/apt
3596,103571,Arcadyan Tech,Taiwan,TWD,http://www.investing.com/equities/arcadyan-tech
2471,103339,Ares Intl,Taiwan,TWD,http://www.investing.com/equities/ares-intl
8101,103743,Arima,Taiwan,TWD,http://www.investing.com/equities/arima-communic
3711,1081842,ASE Industrial,Taiwan,TWD,http://www.investing.com/equities/ase-industrial
1102,102982,Asia Cement Corp,Taiwan,TWD,http://www.investing.com/equities/asia-cement-corp
1308,103013,Asia Polymer,Taiwan,TWD,http://www.investing.com/equities/asia-polymer-c
3019,103478,Asia Optical,Taiwan,TWD,http://www.investing.com/equities/asia-optical
2516,103368,New Asia Construction,Taiwan,TWD,http://www.investing.com/equities/new-asia-const
6438,1012789,Symtek Automation Asia,Taiwan,TWD,http://www.investing.com/equities/symtek-automation-asia-co-ltd
1337,103027,Asia Plastic,Taiwan,TWD,http://www.investing.com/equities/asia-plastic
5269,103642,Asmedia,Taiwan,TWD,http://www.investing.com/equities/asmedia
8443,950589,ASO,Taiwan,TWD,http://www.investing.com/equities/shui-mu-international
3515,103551,ASRock,Taiwan,TWD,http://www.investing.com/equities/asrock
2357,103257,Asustek,Taiwan,TWD,http://www.investing.com/equities/asustek
6277,103717,ATEN,Taiwan,TWD,http://www.investing.com/equities/aten
3138,1012164,Auden Techno,Taiwan,TWD,http://www.investing.com/equities/auden-techno
2459,103330,Audix,Taiwan,TWD,http://www.investing.com/equities/audix
2409,103293,AUO,Taiwan,TWD,http://www.investing.com/equities/au-optronics
2373,103269,Aurora Corp,Taiwan,TWD,http://www.investing.com/equities/aurora-corp
2433,103310,Aurora Systems,Taiwan,TWD,http://www.investing.com/equities/aurora-sys
6215,103705,Aurotek,Taiwan,TWD,http://www.investing.com/equities/aurotek
1524,103091,Gordon Auto,Taiwan,TWD,http://www.investing.com/equities/gordon-auto
2464,103334,Mirle Auto,Taiwan,TWD,http://www.investing.com/equities/mirle-auto
8072,103741,AV Tech,Taiwan,TWD,http://www.investing.com/equities/av-tech
3017,103476,AVC,Taiwan,TWD,http://www.investing.com/equities/avc
3669,103581,AVer,Taiwan,TWD,http://www.investing.com/equities/aver
2417,103298,AVerMedia,Taiwan,TWD,http://www.investing.com/equities/avermedia-tech
2380,103275,Avision,Taiwan,TWD,http://www.investing.com/equities/avision
1530,103096,Awea,Taiwan,TWD,http://www.investing.com/equities/awea-mech
3694,103586,AzureWave,Taiwan,TWD,http://www.investing.com/equities/azurewave
2881B,1081841,Fubon Financial Pref B,Taiwan,TWD,http://www.investing.com/equities/fubon-financial-pref-b
9906,103772,Hsin Ba Ba,Taiwan,TWD,http://www.investing.com/equities/hsin-ba-ba
2836,103425,Bank of Kaohsiung,Taiwan,TWD,http://www.investing.com/equities/bk-of-kaohsiun
2849,103431,EnTie Bank,Taiwan,TWD,http://www.investing.com/equities/entie-bank
2801,103416,Chang Hwa Bank,Taiwan,TWD,http://www.investing.com/equities/chang-hwa-bank
2838A,1057317,Union Bank Pref,Taiwan,TWD,http://www.investing.com/equities/union-bank-pref
2809,103417,King's Town Bank,Taiwan,TWD,http://www.investing.com/equities/kings-town-ba
2897,1061553,O-Bank,Taiwan,TWD,http://www.investing.com/equities/o-bank
1732,103151,Mao Bao,Taiwan,TWD,http://www.investing.com/equities/mao-bao
1527,103094,Basso,Taiwan,TWD,http://www.investing.com/equities/basso-indu
8215,103755,BenQ Materials,Taiwan,TWD,http://www.investing.com/equities/benq-materials
2515,103367,BES Engineering,Taiwan,TWD,http://www.investing.com/equities/bes-eng-corp
8201,103752,Inventec Besta,Taiwan,TWD,http://www.investing.com/equities/inventec-besta
3308,103530,Bestec Power,Taiwan,TWD,http://www.investing.com/equities/bestec-power
1760,1012078,Panion BF Biotech,Taiwan,TWD,http://www.investing.com/equities/panion-bf-biotech
3027,103485,Billion Electric,Taiwan,TWD,http://www.investing.com/equities/billion
6172,962445,Billionton Systems Inc,Taiwan,TWD,http://www.investing.com/equities/billionton-systems-inc
1707,103129,Grape King Bio,Taiwan,TWD,http://www.investing.com/equities/grape-king
4737,103612,Bionime,Taiwan,TWD,http://www.investing.com/equities/bionime
6541,1012843,Tanvex BioPharma,Taiwan,TWD,http://www.investing.com/equities/tanvex-biopharma
2399,103287,Biostar,Taiwan,TWD,http://www.investing.com/equities/biostar
3164,103521,GenMont Biotech,Taiwan,TWD,http://www.investing.com/equities/genmont-biotec
4155,1012374,Ok Biotech,Taiwan,TWD,http://www.investing.com/equities/ok-biotech-co-ltd
3665,103580,BizLink,Taiwan,TWD,http://www.investing.com/equities/bizlink
2367,103265,Unitech Printed Circuit Board,Taiwan,TWD,http://www.investing.com/equities/unitech-printed-circuit-board
2514,103366,Long Bon,Taiwan,TWD,http://www.investing.com/equities/long-bon
4764,1012483,Double Bond Chemical,Taiwan,TWD,http://www.investing.com/equities/double-bond-chemical-ind-co-ltd
8467,962448,Bonny Worldwide Ltd,Taiwan,TWD,http://www.investing.com/equities/bonny-worldwide-ltd
6191,103694,Global Brands Manufacture,Taiwan,TWD,http://www.investing.com/equities/global-brands
8499,1056021,Top Bright,Taiwan,TWD,http://www.investing.com/equities/top-bright
3031,103489,Bright Led,Taiwan,TWD,http://www.investing.com/equities/bright-led
6674,1057360,Compal Broadband,Taiwan,TWD,http://www.investing.com/equities/compal-broadband-networks
1522,103090,TYC Brother,Taiwan,TWD,http://www.investing.com/equities/tyc-brother-in
5531,103656,Shining Building,Taiwan,TWD,http://www.investing.com/equities/shining-bldg
2504,103361,Goldsun Building,Taiwan,TWD,http://www.investing.com/equities/goldsun-const
6625,1012894,B’IN Live,Taiwan,TWD,http://www.investing.com/equities/b-in-live-co-ltd
2597,103386,Ruentex E&C,Taiwan,TWD,http://www.investing.com/equities/ruentex-e-c
2467,103337,C Sun,Taiwan,TWD,http://www.investing.com/equities/c-sun-mfg
4976,103629,Calin Tech,Taiwan,TWD,http://www.investing.com/equities/calin
6142,103680,Cameo,Taiwan,TWD,http://www.investing.com/equities/cameo
5259,103640,Candmark,Taiwan,TWD,http://www.investing.com/equities/candmark
6024,1012666,Capital Futures,Taiwan,TWD,http://www.investing.com/equities/capital-futures
6005,103667,Capital Securities,Taiwan,TWD,http://www.investing.com/equities/capital-sec
6153,103683,Career Tech,Taiwan,TWD,http://www.investing.com/equities/career
1417,103037,Carnival Industrial,Taiwan,TWD,http://www.investing.com/equities/carnival
5264,103641,Casetek,Taiwan,TWD,http://www.investing.com/equities/casetek
5258,1061557,Castles Tech,Taiwan,TWD,http://www.investing.com/equities/castles-tech
6416,1012778,Caswell,Taiwan,TWD,http://www.investing.com/equities/caswell
2474,103341,Catcher Tech,Taiwan,TWD,http://www.investing.com/equities/catcher-tech
2501,103360,Cathay RED,Taiwan,TWD,http://www.investing.com/equities/cathay-red
2882,103440,Cathay Holdings,Taiwan,TWD,http://www.investing.com/equities/cathay-fin-hld
5906,103665,Tainan Cayman,Taiwan,TWD,http://www.investing.com/equities/tainan-cayman
5215,103636,Ko Ja Cayman,Taiwan,TWD,http://www.investing.com/equities/ko-ja
2239,969177,Cayman Engley Industrial,Taiwan,TWD,http://www.investing.com/equities/cayman-engley-industrial-co-ltd
2820,103420,CBF,Taiwan,TWD,http://www.investing.com/equities/china-bills
2231,103222,CBU,Taiwan,TWD,http://www.investing.com/equities/cub-elec
6230,103709,CCI,Taiwan,TWD,http://www.investing.com/equities/cci
1701,103126,CCPC,Taiwan,TWD,http://www.investing.com/equities/china-chem-pha
1762,103157,CCSB,Taiwan,TWD,http://www.investing.com/equities/chunghwa-chem
2613,103397,CCTC,Taiwan,TWD,http://www.investing.com/equities/china-containe
1713,103135,CCW,Taiwan,TWD,http://www.investing.com/equities/cathay-chemica
2883,103441,CDIBH,Taiwan,TWD,http://www.investing.com/equities/china-dvlp-fin
2483,103348,Excel Cell,Taiwan,TWD,http://www.investing.com/equities/excel-cell
1108,102985,Lucky Cement,Taiwan,TWD,http://www.investing.com/equities/lucky-cement
1110,102987,Southeast Cement,Taiwan,TWD,http://www.investing.com/equities/southeast-ceme
1101,102981,Taiwan Cement Corp,Taiwan,TWD,http://www.investing.com/equities/twn-cement
1103,102983,Chia Hsin Cement,Taiwan,TWD,http://www.investing.com/equities/chia-hsin-ceme
2851,103433,Central Reinsurance,Taiwan,TWD,http://www.investing.com/equities/central-reins
1305,103011,CGPC,Taiwan,TWD,http://www.investing.com/equities/china-general
5871,103663,Chailease,Taiwan,TWD,http://www.investing.com/equities/chailease
2509,103364,Chainqui,Taiwan,TWD,http://www.investing.com/equities/chainqui
2425,103304,Chaintech,Taiwan,TWD,http://www.investing.com/equities/walton-chainte
1806,103164,Champion,Taiwan,TWD,http://www.investing.com/equities/champion
3257,103527,Champion Micro,Taiwan,TWD,http://www.investing.com/equities/champion-micro
2431,103309,Lien Chang,Taiwan,TWD,http://www.investing.com/equities/lien-chang-elt
2543,103381,Hwang Chang,Taiwan,TWD,http://www.investing.com/equities/hwang-chang
4942,103624,Chia Chang,Taiwan,TWD,http://www.investing.com/equities/chia-chang
1541,103106,Chang Type,Taiwan,TWD,http://www.investing.com/equities/chang-type
8070,103740,Chang Wah,Taiwan,TWD,http://www.investing.com/equities/chang-wah-elec
2069,969176,Yuen Chang Stainless Steel,Taiwan,TWD,http://www.investing.com/equities/yuen-chang-stainless-steel-co-ltd
1468,103069,Chang Ho,Taiwan,TWD,http://www.investing.com/equities/chang-ho
2008,103179,Kao Hsiung Chang,Taiwan,TWD,http://www.investing.com/equities/kao-hsing-chan
6205,103700,Chant Sincere,Taiwan,TWD,http://www.investing.com/equities/chant-sincere
1215,102992,Charoen Pokphand Enterprise,Taiwan,TWD,http://www.investing.com/equities/charoen-pokphand-enterprise
2722,103412,Chateau,Taiwan,TWD,http://www.investing.com/equities/chateau
3703,103589,CHC Corp,Taiwan,TWD,http://www.investing.com/equities/continental-ho
4164,103602,CHC Healthcare,Taiwan,TWD,http://www.investing.com/equities/chc
3229,103525,Cheer Time,Taiwan,TWD,http://www.investing.com/equities/cheer-time
4555,992660,Taiwan Chelic,Taiwan,TWD,http://www.investing.com/equities/taiwan-chelic-corp-ltd
1513,103084,CHEM,Taiwan,TWD,http://www.investing.com/equities/chung-hsin
1711,103133,Everlight Chemical,Taiwan,TWD,http://www.investing.com/equities/everlight-chem
1702,103127,Namchow Chemical,Taiwan,TWD,http://www.investing.com/equities/namchow-chem-i
1727,103147,Chung Hwa Chemical,Taiwan,TWD,http://www.investing.com/equities/chung-hwa-chem
1735,103154,Evermore Chemical,Taiwan,TWD,http://www.investing.com/equities/evermore-chem
1773,103158,Shiny Chemical,Taiwan,TWD,http://www.investing.com/equities/shiny-chemical
2027,103192,Ta Chen,Taiwan,TWD,http://www.investing.com/equities/ta-chen
9904,103770,Pou Chen,Taiwan,TWD,http://www.investing.com/equities/pou-chen
8210,103753,Chenbro Micom,Taiwan,TWD,http://www.investing.com/equities/chenbro-micom
4426,103605,Li Cheng,Taiwan,TWD,http://www.investing.com/equities/li-cheng
2392,103283,Cheng Uei,Taiwan,TWD,http://www.investing.com/equities/cheng-uei
2105,103208,Cheng Shin Rubber,Taiwan,TWD,http://www.investing.com/equities/cheng-shin-rub
1904,103171,Cheng Loong,Taiwan,TWD,http://www.investing.com/equities/cheng-loong
3013,103472,Chenming Mold,Taiwan,TWD,http://www.investing.com/equities/chenming-mold
4960,103628,Chi Mei Material,Taiwan,TWD,http://www.investing.com/equities/chi-mei-materi
1517,103087,Lee Chi,Taiwan,TWD,http://www.investing.com/equities/lee-chi
1449,950572,Chia Her,Taiwan,TWD,http://www.investing.com/equities/chia-her-industrial
2033,103198,Chia Ta World,Taiwan,TWD,http://www.investing.com/equities/chia-ta-world
2385,103279,Chicony Electronics,Taiwan,TWD,http://www.investing.com/equities/chicony-eltn
6412,103727,Chicony Power,Taiwan,TWD,http://www.investing.com/equities/chicony
1597,1012074,Chieftek Precision,Taiwan,TWD,http://www.investing.com/equities/chieftek-precision-co-ltd
8367,1012975,Chien Shing Harbour,Taiwan,TWD,http://www.investing.com/equities/chien-shing-harbour-service-co-ltd
5515,103651,Chien Kuo,Taiwan,TWD,http://www.investing.com/equities/chien-kuo-cons
3579,103565,San Chih,Taiwan,TWD,http://www.investing.com/equities/san-chih
2024,103190,Chih Lien,Taiwan,TWD,http://www.investing.com/equities/chih-lien-ind
2028,103193,Wei Chih,Taiwan,TWD,http://www.investing.com/equities/wei-chih-steel
2456,103327,Chilisin,Taiwan,TWD,http://www.investing.com/equities/chilisin-elec
2355,103255,Chin-Poon,Taiwan,TWD,http://www.investing.com/equities/chin-poon-ind
1809,103166,China Glaze,Taiwan,TWD,http://www.investing.com/equities/china-glaze
2002,103176,China Steel,Taiwan,TWD,http://www.investing.com/equities/china-steel
2204,103216,China Motor,Taiwan,TWD,http://www.investing.com/equities/china-motor
2823,103421,China Life Insurance,Taiwan,TWD,http://www.investing.com/equities/china-life-insurance
1611,103117,China Electric,Taiwan,TWD,http://www.investing.com/equities/china-electric
9928,103787,China Television,Taiwan,TWD,http://www.investing.com/equities/china-tv
9930,103789,China Hi-Ment,Taiwan,TWD,http://www.investing.com/equities/china-hi-ment
1535,103100,China Ecotek,Taiwan,TWD,http://www.investing.com/equities/china-ecotek
2002A,1061545,China Steel Pref,Taiwan,TWD,http://www.investing.com/equities/china-steel-pref
2612,103396,Chinese Maritime,Taiwan,TWD,http://www.investing.com/equities/chinese-mariti
9935,103793,Ching Feng,Taiwan,TWD,http://www.investing.com/equities/ching-feng
2527,103371,Hung Ching,Taiwan,TWD,http://www.investing.com/equities/hung-ching
4306,103603,Yem Chio,Taiwan,TWD,http://www.investing.com/equities/yem-chio
8150,103750,ChipMOS,Taiwan,TWD,http://www.investing.com/equities/chipmos
1539,103104,Chiu Ting,Taiwan,TWD,http://www.investing.com/equities/chiu-ting-mach
2486,103351,I-Chiun,Taiwan,TWD,http://www.investing.com/equities/i-chiun
4137,103598,Chlitina,Taiwan,TWD,http://www.investing.com/equities/chlitina
9929,103788,Choice Development,Taiwan,TWD,http://www.investing.com/equities/choice-develop
5534,103658,Chong Hong,Taiwan,TWD,http://www.investing.com/equities/chong-hong-con
1413,103034,Hung Chou Fiber,Taiwan,TWD,http://www.investing.com/equities/hung-chou-chem
2360,103260,Chroma,Taiwan,TWD,http://www.investing.com/equities/chroma
2412,103294,CHT,Taiwan,TWD,http://www.investing.com/equities/chunghwa-telec
9939,103796,Taiwan Hon Chuan,Taiwan,TWD,http://www.investing.com/equities/taiwan-hon-chu
1201,102988,Wei-Chuan Foods,Taiwan,TWD,http://www.investing.com/equities/wei-chuan-food
2010,103181,Chun Yuan Steel,Taiwan,TWD,http://www.investing.com/equities/chun-yuan-stee
2012,103182,Chun Yu,Taiwan,TWD,http://www.investing.com/equities/chun-yu-works
1435,103043,Chung Fu,Taiwan,TWD,http://www.investing.com/equities/chung-fu
1905,103172,Chung Hwa Pulp,Taiwan,TWD,http://www.investing.com/equities/chung-hwa-pulp
2014,103184,Chung Hung Steel,Taiwan,TWD,http://www.investing.com/equities/chung-hung-ste
1439,103047,Chuwa Wool,Taiwan,TWD,http://www.investing.com/equities/chuwa-wool
1463,103064,Chyang Sheng,Taiwan,TWD,http://www.investing.com/equities/chyang-sheng
2034,103199,Yeun Chyang,Taiwan,TWD,http://www.investing.com/equities/yeun-chyang
9958,103805,CIAS,Taiwan,TWD,http://www.investing.com/equities/century-iron
2535,103375,Da-Cin Construction,Taiwan,TWD,http://www.investing.com/equities/da-cin-constr
2368,103266,Gold Circuit,Taiwan,TWD,http://www.investing.com/equities/gold-circuit-e
8422,103762,Cleanaway,Taiwan,TWD,http://www.investing.com/equities/cleanaway
2362,103261,Clevo,Taiwan,TWD,http://www.investing.com/equities/clevo
2323,103234,CMC Magnetics,Taiwan,TWD,http://www.investing.com/equities/cmc-magnetics
1718,103139,CMFC,Taiwan,TWD,http://www.investing.com/equities/china-manmade
1532,103098,CMP,Taiwan,TWD,http://www.investing.com/equities/china-metal
6754,1166393,Rich Honour International Designs Co,Taiwan,TWD,http://www.investing.com/equities/rich-honour-international-designs
6464,962446,Taiwan Optical Platform Co Ltd,Taiwan,TWD,http://www.investing.com/equities/taiwan-optical-platform-co-ltd
8464,962447,Nien Made Enterprise Co Ltd,Taiwan,TWD,http://www.investing.com/equities/nien-made-enterprise-co-ltd
2816,103419,Union Insurance Co,Taiwan,TWD,http://www.investing.com/equities/union-insuranc
2852,103434,First Insurance Co,Taiwan,TWD,http://www.investing.com/equities/first-ins
2936,991139,Coaster Intl,Taiwan,TWD,http://www.investing.com/equities/coaster-international-co-ltd
8926,103765,Taiwan Cogeneration,Taiwan,TWD,http://www.investing.com/equities/twn-cogenerati
4144,103601,Coland,Taiwan,TWD,http://www.investing.com/equities/coland
2906,103455,Collins,Taiwan,TWD,http://www.investing.com/equities/collins
4930,103620,Star Comgistic,Taiwan,TWD,http://www.investing.com/equities/star-comgistic
5876,1012654,Shanghai Commercial,Taiwan,TWD,http://www.investing.com/equities/shanghai-commercial-savings-bank
2324,103235,Compal,Taiwan,TWD,http://www.investing.com/equities/compal-electrn
2313,103230,Compeq,Taiwan,TWD,http://www.investing.com/equities/compeq-mftg
3032,103490,Compucase,Taiwan,TWD,http://www.investing.com/equities/compucase
2414,103296,Unitech Computer,Taiwan,TWD,http://www.investing.com/equities/unitech-computer-co-ltd
2453,103324,Syscom Computer,Taiwan,TWD,http://www.investing.com/equities/syscom-compute
4943,1061556,Concraft,Taiwan,TWD,http://www.investing.com/equities/concraft
2546,103383,Kedge Construction,Taiwan,TWD,http://www.investing.com/equities/kedge-cont
5533,103657,Founding Construction,Taiwan,TWD,http://www.investing.com/equities/founding-const
2530,103373,Delpha Construction,Taiwan,TWD,http://www.investing.com/equities/delpha-constr
2534,103374,Hung Sheng Construction,Taiwan,TWD,http://www.investing.com/equities/hung-sheng-con
2520,103369,Kindom Construction,Taiwan,TWD,http://www.investing.com/equities/kindom-constr
2506,103363,Pacific Construction,Taiwan,TWD,http://www.investing.com/equities/pacific-constr
2739,978775,My Humble House Hospitality Management Consulting,Taiwan,TWD,http://www.investing.com/equities/my-humble-house-hospitality-managem
1587,1012069,Cryomax Cooling,Taiwan,TWD,http://www.investing.com/equities/cryomax-cooling-system
3550,103559,Copartner,Taiwan,TWD,http://www.investing.com/equities/copartner
2009,103180,First Copper Tech,Taiwan,TWD,http://www.investing.com/equities/1st-copper-tec
6155,103684,King Core,Taiwan,TWD,http://www.investing.com/equities/king-core
4739,1012473,Coremax,Taiwan,TWD,http://www.investing.com/equities/coremax
2303,103225,UMC Corp,Taiwan,TWD,http://www.investing.com/equities/united-micro
4968,961712,RichWave Technology Corp,Taiwan,TWD,http://www.investing.com/equities/richwave-technology-corp
2498,103358,HTC Corp,Taiwan,TWD,http://www.investing.com/equities/htc-corp
3443,103542,GUC Corp,Taiwan,TWD,http://www.investing.com/equities/global-unichip
6442,958373,EZconn Corp,Taiwan,TWD,http://www.investing.com/equities/ezconn-corp
3004,103466,NAFCO Corp,Taiwan,TWD,http://www.investing.com/equities/nafco
1304,103010,USI Corp,Taiwan,TWD,http://www.investing.com/equities/usi
1203,102989,Ve Wong Corp,Taiwan,TWD,http://www.investing.com/equities/ve-wong-corp
1604,103113,Sampo Corp,Taiwan,TWD,http://www.investing.com/equities/sampo-corp
2102,103205,Federal Corp,Taiwan,TWD,http://www.investing.com/equities/federal-corp
2466,103336,Cosmo Electronics,Taiwan,TWD,http://www.investing.com/equities/cosmo-eltr
3607,103574,Coxon,Taiwan,TWD,http://www.investing.com/equities/coxon
1314,103018,CPDC,Taiwan,TWD,http://www.investing.com/equities/china-petroche
8249,103756,Creative Sensor,Taiwan,TWD,http://www.investing.com/equities/creative-senso
2528,103372,Crowell,Taiwan,TWD,http://www.investing.com/equities/crowell
2484,103349,Siward Crystal,Taiwan,TWD,http://www.investing.com/equities/siward-crystal
2208,103219,CSBC,Taiwan,TWD,http://www.investing.com/equities/csbc-corp
1723,103143,CSCC,Taiwan,TWD,http://www.investing.com/equities/china-steel-ch
2104,103207,CSRC,Taiwan,TWD,http://www.investing.com/equities/china-rubber
2013,103183,CSSC,Taiwan,TWD,http://www.investing.com/equities/china-steel-st
2025,103191,CSSSC,Taiwan,TWD,http://www.investing.com/equities/chien-shing-ss
2891,103449,CTBC,Taiwan,TWD,http://www.investing.com/equities/chinatrust-fhc
2891B,1061552,CTBC Financial Pref,Taiwan,TWD,http://www.investing.com/equities/ctbc-financial-pref
9933,103791,CTCI,Taiwan,TWD,http://www.investing.com/equities/ctci-corp
8103,103744,CviLux,Taiwan,TWD,http://www.investing.com/equities/cvilux
1603,103112,CWCO,Taiwan,TWD,http://www.investing.com/equities/china-wire-cab
2415,103297,Cx Tech,Taiwan,TWD,http://www.investing.com/equities/cx-tech
5203,103635,CyberLink,Taiwan,TWD,http://www.investing.com/equities/cyberlink
3617,103575,CyberPower,Taiwan,TWD,http://www.investing.com/equities/cyberpower
3062,103516,CyberTAN,Taiwan,TWD,http://www.investing.com/equities/cybertan
2332,103242,D-Link,Taiwan,TWD,http://www.investing.com/equities/d-link-corp
5519,103652,Long Da,Taiwan,TWD,http://www.investing.com/equities/long-da
6177,103690,Da-Li,Taiwan,TWD,http://www.investing.com/equities/da-li-const
6184,103692,Dafeng TV,Taiwan,TWD,http://www.investing.com/equities/dafeng-tv
1615,103121,Dah San Electric,Taiwan,TWD,http://www.investing.com/equities/dah-san-elec
3686,103585,Danen Tech,Taiwan,TWD,http://www.investing.com/equities/danen
8163,103751,Darfon,Taiwan,TWD,http://www.investing.com/equities/darfon
6120,103673,Darwin Precision,Taiwan,TWD,http://www.investing.com/equities/forhouse
2443,103318,Lead Data,Taiwan,TWD,http://www.investing.com/equities/lead-data
2427,103306,Mercuries Data,Taiwan,TWD,http://www.investing.com/equities/mercuries-data
3094,103518,Davicom,Taiwan,TWD,http://www.investing.com/equities/davicom
5234,103638,Daxin,Taiwan,TWD,http://www.investing.com/equities/daxin
1464,103065,De Licacy,Taiwan,TWD,http://www.investing.com/equities/de-licacy-ind
2308,103227,Delta Electronics,Taiwan,TWD,http://www.investing.com/equities/delta-electron
6605,103732,DEPO,Taiwan,TWD,http://www.investing.com/equities/depo-auto
2539,103379,Sakura Development,Taiwan,TWD,http://www.investing.com/equities/sakura-develop
2397,103286,DFI Inc,Taiwan,TWD,http://www.investing.com/equities/dfi
6116,103671,Hannstar Display,Taiwan,TWD,http://www.investing.com/equities/hannstar-displ
6216,103706,DrayTek,Taiwan,TWD,http://www.investing.com/equities/draytek
1598,993206,Dyaco International,Taiwan,TWD,http://www.investing.com/equities/dyaco-international-inc
6251,103713,Dynamic,Taiwan,TWD,http://www.investing.com/equities/dynamic
2497,103357,E-Lead,Taiwan,TWD,http://www.investing.com/equities/e-lead-elec
6281,103719,E-Life Mall,Taiwan,TWD,http://www.investing.com/equities/e-life-mall
2884,103442,E.S.F.H,Taiwan,TWD,http://www.investing.com/equities/e.sun-fhc
5225,103637,Eastech,Taiwan,TWD,http://www.investing.com/equities/kyet
4904,103615,Far EasTone,Taiwan,TWD,http://www.investing.com/equities/far-eastone
1476,103077,Eclat Textile,Taiwan,TWD,http://www.investing.com/equities/eclat-textile
3047,103503,Edimax Tech,Taiwan,TWD,http://www.investing.com/equities/edimax-tech
3591,103569,Edison Opto,Taiwan,TWD,http://www.investing.com/equities/edison-opto
3048,103504,EDOM Tech,Taiwan,TWD,http://www.investing.com/equities/edom
3038,103496,EDT,Taiwan,TWD,http://www.investing.com/equities/emerging-displ
2607,103391,EITC,Taiwan,TWD,http://www.investing.com/equities/evergreen-intl
2458,103329,Elan Micro,Taiwan,TWD,http://www.investing.com/equities/elan-microele
3450,103543,Elaser,Taiwan,TWD,http://www.investing.com/equities/elite-adv-lase
1503,103079,Shihlin Electric,Taiwan,TWD,http://www.investing.com/equities/shihlin-electr
1504,103080,TECO Electric,Taiwan,TWD,http://www.investing.com/equities/teco-electric
1609,103116,Ta Ya Electric,Taiwan,TWD,http://www.investing.com/equities/ta-ya-wire-cab
1612,103118,Hong Tai Electric,Taiwan,TWD,http://www.investing.com/equities/hong-tai-elec
1519,103088,Fortune Electric,Taiwan,TWD,http://www.investing.com/equities/fortune-electr
6152,103682,Prime Electronic,Taiwan,TWD,http://www.investing.com/equities/prime-eltrs
2428,103307,Thinking Electronic,Taiwan,TWD,http://www.investing.com/equities/thinking-eltr
6573,1052672,HY Electronic,Taiwan,TWD,http://www.investing.com/equities/hy-electronic
2472,103340,Lelon Electronics,Taiwan,TWD,http://www.investing.com/equities/lelon-eltr
2439,103314,Merry Electronics,Taiwan,TWD,http://www.investing.com/equities/merry-eltrs
6552,1061560,JMC Electronics,Taiwan,TWD,http://www.investing.com/equities/jmc-electronics
8112,103747,Supreme Electronics,Taiwan,TWD,http://www.investing.com/equities/supreme-elec
2383,103277,Elite Material,Taiwan,TWD,http://www.investing.com/equities/elite-matl
2331,103241,Elitegroup,Taiwan,TWD,http://www.investing.com/equities/elitegroup-com
2603,103388,EMC Taiwan,Taiwan,TWD,http://www.investing.com/equities/evergreen-mari
2614,103398,EMIC,Taiwan,TWD,http://www.investing.com/equities/eastern-media
6243,103712,ENE,Taiwan,TWD,http://www.investing.com/equities/ene
6139,103678,L&K Engineering,Taiwan,TWD,http://www.investing.com/equities/l-k-eng
2438,950575,Enlight,Taiwan,TWD,http://www.investing.com/equities/enlight-corp
6414,103728,Ennoconn,Taiwan,TWD,http://www.investing.com/equities/ennoconn
3714,103320,Ennostar,Taiwan,TWD,http://www.investing.com/equities/epistar
2911,103458,Les Enphants,Taiwan,TWD,http://www.investing.com/equities/les-enphants
1210,102990,Great Wall Ent,Taiwan,TWD,http://www.investing.com/equities/great-wall-ent
1592,950574,Enterex,Taiwan,TWD,http://www.investing.com/equities/enterex-international-ltd
1582,103108,Syncmold Enterprise,Taiwan,TWD,http://www.investing.com/equities/syncmold
4438,992923,Quang Viet Enterprise,Taiwan,TWD,http://www.investing.com/equities/quang-viet-enterprise-co-ltd
2030,103195,Froch Enterprise,Taiwan,TWD,http://www.investing.com/equities/froch-enterpri
6655,1056069,Keding Enterprises,Taiwan,TWD,http://www.investing.com/equities/keding-enterprises
8473,993208,Forest Water Environmental,Taiwan,TWD,http://www.investing.com/equities/forest-water-environmental-eng-co
4956,103626,Epileds Tech,Taiwan,TWD,http://www.investing.com/equities/epileds-tech
3016,103475,Episil-Precision,Taiwan,TWD,http://www.investing.com/equities/precision
3006,103468,ESMT,Taiwan,TWD,http://www.investing.com/equities/esmt
5243,103639,Eson,Taiwan,TWD,http://www.investing.com/equities/eson
1717,103138,Eternal Materials,Taiwan,TWD,http://www.investing.com/equities/eternal
5288,950583,Eurocharm,Taiwan,TWD,http://www.investing.com/equities/eurocharm-holdings
1460,103063,Everest Textile,Taiwan,TWD,http://www.investing.com/equities/everest-text
5484,103650,EverFocus,Taiwan,TWD,http://www.investing.com/equities/everfocus-elec
2393,103284,Everlight,Taiwan,TWD,http://www.investing.com/equities/everlight
2390,103282,Everspring,Taiwan,TWD,http://www.investing.com/equities/everspring-ind
1470,103071,Evertex,Taiwan,TWD,http://www.investing.com/equities/evertex
1616,103122,Evertop,Taiwan,TWD,http://www.investing.com/equities/evertop-wire
6288,1012767,Excellence Optoelectronic,Taiwan,TWD,http://www.investing.com/equities/excellence-optoelectronic
4104,103593,Excelsior,Taiwan,TWD,http://www.investing.com/equities/excelsior
4977,103630,F-PCL,Taiwan,TWD,http://www.investing.com/equities/f-pcl
6456,954965,F-GIS,Taiwan,TWD,http://www.investing.com/equities/general-interface-solution-gis-hold
1434,103042,F.T.C,Taiwan,TWD,http://www.investing.com/equities/formosa-taffet
1459,103062,Lan Fa,Taiwan,TWD,http://www.investing.com/equities/lan-fa-textile
4566,1012456,Globaltek Fabrication,Taiwan,TWD,http://www.investing.com/equities/globaltek-fabrication-co-ltd
1516,992653,Falcon Power,Taiwan,TWD,http://www.investing.com/equities/falcon-power-co-ltd
1307,103012,San Fang,Taiwan,TWD,http://www.investing.com/equities/san-fang-chem
3035,103493,Faraday Tech,Taiwan,TWD,http://www.investing.com/equities/faraday-tech
1730,103149,Farcent,Taiwan,TWD,http://www.investing.com/equities/farcent
5522,103654,Farglory,Taiwan,TWD,http://www.investing.com/equities/farglory
5607,103660,Farglory FTZ,Taiwan,TWD,http://www.investing.com/equities/farglory-ftz-h
8131,103749,FATC,Taiwan,TWD,http://www.investing.com/equities/formosa-advanc
3535,103556,Favite,Taiwan,TWD,http://www.investing.com/equities/favite
1326,103026,FCFC,Taiwan,TWD,http://www.investing.com/equities/formosa-chem-f
2748,1061550,FDC Hotels,Taiwan,TWD,http://www.investing.com/equities/fdc-hotels
2903,103452,FEDS,Taiwan,TWD,http://www.investing.com/equities/far-east-dept
2845,103429,FEIB,Taiwan,TWD,http://www.investing.com/equities/feib
6666,1117871,Luo Lih Fen,Taiwan,TWD,http://www.investing.com/equities/luo-lih-fen
1402,103031,FENC,Taiwan,TWD,http://www.investing.com/equities/far-eastern-ne
1538,103103,Jenn Feng,Taiwan,TWD,http://www.investing.com/equities/jenn-feng
2015,103185,Feng Hsin,Taiwan,TWD,http://www.investing.com/equities/feng-hsin-iron
9910,103775,Feng Tay,Taiwan,TWD,http://www.investing.com/equities/feng-tay-entpr
1722,103142,Taiwan Fertilizer,Taiwan,TWD,http://www.investing.com/equities/twn-fertilizer
2892,103450,FFHC,Taiwan,TWD,http://www.investing.com/equities/first-fhc
2712,103411,FGH,Taiwan,TWD,http://www.investing.com/equities/fgh
2886,103444,Mega FHC,Taiwan,TWD,http://www.investing.com/equities/mega-fhc
1452,103057,Hong Yi Fiber,Taiwan,TWD,http://www.investing.com/equities/hong-yi-fiber
3701,976232,FIC Global,Taiwan,TWD,http://www.investing.com/equities/fic-global-inc
6592,1114113,Hotai Finance,Taiwan,TWD,http://www.investing.com/equities/hotai-finance
2881A,1061551,Fubon Financial Pref,Taiwan,TWD,http://www.investing.com/equities/fubon-financial-pref
2887E,996185,Taishin Financial Pref,Taiwan,TWD,http://www.investing.com/equities/taishin-financial-holding-co-pref
2881,103439,Fubon Financial,Taiwan,TWD,http://www.investing.com/equities/fubon-fin-hldg
2706,103409,First Hotel,Taiwan,TWD,http://www.investing.com/equities/first-hotel
3712,1012772,FIT Holding,Taiwan,TWD,http://www.investing.com/equities/foxlink-image-technology-co-ltd
4961,1012510,Fitipower,Taiwan,TWD,http://www.investing.com/equities/fitipower-integrated-technology
6706,1116108,Fittech,Taiwan,TWD,http://www.investing.com/equities/fittech
6269,103715,Flexium,Taiwan,TWD,http://www.investing.com/equities/flexium
6206,103701,Flytech,Taiwan,TWD,http://www.investing.com/equities/flytech
3545,103558,FocalTech,Taiwan,TWD,http://www.investing.com/equities/orise-tech
2109,103212,Hwa Fong Taiwan,Taiwan,TWD,http://www.investing.com/equities/hwa-fong
1227,102999,Standard Foods,Taiwan,TWD,http://www.investing.com/equities/standard-foods
1236,103006,Hunya Foods,Taiwan,TWD,http://www.investing.com/equities/hunya
1231,103001,Lian Hwa Foods,Taiwan,TWD,http://www.investing.com/equities/lian-hwa
1438,103046,Yu Foong Intl,Taiwan,TWD,http://www.investing.com/equities/yu-foung-intl
6582,1012874,Shin Foong,Taiwan,TWD,http://www.investing.com/equities/shin-foong-specialty-and-applied
1301,103008,Formosa Plastics,Taiwan,TWD,http://www.investing.com/equities/formosa-plasti
2707,103410,Formosa Hotel,Taiwan,TWD,http://www.investing.com/equities/formosa-hotel
4746,103613,Formosa Lab,Taiwan,TWD,http://www.investing.com/equities/formosa-lab
3532,103554,Formosa Sumco,Taiwan,TWD,http://www.investing.com/equities/formosa-sumco
1225,102998,Formosa Oilseed,Taiwan,TWD,http://www.investing.com/equities/formosa-oilsee
2468,103338,Fortune Info,Taiwan,TWD,http://www.investing.com/equities/fortune-info
2354,103254,Foxconn,Taiwan,TWD,http://www.investing.com/equities/foxconn-tech
3413,992657,Foxsemicon Integrated Tech,Taiwan,TWD,http://www.investing.com/equities/foxsemicon-integrated-technology-in
6505,103731,FPCC,Taiwan,TWD,http://www.investing.com/equities/formosa-petro
2107,103210,FRG,Taiwan,TWD,http://www.investing.com/equities/formosan-rubbe
8341,953717,Sunny Friend,Taiwan,TWD,http://www.investing.com/equities/sunny-friend-environmental-tech
2601,103387,FSC,Taiwan,TWD,http://www.investing.com/equities/first-steamshi
3015,103474,FSP,Taiwan,TWD,http://www.investing.com/equities/fsp-tech
6136,103677,FTC,Taiwan,TWD,http://www.investing.com/equities/fullerton-tech
4755,103614,San Fu,Taiwan,TWD,http://www.investing.com/equities/san-fu
9924,103783,Taiwan Fu Hsing,Taiwan,TWD,http://www.investing.com/equities/fu-hsing-indu
1709,103131,FUCC,Taiwan,TWD,http://www.investing.com/equities/formosa-union
9802,103768,Fulgent Sun,Taiwan,TWD,http://www.investing.com/equities/fulgent-sun
1341,1117868,Fulin Plastic Industry,Taiwan,TWD,http://www.investing.com/equities/fulin-plastic-industry
6670,1056074,Fusheng Precision,Taiwan,TWD,http://www.investing.com/equities/fusheng-precision
1219,102996,Fwusow,Taiwan,TWD,http://www.investing.com/equities/fwusow
3149,103520,G-Tech,Taiwan,TWD,http://www.investing.com/equities/g-tech
2476,103342,G-Shank,Taiwan,TWD,http://www.investing.com/equities/g-shank-enter
3312,103532,G.M.I,Taiwan,TWD,http://www.investing.com/equities/g.m.i
3557,103560,Gamma Optical,Taiwan,TWD,http://www.investing.com/equities/gamma-optical
2702,103406,Hotel Garden,Taiwan,TWD,http://www.investing.com/equities/hotel-garden
9926,103785,Shin Hai Gas,Taiwan,TWD,http://www.investing.com/equities/shin-hai-gas
9908,103774,Taipei Gas,Taiwan,TWD,http://www.investing.com/equities/great-taipei-g
9931,103790,Hsin Kao Gas,Taiwan,TWD,http://www.investing.com/equities/hsin-kao-gas
6133,103676,GBE,Taiwan,TWD,http://www.investing.com/equities/golden-bridge
9905,103771,GCM,Taiwan,TWD,http://www.investing.com/equities/g.-china-metal
2460,103331,Gem Terminal,Taiwan,TWD,http://www.investing.com/equities/gem-terminal
6525,976233,GEM Services,Taiwan,TWD,http://www.investing.com/equities/gem-services-inc
4906,103616,Gemtek Tech,Taiwan,TWD,http://www.investing.com/equities/gemtek-tech
6128,103674,General Plastic,Taiwan,TWD,http://www.investing.com/equities/general-plasti
4952,103625,Generalplus,Taiwan,TWD,http://www.investing.com/equities/generalplus
3356,103535,Geo Vision,Taiwan,TWD,http://www.investing.com/equities/geo-vision
3005,103467,Getac Tech,Taiwan,TWD,http://www.investing.com/equities/getac-tech
9921,103782,Giant,Taiwan,TWD,http://www.investing.com/equities/giant
8105,103745,Giantplus Tech,Taiwan,TWD,http://www.investing.com/equities/giantplus
2376,103272,Gigabyte Tech,Taiwan,TWD,http://www.investing.com/equities/gigabyte-tech
2406,103292,Gigastorage,Taiwan,TWD,http://www.investing.com/equities/gigastorage
4551,992659,Global PMX,Taiwan,TWD,http://www.investing.com/equities/global-pmx-co-ltd
3040,103497,Global View,Taiwan,TWD,http://www.investing.com/equities/global-view
2636,1061549,T3EX Global,Taiwan,TWD,http://www.investing.com/equities/t3ex-global
1324,103024,Globe Tape,Taiwan,TWD,http://www.investing.com/equities/globe-inds
9934,103792,Globe Union,Taiwan,TWD,http://www.investing.com/equities/globe-union
4935,103622,GLT,Taiwan,TWD,http://www.investing.com/equities/global-lightin
8081,103742,GMT,Taiwan,TWD,http://www.investing.com/equities/gmt
2423,103302,Good Will,Taiwan,TWD,http://www.investing.com/equities/good-will
1583,103109,Goodway,Taiwan,TWD,http://www.investing.com/equities/goodway
5907,103666,GORG,Taiwan,TWD,http://www.investing.com/equities/grand-ocean
2723,103413,Gourmet Master,Taiwan,TWD,http://www.investing.com/equities/gourmet-master
3383,103538,GPI Ink,Taiwan,TWD,http://www.investing.com/equities/genesis-photon
1312,103016,GPPC,Taiwan,TWD,http://www.investing.com/equities/grand-petroche
1312A,1061543,Grand Pacific Petrochemical Pref,Taiwan,TWD,http://www.investing.com/equities/grand-pacific-petrochemical-pref
8481,1061561,Transart Graphics,Taiwan,TWD,http://www.investing.com/equities/transart-graphics
1262,103007,Green Seal,Taiwan,TWD,http://www.investing.com/equities/green-seal
4967,1012513,Team Group,Taiwan,TWD,http://www.investing.com/equities/team-group
4190,992658,Jourdeness Group,Taiwan,TWD,http://www.investing.com/equities/jourdeness-group-ltd
2885,103443,Yuanta Group,Taiwan,TWD,http://www.investing.com/equities/yuanta-fhc
3406,103539,GSEO,Taiwan,TWD,http://www.investing.com/equities/genius
2441,103316,GTK,Taiwan,TWD,http://www.investing.com/equities/greatek-eltrs
1437,103045,GTM,Taiwan,TWD,http://www.investing.com/equities/gtm-corp
2317,103233,Hon Hai Precision,Taiwan,TWD,http://www.investing.com/equities/hon-hai
2115,103214,Lu Hai Holding,Taiwan,TWD,http://www.investing.com/equities/lu-hai
2038,103200,Hai Kwang,Taiwan,TWD,http://www.investing.com/equities/hai-kwang
2615,103399,Wan Hai,Taiwan,TWD,http://www.investing.com/equities/wan-hai-lines
4562,1012452,Ying Han Tech,Taiwan,TWD,http://www.investing.com/equities/ying-han-technology-co-ltd
3049,103505,Hannstar Touch,Taiwan,TWD,http://www.investing.com/equities/hannstar-touch
2488,103352,Hanpin,Taiwan,TWD,http://www.investing.com/equities/hanpin
6168,103688,Harvatek,Taiwan,TWD,http://www.investing.com/equities/harvatek
3011,103471,Ji-Haw Industrial,Taiwan,TWD,http://www.investing.com/equities/ji-haw-indu
1810,103167,HCG,Taiwan,TWD,http://www.investing.com/equities/hocheng
8462,1013004,Power Wind Health,Taiwan,TWD,http://www.investing.com/equities/power-wind-health-industry
8996,103767,Kaori Heat,Taiwan,TWD,http://www.investing.com/equities/kaori-heat
5283,1012564,Heran,Taiwan,TWD,http://www.investing.com/equities/heran-co-ltd
1234,103004,Hey-Song,Taiwan,TWD,http://www.investing.com/equities/hey-song
1475,103076,Sumagh Hi-Tech,Taiwan,TWD,http://www.investing.com/equities/sumagh-high-te
2633,993042,Taiwan High Speed Rail,Taiwan,TWD,http://www.investing.com/equities/taiwan-high-speed-rail-corp
2542,103380,Highwealth,Taiwan,TWD,http://www.investing.com/equities/highwealth-con
1338,103028,Hiroca Holdings,Taiwan,TWD,http://www.investing.com/equities/hiroca-holding
3494,103547,HiTi,Taiwan,TWD,http://www.investing.com/equities/hiti-digital
2419,103299,Hitron Tech,Taiwan,TWD,http://www.investing.com/equities/hitron-tech
2049,103201,Hiwin,Taiwan,TWD,http://www.investing.com/equities/hiwin
4576,1114111,Hiwin Mikrosystem,Taiwan,TWD,http://www.investing.com/equities/hiwin-mikrosystem
2348,992654,Hiyes International,Taiwan,TWD,http://www.investing.com/equities/hiyes-international-co-ltd
2880,103438,HNFHC,Taiwan,TWD,http://www.investing.com/equities/hua-nan-fin
1714,103136,Ho Tung,Taiwan,TWD,http://www.investing.com/equities/ho-tung
2006,103177,Tung Ho Steel,Taiwan,TWD,http://www.investing.com/equities/tung-ho-steel
1414,103035,Tung Ho,Taiwan,TWD,http://www.investing.com/equities/tung-ho
1446,103054,Hong Ho,Taiwan,TWD,http://www.investing.com/equities/hong-ho-precis
1618,103124,Hold-Key,Taiwan,TWD,http://www.investing.com/equities/hold-key
8442,993207,WW Holding,Taiwan,TWD,http://www.investing.com/equities/ww-holding-inc
4807,1012489,Regal Holding,Taiwan,TWD,http://www.investing.com/equities/regal-holding-co-ltd
3704,103590,Unizyx Holding,Taiwan,TWD,http://www.investing.com/equities/unizyx-holding
1256,969175,Sunjuice Holdings,Taiwan,TWD,http://www.investing.com/equities/sunjuice-holdings-co-ltd
4552,986053,Lida Holdings,Taiwan,TWD,http://www.investing.com/equities/lida-holdings-ltd
2890,103448,SinoPac Holdings,Taiwan,TWD,http://www.investing.com/equities/sinopac-fhc
3702,103588,WPG Holdings,Taiwan,TWD,http://www.investing.com/equities/wpg-holdings
9943,103800,Holiday,Taiwan,TWD,http://www.investing.com/equities/holiday
6202,103699,Holtek,Taiwan,TWD,http://www.investing.com/equities/holtek
3026,103484,Holystone,Taiwan,TWD,http://www.investing.com/equities/holystone
1474,103075,Honmyue,Taiwan,TWD,http://www.investing.com/equities/honmyue-enter
2923,103462,Sino Horizon,Taiwan,TWD,http://www.investing.com/equities/sino-horizon
2243,1052642,HORNG SHIUE,Taiwan,TWD,http://www.investing.com/equities/horng-shiue
6201,103698,Ya Horng,Taiwan,TWD,http://www.investing.com/equities/ya-horng
1536,103101,Hota,Taiwan,TWD,http://www.investing.com/equities/hota-ind
2207,103218,Hotai Motor,Taiwan,TWD,http://www.investing.com/equities/hotai-motor
2511,103365,Prince Housing,Taiwan,TWD,http://www.investing.com/equities/prince-housing
5469,103648,HSB,Taiwan,TWD,http://www.investing.com/equities/hannstar-board
2545,103382,Huang Hsiang,Taiwan,TWD,http://www.investing.com/equities/huang-hsiang
1315,103019,Tah Hsin,Taiwan,TWD,http://www.investing.com/equities/tah-hsin-indus
2031,103196,Hsin Kuang Steel,Taiwan,TWD,http://www.investing.com/equities/hsin-kuang-ste
1558,950573,Zeng Hsing,Taiwan,TWD,http://www.investing.com/equities/zeng-hsing-industrial
2007,103178,Yieh Hsing,Taiwan,TWD,http://www.investing.com/equities/yieh-hsing-ent
4414,103604,Roo Hsing,Taiwan,TWD,http://www.investing.com/equities/roo-hsing
1451,103056,Nien Hsing,Taiwan,TWD,http://www.investing.com/equities/nien-hsing-tex
1109,102986,HsingTa,Taiwan,TWD,http://www.investing.com/equities/hsing-ta-cemen
9919,103781,Kang Na Hsiung,Taiwan,TWD,http://www.investing.com/equities/kang-na-hsiung
1436,103044,Hua Yu Lien,Taiwan,TWD,http://www.investing.com/equities/hua-yu-lien
1608,103115,Huaeng,Taiwan,TWD,http://www.investing.com/equities/huaeng-wire-ca
2548,103385,Huaku,Taiwan,TWD,http://www.investing.com/equities/huaku
2536,103376,Hung Poo,Taiwan,TWD,http://www.investing.com/equities/hung-poo-r-est
2424,103303,Lung Hwa,Taiwan,TWD,http://www.investing.com/equities/lung-hwa-eltrs
1418,103038,Tong-Hwa,Taiwan,TWD,http://www.investing.com/equities/tong-hwa-synth
2701,103405,Wan Hwa,Taiwan,TWD,http://www.investing.com/equities/wan-hwa-ent-co
1456,992652,I-Hwa Industrial,Taiwan,TWD,http://www.investing.com/equities/i-hwa-industrial-co-ltd
2114,103213,HYC,Taiwan,TWD,http://www.investing.com/equities/hsin-yung-chie
2540,950577,I-Sunny,Taiwan,TWD,http://www.investing.com/equities/isunny-construction-develop
6115,103670,I-Sheng,Taiwan,TWD,http://www.investing.com/equities/i-sheng-electr
2478,103344,Ta-I Tech,Taiwan,TWD,http://www.investing.com/equities/ta-i-tech
2402,103289,Ichia,Taiwan,TWD,http://www.investing.com/equities/ichia
3022,103480,IEI,Taiwan,TWD,http://www.investing.com/equities/iei
6117,103672,In Win,Taiwan,TWD,http://www.investing.com/equities/in-win-dev
1907,103174,YFY Inc,Taiwan,TWD,http://www.investing.com/equities/yuen-foong-yu
3321,962444,Uniflex Technology Inc,Taiwan,TWD,http://www.investing.com/equities/uniflex-technology-inc
1325,103025,Universal Inc,Taiwan,TWD,http://www.investing.com/equities/unvl
1465,103066,Wisher Ind,Taiwan,TWD,http://www.investing.com/equities/wisher-ind
4564,1012454,Mosa Industrial,Taiwan,TWD,http://www.investing.com/equities/mosa-industrial
1521,103089,Ta Yih Industrial,Taiwan,TWD,http://www.investing.com/equities/ta-yih-ind
2915,103461,Ruentex Industries,Taiwan,TWD,http://www.investing.com/equities/ruentex-ind
4720,992662,Tex Year Industries,Taiwan,TWD,http://www.investing.com/equities/tex-year-industries-inc
9914,103778,Merida Industry,Taiwan,TWD,http://www.investing.com/equities/merida-industr
2451,103323,Transcend Info,Taiwan,TWD,http://www.investing.com/equities/transcend-info
2491,950576,Infodisc,Taiwan,TWD,http://www.investing.com/equities/infodisc-tech
2495,103356,Infortrend,Taiwan,TWD,http://www.investing.com/equities/infortrend
3481,103546,Innolux,Taiwan,TWD,http://www.investing.com/equities/innolux
2850,103432,SK Insurance,Taiwan,TWD,http://www.investing.com/equities/shinkong-ins
2363,103262,Silicon Integrated Systems,Taiwan,TWD,http://www.investing.com/equities/sis
8466,993043,M.J. International,Taiwan,TWD,http://www.investing.com/equities/m.j.-international-co-ltd
2328,103238,Pan-International,Taiwan,TWD,http://www.investing.com/equities/pan-intl-ind
2233,1012104,Turvo Intl,Taiwan,TWD,http://www.investing.com/equities/turvo-international-co-ltd
2356,103256,Inventec,Taiwan,TWD,http://www.investing.com/equities/inventec-corp
2228,103221,IRF,Taiwan,TWD,http://www.investing.com/equities/iron-force
3014,103473,ITE Tech,Taiwan,TWD,http://www.investing.com/equities/ite
6213,103703,ITEQ,Taiwan,TWD,http://www.investing.com/equities/iteq
2442,103317,Jean,Taiwan,TWD,http://www.investing.com/equities/jean
3653,103579,Jentech,Taiwan,TWD,http://www.investing.com/equities/jentech
1736,103155,JHT,Taiwan,TWD,http://www.investing.com/equities/johnson
1453,103058,Ta Jiang,Taiwan,TWD,http://www.investing.com/equities/ta-jiang
5285,103644,Jih Lin Tech,Taiwan,TWD,http://www.investing.com/equities/jih-lin
8429,103764,Jinli,Taiwan,TWD,http://www.investing.com/equities/jinli
1457,103061,Yi Jinn,Taiwan,TWD,http://www.investing.com/equities/yi-jinn-indu
2481,103346,Pan Jit,Taiwan,TWD,http://www.investing.com/equities/pan-jit
8488,994434,Jiyuan Packaging,Taiwan,TWD,http://www.investing.com/equities/jiyuan-packaging-holdings-ltd
3543,1012283,Jochu Tech,Taiwan,TWD,http://www.investing.com/equities/jochu-technology-co-ltd
6197,103697,JPC,Taiwan,TWD,http://www.investing.com/equities/jess-link
6165,103686,JTT,Taiwan,TWD,http://www.investing.com/equities/jye-tai
1512,103083,Jui Li,Taiwan,TWD,http://www.investing.com/equities/jui-li
1617,103123,Jung Shing Wire,Taiwan,TWD,http://www.investing.com/equities/jung-shing-wir
2461,103332,K Laser,Taiwan,TWD,http://www.investing.com/equities/k-laser
3018,103477,Tung Kai Tech,Taiwan,TWD,http://www.investing.com/equities/tung-kai-tech
2101,103204,Nan Kang Tire,Taiwan,TWD,http://www.investing.com/equities/nan-kang-tire
1531,103097,Kaulin Mfg,Taiwan,TWD,http://www.investing.com/equities/kaulin-mfg
2939,1043367,Kayee,Taiwan,TWD,http://www.investing.com/equities/kayee-international
2538,103378,Kee Tai Properties,Taiwan,TWD,http://www.investing.com/equities/kee-tai-proper
2106,103209,Kenda Rubber,Taiwan,TWD,http://www.investing.com/equities/kenda-rubber
2608,103392,Kerry TJ,Taiwan,TWD,http://www.investing.com/equities/kerry-tj
8427,103763,Keysheen,Taiwan,TWD,http://www.investing.com/equities/keysheen
1416,103036,KFIC,Taiwan,TWD,http://www.investing.com/equities/kwong-fong-ind
2449,103321,King Yuan,Taiwan,TWD,http://www.investing.com/equities/king-yuan-elec
2059,103202,King Slide,Taiwan,TWD,http://www.investing.com/equities/king-slide
8411,103761,Kingcan,Taiwan,TWD,http://www.investing.com/equities/kingcan
2524,103370,Kings Town,Taiwan,TWD,http://www.investing.com/equities/kings-town
1560,103107,Kinik,Taiwan,TWD,http://www.investing.com/equities/kinik
6209,103702,Kinko Optical,Taiwan,TWD,http://www.investing.com/equities/kinko-optical
2312,103229,Kinpo,Taiwan,TWD,http://www.investing.com/equities/kinpo
3189,103523,Kinsus Tech,Taiwan,TWD,http://www.investing.com/equities/kinsus
1805,103163,KPT,Taiwan,TWD,http://www.investing.com/equities/kpt-industries
3003,103465,KS Terminals,Taiwan,TWD,http://www.investing.com/equities/k.s.-terminals
1525,103092,KSC,Taiwan,TWD,http://www.investing.com/equities/kian-shen
5521,103653,KSECO,Taiwan,TWD,http://www.investing.com/equities/kseco
6431,950585,KSKL,Taiwan,TWD,http://www.investing.com/equities/kuangli-photoelectric-tech
1537,103102,Kung Long,Taiwan,TWD,http://www.investing.com/equities/kung-long
2505,103362,Kuo Yang,Taiwan,TWD,http://www.investing.com/equities/kuo-yang-const
2365,103264,KYE Systems,Taiwan,TWD,http://www.investing.com/equities/kye-systems
3008,103469,LARGAN,Taiwan,TWD,http://www.investing.com/equities/largan-precisi
3346,1061555,Laster Tech,Taiwan,TWD,http://www.investing.com/equities/laster-tech
1909,103175,LCP,Taiwan,TWD,http://www.investing.com/equities/long-chen-pape
4989,1031117,LCY Tech,Taiwan,TWD,http://www.investing.com/equities/lcy-tech
2465,103335,Leadtek,Taiwan,TWD,http://www.investing.com/equities/leadtek
3588,103568,Leadtrend,Taiwan,TWD,http://www.investing.com/equities/leadtrend
1444,103052,Lealea,Taiwan,TWD,http://www.investing.com/equities/lealea-ent.-co
6164,103685,Ledtech,Taiwan,TWD,http://www.investing.com/equities/ledtech
3010,103470,Wah Lee,Taiwan,TWD,http://www.investing.com/equities/wah-lee-indu
4994,103632,X-Legend,Taiwan,TWD,http://www.investing.com/equities/x-legend
3058,103512,LEI,Taiwan,TWD,http://www.investing.com/equities/leader
4912,992663,Lemtech,Taiwan,TWD,http://www.investing.com/equities/lemtech-holdings-co-ltd
2705,103408,Leofoo,Taiwan,TWD,http://www.investing.com/equities/leofoo-dvlpmt
3698,103587,Lextar,Taiwan,TWD,http://www.investing.com/equities/lextar
1229,103000,LHIC,Taiwan,TWD,http://www.investing.com/equities/lien-hwa-ind
1447,103055,Li Peng,Taiwan,TWD,http://www.investing.com/equities/li-peng-ent.
3167,103522,Ta Liang Tech,Taiwan,TWD,http://www.investing.com/equities/taliang
2547,103384,Radium Life Tech,Taiwan,TWD,http://www.investing.com/equities/radium-life-te
2867,103437,Mercuries Life,Taiwan,TWD,http://www.investing.com/equities/mercuries-life
6226,103708,Para Light,Taiwan,TWD,http://www.investing.com/equities/para
1605,103114,Walsin Lihwa,Taiwan,TWD,http://www.investing.com/equities/walsin-lihwa
1443,103051,Lily Textile,Taiwan,TWD,http://www.investing.com/equities/lily-textile
2462,103333,LineTek,Taiwan,TWD,http://www.investing.com/equities/taiwan-line-te
6715,1116109,Lintes Tech,Taiwan,TWD,http://www.investing.com/equities/lintes-tech
2731,103415,Liontravel,Taiwan,TWD,http://www.investing.com/equities/liontravel
2301,103223,Lite-On Tech,Taiwan,TWD,http://www.investing.com/equities/lite-on-tech
6504,103730,Nan Liu,Taiwan,TWD,http://www.investing.com/equities/nan-liu
3054,103508,LIWANLI,Taiwan,TWD,http://www.investing.com/equities/carry
3593,103570,Logah,Taiwan,TWD,http://www.investing.com/equities/logah
1906,103173,Pao Long,Taiwan,TWD,http://www.investing.com/equities/pao-lung
1808,103165,Run Long,Taiwan,TWD,http://www.investing.com/equities/run-long
2616,103400,Shan-Loong,Taiwan,TWD,http://www.investing.com/equities/shan-loong-tra
3025,103483,Loop Telecom,Taiwan,TWD,http://www.investing.com/equities/loop-telecom
3533,103555,Lotes,Taiwan,TWD,http://www.investing.com/equities/lotes
1795,1012086,Lotus Pharma,Taiwan,TWD,http://www.investing.com/equities/lotus-pharmaceutical-co-ltd
2369,103267,LPI,Taiwan,TWD,http://www.investing.com/equities/lingsen
5305,103645,LSC,Taiwan,TWD,http://www.investing.com/equities/lite-on-semi
6192,103695,Lumax,Taiwan,TWD,http://www.investing.com/equities/lumax
3563,1012293,Machvision,Taiwan,TWD,http://www.investing.com/equities/machvision
2337,103243,Macronix,Taiwan,TWD,http://www.investing.com/equities/macronix
1477,103078,Makalot,Taiwan,TWD,http://www.investing.com/equities/makalot
6196,103696,Marketech,Taiwan,TWD,http://www.investing.com/equities/marketech
2338,103244,Taiwan Mask,Taiwan,TWD,http://www.investing.com/equities/taiwan-mask
6591,1012880,Sun Max Tech,Taiwan,TWD,http://www.investing.com/equities/sun-max-tech-ltd
2020,103187,Mayer Steel,Taiwan,TWD,http://www.investing.com/equities/mayer-steel
1731,103150,Maywufa,Taiwan,TWD,http://www.investing.com/equities/maywufa
1783,103159,MBI,Taiwan,TWD,http://www.investing.com/equities/mbi
3050,103506,U-Tech Media,Taiwan,TWD,http://www.investing.com/equities/u-tech
2454,103325,MediaTek,Taiwan,TWD,http://www.investing.com/equities/mediatek
2477,103343,Meiloon,Taiwan,TWD,http://www.investing.com/equities/meiloon-ind
2905,103454,Mercuries,Taiwan,TWD,http://www.investing.com/equities/mercuries-asst
3706,103592,MHC,Taiwan,TWD,http://www.investing.com/equities/mhc
3034,103492,Novatek Micro,Taiwan,TWD,http://www.investing.com/equities/novatek-microe
2314,103231,Microelectronics Tech,Taiwan,TWD,http://www.investing.com/equities/microelectroni
3036,103494,WT Microelectronics,Taiwan,TWD,http://www.investing.com/equities/wt-microelectr
2305,103226,MII,Taiwan,TWD,http://www.investing.com/equities/microtek-intl
5538,103659,Tong Ming,Taiwan,TWD,http://www.investing.com/equities/tong-ming
2606,103390,U-Ming,Taiwan,TWD,http://www.investing.com/equities/u-ming-marine
1533,103099,Mobiletron,Taiwan,TWD,http://www.investing.com/equities/mobiletron
8454,950590,momo.com,Taiwan,TWD,http://www.investing.com/equities/momo.com-inc
2434,103311,Mospec,Taiwan,TWD,http://www.investing.com/equities/mospec
4540,1012438,TBI Motion,Taiwan,TWD,http://www.investing.com/equities/tbi-motion-technology-co-ltd
2201,103215,Yulon Motor,Taiwan,TWD,http://www.investing.com/equities/yulon-motor
2377,103273,MSI,Taiwan,TWD,http://www.investing.com/equities/micro-star-international-co
2342,103246,MVI,Taiwan,TWD,http://www.investing.com/equities/mosel
8046,103739,N.P.C,Taiwan,TWD,http://www.investing.com/equities/nan-ya-pcb-cor
9942,103799,NAK,Taiwan,TWD,http://www.investing.com/equities/nak-sealing-te
4766,1031216,Nan Pao Resins,Taiwan,TWD,http://www.investing.com/equities/nan-pao-resins-chemical
1303,103009,Nan Ya Plastics,Taiwan,TWD,http://www.investing.com/equities/nan-ya-plastic
2108,103211,Nantex,Taiwan,TWD,http://www.investing.com/equities/nantex-industr
2408,943698,Nanya Tech,Taiwan,TWD,http://www.investing.com/equities/nanya-tech
9937,103794,National Petroleum,Taiwan,TWD,http://www.investing.com/equities/national-petr
6671,1117872,San Neng,Taiwan,TWD,http://www.investing.com/equities/san-neng
8940,103766,New Palace,Taiwan,TWD,http://www.investing.com/equities/new-palace
3090,103517,Nichidenbo,Taiwan,TWD,http://www.investing.com/equities/nichidenbo
3679,103583,Nishoku,Taiwan,TWD,http://www.investing.com/equities/nishoku
3576,103564,NSP,Taiwan,TWD,http://www.investing.com/equities/neo-solar-powe
4919,103619,NTC,Taiwan,TWD,http://www.investing.com/equities/nuvoton
1410,103033,NYDF,Taiwan,TWD,http://www.investing.com/equities/nan-yang-dyein
1472,103073,Tri Ocean,Taiwan,TWD,http://www.investing.com/equities/tri-ocean-text
1213,102991,Oceanic,Taiwan,TWD,http://www.investing.com/equities/oceanic-bevera
6283,103721,Shun On,Taiwan,TWD,http://www.investing.com/equities/shun-on
6405,103725,Onano,Taiwan,TWD,http://www.investing.com/equities/onano
3029,103487,Zero One Tech,Taiwan,TWD,http://www.investing.com/equities/zero-one-tech
1321,103022,OPC,Taiwan,TWD,http://www.investing.com/equities/ocean-plastics
3504,103549,Young Optics,Taiwan,TWD,http://www.investing.com/equities/young-optics
3051,992656,Optimax Tech,Taiwan,TWD,http://www.investing.com/equities/optimax-technology-corp
2340,103245,Opto Tech,Taiwan,TWD,http://www.investing.com/equities/opto-tech
2499,103359,Unity Opto,Taiwan,TWD,http://www.investing.com/equities/unity-opto
3530,1012278,Silicon Optronics,Taiwan,TWD,http://www.investing.com/equities/silicon-optronics
2329,103239,Orient Semiconductor,Taiwan,TWD,http://www.investing.com/equities/orient-semicon
1710,103132,OUCC,Taiwan,TWD,http://www.investing.com/equities/oriental-union
2904,103453,Pan Overseas,Taiwan,TWD,http://www.investing.com/equities/pan-overseas
9938,103795,Taiwan Paiho,Taiwan,TWD,http://www.investing.com/equities/taiwan-paiho
8404,103760,Paiho Shih,Taiwan,TWD,http://www.investing.com/equities/paiho-shih
2429,992655,Pal Wonn Taiwan,Taiwan,TWD,http://www.investing.com/equities/pal-wonn-taiwan-co-ltd
1903,103170,Shihlin Paper,Taiwan,TWD,http://www.investing.com/equities/shihlin-paper
3518,103552,Paragon Tech,Taiwan,TWD,http://www.investing.com/equities/paragon-tech
4916,103618,Parpro,Taiwan,TWD,http://www.investing.com/equities/pec
2236,958372,Patec Precision,Taiwan,TWD,http://www.investing.com/equities/patec-precision-industry-co-ltd
8213,103754,Taiwan PCB,Taiwan,TWD,http://www.investing.com/equities/taiwan-pcb-tec
2912,103459,PCSC,Taiwan,TWD,http://www.investing.com/equities/president-chai
4938,103623,Pegatron,Taiwan,TWD,http://www.investing.com/equities/pegatron
6491,1012815,Pegavision,Taiwan,TWD,http://www.investing.com/equities/pegavision
2642,103404,Pelican,Taiwan,TWD,http://www.investing.com/equities/pelican
6452,953716,Pharmally,Taiwan,TWD,http://www.investing.com/equities/pharmally-intl-holding
4119,103596,SCI Pharmtech,Taiwan,TWD,http://www.investing.com/equities/sci-pharmtech
2457,103328,Phihong,Taiwan,TWD,http://www.investing.com/equities/phihong
5706,103662,Phoenix Tours,Taiwan,TWD,http://www.investing.com/equities/phoenix-tours
8028,1012904,Phoenix Silicon,Taiwan,TWD,http://www.investing.com/equities/phoenix-silicon-international
2023,103189,Yieh Phui,Taiwan,TWD,http://www.investing.com/equities/yieh-phui
4108,103595,Phytohealth,Taiwan,TWD,http://www.investing.com/equities/phytohealth
6141,103679,Plotech,Taiwan,TWD,http://www.investing.com/equities/plotech
8114,103748,Posiflex,Taiwan,TWD,http://www.investing.com/equities/posiflex
3043,1061554,Powercom,Taiwan,TWD,http://www.investing.com/equities/powercom
6239,103711,Powertech Tech,Taiwan,TWD,http://www.investing.com/equities/powertech-tech
3296,103528,Powertech,Taiwan,TWD,http://www.investing.com/equities/powertech
2855,103435,President Securities,Taiwan,TWD,http://www.investing.com/equities/president-sec
1216,102993,Uni-President,Taiwan,TWD,http://www.investing.com/equities/uni-president
4915,103617,Primax,Taiwan,TWD,http://www.investing.com/equities/primax
2496,1061548,Success Prime,Taiwan,TWD,http://www.investing.com/equities/success-prime
6189,103693,Promate,Taiwan,TWD,http://www.investing.com/equities/promate
3057,103511,Promise Tech,Taiwan,TWD,http://www.investing.com/equities/promise-technology-inc
6224,103707,PTTC,Taiwan,TWD,http://www.investing.com/equities/pttc
2382,103276,QCI,Taiwan,TWD,http://www.investing.com/equities/quanta
2352,103252,Qisda,Taiwan,TWD,http://www.investing.com/equities/qisda
4722,103609,Qualipoly,Taiwan,TWD,http://www.investing.com/equities/qualipoly
2017,103186,Quintain Steel,Taiwan,TWD,http://www.investing.com/equities/quintain-steel
1526,103093,Sun Race,Taiwan,TWD,http://www.investing.com/equities/sunrace
6176,103689,Radiant,Taiwan,TWD,http://www.investing.com/equities/radiant
1467,103068,Tex-Ray,Taiwan,TWD,http://www.investing.com/equities/tex-ray
2379,103274,Realtek,Taiwan,TWD,http://www.investing.com/equities/realtek
9940,103797,Sinyi Realty,Taiwan,TWD,http://www.investing.com/equities/sinyi
4532,103607,Rechi,Taiwan,TWD,http://www.investing.com/equities/rechi
2302,103224,Rectron,Taiwan,TWD,http://www.investing.com/equities/rectron
1233,103003,Ten Ren,Taiwan,TWD,http://www.investing.com/equities/ten-ren-tea
1423,103040,Reward Wool,Taiwan,TWD,http://www.investing.com/equities/reward-wool-in
1515,103086,Rexon,Taiwan,TWD,http://www.investing.com/equities/rexon-indu
1506,103081,Right Way,Taiwan,TWD,http://www.investing.com/equities/right-way-ind
8104,1012941,RiTdisplay,Taiwan,TWD,http://www.investing.com/equities/ritdisplay
2908,103456,Test Rite,Taiwan,TWD,http://www.investing.com/equities/test-rite-intl
2349,103250,Ritek,Taiwan,TWD,http://www.investing.com/equities/ritek
4141,103599,Rotam,Taiwan,TWD,http://www.investing.com/equities/rotam
1540,103105,Roundtop,Taiwan,TWD,http://www.investing.com/equities/roundtop
8463,955956,RTM,Taiwan,TWD,http://www.investing.com/equities/ruentex-materials-co-ltd
9945,103802,Ruentex,Taiwan,TWD,http://www.investing.com/equities/ruentex
9911,103776,Taiwan Sakura,Taiwan,TWD,http://www.investing.com/equities/taiwan-sakura
5007,103634,San Shing,Taiwan,TWD,http://www.investing.com/equities/san-shing
9946,103803,SanFar,Taiwan,TWD,http://www.investing.com/equities/sanfar
1817,103168,Sanitar,Taiwan,TWD,http://www.investing.com/equities/sanita
1614,103120,Taiwan Sanyo,Taiwan,TWD,http://www.investing.com/equities/sanyo-elec
6558,1012856,SYNergy ScienTech,Taiwan,TWD,http://www.investing.com/equities/synergy-scientech
3583,103566,Scientech,Taiwan,TWD,http://www.investing.com/equities/scientech
5434,103647,Topco Scientific,Taiwan,TWD,http://www.investing.com/equities/topco-scient
1720,103140,SCPC,Taiwan,TWD,http://www.investing.com/equities/scpc
2351,103251,SDI,Taiwan,TWD,http://www.investing.com/equities/sdi-corp
9955,103804,SDTI,Taiwan,TWD,http://www.investing.com/equities/super-dragon
9917,103779,Taiwan Secom,Taiwan,TWD,http://www.investing.com/equities/taiwan-secom
2330,103240,Taiwan Semicon,Taiwan,TWD,http://www.investing.com/equities/taiwan-semicon
2450,103322,Senao,Taiwan,TWD,http://www.investing.com/equities/senao
5388,103646,Sercomm,Taiwan,TWD,http://www.investing.com/equities/sercomm
1708,103130,Sesoda,Taiwan,TWD,http://www.investing.com/equities/sesoda
1455,103060,Zig Sheng,Taiwan,TWD,http://www.investing.com/equities/zig-sheng-ind
2029,103194,Sheng Yu Steel,Taiwan,TWD,http://www.investing.com/equities/sheng-yu-steel
3305,103529,Shenmao,Taiwan,TWD,http://www.investing.com/equities/shenmao
5608,103661,Shih Wei,Taiwan,TWD,http://www.investing.com/equities/shih-wei
2901,103451,Shin Shin,Taiwan,TWD,http://www.investing.com/equities/shin-shin-co-l
3501,103548,Well Shin Tech,Taiwan,TWD,http://www.investing.com/equities/well-shin
1235,103005,Shin Tai,Taiwan,TWD,http://www.investing.com/equities/shin-tai-ind
9944,103801,Shinih,Taiwan,TWD,http://www.investing.com/equities/shinih
1419,103039,Shinkong Textile,Taiwan,TWD,http://www.investing.com/equities/shinkong-texti
6451,950587,Shunsin Tech,Taiwan,TWD,http://www.investing.com/equities/shunsin-tech-holdings
2405,103291,Shuttle,Taiwan,TWD,http://www.investing.com/equities/shuttle
2440,103315,Space Shuttle,Taiwan,TWD,http://www.investing.com/equities/space-shuttle
6257,103714,Sigurd,Taiwan,TWD,http://www.investing.com/equities/sigurd
6415,103729,Silergy,Taiwan,TWD,http://www.investing.com/equities/silergy
3311,103531,Silitech Tech,Taiwan,TWD,http://www.investing.com/equities/silitech-tech
2358,103258,Ting Sin,Taiwan,TWD,http://www.investing.com/equities/mag-tech
3023,103481,Sinbon,Taiwan,TWD,http://www.investing.com/equities/sinbon-elec
4999,103633,Sinher,Taiwan,TWD,http://www.investing.com/equities/sinher
2032,103197,Sinkang,Taiwan,TWD,http://www.investing.com/equities/sinkang-inds
1712,103134,Sinon,Taiwan,TWD,http://www.investing.com/equities/sinon
1734,103153,Sinphar,Taiwan,TWD,http://www.investing.com/equities/sinphar
3536,103557,Sintronic Tech,Taiwan,TWD,http://www.investing.com/equities/sintronic-tech
8016,103735,Sitronix,Taiwan,TWD,http://www.investing.com/equities/sitronix
2888,103446,SKFH,Taiwan,TWD,http://www.investing.com/equities/shin-kong-fhc
9925,103784,SKS,Taiwan,TWD,http://www.investing.com/equities/tw-shin-kong-s
2605,103389,SNC,Taiwan,TWD,http://www.investing.com/equities/sincere
2359,103259,Solomon Tech,Taiwan,TWD,http://www.investing.com/equities/solomon-tech
1471,103072,Solytech,Taiwan,TWD,http://www.investing.com/equities/solytech
5471,103649,Sonix Tech,Taiwan,TWD,http://www.investing.com/equities/sonix-tech
1440,103048,Tainan Spinning,Taiwan,TWD,http://www.investing.com/equities/tainan-spinnin
3055,103509,Spirox,Taiwan,TWD,http://www.investing.com/equities/spirox
1789,103161,SPT,Taiwan,TWD,http://www.investing.com/equities/scinopharm
1409,103032,SSFC,Taiwan,TWD,http://www.investing.com/equities/shinkong-syn-f
2062,103203,SSM,Taiwan,TWD,http://www.investing.com/equities/sunspring-meta
9918,103780,SSNG,Taiwan,TWD,http://www.investing.com/equities/shin-shin-nat
2480,103345,Stark Tech,Taiwan,TWD,http://www.investing.com/equities/stark
6581,1012873,Taiwan Steel Union,Taiwan,TWD,http://www.investing.com/equities/taiwan-steel-union-co-ltd
1316,103020,Sun Yad,Taiwan,TWD,http://www.investing.com/equities/sun-yad-tech
1721,103141,Sunko,Taiwan,TWD,http://www.investing.com/equities/sunko-ink
2421,103301,Sunonwealth,Taiwan,TWD,http://www.investing.com/equities/sunonwealth
2401,103288,Sunplus,Taiwan,TWD,http://www.investing.com/equities/sunplus-tech
2387,103280,Sunrex,Taiwan,TWD,http://www.investing.com/equities/sunrex
3266,950579,Sunty,Taiwan,TWD,http://www.investing.com/equities/sunty-develop
1786,103160,SVBI,Taiwan,TWD,http://www.investing.com/equities/svbi
3708,987186,Swancor,Taiwan,TWD,http://www.investing.com/equities/swancor-holding-co-ltd
5525,103655,Sweeten,Taiwan,TWD,http://www.investing.com/equities/sweeten-const
2206,103217,SYM,Taiwan,TWD,http://www.investing.com/equities/sanyang-indust
2347,103249,Synnex,Taiwan,TWD,http://www.investing.com/equities/synnex
6112,103669,Sysage Tech,Taiwan,TWD,http://www.investing.com/equities/sysage-tech
6214,103704,Systex,Taiwan,TWD,http://www.investing.com/equities/systex
3376,103536,SZS,Taiwan,TWD,http://www.investing.com/equities/shin-zu-shing
2812,103418,T.C.C.B.,Taiwan,TWD,http://www.investing.com/equities/taichung-comm
1724,103144,T.N.C.,Taiwan,TWD,http://www.investing.com/equities/tnc-indu
1441,103049,Tah Tong,Taiwan,TWD,http://www.investing.com/equities/tah-tong-texti
3056,103510,Zong Tai,Taiwan,TWD,http://www.investing.com/equities/zong-tai
3432,103541,Tai Twun,Taiwan,TWD,http://www.investing.com/equities/tai-twun
8039,103738,Taiflex,Taiwan,TWD,http://www.investing.com/equities/taiflex
3645,103578,Taimide Tech,Taiwan,TWD,http://www.investing.com/equities/taimide
1473,103074,Tainan,Taiwan,TWD,http://www.investing.com/equities/tainan-enter
4934,103621,Tainergy Tech,Taiwan,TWD,http://www.investing.com/equities/tainergy-tech
1220,102997,TaiRoun,Taiwan,TWD,http://www.investing.com/equities/tai-roun-produ
3338,103534,Taisol,Taiwan,TWD,http://www.investing.com/equities/taisol
1218,102995,Taisun,Taiwan,TWD,http://www.investing.com/equities/taisun
1309,103014,Taita,Taiwan,TWD,http://www.investing.com/equities/taita-chemical
2913,103460,Taiwan Tea,Taiwan,TWD,http://www.investing.com/equities/taiwan-tea-cor
2617,103401,Taiwanline,Taiwan,TWD,http://www.investing.com/equities/taiwan-nav
1737,103156,Taiyen,Taiwan,TWD,http://www.investing.com/equities/taiyen-biotech
1432,103041,Taroko,Taiwan,TWD,http://www.investing.com/equities/taroko-texl
2371,103268,Tatung,Taiwan,TWD,http://www.investing.com/equities/tatung-co-ltd
2834,103424,TBB,Taiwan,TWD,http://www.investing.com/equities/twn-biz-bank
5880,103664,TCFHC,Taiwan,TWD,http://www.investing.com/equities/tcfhc
2375,103271,Teapo,Taiwan,TWD,http://www.investing.com/equities/teapo
6235,103710,Waffer Tech,Taiwan,TWD,http://www.investing.com/equities/waffer-tech
3037,103495,Unimicron Tech,Taiwan,TWD,http://www.investing.com/equities/unimicron-tech
2388,103281,VIA Tech,Taiwan,TWD,http://www.investing.com/equities/via-tech
3021,103479,Welltend Tech,Taiwan,TWD,http://www.investing.com/equities/welltend
8021,103736,Topoint Tech,Taiwan,TWD,http://www.investing.com/equities/topoint-tech
3044,103500,Tripod Tech,Taiwan,TWD,http://www.investing.com/equities/tripod-tech
6668,1056072,Zhong Yang Tech,Taiwan,TWD,http://www.investing.com/equities/zhong-yang
1313,103017,UPC Technology,Taiwan,TWD,http://www.investing.com/equities/upc-tech
2321,1061546,Tecom,Taiwan,TWD,http://www.investing.com/equities/tecom
1445,103053,Universal Textile,Taiwan,TWD,http://www.investing.com/equities/universal-txet
2832,103422,TFMI,Taiwan,TWD,http://www.investing.com/equities/tfm-insurance
1802,103162,TGI,Taiwan,TWD,http://www.investing.com/equities/twn-glass-ind
6271,103716,THEIL,Taiwan,TWD,http://www.investing.com/equities/theil
8033,103737,Thunder Tiger,Taiwan,TWD,http://www.investing.com/equities/thunder-tiger
9902,103769,Tidehold,Taiwan,TWD,http://www.investing.com/equities/tidehold-devl
2430,103308,TKE,Taiwan,TWD,http://www.investing.com/equities/tsann-kuen-ent
2841,103428,TLDC,Taiwan,TWD,http://www.investing.com/equities/taiwan-land
9927,103786,TMI,Taiwan,TWD,http://www.investing.com/equities/thye-ming-indu
9907,103773,Ton Yi,Taiwan,TWD,http://www.investing.com/equities/ton-yi-ind
1319,103021,Tong Yang,Taiwan,TWD,http://www.investing.com/equities/tong-yang
4526,103606,TongTai,Taiwan,TWD,http://www.investing.com/equities/tong-tai-mach
2910,103457,Tonlin,Taiwan,TWD,http://www.investing.com/equities/tonlin-dept
2929,103463,TOPBI,Taiwan,TWD,http://www.investing.com/equities/topbi
4536,103608,Topkey,Taiwan,TWD,http://www.investing.com/equities/topkey
4725,103610,TPCC,Taiwan,TWD,http://www.investing.com/equities/tpcc
3673,103582,TPK,Taiwan,TWD,http://www.investing.com/equities/tpk-holding
1902,103169,TPPC,Taiwan,TWD,http://www.investing.com/equities/twn-pulp---pap
6183,103691,Trade-Van,Taiwan,TWD,http://www.investing.com/equities/trade-van-info
3030,103488,TRI,Taiwan,TWD,http://www.investing.com/equities/test-research
1568,941248,Tsang Yow,Taiwan,TWD,http://www.investing.com/equities/ty
6443,992665,TSEC,Taiwan,TWD,http://www.investing.com/equities/tsec-corp
2887,103445,TSFHC,Taiwan,TWD,http://www.investing.com/equities/taishin-fhc
2611,103395,TSI,Taiwan,TWD,http://www.investing.com/equities/tsi
1310,103015,TSMC,Taiwan,TWD,http://www.investing.com/equities/twn-styrene-mo
6278,103718,TSMT,Taiwan,TWD,http://www.investing.com/equities/taiwan-surface
2103,103206,TSRC,Taiwan,TWD,http://www.investing.com/equities/tsrc
8011,103734,TTCC,Taiwan,TWD,http://www.investing.com/equities/tai-tung
1232,103002,TTET,Taiwan,TWD,http://www.investing.com/equities/ttet-union
1454,103059,TTF,Taiwan,TWD,http://www.investing.com/equities/twn-taffeta-fa
2364,103263,Twinhead,Taiwan,TWD,http://www.investing.com/equities/twinhead-intl
3045,103501,TWM,Taiwan,TWD,http://www.investing.com/equities/taiwan-mobile
3042,103499,TXC,Taiwan,TWD,http://www.investing.com/equities/txc
2022,103188,Tycoons,Taiwan,TWD,http://www.investing.com/equities/tycoons
2426,103305,Tyntek,Taiwan,TWD,http://www.investing.com/equities/tyntek
2838,103427,UBOT,Taiwan,TWD,http://www.investing.com/equities/union-bk
1104,102984,UCC,Taiwan,TWD,http://www.investing.com/equities/universal-ceme
2482,103347,UIC,Taiwan,TWD,http://www.investing.com/equities/uniform
2404,103290,UIS,Taiwan,TWD,http://www.investing.com/equities/united-integ-s
2413,103295,UMEC,Taiwan,TWD,http://www.investing.com/equities/umec
6672,1058037,Ventec,Taiwan,TWD,http://www.investing.com/equities/ventec
1340,103030,Victory,Taiwan,TWD,http://www.investing.com/equities/victory
3454,103544,Vivotek,Taiwan,TWD,http://www.investing.com/equities/vivotek
6409,103726,Voltronic,Taiwan,TWD,http://www.investing.com/equities/voltronic
2455,103326,VPEC,Taiwan,TWD,http://www.investing.com/equities/visual-photoni
8110,103746,Walton,Taiwan,TWD,http://www.investing.com/equities/walton
2889,103447,Waterland,Taiwan,TWD,http://www.investing.com/equities/waterland-fin
2537,103377,We & Win,Taiwan,TWD,http://www.investing.com/equities/we--win
3033,103491,Weikeng,Taiwan,TWD,http://www.investing.com/equities/weikeng-indu
2436,103312,Weltrend,Taiwan,TWD,http://www.investing.com/equities/weltrend-semic
3419,103540,Wha Yu,Taiwan,TWD,http://www.investing.com/equities/wha-yu
2344,103247,Winbond,Taiwan,TWD,http://www.investing.com/equities/winbond
3416,950580,WinMate,Taiwan,TWD,http://www.investing.com/equities/winmate-communication-inc
2637,103403,Wisdom,Taiwan,TWD,http://www.investing.com/equities/wisdom
3231,103526,Wistron,Taiwan,TWD,http://www.investing.com/equities/wistron-corp
6669,1056073,Wiwynn,Taiwan,TWD,http://www.investing.com/equities/wiwynn
6285,103722,WNC,Taiwan,TWD,http://www.investing.com/equities/wistron-neweb
2727,103414,Wowprime,Taiwan,TWD,http://www.investing.com/equities/wowprime
2492,103354,WTC,Taiwan,TWD,http://www.investing.com/equities/walsin-tech
2316,103232,WUS,Taiwan,TWD,http://www.investing.com/equities/wus-printed-ci
1339,103029,Y.C.C.,Taiwan,TWD,http://www.investing.com/equities/y.c.c.
1726,103146,Y.C.P.,Taiwan,TWD,http://www.investing.com/equities/yung-chi
3705,103591,Y.S.H.,Taiwan,TWD,http://www.investing.com/equities/yungshin-globa
2327,103237,Yageo,Taiwan,TWD,http://www.investing.com/equities/yageo-corp
3622,103576,YFO,Taiwan,TWD,http://www.investing.com/equities/young-fast
1589,103110,YGG,Taiwan,TWD,http://www.investing.com/equities/ygg
1725,103145,YJE,Taiwan,TWD,http://www.investing.com/equities/yuan-jen
2609,103393,YMTC,Taiwan,TWD,http://www.investing.com/equities/yang-ming-mari
2227,103220,YNM,Taiwan,TWD,http://www.investing.com/equities/yulon-nissan
6131,103675,Yoko,Taiwan,TWD,http://www.investing.com/equities/yoko-tech
1323,103023,Yonyu,Taiwan,TWD,http://www.investing.com/equities/yon-yu-plastic
1507,103082,Yungtay,Taiwan,TWD,http://www.investing.com/equities/yungtay
4557,992661,Yusin,Taiwan,TWD,http://www.investing.com/equities/yusin-holding-corp
4958,103627,ZDT,Taiwan,TWD,http://www.investing.com/equities/zhen-ding
3028,103486,Zenitron,Taiwan,TWD,http://www.investing.com/equities/zenitron
2485,103350,Zinwell,Taiwan,TWD,http://www.investing.com/equities/zinwell
2420,103300,Zippy,Taiwan,TWD,http://www.investing.com/equities/zippy-tech
