BTCUSD,1031677,Bitcoin US Dollar,Exmo,USD
BTCRUB,1031678,Bitcoin Russian Ruble,Exmo,RUB
BTCEUR,1031680,Bitcoin Euro,Exmo,EUR
BTCUAH,1031687,Bitcoin Ukrainian Hryvnia,Exmo,UAH
BTCPLN,1055981,Bitcoin Polish Zloty,Exmo,PLN
BTCUSDT,1054920,Bitcoin Tether,Exmo,USDT
USDTRUB,1056905,Tether Russian Ruble,Exmo,RUB
ETHBTC,1031679,Ethereum Bitcoin,Exmo,BTC
ETHUSD,1031681,Ethereum US Dollar,Exmo,USD
ETHRUB,1031730,Ethereum Russian Ruble,Exmo,RUB
ETHEUR,1031684,Ethereum Euro,Exmo,EUR
ETHUAH,1031857,Ethereum Ukrainian Hryvnia,Exmo,UAH
ETHPLN,1055982,Ethereum Polish Zloty,Exmo,PLN
ETHLTC,1031686,Ethereum Litecoin,Exmo,LTC
BCHUSD,1055161,Bitcoin Cash US Dollar,Exmo,USD
BCHBTC,1055160,Bitcoin Cash Bitcoin,Exmo,BTC
BCHRUB,1055162,Bitcoin Cash Russian Ruble,Exmo,RUB
BCHETH,1056898,Bitcoin Cash Ethereum,Exmo,ETH
XRPUSD,1054878,Ripple US Dollar,Exmo,USD
XRPBTC,1054877,Ripple Bitcoin,Exmo,BTC
XRPRUB,1056895,Ripple Russian Ruble,Exmo,RUB
LTCBTC,1031689,Litecoin Bitcoin,Exmo,BTC
LTCUSD,1031688,Litecoin US Dollar,Exmo,USD
LTCRUB,1035795,Litecoin Russian Ruble,Exmo,RUB
LTCEUR,1056899,Litecoin Euro,Exmo,EUR
ETCUSD,1056894,Ethereum Classic US Dollar,Exmo,USD
ETCBTC,1056896,Ethereum Classic Bitcoin,Exmo,BTC
DASHBTC,1031683,Dash Bitcoin,Exmo,BTC
DASHUSD,1031685,Dash US Dollar,Exmo,USD
DASHRUB,1031690,Dash Russian Ruble,Exmo,RUB
ZECUSD,1031856,Zcash US Dollar,Exmo,USD
ZECBTC,1054884,Zcash Bitcoin,Exmo,BTC
ZECRUB,1055899,Zcash Russian Ruble,Exmo,RUB
ZECEUR,1056901,Zcash Euro,Exmo,EUR
XMRUSD,1054883,Monero US Dollar,Exmo,USD
XMRBTC,1055848,Monero Bitcoin,Exmo,BTC
XMREUR,1056904,Monero Euro,Exmo,EUR
BTGUSD,1076560,Bitcoin Gold US Dollar,Exmo,USD
BTGBTC,1076561,Bitcoin Gold Bitcoin,Exmo,BTC
