ANYB,13149,ANY PLC,BUX,HUF
APPB,32505,Appeninn Nyrt.,BUX,HUF
ELMU,951575,Budapesti Elektromos Muvek Nyrt,BUX,HUF
CIGP,32503,CIG Pannonia Life Insurance PLC,BUX,HUF
EMAS,948373,Eszak Magyar Aramszolgaltato,BUX,HUF
FHBK,13142,FHB Mortgage Bank Co PLC,BUX,HUF
GSPA,948374,Graphisoft Park Se Ingatl Eur,BUX,HUF
MTEL,8808,Magyar Telekom PLC,BUX,HUF
MOLB,8755,MOL PLC,BUX,HUF
OTPB,8736,OTP Bank PLC,BUX,HUF
PANP,9232,PannErgy Nyrt,BUX,HUF
RABA,13176,Raba,BUX,HUF
GDRB,8781,Richter Gedeon PLC,BUX,HUF
ZWCG,950011,Zwack Unicum Likoripari,BUX,HUF
