0P00016G58,1018440,RBC Select Balanced Portfolio Series F,,
0P0000G12J,1018439,RBC Select Balanced Portfolio Series F,,
0P0000706A,1018441,RBC Select Balanced Portfolio Series A,,
0P0000X21G,1018438,RBC Select Balanced Portfolio Series T5,,
0P00016G56,1018442,RBC Select Balanced Portfolio Series A,,
0P00016G57,1018444,RBC Select Balanced Portfolio Series Adv,,
0P000075A9,1018443,RBC Select Balanced Portfolio Series Adv,,
0P00016G5B,1018448,RBC Select Conservative Portfolio Series F,,
0P0000G12I,1018447,RBC Select Conservative Portfolio Series F,,
0P0000759Y,1021582,RBC Bond Adv,,
0P0000A0F3,1021585,RBC Bond Sr D,,
0P00007068,1021584,RBC Bond Sr A,,
0P000075U5,1021586,RBC Bond Sr F,,
0P00016G49,1018362,RBC Canadian Dividend Fund Series D,,
0P0000A0F6,1018361,RBC Canadian Dividend Fund Series D,,
0P000075U9,1018363,RBC Canadian Dividend Fund Series F,,
0P00016G4A,1018364,RBC Canadian Dividend Fund Series F,,
0P0000NFYA,1021587,RBC Canadian Dividend Fund Series I,,
0P0000ZCOW,1021008,Investors Dividend TU,,
0P0000ZCOT,1021009,Investors Dividend U,,
0P000075V1,1021894,TD Canadian Bond - F,,
0P00010YHB,1021895,TD Canadian Bond Fund - Premium F series,,
0P00009U35,1021898,TD Canadian Core Plus Bond - F,,
0P00010YHI,1021899,TD Canadian Core Plus Bond Fund - Premium F series,,
0P00016G5H,1018457,RBC Select Very Conservative Portfolio Series F,,
0P0000JRD4,1018456,RBC Select Very Conservative Portfolio Series F,,
0P0000JO4E,1020424,EdgePoint Global Portfolio Series F,,
0P0000IUYO,1020422,EdgePoint Global Portfolio Series A,,
0P0000PTRR,1020420,EdgePoint Glbl Port non-HST Sr BN,,
0P0000PTRU,1020421,EdgePoint Glbl Port non-HST Sr FN,,
0P0000JO4M,1020423,EdgePoint Global Portfolio Series B,,
0P0000PTRQ,1020419,EdgePoint Glbl Port non-HST Sr AN,,
LP68003641,1011492,PH&N Bond D,,
0P00009AJC,1021500,PH N Bond F,,
0P00016G5C,1018455,RBC Select Growth Portfolio Series A,,
0P00007069,1018454,RBC Select Growth Portfolio Series A,,
0P000075AD,1018452,RBC Select Growth Portfolio Series Adv,,
0P00016G5E,1018450,RBC Select Growth Portfolio Series F,,
0P00016G5D,1018453,RBC Select Growth Portfolio Series Adv,,
0P0000G12H,1018449,RBC Select Growth Portfolio Series F,,
0P0000X21I,1018451,RBC Select Growth Portfolio Series T5,,
0P0000NFNA,1018093,Manulife Strategic Income Fund Series F,,
0P0000STRF,1018094,Manulife Strategic Income Fund Series F,,
0P0000X6Q1,1018092,Manulife Strategic Income Fund Series FT6,,
0P0000RQLX,1021531,PH N Total Return Bond Adv,,
0P000071VP,1021532,PH N Total Return Bond D,,
0P0000IL32,1021530,PH N Total Return Bond A,,
0P00009AJJ,1021533,PH N Total Return Bond F,,
0P000072SQ,1017825,Manulife Monthly High Income Fund Series Adv,,
0P0000FX2R,1017822,Manulife Monthly High Income Fund Series B,,
0P0000PTKU,1017823,Manulife Monthly High Income Fund Series T6,,
0P000075RI,1017824,Manulife Monthly High Income Fund Series F,,
0P0000X6PM,1017821,Manulife Monthly High Income Fund Series FT6,,
0P000070R0,1021944,TD Monthly Income - I,,
0P000076I2,1021943,TD Monthly Income - H,,
0P000076IG,1021942,TD Monthly Income - F,,
0P000071LQ,1021941,TD Monthly Income - A,,
0P000076I3,1021946,TD Monthly Income - T,,
0P000076IN,1021945,TD Monthly Income - S,,
0P00010ZPF,1021928,TD Global Low Volatility Fund - Premium F series,,
0P0000UVX8,1021927,TD Global Low Volatility F,,
0P00010YWP,1021908,TD Dividend Growth Fund - Premium F series,,
0P000070LL,1043205,TD Dividend Growth - I,,
0P000075V9,1021905,TD Dividend Growth - F,,
0P00009V0U,1021906,TD Dividend Growth - S,,
0P00010YWO,1021909,TD Dividend Growth Fund - Premium series,,
0P0000JO4O,1019313,EdgePoint Global Growth Inc Port Sr F,,
0P0000PTS0,1019311,EdgePoint Glbl Gr Inc Pt non-HSTFN,,
0P0000IUYM,1019312,EdgePoint Global Growth Inc Port Sr A,,
0P0000JO4Q,1019314,EdgePoint Global Growth Inc Port Sr B,,
0P0000PTRV,1019309,EdgePoint Glbl Gr Inc Pt non-HSTBN,,
0P0000PTRY,1019310,EdgePoint Glbl Gr Inc Pt non-HSTAN,,
0P000074LY,1019656,BlackRock US Equity Index B,,
0P000074MN,1019631,BEUTEL GOODMAN CANADIAN EQUITY-PF,,
0P000075ZO,1018613,Scotia Canadian Dividend Fund Series F,,
0P00009YBH,1021685,Scotia Canadian Dividend Fund Advisor Series,,
0P000071C8,1018612,Scotia Canadian Dividend Fund Series A,,
0P00007149,1021419,Mawer International Equity Fund Class A,,
0P0000727K,1019987,Capital Group Global Equity Fund Canada Series F,,
0P0000A363,1019988,Capital Group Global Equity Fund Canada Series F,,
0P0000Z6AX,1019990,Capital Group Global Equity Fund Canada Series E,,
0P0000A362,1019994,Capital Group Global Equity Fund Canada Series D,,
0P0000NCDE,1019996,Capital Group Global Equity Fund Canada Series B,,
0P0000723X,1019993,Capital Group Global Equity Fund Canada Series D,,
0P0000A361,1019992,Capital Group Global Equity Fund Canada Series A,,
0P000071YR,1019991,Capital Group Global Equity Fund Canada Series A,,
0P0000Z6AJ,1019989,Capital Group Global Equity Fund Canada Series E,,
0P000076VN,1019995,Capital Group Global Equity Fund Canada Series B,,
0P00015403,1021730,SSGA MSCI EAFE Index NL QP Common Trust,,
0P000071HB,1021528,PH N Short Term Bond Mortgage D,,
0P00009AJK,1021529,PH N Short Term Bond Mortgage F,,
0P0000OXA8,1018327,PH N US Multi-Style All-Cap Equity F,,
0P0000OXA7,1018326,PH N US Multi-Style All-Cap Equity D,,
0P0000S9O6,1021547,PIMCO Monthly Income F,,
0P00007586,1021348,MANULIFE MMF MONTHLY HIGH INCOME,,
0P0000A0F2,1021580,RBC Balanced Sr D,,
0P000075U3,1021581,RBC Balanced Sr F,,
0P0000ZCOS,1021026,Investors Mortgage Short Term Income Fund Series U,,
0P0000X081,1021955,TD Tactical Monthly Income I,,
0P0000X07G,1021957,TD Tactical Monthly Income T,,
