4001,11719,A.Othaim Market,Saudi Arabia,SAR,http://www.investing.com/equities/a.othaim-markets
4191,997122,Abdullah Saad Mohammed,Saudi Arabia,SAR,http://www.investing.com/equities/abdullah-saad-mohammed-abo-moati
3010,11711,ACC,Saudi Arabia,SAR,http://www.investing.com/equities/arab-cement-co
2140,11688,ADC,Saudi Arabia,SAR,http://www.investing.com/equities/al-ahsa-dev.
2330,11705,Advanced,Saudi Arabia,SAR,http://www.investing.com/equities/adv-petrochemicals
8160,11629,AICC,Saudi Arabia,SAR,http://www.investing.com/equities/aicc
8280,11641,Al Alamiya,Saudi Arabia,SAR,http://www.investing.com/equities/al-alamiya
4320,962550,Al Andalus Property,Saudi Arabia,SAR,http://www.investing.com/equities/al-andalus-property-co-sjsc
4012,1025124,Al Aseel,Saudi Arabia,SAR,http://www.investing.com/equities/al-aseel
4007,940928,Al Hammadi Co,Saudi Arabia,SAR,http://www.investing.com/equities/al-hammadi-co
1820,103950,Al Hokair Group,Saudi Arabia,SAR,http://www.investing.com/equities/al-hokair-group
3008,1025125,Al Kathiri,Saudi Arabia,SAR,http://www.investing.com/equities/al-kathiri
4334,1053058,Al Maather REIT,Saudi Arabia,SAR,http://www.investing.com/equities/al-matheer-reit
4337,1062590,Al Mashaar,Saudi Arabia,SAR,http://www.investing.com/equities/al-mashaar
7200,1129465,Al Moammar Info,Saudi Arabia,SAR,http://www.investing.com/equities/al-moammar-info
9502,997124,Al Omran Industrial,Saudi Arabia,SAR,http://www.investing.com/equities/al-omran-industrial-trading-co
1120,11665,Al Rajhi,Saudi Arabia,SAR,http://www.investing.com/equities/al-rajhi-bank
4340,1090528,Al Rajhi REIT,Saudi Arabia,SAR,http://www.investing.com/equities/al-rajhi-reit
1304,980213,Al Yamamah Steel,Saudi Arabia,SAR,http://www.investing.com/equities/al-yamamah-steel-industries-co
8140,11627,Al-Ahlia,Saudi Arabia,SAR,http://www.investing.com/equities/al-ahlia
2320,11704,AL-BABTAIN,Saudi Arabia,SAR,http://www.investing.com/equities/al-babtain
9504,997126,Al-Samaani Factory Metal,Saudi Arabia,SAR,http://www.investing.com/equities/al-samaani-factory-metal-industries
2340,11706,AlAbdullatif,Saudi Arabia,SAR,http://www.investing.com/equities/alabdullatif
4338,1057695,AlAhli REITs,Saudi Arabia,SAR,http://www.investing.com/equities/alahli-reits
1040,11660,Alawwal Bank,Saudi Arabia,SAR,http://www.investing.com/equities/hollandi-bank
1140,11666,ALBILAD,Saudi Arabia,SAR,http://www.investing.com/equities/bank-albilad
4200,11738,Aldrees,Saudi Arabia,SAR,http://www.investing.com/equities/aldrees
4240,11742,AlHokair,Saudi Arabia,SAR,http://www.investing.com/equities/alhokair
1150,11667,Alinma,Saudi Arabia,SAR,http://www.investing.com/equities/alinma
8312,40411,Alinma Tokio M,Saudi Arabia,SAR,http://www.investing.com/equities/tokio-marine-saudi-arabia
4331,996548,AlJazira REIT,Saudi Arabia,SAR,http://www.investing.com/equities/aljazira-mawten-reit
8012,48638,Aljazira Takaful Taawuni Company,Saudi Arabia,SAR,http://www.investing.com/equities/aljazira-takaful-taawuni-company
6070,11654,ALJOUF,Saudi Arabia,SAR,http://www.investing.com/equities/jouf-agr-dev-co
4348,1141641,Alkhabeer REIT,Saudi Arabia,SAR,http://www.investing.com/equities/alkhabeer-reit
4290,11747,Alkhaleej Trng,Saudi Arabia,SAR,http://www.investing.com/equities/alkhaleej-trng
1330,19028,ALKHODARI,Saudi Arabia,SAR,http://www.investing.com/equities/alkhodari
8040,11617,Allianz SF,Saudi Arabia,SAR,http://www.investing.com/equities/allianz-sf
8150,11628,Allied Insurance,Saudi Arabia,SAR,http://www.investing.com/equities/acig
2280,11645,Almarai,Saudi Arabia,SAR,http://www.investing.com/equities/almarai-co.
8230,11636,AlRajhi Takaful,Saudi Arabia,SAR,http://www.investing.com/equities/alrajhi-takaful
1213,11671,AlSorayai Group,Saudi Arabia,SAR,http://www.investing.com/equities/alsorayai-group
2170,11691,Alujain,Saudi Arabia,SAR,http://www.investing.com/equities/alujain
8310,19027,Amana Insurance,Saudi Arabia,SAR,http://www.investing.com/equities/amana-insurance
2160,11690,Amiantit,Saudi Arabia,SAR,http://www.investing.com/equities/amiantit
4061,11646,Anaam Holding,Saudi Arabia,SAR,http://www.investing.com/equities/anaam-holding
8011,103953,Anb Insurance,Saudi Arabia,SAR,http://www.investing.com/equities/anb-insurance
2200,11694,APC,Saudi Arabia,SAR,http://www.investing.com/equities/arabian-pipe
9505,997127,Arab Sea Information,Saudi Arabia,SAR,http://www.investing.com/equities/arab-sea-information-systems-co
4321,1131253,Arabian Centres,Saudi Arabia,SAR,http://www.investing.com/equities/arabian-centres-co
8070,11620,Arabian Shield,Saudi Arabia,SAR,http://www.investing.com/equities/arabian-shield
4150,11733,ARDCO,Saudi Arabia,SAR,http://www.investing.com/equities/arriyadh-dev
1080,11663,ARNB,Saudi Arabia,SAR,http://www.investing.com/equities/arab-national-bank
4080,11727,Aseer,Saudi Arabia,SAR,http://www.investing.com/equities/assir-trading
1301,19029,ASLAK,Saudi Arabia,SAR,http://www.investing.com/equities/united-wire-factories
1212,11670,Astra Indust,Saudi Arabia,SAR,http://www.investing.com/equities/astra-indust
4292,1142328,Ataa,Saudi Arabia,SAR,http://www.investing.com/equities/ataa-educational-co
8130,11626,ATC,Saudi Arabia,SAR,http://www.investing.com/equities/alahli-takaful
7040,11753,Atheeb Telecom,Saudi Arabia,SAR,http://www.investing.com/equities/atheeb-telecom
8250,11638,AXA-Cooperative,Saudi Arabia,SAR,http://www.investing.com/equities/axa-cooperative
4051,997125,Baazeem Trading,Saudi Arabia,SAR,http://www.investing.com/equities/baazeem-trading-co
4030,11723,Bahri,Saudi Arabia,SAR,http://www.investing.com/equities/nat-shipping-co
1302,103949,Bawan,Saudi Arabia,SAR,http://www.investing.com/equities/bawan
1210,11668,BCI,Saudi Arabia,SAR,http://www.investing.com/equities/bci
1020,11658,BJAZ,Saudi Arabia,SAR,http://www.investing.com/equities/al-jazira-bank
4347,1141640,Bonyan REIT,Saudi Arabia,SAR,http://www.investing.com/equities/bonyan-reit
1050,11661,BSFR,Saudi Arabia,SAR,http://www.investing.com/equities/banque-sa-france
4260,11744,Budget Saudi,Saudi Arabia,SAR,http://www.investing.com/equities/budget-saudi
8210,11634,Bupa Arabia,Saudi Arabia,SAR,http://www.investing.com/equities/bupa-arabia
8270,11640,Buruj,Saudi Arabia,SAR,http://www.investing.com/equities/buruj
4005,40966,Care,Saudi Arabia,SAR,http://www.investing.com/equities/national-medical-care-co
6004,40409,Catering,Saudi Arabia,SAR,http://www.investing.com/equities/saudi-airlines-catering
2001,11675,CHEMANOL,Saudi Arabia,SAR,http://www.investing.com/equities/chemanol
8240,11637,CHUBB Arabia Cooperative,Saudi Arabia,SAR,http://www.investing.com/equities/ace-arabia-corporative
3003,40408,City Cement,Saudi Arabia,SAR,http://www.investing.com/equities/city-cement-co
4004,40965,Dallah Health,Saudi Arabia,SAR,http://www.investing.com/equities/dallah-healthcare-hold-co
4300,11748,Dar Al Arkan,Saudi Arabia,SAR,http://www.investing.com/equities/dar-al-arkan
4339,1073180,Derayah REIT,Saudi Arabia,SAR,http://www.investing.com/equities/derayah-reit
9501,997123,Development Works Food,Saudi Arabia,SAR,http://www.investing.com/equities/development-works-food-co
4013,1159097,Dr Sulaiman,Saudi Arabia,SAR,http://www.investing.com/equities/dr-sulaiman-al-habib-medical
4010,11721,Dur Hospitality,Saudi Arabia,SAR,http://www.investing.com/equities/saudi-hotels
1303,943613,Electrical Industries,Saudi Arabia,SAR,http://www.investing.com/equities/elect-indus
4220,11740,Emaar EC,Saudi Arabia,SAR,http://www.investing.com/equities/emaar-econ-city
8311,40410,Enaya,Saudi Arabia,SAR,http://www.investing.com/equities/saudi-enaya-cooperative-insurance
3080,11717,EPCCO,Saudi Arabia,SAR,http://www.investing.com/equities/cement-east
7020,11751,Etihad Etisalat,Saudi Arabia,SAR,http://www.investing.com/equities/etihad-etisala
4003,19031,Extra,Saudi Arabia,SAR,http://www.investing.com/equities/united-electronics
2180,11692,FIPCO,Saudi Arabia,SAR,http://www.investing.com/equities/fipco
4180,11736,Fitaihi Group,Saudi Arabia,SAR,http://www.investing.com/equities/ahmed-fitaihi
6020,11650,GACO,Saudi Arabia,SAR,http://www.investing.com/equities/qassim-agriculture
2080,11683,GASCO,Saudi Arabia,SAR,http://www.investing.com/equities/natl-gas---industry
2100,11643,githaiah,Saudi Arabia,SAR,http://www.investing.com/equities/food-products
8260,11639,Gulf General,Saudi Arabia,SAR,http://www.investing.com/equities/gulf-general
8120,11625,Gulf Union,Saudi Arabia,SAR,http://www.investing.com/equities/gulf-union
6001,11647,H B,Saudi Arabia,SAR,http://www.investing.com/equities/halwani-bros
3001,19032,HCC,Saudi Arabia,SAR,http://www.investing.com/equities/hail-cement
6002,11648,Herfy Foods,Saudi Arabia,SAR,http://www.investing.com/equities/herfy-foods
4250,11743,Jabal Omar,Saudi Arabia,SAR,http://www.investing.com/equities/jabal-omar
4332,1010626,Jadwa REIT Al Haramain,Saudi Arabia,SAR,http://www.investing.com/equities/jadwa-reit-al-haramain-fund
4342,1127827,Jadwa REIT Saudi,Saudi Arabia,SAR,http://www.investing.com/equities/jadwa-reit-al-haramain
4190,11737,Jarir,Saudi Arabia,SAR,http://www.investing.com/equities/jarir-mkting-c
6090,11656,JAZADCO,Saudi Arabia,SAR,http://www.investing.com/equities/jazan-dev-co
3091,19023,Jouf Cement,Saudi Arabia,SAR,http://www.investing.com/equities/jouf-cement
4310,19030,KEC,Saudi Arabia,SAR,http://www.investing.com/equities/kec
4280,11746,Kingdom,Saudi Arabia,SAR,http://www.investing.com/equities/kingdom
4011,985835,Lazurde for Jewelry,Saudi Arabia,SAR,http://www.investing.com/equities/lazurde-for-jewelry-co
1830,1097263,Leejam Sports,Saudi Arabia,SAR,http://www.investing.com/equities/leejam-sports
1211,11669,MAADEN,Saudi Arabia,SAR,http://www.investing.com/equities/maaden
2220,11696,Maadaniyah,Saudi Arabia,SAR,http://www.investing.com/equities/natl-metal
1831,1148091,Maharah Human Res,Saudi Arabia,SAR,http://www.investing.com/equities/maharah-human-resources-co
8020,11615,Malath Insurance,Saudi Arabia,SAR,http://www.investing.com/equities/malath
4100,11729,MCDC,Saudi Arabia,SAR,http://www.investing.com/equities/makkah-constru
8030,11616,MEDGULF,Saudi Arabia,SAR,http://www.investing.com/equities/medgulf
4346,1141642,Mefic REIT,Saudi Arabia,SAR,http://www.investing.com/equities/mefic-reit
2370,11709,MESC,Saudi Arabia,SAR,http://www.investing.com/equities/mesc
4009,969107,Middle East Healthcare,Saudi Arabia,SAR,http://www.investing.com/equities/middle-east-healthcare-co
1202,953109,Middle East Paper Co,Saudi Arabia,SAR,http://www.investing.com/equities/middle-east-paper-co
4002,11720,Mouwasat,Saudi Arabia,SAR,http://www.investing.com/equities/mouwasat-med-serv
4110,11730,mubarrad,Saudi Arabia,SAR,http://www.investing.com/equities/mubarrad
4336,1054997,Mulkia Gulf,Saudi Arabia,SAR,http://www.investing.com/equities/mulkia-gulf
4335,1054998,Musharaka,Saudi Arabia,SAR,http://www.investing.com/equities/musharaka
6010,11649,NADEC,Saudi Arabia,SAR,http://www.investing.com/equities/natl-agr-dev
3002,40407,Najran Cement,Saudi Arabia,SAR,http://www.investing.com/equities/najran-cement
2210,11695,Nama Chemicals,Saudi Arabia,SAR,http://www.investing.com/equities/nama-chems-co
9510,1159073,National Building,Saudi Arabia,SAR,http://www.investing.com/equities/national-building-and-marketing-co
1180,942783,National Com Bnk,Saudi Arabia,SAR,http://www.investing.com/equities/national-com-bnk
4291,1116144,National Company Learning,Saudi Arabia,SAR,http://www.investing.com/equities/national-company-learning
2090,11684,NGC,Saudi Arabia,SAR,http://www.investing.com/equities/nat-gypsum-co
3004,48637,Northern Region Cement Co,Saudi Arabia,SAR,http://www.investing.com/equities/northern-region-cement-co
2380,11710,Petro Rabigh,Saudi Arabia,SAR,http://www.investing.com/equities/petro-rabigh
2002,11676,Petrochem,Saudi Arabia,SAR,http://www.investing.com/equities/petrochem
3040,11714,QACCO,Saudi Arabia,SAR,http://www.investing.com/equities/qassim-cement
6012,997128,Raydan,Saudi Arabia,SAR,http://www.investing.com/equities/raydan-co
4230,11741,Red Sea,Saudi Arabia,SAR,http://www.investing.com/equities/red-sea-housin
1010,11657,RIBL,Saudi Arabia,SAR,http://www.investing.com/equities/riyad-bank
4330,994496,Riyad REIT,Saudi Arabia,SAR,http://www.investing.com/equities/riyad-reit
1060,11662,SABB,Saudi Arabia,SAR,http://www.investing.com/equities/sabb
8080,11621,SABB Takaful,Saudi Arabia,SAR,http://www.investing.com/equities/sabb-takaful
2010,11677,SABIC,Saudi Arabia,SAR,http://www.investing.com/equities/sa-basic-ind
2270,11644,SADAFCO,Saudi Arabia,SAR,http://www.investing.com/equities/sa-dairy---foo
2020,11678,SAFCO,Saudi Arabia,SAR,http://www.investing.com/equities/sa-fertilizers
8180,11631,Sagr Insurance,Saudi Arabia,SAR,http://www.investing.com/equities/sagr-insurance
1030,11659,saib,Saudi Arabia,SAR,http://www.investing.com/equities/saudi-inv-bank
2120,11686,SAIC,Saudi Arabia,SAR,http://www.investing.com/equities/saudi-adv-ind
8100,11623,SAICO,Saudi Arabia,SAR,http://www.investing.com/equities/saico
8050,11618,SALAMA,Saudi Arabia,SAR,http://www.investing.com/equities/salama
1090,11664,samba,Saudi Arabia,SAR,http://www.investing.com/equities/samba-fin-grou
4040,11724,SAPTCO,Saudi Arabia,SAR,http://www.investing.com/equities/public-transpo
2030,11679,SARCO,Saudi Arabia,SAR,http://www.investing.com/equities/sa-refineries
4050,11725,SASCO,Saudi Arabia,SAR,http://www.investing.com/equities/saudi-automoti
2222,1153650,Saudi Aramco,Saudi Arabia,SAR,http://www.investing.com/equities/saudi-aramco
3020,11712,YSCC,Saudi Arabia,SAR,http://www.investing.com/equities/yamamah-cement
3007,1050725,Zahrat Al Waha,Saudi Arabia,SAR,http://www.investing.com/equities/zahrat-al-waha
7030,11752,ZAIN KSA,Saudi Arabia,SAR,http://www.investing.com/equities/zain-ksa
2240,11698,Zamil Indust,Saudi Arabia,SAR,http://www.investing.com/equities/zamil-ind-inv
2150,11689,Zoujaj,Saudi Arabia,SAR,http://www.investing.com/equities/nat-co-glass-i
2110,11685,Saudi cable,Saudi Arabia,SAR,http://www.investing.com/equities/saudi-cable-co
3030,11713,Saudi cement,Saudi Arabia,SAR,http://www.investing.com/equities/saudi-cement
2040,11680,Saudi Ceramics,Saudi Arabia,SAR,http://www.investing.com/equities/saudi-ceramics
2230,11697,Saudi chemical,Saudi Arabia,SAR,http://www.investing.com/equities/saudi-chemical
4008,953110,Saudi Company Hardware,Saudi Arabia,SAR,http://www.investing.com/equities/saudi-company-hardware
5110,11749,Saudi Electric.,Saudi Arabia,SAR,http://www.investing.com/equities/saudi-electric
4031,954945,Saudi Ground Services Co,Saudi Arabia,SAR,http://www.investing.com/equities/saudi-ground-services-co
2350,11707,Saudi Kayan,Saudi Arabia,SAR,http://www.investing.com/equities/saudi-kayan
4006,103952,Saudi Marke,Saudi Arabia,SAR,http://www.investing.com/equities/saudi-marke
8200,11633,Saudi Re,Saudi Arabia,SAR,http://www.investing.com/equities/saudi-re
2050,11642,Savola Group,Saudi Arabia,SAR,http://www.investing.com/equities/savola-group
4344,1097260,Sedco Capital,Saudi Arabia,SAR,http://www.investing.com/equities/sedco-capital-reit
1810,40406,SEERA,Saudi Arabia,SAR,http://www.investing.com/equities/al-tayyar-travel-group
6050,11652,SFICO,Saudi Arabia,SAR,http://www.investing.com/equities/saudi-fisherie
1214,11672,SHAKER,Saudi Arabia,SAR,http://www.investing.com/equities/shaker
6060,11653,Sharqiya Dev Co,Saudi Arabia,SAR,http://www.investing.com/equities/sharqiya-dec-co
2130,11687,SIDC,Saudi Arabia,SAR,http://www.investing.com/equities/sa-indust-dev
4140,11732,SIECO,Saudi Arabia,SAR,http://www.investing.com/equities/saudi-ind-exports
2250,11699,SIIG,Saudi Arabia,SAR,http://www.investing.com/equities/saudi-ind-inv
2310,11703,Sipchem,Saudi Arabia,SAR,http://www.investing.com/equities/sipchem
2190,11693,SISCO,Saudi Arabia,SAR,http://www.investing.com/equities/saudi-ind-serv
8290,19026,Solidarity,Saudi Arabia,SAR,http://www.investing.com/equities/solidarity-saudi-takaful
3050,11715,spcc,Saudi Arabia,SAR,http://www.investing.com/equities/cement-south
2070,11682,SPIMACO,Saudi Arabia,SAR,http://www.investing.com/equities/pharmaceutical
2300,11702,SPM,Saudi Arabia,SAR,http://www.investing.com/equities/saudi-paper
4270,11745,SPPC,Saudi Arabia,SAR,http://www.investing.com/equities/sppc
4020,11722,SRECO,Saudi Arabia,SAR,http://www.investing.com/equities/saudi-real-est
4210,11739,SRMG,Saudi Arabia,SAR,http://www.investing.com/equities/sa-res---mktin
1320,11674,SSP,Saudi Arabia,SAR,http://www.investing.com/equities/ssp
7010,11750,STC,Saudi Arabia,SAR,http://www.investing.com/equities/saudi-telecom
2360,11708,SVCP,Saudi Arabia,SAR,http://www.investing.com/equities/svcp
4345,1141643,Swicorp Wabel REIT,Saudi Arabia,SAR,http://www.investing.com/equities/swicorp-wabel-reit
6040,11651,TADCO,Saudi Arabia,SAR,http://www.investing.com/equities/tabuk-agr-dev
4090,11728,Taiba,Saudi Arabia,SAR,http://www.investing.com/equities/taibah
1201,40405,Takween,Saudi Arabia,SAR,http://www.investing.com/equities/takween-advanced-industries
4333,1011863,Taleem REIT,Saudi Arabia,SAR,http://www.investing.com/equities/taleem-reit-fund
4070,11726,TAPRCO,Saudi Arabia,SAR,http://www.investing.com/equities/tihama
2060,11681,TASNEE,Saudi Arabia,SAR,http://www.investing.com/equities/nat-industry
8010,11614,Tawuniya,Saudi Arabia,SAR,http://www.investing.com/equities/tawuniya
3090,11718,TCC,Saudi Arabia,SAR,http://www.investing.com/equities/tabuk-cement
4170,11735,TECO,Saudi Arabia,SAR,http://www.investing.com/equities/tourism-ent
4160,11734,THIMAR,Saudi Arabia,SAR,http://www.investing.com/equities/natl-agr-mktin
8170,11630,Trade Union,Saudi Arabia,SAR,http://www.investing.com/equities/trade-union
8190,11632,U C A,Saudi Arabia,SAR,http://www.investing.com/equities/uca
3005,103951,Umm Al-Qura,Saudi Arabia,SAR,http://www.investing.com/equities/umm-al-qura
8110,11624,WAFA Insurance,Saudi Arabia,SAR,http://www.investing.com/equities/saudi-indian
8060,11619,Walaa,Saudi Arabia,SAR,http://www.investing.com/equities/walaa-insurance
8300,19025,Wataniya,Saudi Arabia,SAR,http://www.investing.com/equities/wataniya-insurance
2290,11701,YANSAB,Saudi Arabia,SAR,http://www.investing.com/equities/yansab
3060,11716,YCC,Saudi Arabia,SAR,http://www.investing.com/equities/yanbu-cement
