ANDR,590,Andritz AG,ATX,EUR
CAIV,9219,CA Immobilien Anlagen AG,ATX,EUR
CONW,596,Conwert Immobilien Invest SE,ATX,EUR
ERST,592,Erste Group Bank AG,ATX,EUR
VIEV,609,Flughafen Wien AG,ATX,EUR
IMFI,598,Immofinanz AG,ATX,EUR
LENV,18894,Lenzing AG,ATX,EUR
MMKV,606,Mayr-Melnhof Karton AG,ATX,EUR
POST,9233,Oesterr. Post AG,ATX,EUR
OMVV,601,OMV AG,ATX,EUR
RBIV,602,Raiffeisen Bank Internat. AG,ATX,EUR
RHIV,607,RHI AG,ATX,EUR
SBOE,605,Schoeller-Bleckmann AG,ATX,EUR
TELA,600,Telekom Austria AG,ATX,EUR
UNIQ,615,Uniqa Insurance Group AG,ATX,EUR
VERB,612,Verbund AG Kat. A,ATX,EUR
VIGR,13056,Vienna Insurance Group AG,ATX,EUR
VOES,610,Voestalpine AG,ATX,EUR
WBSV,613,Wienerberger AG,ATX,EUR
ZUMV,9249,Zumtobel AG,ATX,EUR
