510270,999112,BOC SSE State-owned Enterprises 100,,
510010,999113,BOCOM SSE 180 Corporate Governance,,
513500,999114,Bosera S&P 500 QDII,,
510410,999116,Bosera SSE Natural Resource,,
510020,999117,Bosera SSE Super Large-Cap,,
159908,999183,Bosera SZSE Fundamental 200,,
159956,1072344,CCB Principal ChiNext,,
512180,1080147,CCB Principal MSCI China A Index,,
510800,1061952,CCB Principal SSE 50,,
510090,999118,CCB Principal SSE Social Responsibility,,
159916,999184,CCB Principal SZSE Fundamental 60,,
510380,1065344,China Life AMP CSI 300,,
510560,999119,China Life AMP CSI 500,,
511970,999120,China Life AMP Money Market,,
510500,999121,China Southern CSI 500,,
512310,999122,China Southern CSI 500 Industrial,,
512330,999123,China Southern CSI 500 Information Technology,,
512300,999124,China Southern CSI 500 Pharmaceutical,,
512340,999125,China Southern CSI 500 Raw Materials,,
512900,1014045,China Southern CSI All Share Banking & Brokerage,,
512700,1043094,China Southern CSI Bank,,
512400,1045802,China Southern CSI SWS Non-Ferrous Metal ,,
510160,999126,China Southern CSI Well-off Industry,,
513600,999127,China Southern Hang Seng,,
159954,1073064,China Southern Hang Seng China,,
510290,999128,China Southern SSE 380,,
159903,999185,China Southern SZSE Component,,
510810,999129,China Universal CSI Shanghai Stated Owned,,
159912,999186,China Universal SZSE 300 Price,,
510050,999130,ChinaAMC China 50,,
512500,999131,ChinaAMC China Secs 500,,
510330,999132,ChinaAMC CSI 300 SS,,
159920,999187,ChinaAMC Hang Seng QDII,,
512990,999133,ChinaAMC MSCI China A Share,,
513660,999134,ChinaAMC SHK Hang Sheng,,
159902,999188,ChinaAMC Small & Medium Enterprise Board,,
510630,999135,ChinaAMC SSE Consumer Staples Sector,,
510650,999136,ChinaAMC SSE Financials Sector,,
510660,999137,ChinaAMC SSE Health Care Sector,,
510150,999138,CMF SSE Consumption 80,,
159909,999189,CMF SZSE Electronic Info And Media Industry TMT 50,,
159923,999190,DaCheng CSI 100,,
510440,999139,DaCheng CSI 500,,
159943,999191,DaCheng SZSE Component,,
159906,999192,DaCheng SZSE Growth 40,,
159915,999193,E Fund ChiNext,,
512010,999140,E Fund CSI 300 Health Care,,
512560,1043096,E Fund CSI National Defense,,
512570,1031758,E Fund CSI Security Agency,,
510900,999141,E Fund Hang Seng China Enterprises QDII,,
510310,999142,E Fund Seeded CSI 300,,
510130,999143,E Fund SSE Mid-Cap,,
159901,999194,E Fund SZSE 100,,
512800,1031759,Fortune SG CSI Bank ETF,,
512810,999144,Fortune SG CSI National Defense,,
512000,999145,Fortune SG CSI Security Agency,,
510280,999146,Fortune SG SSE 180 Growth,,
510030,999147,Fortune SG SSE 180 Value,,
511310,1075597,Fullgoal CSI 10 Year Treasury Note,,
510210,999148,Fullgoal SSE Composite,,
510510,999149,GF CSI 500,,
512780,1080152,GF CSI JingJinJi Development,,
159907,999195,GF SME Board 300,,
511770,1014046,Golden Eagle Cash Gain Money Market Fund E,,
510170,999150,GTJA Allianz SSE Commodity,,
512980,1062010,Guangfa CSI Media,,
511260,1045807,Guotai 10-Year China Treasury Note,,
512880,999151,GuoTai CSI All Share Investment Banking & Brokerage,,
512660,999152,GuoTai CSI National Defense Industry,,
518800,999153,GuoTai Gold,,
513100,999154,GuoTai NASDAQ 100 QDII,,
511620,1052206,Guotai ShunLi Trading Money Market Fund,,
510230,999155,GuoTai SSE 180 Financial,,
511010,999156,GuoTai SSE Deliverable 5 Year Treasury Bond,,
159955,1045823,Harvest ChiNext ETF Fund,,
159919,999196,Harvest CSI 300,,
159922,999197,Harvest CSI 500,,
512600,999157,Harvest CSI Consumer Staples,,
512640,999158,Harvest CSI Financials,,
512610,999159,Harvest CSI Medical And Health,,
512550,1031757,Harvest FuShi China A50,,
159910,999198,Harvest SZSE Fundamental 120,,
159918,999199,Harvest SZSE SME-CHINEXT 400,,
510110,999160,HFT SSE Cyclical Industry 50,,
510120,999161,HFT SSE Non-cyclical Industry 100,,
511220,999162,HFT SSE Pledge City Bond,,
513900,1080154,HuaAn CES Hong Kong Stock Through Selected 100,,
512120,999163,HuaAn CSI Pharmaceuticals & Biotechnology Industry,,
513030,998471,HuaAn Global Leading DAX QDII,,
510180,999164,HuaAn Shanghai Stock Exchange 180,,
510190,999165,HuaAn SSE Industry Top,,
518880,999166,HuaAn Yi Fu Gold,,
511670,1045787,HuaTai Securities ZiJin TianTianJin Money Market A,,
510300,999167,Huatai-PineBridge CSI 300,,
512510,999168,Huatai-PineBridge CSI 500,,
510880,999169,Huatai-PineBridge SSE Dividend,,
510220,999170,Huatai-PineBridge SSE Mid-small Cap,,
512520,1080069,Hutai-PineBridge MSCI China A,,
159958,1062011,ICBC CS SZSE CHINEXT Price,,
510060,999171,ICBCCS SSE Central State-owned Enterprises 50,,
159905,999200,ICBCCS SZSE Dividend,,
159924,999201,Invesco Great Wall CSI 300 Equal Weight,,
512210,999172,Invesco Great Wall CSI 800 Food & Beverage,,
512230,999173,Invesco Great Wall CSI Pharmaceutical,,
512220,999174,Invesco Great Wall CSI TMT 150,,
512280,1080153,Invesco Great Wall MSCI China A Inclusion,,
510420,999176,Invesco SSE 180 Equal Weight,,
510520,999177,Lion CSI 500,,
510260,999178,Lion SSE Emerging Industries,,
510070,999179,Penghua SSE Private-owned Enterprises 50,,
159911,999204,Penghua SZSE Non-State-Owned Enterprises,,
510390,1062018,Ping An UOB CSI 300,,
511910,999180,Rongtong Money Market Fund E,,
159913,999205,SZSE 300 Value,,
510680,999181,Wanjia SSE 50 Index,,
510430,999182,Yinhua SSE 50 Equal Weight,,
