USDSAR,157,US Dollar Saudi Riyal,Forex,SAR
EURSAR,1693,Euro Saudi Riyal,Forex,SAR
GBPSAR,1791,British Pound Saudi Riyal,Forex,SAR
SARPKR,2011,Saudi Riyal Pakistani Rupee,Forex,PKR
AEDSAR,9299,UAE Dirham Saudi Riyal,Forex,SAR
ARSSAR,9352,Argentinian Peso Saudi Riyal,Forex,SAR
AUDSAR,9389,Australian Dollar Saudi Riyal,Forex,SAR
BRLSAR,9448,Brazil Real Saudi Riyal,Forex,SAR
CADSAR,9482,Canadian Dollar Saudi Riyal,Forex,SAR
CNYSAR,9531,Chinese Yuan Saudi Riyal,Forex,SAR
CHFSAR,9565,Swiss Franc Saudi Riyal,Forex,SAR
DKKSAR,9602,Danish Krone Saudi Riyal,Forex,SAR
HKDSAR,9647,Hong Kong Dollar Saudi Riyal,Forex,SAR
ILSSAR,9717,Israeli Shekel Saudi Riyal,Forex,SAR
MXNSAR,9825,Mexican Peso Saudi Riyal,Forex,SAR
NOKSAR,9877,Norwegian Krone Saudi Riyal,Forex,SAR
NZDSAR,9916,New Zealand Dollar Saudi Riyal,Forex,SAR
PLNSAR,10012,Polish Zloty Saudi Riyal,Forex,SAR
RUBSAR,10059,Russian Ruble Saudi Riyal,Forex,SAR
SARAED,10069,Saudi Riyal UAE Dirham,Forex,AED
SARARS,10070,Saudi Riyal Argentinian Peso,Forex,ARS
SARAUD,10071,Saudi Riyal Australian Dollar,Forex,AUD
SARBBD,10072,Saudi Riyal Barbadian Dollar,Forex,BBD
SARBHD,10073,Saudi Riyal Baharain Dinar,Forex,BHD
SARBRL,10074,Saudi Riyal Brazil Real,Forex,BRL
SARCAD,10075,Saudi Riyal Canadian Dollar,Forex,CAD
SARCHF,10076,Saudi Riyal Swiss Franc,Forex,CHF
SARCLP,10077,Saudi Riyal Chilean Peso,Forex,CLP
SARCNY,10078,Saudi Riyal Chinese Yuan,Forex,CNY
SARCZK,10079,Saudi Riyal Czech Koruna,Forex,CZK
SARDKK,10080,Saudi Riyal Danish Krone,Forex,DKK
SAREGP,10082,Saudi Riyal Egyptian Pound,Forex,EGP
SAREUR,10083,Saudi Riyal Euro,Forex,EUR
SARGBP,10084,Saudi Riyal British Pound,Forex,GBP
SARHKD,10085,Saudi Riyal Hong Kong Dollar,Forex,HKD
SARHUF,10086,Saudi Riyal Hungarian Forint,Forex,HUF
SARIDR,10087,Saudi Riyal Indonesian Rupiah,Forex,IDR
SARILS,10088,Saudi Riyal Israeli Shekel,Forex,ILS
SARINR,10089,Saudi Riyal Indian Rupee,Forex,INR
SARISK,10090,Saudi Riyal Icelandic Kr,Forex,ISK
SARJMD,10091,Saudi Riyal Jamaican Dollar,Forex,JMD
SARJOD,10092,Saudi Riyal Jordan Dinar,Forex,JOD
SARJPY,10093,Saudi Riyal Japanese Yen,Forex,JPY
SARKES,10094,Saudi Riyal Kenyan Shilling,Forex,KES
SARKRW,10095,Saudi Riyal Korean Won,Forex,KRW
SARLBP,10096,Saudi Riyal Lebanese Pound,Forex,LBP
SARLKR,10097,Saudi Riyal Sri Lankan Rupee,Forex,LKR
SARMAD,10100,Saudi Riyal Moroccan Dirham,Forex,MAD
SARMXN,10101,Saudi Riyal Mexican Peso,Forex,MXN
SARMYR,10102,Saudi Riyal Malaysian Ringgit,Forex,MYR
SARNAD,10103,Saudi Riyal Namibian Dollar,Forex,NAD
SARNOK,10104,Saudi Riyal Norwegian Krone,Forex,NOK
SARNPR,10105,Saudi Riyal Nepalese Rupee,Forex,NPR
SARNZD,10106,Saudi Riyal New Zealand Dollar,Forex,NZD
SAROMR,10107,Saudi Riyal Omani Rial,Forex,OMR
SARPAB,10108,Saudi Riyal Panamanian Balboa,Forex,PAB
SARPHP,10109,Saudi Riyal Philippine Peso,Forex,PHP
SARPLN,10110,Saudi Riyal Polish Zloty,Forex,PLN
SARQAR,10111,Saudi Riyal Qatari Riyal,Forex,QAR
SARRON,10112,Saudi Riyal Romanian Leu,Forex,RON
SARRUB,10113,Saudi Riyal Russian Ruble,Forex,RUB
SARSEK,10114,Saudi Riyal Swedish Krona,Forex,SEK
SARSGD,10115,Saudi Riyal Singapore Dollar,Forex,SGD
SARTHB,10116,Saudi Riyal Thai Baht,Forex,THB
SARTRY,10117,Saudi Riyal Turkish Lira,Forex,TRY
SARTWD,10118,Saudi Riyal Taiwan Dollar,Forex,TWD
SARUSD,10119,Saudi Riyal US Dollar,Forex,USD
SARVEF,10120,Saudi Riyal Venezuelan Bolivar,Forex,VEF
SARXAF,10121,Saudi Riyal Central African Franc,Forex,XAF
SARXCD,10122,Saudi Riyal East Caribbean Dollar,Forex,XCD
SARXOF,10123,Saudi Riyal West African CFA franc,Forex,XOF
SARZAR,10124,Saudi Riyal South African Rand,Forex,ZAR
SEKSAR,10163,Swedish Krona Saudi Riyal,Forex,SAR
SGDSAR,10201,Singapore Dollar Saudi Riyal,Forex,SAR
THBSAR,10235,Thai Baht Saudi Riyal,Forex,SAR
TRYSAR,10285,Turkish Lira Saudi Riyal,Forex,SAR
TWDSAR,10335,Taiwan Dollar Saudi Riyal,Forex,SAR
VEFSAR,10391,Venezuelan Bolivar Saudi Riyal,Forex,SAR
ZARSAR,10437,South African Rand Saudi Riyal,Forex,SAR
EGPSAR,14477,Egyptian Pound Saudi Riyal,Forex,SAR
JPYSAR,14484,Japanese Yen Saudi Riyal,Forex,SAR
KWDSAR,14490,Kuwaiti Dinar Saudi Riyal,Forex,SAR
SARKWD,14491,Saudi Riyal Kuwaiti Dinar,Forex,KWD
JODSAR,950993,Jordan Dinar Saudi Riyal,Forex,SAR
