ARSBRL,1473,Argentinian Peso Brazil Real,Forex,BRL
AUDBRL,1485,Australian Dollar Brazil Real,Forex,BRL
BRLARS,1505,Brazil Real Argentinian Peso,Forex,ARS
BRLAUD,1506,Brazil Real Australian Dollar,Forex,AUD
BRLCAD,1507,Brazil Real Canadian Dollar,Forex,CAD
BRLCHF,1508,Brazil Real Swiss Franc,Forex,CHF
BRLCLP,1509,Brazil Real Chilean Peso,Forex,CLP
BRLDKK,1510,Brazil Real Danish Krone,Forex,DKK
BRLHKD,1512,Brazil Real Hong Kong Dollar,Forex,HKD
BRLJPY,1513,Brazil Real Japanese Yen,Forex,JPY
BRLMXN,1514,Brazil Real Mexican Peso,Forex,MXN
BRLSGD,1515,Brazil Real Singapore Dollar,Forex,SGD
BRLUSD,1516,Brazil Real US Dollar,Forex,USD
CADBRL,1523,Canadian Dollar Brazil Real,Forex,BRL
CHFBRL,1544,Swiss Franc Brazil Real,Forex,BRL
EURBRL,1617,Euro Brazil Real,Forex,BRL
GBPBRL,1736,British Pound Brazil Real,Forex,BRL
JPYBRL,1890,Japanese Yen Brazil Real,Forex,BRL
SGDBRL,2027,Singapore Dollar Brazil Real,Forex,BRL
USDBRL,2103,US Dollar Brazil Real,Forex,BRL
AEDBRL,9277,UAE Dirham Brazil Real,Forex,BRL
BRLAED,9412,Brazil Real UAE Dirham,Forex,AED
BRLBBD,9413,Brazil Real Barbadian Dollar,Forex,BBD
BRLBHD,9414,Brazil Real Baharain Dinar,Forex,BHD
BRLCNY,9415,Brazil Real Chinese Yuan,Forex,CNY
BRLCZK,9416,Brazil Real Czech Koruna,Forex,CZK
BRLEGP,9418,Brazil Real Egyptian Pound,Forex,EGP
BRLEUR,9419,Brazil Real Euro,Forex,EUR
BRLGBP,9420,Brazil Real British Pound,Forex,GBP
BRLHUF,9421,Brazil Real Hungarian Forint,Forex,HUF
BRLIDR,9422,Brazil Real Indonesian Rupiah,Forex,IDR
BRLILS,9423,Brazil Real Israeli Shekel,Forex,ILS
BRLINR,9424,Brazil Real Indian Rupee,Forex,INR
BRLISK,9425,Brazil Real Icelandic Kr,Forex,ISK
BRLJMD,9426,Brazil Real Jamaican Dollar,Forex,JMD
BRLJOD,9427,Brazil Real Jordan Dinar,Forex,JOD
BRLKES,9428,Brazil Real Kenyan Shilling,Forex,KES
BRLKRW,9429,Brazil Real Korean Won,Forex,KRW
BRLLBP,9430,Brazil Real Lebanese Pound,Forex,LBP
BRLLKR,9431,Brazil Real Sri Lankan Rupee,Forex,LKR
BRLMAD,9434,Brazil Real Moroccan Dirham,Forex,MAD
BRLMYR,9435,Brazil Real Malaysian Ringgit,Forex,MYR
BRLNAD,9436,Brazil Real Namibian Dollar,Forex,NAD
BRLNOK,9437,Brazil Real Norwegian Krone,Forex,NOK
BRLNPR,9438,Brazil Real Nepalese Rupee,Forex,NPR
BRLNZD,9439,Brazil Real New Zealand Dollar,Forex,NZD
BRLOMR,9440,Brazil Real Omani Rial,Forex,OMR
BRLPAB,9441,Brazil Real Panamanian Balboa,Forex,PAB
BRLPHP,9442,Brazil Real Philippine Peso,Forex,PHP
BRLPKR,9443,Brazil Real Pakistani Rupee,Forex,PKR
BRLPLN,9444,Brazil Real Polish Zloty,Forex,PLN
BRLQAR,9445,Brazil Real Qatari Riyal,Forex,QAR
BRLRON,9446,Brazil Real Romanian Leu,Forex,RON
BRLRUB,9447,Brazil Real Russian Ruble,Forex,RUB
BRLSAR,9448,Brazil Real Saudi Riyal,Forex,SAR
BRLSEK,9449,Brazil Real Swedish Krona,Forex,SEK
BRLTHB,9450,Brazil Real Thai Baht,Forex,THB
BRLTRY,9451,Brazil Real Turkish Lira,Forex,TRY
BRLVEF,9452,Brazil Real Venezuelan Bolivar,Forex,VEF
BRLXAF,9453,Brazil Real Central African Franc,Forex,XAF
BRLXCD,9454,Brazil Real East Caribbean Dollar,Forex,XCD
BRLXOF,9455,Brazil Real West African CFA franc,Forex,XOF
BRLZAR,9456,Brazil Real South African Rand,Forex,ZAR
BRLTWD,9457,Brazil Real Taiwan Dollar,Forex,TWD
CNYBRL,9493,Chinese Yuan Brazil Real,Forex,BRL
DKKBRL,9575,Danish Krone Brazil Real,Forex,BRL
HKDBRL,9617,Hong Kong Dollar Brazil Real,Forex,BRL
ILSBRL,9678,Israeli Shekel Brazil Real,Forex,BRL
MXNBRL,9792,Mexican Peso Brazil Real,Forex,BRL
NOKBRL,9841,Norwegian Krone Brazil Real,Forex,BRL
NZDBRL,9892,New Zealand Dollar Brazil Real,Forex,BRL
PLNBRL,9976,Polish Zloty Brazil Real,Forex,BRL
SARBRL,10074,Saudi Riyal Brazil Real,Forex,BRL
SEKBRL,10130,Swedish Krona Brazil Real,Forex,BRL
THBBRL,10212,Thai Baht Brazil Real,Forex,BRL
TRYBRL,10246,Turkish Lira Brazil Real,Forex,BRL
TWDBRL,10300,Taiwan Dollar Brazil Real,Forex,BRL
VEFBRL,10350,Venezuelan Bolivar Brazil Real,Forex,BRL
ZARBRL,10407,South African Rand Brazil Real,Forex,BRL
BRLPYG,10457,Brazil Real Paraguayan Guarani,Forex,PYG
BRLUYU,10458,Brazil Real Uruguayan Peso,Forex,UYU
BRLCOP,10459,Brazil Real Colombian Peso,Forex,COP
BRLPEN,10460,Brazil Real Peru Sol,Forex,PEN
BRLBOB,10461,Brazil Real Bolivian Boliviano,Forex,BOB
CLPBRL,10462,Chilean Peso Brazil Real,Forex,BRL
PYGBRL,10463,Paraguayan Guarani Brazil Real,Forex,BRL
UYUBRL,10464,Uruguayan Peso Brazil Real,Forex,BRL
COPBRL,10465,Colombian Peso Brazil Real,Forex,BRL
PENBRL,10466,Peru Sol Brazil Real,Forex,BRL
BOBBRL,10467,Bolivian Boliviano Brazil Real,Forex,BRL
RUBBRL,959203,Russian Ruble Brazil Real,Forex,BRL
INRBRL,959204,Indian Rupee Brazil Real,Forex,BRL
