2819,986922,ABF Hong Kong Bond Fund,,
2821,986923,ABF Pan Asia Bond,,
2800,985881,AMP Capital Global Infrastructure Securities,,
3012,1010538,Amundi Hang Seng HK 35,,
83012,1010537,Amundi Hang Seng HK 35,,
3145,986924,BMO Asia High Dividend,,
3141,986925,BMO Asia USD Investment Grade Bond,,
3143,986926,BMO Hong Kong Banks,,
3086,1024901,BMO NASDAQ 100,,
2832,986927,Bosera FTSE China A50,,
82832,986928,Bosera FTSE China A50 CNY,,
3107,986933,C-Shares CSI Consumer Staples,,
83107,986934,C-Shares CSI Consumer Staples CNY,,
3132,986935,C-Shares CSI Healthcare,,
83132,986936,C-Shares CSI Healthcare CNY,,
3180,986929,ChinaAMC CES China A80,,
83180,986930,ChinaAMC CES China A80 CNY,,
3188,986931,ChinaAMC CSI 300,,
83188,986932,ChinaAMC CSI 300 CNY,,
7341,1011888,ChinaAMC Direxion Hang Seng China Enterprises Daily -1x Inverse Product,,
7267,1011887,ChinaAMC Direxion Hang Seng China Enterprises Daily 2x Leveraged Product,,
7321,1010539,ChinaAMC Direxion Hang Seng Daily -1x Inverse,,
7221,1010540,ChinaAMC Direxion Hang Seng Daily 2x Leveraged,,
-1x,994176,ChinaAMC Direxion NASDAQ 100 Daily,,
7261,994175,ChinaAMC Direxion NASDAQ 100 Daily 2x Leveraged,,
3157,1010541,ChinaAMC Hang Seng Stock Connect Hong Kong SmallCap,,
83197,1065343,ChinaAMC MSCI China A Inclusion,,
3186,1073656,CICC KraneShares CSI China Internet HKD,,
83186,1073659,CICC KraneShares CSI China Internet RMB,,
3171,998467,ComStage 1 DAX UCITS II,,
3137,986937,CSOP CES China A80,,
83137,986938,CSOP CES China A80 CNY,,
83199,986940,CSOP China 5-Year Treasury Bond CNY,,
3199,986939,CSOP China 5-Year Treasury Bond,,
3129,986941,CSOP China CSI 300 Smart,,
83129,986942,CSOP China CSI 300 Smart CNY,,
3122,986943,CSOP China Ultra Short-Term Bond,,
83122,986944,CSOP China Ultra Short-Term Bond CNY,,
2822,959571,CSOP FTSE China A50,,
82822,986945,CSOP FTSE China A50,,
7388,1010543,CSOP Hang Seng China Enterprises Daily -1x Inverse,,
7288,1010544,CSOP Hang Seng China Enterprises Daily 2x Leveraged,,
7300,998468,CSOP Hang Seng Daily -1x Inverse Product,,
7200,1010542,CSOP Hang Seng Daily 2X Leveraged,,
3149,986947,CSOP MSCI China A International,,
83149,986946,CSOP MSCI China A Int CNY,,
3021,986948,CSOP MSCI T50,,
7335,1010587,CSOP Nifty 50 Daily -1x Inverse,,
7202,1010588,CSOP NIFTY 50 Daily 2x Leveraged,,
3167,1057741,CSOP S&P New China Sectors ETF HKD Inc,,
3147,986949,CSOP SZSE ChiNext,,
83147,986950,CSOP SZSE ChiNext CNY,,
3135,994174,CSOP WTI Oil Annual Roll December Futures ER,,
3008,986951,CUAM C-Shares CSI 300,,
83008,986952,CUAM C-Shares CSI 300 CNY,,
3019,987063,db x-trackers MSCI World UCITS,,
3049,987042,db x-trackers CSI300 UCITS 2D,,
3007,987044,db x-trackers FTSE China 50 UCITS DR,,
3087,987045,db x-trackers FTSE Vietnam UCITS 1C,,
3048,987048,db x-trackers MSCI Brazil UCITS 2C,,
3055,987049,db x-trackers MSCI China UCITS 2C,,
3099,987053,db x-trackers MSCI Indonesia UCITS 2C,,
3082,987054,db x-trackers MSCI Malaysia UCITS 2C,,
3043,987055,db x-trackers MSCI Pacific ex Japan UCITS 2C,,
3016,987057,db x-trackers MSCI Philippines IM UCITS 2C,,
3027,987058,db x-trackers MSCI Russia Capped UCITS 2D,,
3065,987059,db x-trackers MSCI Singapore IM UCITS 2C,,
3036,987060,db x-trackers MSCI Taiwan UCITS DR,,
3092,987061,db x-trackers MSCI Thailand UCITS 2C,,
3020,987062,db x-trackers MSCI USA UCITS 1C,,
3015,987064,db x-trackers Nifty 50 UCITS,,
3120,986956,E Fund CES China 120,,
83120,986957,E Fund CES China 120 CNY,,
2808,986958,E Fund Citi Chinese Government Bond 5-10 Years ,,
82808,986959,E Fund Citi Chinese Government Bond 5-10 Years CNY,,
3100,986960,E Fund CSI 100 A-Share,,
83100,986961,E Fund CSI 100 A-Share CNY,,
7302,1010545,E Fund Yuanta Hang Seng Daily -1x Inverse,,
2x,1045785,E Fund Yuanta Hang Seng Index Daily,,
3156,986962,GFI MSCI China A International,,
83156,986963,GFI MSCI China A International CNY,,
2811,986964,Haitong CSI300,,
82811,986965,Haitong CSI300 CNY,,
3128,986966,Hang Seng China A Industry Top,,
83128,986967,Hang Seng China A Industry Top CNY,,
2838,986968,Hang Seng FTSE China 50,,
2828,986969,Hang Seng H-Share,,
82828,986970,Hang Seng H-Share CNY,,
2833,986971,Hang Seng Index ETF,,
82833,986972,Hang Seng Index ETF CNY,,
83168,986973,Hang Seng RMB Gold,,
3150,986974,Harvest CSI Smallcap 500,,
83150,986975,Harvest CSI Smallcap 500 CNY,,
3118,986976,Harvest MSCI China A,,
3136,986977,Harvest MSCI China A 50,,
83136,986978,Harvest MSCI China A 50 CNY,,
83118,986979,Harvest MSCI China A CNY,,
9846,998469,iShares Core CSI 300,,
3115,1010547,iShares Core Hang Seng,,
83115,1010546,iShares Core Hang Seng,,
9115,1010548,iShares Core Hang Seng,,
9170,994192,iShares CORE KOSPI 200 USD,,
3170,994177,iShares CORE KOSPI 200 HKD,,
83170,994189,iShares CORE KOSPI 200 CNH,,
9074,994184,iShares CORE MSCI Taiwan USD,,
3074,994178,iShares CORE MSCI Taiwan HKD,,
83074,994185,iShares CORE MSCI Taiwan CNH,,
9836,994200,iShares Core S&P BSE SENSEX India,,
2846,986987,iShares CSI 300 A-Share,,
83146,994188,iShares DAX CNH,,
3146,994179,iShares DAX HKD,,
9146,994190,iShares DAX USD,,
3155,994180,iShares EURO STOXX 50 HKD,,
9155,994191,iShares EURO STOXX 50 USD,,
83155,994187,iShares EURO STOXX 50 CNH,,
9847,994196,iShares FTSE 100 USD,,
2847,994182,iShares FTSE 100 HKD,,
82847,994186,iShares FTSE 100 CNH,,
2823,959572,iShares FTSE A50 China,,
3010,986994,iShares MSCI AC Asia ex Japan,,
9010,994199,iShares Core MSCI AC Asia ex Japan,,
2801,986995,iShares MSCI China,,
83162,994194,iShares MSCI China A International RMB,,
3162,994183,iShares MSCI China A International HKD,,
2802,986996,iShares MSCI Emerging Asia,,
2834,994181,iShares NASDAQ 100 HKD,,
9834,994195,iShares NASDAQ 100 USD,,
82834,994193,iShares NASDAQ 100 CNH,,
2836,986999,iShares S&P BSE Sensex,,
2824,987000,Lippo Select HK & Mainland Property,,
3127,986980,Mirae Asset Horizons CSI 300,,
83127,986981,Mirae Asset Horizons CSI 300 CNY,,
3110,986982,Mirae Asset Horizons Hang Seng High Dividend Yield,,
3040,986984,Mirae Asset Horizons MSCI China,,
3056,986986,Mirae Asset Horizons S&P Global Consumer Brands,,
7230,1011895,Mirae Asset Horizons Hang Seng China Enterprises Daily 2x Leveraged Product,,
7362,1011886,Mirae Asset Horizons Hang Seng China Enterprises Daily -1x Inverse Product,,
7336,1011897,Mirae Asset Horizons Hang Seng Daily -1x Inverse Product,,
7231,1011906,Mirae Asset Horizons Hang Seng Daily 2x Leveraged Product,,
7322,1031310,Mirae Asset Horizons S&P 500 Daily 1X Inverse Product,,
3097,1031311,Mirae Asset Horizons S&P Crude Oil Futures Enhanced ER,,
3080,1057374,Ping An of China CSI 5-10Y CGB,,
3070,987001,Ping An of China CSI HK Dividend,,
2803,1054678,Premia CSI Caixin China Bedrock Economy,,
3173,1054680,Premia CSI Caixin China New Economy,,
7328,1011912,Samsung HSCEI Daily -1x Inverse Product,,
7228,1011918,Samsung HSCEI Daily 2x Leveraged Product,,
7312,1011921,Samsung HSI Daily -1x Inverse Product,,
7205,1011920,Samsung HSI Daily 2x Leveraged Product,,
3073,987005,SPDR FTSE Greater China,,
2840,987006,SPDR Gold Shares,,
3046,987007,Value China,,
3095,987008,Value China A-Share,,
83095,987009,Value China A-Share CNY,,
3081,987010,Value Gold,,
83081,987011,Value Gold CNY,,
3084,987012,Value Japan,,
3041,987013,Value Korea,,
3060,987014,Value Taiwan,,
2805,987015,Vanguard FTSE Asia ex Japan,,
3085,987016,Vanguard FTSE Asia ex Japan High Dividend Yield,,
3101,987017,Vanguard FTSE Developed Europe,,
83101,1073655,Vanguard FTSE Developed Europe RMB,,
3126,987018,Vanguard FTSE Japan,,
3140,987019,Vanguard S&P 500,,
9140,1073654,Vanguard S&P 500 USD,,
3169,1077025,Vanguard Total China,,
83169,1077026,Vanguard Total China,,
3024,987024,W.I.S.E. - SSE 50 China Tracker,,
2825,987020,W.I.S.E. CSI HK 100 Tracker,,
2827,987023,W.I.S.E. CSI300 China Tracker,,
7210,996525,XIE Shares Chimerica FTSE N Share Daily 2x Lev,,
3102,987025,XIE Shares CLSA GARY,,
3161,987026,XIE Shares FTSE Chimerica,,
